sequence_id	is_recombinant	breakpoint_start	breakpoint_end	p_value	methods	parent_1	parent_2
PZ302493.1	true	5215	9736	0.000000004230	3Seq	ref_NC_030791	ref_AB677530
PZ302492.1	true	5164	9642	0.000000002136	3Seq	ref_EF632071	ref_AB677530
PZ302491.1	true	1913	5268	0.000000001875	3Seq	ref_JX227957	ref_NC_030791
PZ302489.1	true	4354	10572	0.000000000514	3Seq	ref_FN666428	ref_DQ364460
PZ302488.1	false	0	0				
PZ302486.1	true	1899	2139	0.000000000226	3Seq	ref_KJ470618	ref_EU798760
PZ302485.1	true	5168	10452	0.000000003592	3Seq	ref_FN666429	ref_DQ364460
PZ302483.1	true	1902	2398	0.000000000051	3Seq	ref_KJ470618	ref_EF424626
PZ302481.1	false	0	0				
PZ302480.1	true	776	10823	0.000000000000	3Seq	ref_D84265	ref_D28917
PZ302479.1	true	781	10717	0.000000000010	3Seq	ref_EU643834	ref_D49374
PZ302478.1	true	1912	5325	0.000000000002	3Seq	ref_JX227957	ref_NC_030791
PZ302477.1	true	765	10942	0.000000000082	3Seq	ref_AF064490	ref_D28917
PZ302475.1	false	0	0				
PZ302474.1	true	3893	10561	0.000000000062	3Seq	ref_HQ537007	ref_AB622121
PZ302470.1	true	5215	10631	0.000000001400	3Seq	ref_NC_030791	ref_AB622121
PZ302469.1	true	5669	10572	0.000000000147	3Seq	ref_FN666429	ref_DQ364460
PZ302465.1	true	2131	5337	0.000000001729	3Seq	ref_JX227957	ref_NC_030791
PZ302464.1	true	5110	10450	0.000000001307	3Seq	ref_JF735114	ref_DQ364460
PZ302463.1	true	4803	9795	0.000000000082	3Seq	ref_EF632071	ref_DQ364460
PZ302462.1	true	1891	2211	0.000000000038	3Seq	ref_FJ407092	ref_EU798760
PZ302461.1	true	5920	10475	0.000000000301	3Seq	ref_JF735120	ref_AB677530
PZ302459.1	true	4359	10427	0.000000009816	3Seq	ref_JF735116	ref_DQ364460
PZ302457.1	true	3893	10561	0.000000008938	3Seq	ref_HQ537007	ref_AB622121
PZ302456.1	true	5079	10450	0.000000000555	3Seq	ref_JF735114	ref_DQ364460
PZ302455.1	true	1906	5337	0.000000000193	3Seq	ref_JF735130	ref_NC_030791
PX387039.1	true	4338	10572	0.000000000051	3Seq	ref_FN666429	ref_DQ364460
PX387038.1	true	5187	9079	0.000000000779	3Seq	ref_EF424629	ref_AB677530
PX387034.1	true	2102	2506	0.000000001040	3Seq	ref_FJ407092	ref_EF424626
PX387031.1	true	3828	9357	0.000000008319	3Seq	ref_EU392172	ref_AB677527
PX387027.1	true	3730	6043	0.000000008989	3Seq	ref_DQ314806	ref_JF735120
PX387026.1	true	3893	10561	0.000000001179	3Seq	ref_HQ537007	ref_AB622121
PX387017.1	true	4338	10528	0.000000001888	3Seq	ref_FN666429	ref_DQ364460
PX387005.1	true	4338	10450	0.000000000639	3Seq	ref_FN666428	ref_DQ364460
PX386973.1	true	5161	9109	0.000000000578	3Seq	ref_JX227976	ref_AB677527
PX386972.1	true	1893	2412	0.000000000043	3Seq	ref_JF735124	ref_HQ639944
PX386970.1	true	3982	10564	0.000000002211	3Seq	ref_JF735115	ref_JF779679
PX386968.1	true	2808	3949	0.000000000000	3Seq	ref_JF735126	ref_Y12083
PX386967.1	true	1954	5337	0.000000000047	3Seq	ref_JF735130	ref_NC_030791
PX386966.1	true	5607	10477	0.000000002642	3Seq	ref_D00944	ref_DQ364460
PX386960.1	true	3896	10557	0.000000000031	3Seq	ref_HQ537007	ref_DQ364460
PX386959.1	true	4545	9294	0.000000000956	3Seq	ref_EF632071	ref_AB677527
PX386957.1	true	3893	10561	0.000000004441	3Seq	ref_HQ537007	ref_AB622121
PX386950.1	true	1243	4686	0.000000001304	3Seq	ref_JF779679	ref_NC_030791
PX386946.1	true	4335	10636	0.000000000001	3Seq	ref_NC_030791	ref_DQ364460
PX386945.1	true	4338	10561	0.000000003059	3Seq	ref_FN666429	ref_DQ364460
PX386943.1	true	1218	4686	0.000000000070	3Seq	ref_JF779679	ref_NC_030791
PX386942.1	true	4338	10561	0.000000001621	3Seq	ref_FN666429	ref_DQ364460
PX386941.1	true	1207	5474	0.000000000757	3Seq	ref_JF779679	ref_NC_030791
PX386934.1	true	5660	9642	0.000000000485	3Seq	ref_EF632071	ref_AB677530
PX386933.1	true	1907	2488	0.000000000147	3Seq	ref_KJ470618	ref_EF424626
PX386929.1	true	3893	10561	0.000000000164	3Seq	ref_HQ537007	ref_AB622121
PX386928.1	true	5652	9426	0.000000001674	3Seq	ref_NC_009825	ref_AB677530
PX386925.1	true	5260	10551	0.000000001160	3Seq	ref_FN666429	ref_DQ364460
PX386921.1	false	0	0				
PX386920.1	true	2099	2502	0.000000000033	3Seq	ref_FJ407092	ref_EF424626
PX386919.1	true	1888	2404	0.000000000312	3Seq	ref_KJ470618	ref_DQ835767
PX386918.1	true	1896	2150	0.000000000301	3Seq	ref_FJ407092	ref_EU158186
PX386916.1	true	3893	10561	0.000000001323	3Seq	ref_HQ537007	ref_AB622121
PX386914.1	true	2885	5337	0.000000000011	3Seq	ref_JF735127	ref_NC_030791
PX386912.1	false	0	0				
PX386911.1	true	4222	10557	0.000000000026	3Seq	ref_HQ537007	ref_DQ364460
PX386910.1	true	5666	10517	0.000000000136	3Seq	ref_FN666429	ref_AB677530
PX386905.1	true	4338	10572	0.000000001344	3Seq	ref_FN666429	ref_DQ364460
PX386904.1	true	1198	5474	0.000000000057	3Seq	ref_JF779679	ref_NC_030791
PX386902.1	true	1218	5112	0.000000000394	3Seq	ref_JF779679	ref_NC_030791
PX386901.1	true	4338	10529	0.000000002351	3Seq	ref_FN666429	ref_DQ364460
PX386899.1	true	4551	9642	0.000000001959	3Seq	ref_EF632071	ref_AB677527
PX386896.1	true	3917	6028	0.000000000085	3Seq	ref_DQ314806	ref_JF735120
PX386893.1	true	5187	9079	0.000000000153	3Seq	ref_EF424629	ref_AB677530
PX386890.1	true	4798	9649	0.000000001954	3Seq	ref_EF632071	ref_DQ364460
PX386888.1	true	1218	4552	0.000000001364	3Seq	ref_JF779679	ref_NC_030791
PX386887.1	true	5072	10429	0.000000001117	3Seq	ref_JF735114	ref_DQ364460
PX386884.1	true	4338	10450	0.000000003374	3Seq	ref_FN666429	ref_DQ364460
PX386883.1	true	4818	9642	0.000000000681	3Seq	ref_EF632071	ref_AB677530
PX386880.1	true	1218	5474	0.000000000002	3Seq	ref_JF779679	ref_NC_030791
PX386876.1	true	2150	2534	0.000000000587	3Seq	ref_KJ470619	ref_EF424626
PX386874.1	true	5483	9428	0.000000000003	3Seq	ref_NC_030791	ref_AB677530
PX386873.1	true	1856	2424	0.000000000033	3Seq	ref_KJ470618	ref_EU246934
PX386872.1	true	1975	5212	0.000000000039	3Seq	ref_JX227964	ref_NC_030791
PX386865.1	true	3895	6028	0.000000000599	3Seq	ref_DQ314806	ref_JF735120
PX386863.1	true	2131	5390	0.000000004137	3Seq	ref_JX227957	ref_NC_030791
PX386862.1	true	4231	10557	0.000000000140	3Seq	ref_HQ537007	ref_DQ364460
PX386860.1	true	5652	9082	0.000000000340	3Seq	ref_NC_009825	ref_AB677530
PX386859.1	true	3896	10561	0.000000000133	3Seq	ref_HQ537007	ref_AB622121
PX386858.1	true	5187	8789	0.000000001291	3Seq	ref_EF424629	ref_AB677530
PX386854.1	true	4905	9642	0.000000002372	3Seq	ref_EF632071	ref_AB677530
PX386850.1	true	5587	9642	0.000000000238	3Seq	ref_EF632071	ref_AB677530
PX386848.1	true	4782	9642	0.000000002582	3Seq	ref_EF632071	ref_AB677530
PX386847.1	true	5187	9079	0.000000000114	3Seq	ref_EF424629	ref_AB677530
PX386844.1	true	5652	9426	0.000000000300	3Seq	ref_NC_009825	ref_AB677530
PX386843.1	true	1906	5215	0.000000000757	3Seq	ref_JF735130	ref_NC_030791
PX386842.1	false	0	0				
PX386838.1	true	3895	6043	0.000000003267	3Seq	ref_DQ314806	ref_JF735120
PX386837.1	true	1243	5474	0.000000000528	3Seq	ref_JF779679	ref_NC_030791
PX386835.1	true	3893	10561	0.000000000081	3Seq	ref_HQ537007	ref_AB622121
PX386834.1	true	1198	5538	0.000000000985	3Seq	ref_JF779679	ref_NC_030791
PX386832.1	true	5660	9642	0.000000001923	3Seq	ref_EF632071	ref_AB677530
PX386831.1	true	1975	5212	0.000000000061	3Seq	ref_JX227964	ref_NC_030791
PX386830.1	true	4798	9758	0.000000000199	3Seq	ref_EF632071	ref_DQ364460
PX386828.1	true	1898	5212	0.000000000043	3Seq	ref_JX227964	ref_NC_030791
PX386824.1	true	1151	4335	0.000000003982	3Seq	ref_DQ364460	ref_NC_030791
PX386822.1	true	1243	4686	0.000000001349	3Seq	ref_JF779679	ref_NC_030791
PX386821.1	true	3999	10461	0.000000000086	3Seq	ref_HQ537007	ref_DQ364460
PX386820.1	false	0	0				
PX386817.1	true	3893	10561	0.000000006108	3Seq	ref_HQ537007	ref_AB622121
PX386812.1	true	1894	2398	0.000000000123	3Seq	ref_FJ407092	ref_DQ835768
PX386810.1	true	5652	9426	0.000000000220	3Seq	ref_NC_009825	ref_AB677530
PX386809.1	true	1207	5474	0.000000001565	3Seq	ref_JF779679	ref_NC_030791
PX386808.1	true	5474	10452	0.000000000215	3Seq	ref_FN666429	ref_JF779679
PX386802.1	true	5674	10478	0.000000000027	3Seq	ref_JF735120	ref_DQ364460
PX386799.1	true	4905	9642	0.000000002372	3Seq	ref_EF632071	ref_AB677530
PX386797.1	true	1936	2502	0.000000000041	3Seq	ref_FJ407092	ref_EF424626
PX386796.1	true	5660	9642	0.000000000311	3Seq	ref_EF632071	ref_AB677530
PX386791.1	true	4797	9758	0.000000003186	3Seq	ref_EF632071	ref_DQ364460
PX386787.1	true	5220	9529	0.000000004766	3Seq	ref_NC_030791	ref_AB677530
PX386781.1	true	1243	5112	0.000000000679	3Seq	ref_JF779679	ref_NC_030791
PX386776.1	true	5072	10429	0.000000000132	3Seq	ref_JF735114	ref_DQ364460
PX386773.1	true	2131	5337	0.000000007120	3Seq	ref_JX227957	ref_NC_030791
PX386772.1	true	4336	10568	0.000000000178	3Seq	ref_FN666429	ref_AB622121
PX386771.1	true	5660	9642	0.000000001135	3Seq	ref_EF632071	ref_AB677530
PX386768.1	true	5187	9025	0.000000000252	3Seq	ref_EF424629	ref_AB677530
PX386763.1	true	1835	5390	0.000000000016	3Seq	ref_JX227957	ref_NC_030791
PX386762.1	true	5675	10450	0.000000007048	3Seq	ref_FN666429	ref_AB677530
PX386761.1	true	5660	9642	0.000000000014	3Seq	ref_EF632071	ref_AB677530
PX386760.1	true	4462	9091	0.000000006739	3Seq	ref_EF632071	ref_AB677527
PX386759.1	true	4359	10557	0.000000000434	3Seq	ref_HQ537007	ref_DQ364460
PX386753.1	true	5502	10452	0.000000001499	3Seq	ref_FN666429	ref_JF779679
PX386752.1	false	0	0				
PX386751.1	true	5072	10450	0.000000000106	3Seq	ref_JF735114	ref_DQ364460
PX386750.1	true	4535	9642	0.000000001454	3Seq	ref_EF632071	ref_AB622121
PX386749.1	true	3893	10561	0.000000000066	3Seq	ref_HQ537007	ref_AB622121
PX386744.1	true	4923	10551	0.000000000639	3Seq	ref_FN666429	ref_DQ364460
PX386742.1	true	1913	5215	0.000000001468	3Seq	ref_JF735130	ref_NC_030791
PX386741.1	true	3900	7455	0.000000000092	3Seq	ref_DQ314806	ref_DQ364460
PX386738.1	true	5660	9642	0.000000000096	3Seq	ref_EF632071	ref_AB677530
PX386736.1	true	4818	9642	0.000000000037	3Seq	ref_EF632071	ref_AB677530
PX386735.1	true	2102	2505	0.000000000103	3Seq	ref_JX227955	ref_EF424626
PX386734.1	true	5660	9642	0.000000009353	3Seq	ref_EF632071	ref_AB677530
PX386733.1	true	5664	10572	0.000000002641	3Seq	ref_FN666428	ref_AB677530
PX386732.1	true	5474	10424	0.000000000072	3Seq	ref_JF735120	ref_JF779679
PX386730.1	true	4545	9642	0.000000003069	3Seq	ref_EF632071	ref_AB677527
PX386729.1	true	4238	10536	0.000000000204	3Seq	ref_HQ537007	ref_DQ364460
PX386727.1	true	4797	9642	0.000000000010	3Seq	ref_EF632071	ref_AB677530
PX386723.1	true	4270	10557	0.000000001790	3Seq	ref_HQ537007	ref_DQ364460
PX386722.1	true	5785	9082	0.000000006397	3Seq	ref_NC_009825	ref_AB677530
PX386720.1	true	1871	2498	0.000000000055	3Seq	ref_KJ470618	ref_EF424626
PX386719.1	true	1797	5215	0.000000000302	3Seq	ref_JF735130	ref_NC_030791
PX386717.1	true	4354	10450	0.000000002158	3Seq	ref_FN666428	ref_DQ364460
PX216755.1	false	0	0				
PX216754.1	false	0	0				
PV879563.1	true	4374	10424	0.000000000409	3Seq	ref_JF735116	ref_AB677527
PV879562.1	true	4373	10424	0.000000001612	3Seq	ref_JF735116	ref_AB677527
PV879561.1	true	3889	10550	0.000000011540	3Seq	ref_HQ537007	ref_DQ364460
PV879560.1	false	0	0				
PV289221.1	true	1207	4335	0.000000000164	3Seq	ref_DQ364460	ref_NC_030791
PV289220.1	true	1902	2502	0.000000000073	3Seq	ref_FJ407092	ref_EF424626
PV289219.1	true	4797	9642	0.000000001062	3Seq	ref_EF632071	ref_AB677530
PV289218.1	true	828	10705	0.000000000000	3Seq	ref_AB661382	ref_D28917
PV289217.1	true	1243	5215	0.000000000285	3Seq	ref_AB677530	ref_NC_030791
PV289216.1	true	987	10705	0.000000000000	3Seq	ref_AB677530	ref_D28917
PV289215.1	true	815	10705	0.000000000001	3Seq	ref_AB661388	ref_D28917
PV289214.1	true	5629	10158	0.000000000191	3Seq	ref_FN666429	ref_JF779679
PV289213.1	true	5629	10158	0.000000000462	3Seq	ref_FN666429	ref_JF779679
PV289212.1	false	0	0				
PV289211.1	true	1218	5487	0.000000001535	3Seq	ref_JF779679	ref_NC_030791
PV289210.1	true	995	10705	0.000000000000	3Seq	ref_AB622121	ref_D28917
PV289209.1	true	1243	5215	0.000000000809	3Seq	ref_AB677530	ref_NC_030791
PV289208.1	false	0	0				
PV289207.1	true	1243	5215	0.000000000498	3Seq	ref_AB677530	ref_NC_030791
PV289206.1	false	0	0				
PV289205.1	true	2102	2502	0.000000001398	3Seq	ref_FJ407092	ref_EF424626
PV289204.1	true	1201	5073	0.000000003108	3Seq	ref_DQ364460	ref_NC_030791
PV289203.1	false	0	0				
PV289202.1	true	1207	5073	0.000000001648	3Seq	ref_DQ364460	ref_NC_030791
PV289201.1	true	5494	10139	0.000000000766	3Seq	ref_FN666429	ref_JF779679
PV289200.1	true	3895	8935	0.000000000693	3Seq	ref_EF424629	ref_AB677527
PV289199.1	false	0	0				
PV289198.1	true	1218	5474	0.000000000091	3Seq	ref_JF779679	ref_NC_030791
PV289197.1	true	1818	5213	0.000000000207	3Seq	ref_JX227964	ref_NC_030791
PV289196.1	true	1218	5215	0.000000000471	3Seq	ref_AB677530	ref_NC_030791
PV289195.1	true	4798	9642	0.000000000695	3Seq	ref_EF632071	ref_DQ364460
PV289194.1	false	0	0				
PV289193.1	true	4462	9674	0.000000000619	3Seq	ref_EF632071	ref_AB677527
PV289192.1	true	1913	1967	0.000000010906	3Seq	ref_NC_009824	ref_FJ462436
PV289191.1	true	1904	1953	0.000000000379	3Seq	ref_NC_009824	ref_DQ364460
PV289190.1	true	5660	9642	0.000000008115	3Seq	ref_EF632071	ref_AB677530
PV289189.1	true	4818	9642	0.000000000971	3Seq	ref_EF632071	ref_AB677530
PV289188.1	true	3875	5660	0.000000000951	3Seq	ref_HQ537007	ref_HM777358
PV289187.1	true	878	4335	0.000000004253	3Seq	ref_DQ364460	ref_NC_030791
PV289186.1	true	1896	2164	0.000000000133	3Seq	ref_FJ407092	ref_DQ835769
PV289185.1	true	1833	2498	0.000000000028	3Seq	ref_KJ470618	ref_EF424626
PV289184.1	true	1081	10264	0.000000000139	3Seq	ref_AY651061	ref_D49374
PV289183.1	true	1933	2377	0.000000000934	3Seq	ref_FJ407092	ref_DQ835769
PV289182.1	true	1207	4335	0.000000000529	3Seq	ref_DQ364460	ref_NC_030791
PV289181.1	true	4905	9642	0.000000000236	3Seq	ref_EF632071	ref_AB677530
PV289180.1	true	3893	9642	0.000000000629	3Seq	ref_EF632071	ref_AB677530
PV289179.1	true	3900	7460	0.000000007636	3Seq	ref_DQ314806	ref_AB677527
PV289178.1	true	651	3884	0.000000001057	3Seq	ref_DQ364460	ref_HQ537007
PV289177.1	true	5511	10158	0.000000004005	3Seq	ref_FN666429	ref_JF779679
PV289176.1	true	2040	2410	0.000000007093	3Seq	ref_JX227955	ref_D84263
PV289175.1	true	2070	2410	0.000000004268	3Seq	ref_JX227955	ref_DQ835768
PV289174.1	true	4892	9792	0.000000003745	3Seq	ref_EF632071	ref_DQ364460
PV289173.1	true	651	3884	0.000000006992	3Seq	ref_DQ364460	ref_HQ537007
PV289172.1	true	5660	9642	0.000000008598	3Seq	ref_EF632071	ref_AB677530
PV289171.1	true	1844	2121	0.000000000964	3Seq	ref_KJ470618	ref_FJ462438
PV289170.1	true	1902	2534	0.000000001800	3Seq	ref_KJ470618	ref_EF424626
PV289169.1	true	1893	2136	0.000000004916	3Seq	ref_KJ470618	ref_AF064490
PV289168.1	true	1218	5474	0.000000002408	3Seq	ref_JF779679	ref_NC_030791
PV289167.1	true	4545	9622	0.000000002191	3Seq	ref_EF632071	ref_AB677527
PV289166.1	true	4545	9622	0.000000002364	3Seq	ref_EF632071	ref_AB677527
PV289165.1	false	0	0				
PV289164.1	true	3893	8932	0.000000003453	3Seq	ref_EF424629	ref_AB622121
PV289163.1	true	1837	2136	0.000000000359	3Seq	ref_KJ470618	ref_AF064490
PV289162.1	true	5187	8789	0.000000000020	3Seq	ref_EF424629	ref_AB677530
PV289161.1	true	1243	5112	0.000000010237	3Seq	ref_JF779679	ref_NC_030791
PV289160.1	true	3894	7422	0.000000010798	3Seq	ref_DQ314806	ref_AY587845
PV289159.1	true	1218	4686	0.000000002393	3Seq	ref_JF779679	ref_NC_030791
PV289158.1	true	1207	4335	0.000000000606	3Seq	ref_DQ364460	ref_NC_030791
PV289157.1	false	0	0				
PV289156.1	true	4455	7714	0.000000001016	3Seq	ref_KJ470623	ref_JF779679
PV289155.1	true	5076	8789	0.000000004179	3Seq	ref_EF424629	ref_JF779679
PV289154.1	true	2131	5390	0.000000000412	3Seq	ref_JX227957	ref_NC_030791
PV289153.1	true	1805	2505	0.000000003256	3Seq	ref_JF735124	ref_EF424627
PV289152.1	false	0	0				
PV289151.1	true	1925	5215	0.000000006206	3Seq	ref_JF735130	ref_NC_030791
PV289150.1	false	0	0				
PV289149.1	true	2883	5337	0.000000000923	3Seq	ref_JF735127	ref_NC_030791
PV289148.1	true	2883	5337	0.000000010110	3Seq	ref_JF735127	ref_NC_030791
PV289147.1	true	2131	5390	0.000000000894	3Seq	ref_JX227957	ref_NC_030791
PV289146.1	true	5660	9091	0.000000004699	3Seq	ref_EU246939	ref_AB677530
PV289145.1	true	1920	2502	0.000000000004	3Seq	ref_FJ407092	ref_EF424626
PV289144.1	true	5660	9622	0.000000005711	3Seq	ref_EF632071	ref_AB677530
PV289143.1	true	1913	2398	0.000000000897	3Seq	ref_KJ470618	ref_EF424626
PV289142.1	true	1896	2424	0.000000000343	3Seq	ref_FJ407092	ref_DQ835769
PV289141.1	true	1898	2398	0.000000000000	3Seq	ref_KJ470618	ref_EF424626
PV289140.1	true	1139	5215	0.000000000717	3Seq	ref_AB677530	ref_NC_030791
PV289139.1	true	5660	9642	0.000000002174	3Seq	ref_EF632071	ref_AB677530
PV289138.1	false	0	0				
PV289137.1	false	0	0				
PV289136.1	true	3895	8935	0.000000005271	3Seq	ref_EF424629	ref_AB677527
PV184570.1	true	1218	5474	0.000000001711	3Seq	ref_JF779679	ref_NC_030791
PV184568.1	true	4175	10551	0.000000000042	3Seq	ref_JX227953	ref_DQ364460
PV184567.1	true	2131	5390	0.000000000156	3Seq	ref_JX227957	ref_NC_030791
PV184563.1	true	1243	4686	0.000000000802	3Seq	ref_JF779679	ref_NC_030791
PV184561.1	true	4474	9642	0.000000003731	3Seq	ref_EF632071	ref_AB677530
PV184556.1	true	1243	4686	0.000000000062	3Seq	ref_JF779679	ref_NC_030791
PV184555.1	true	1207	4884	0.000000000849	3Seq	ref_DQ364460	ref_NC_030791
PV184551.1	true	651	3884	0.000000004103	3Seq	ref_DQ364460	ref_HQ537007
PV184549.1	true	5660	9642	0.000000000593	3Seq	ref_EF632071	ref_AB677530
PV184548.1	true	1843	2132	0.000000000483	3Seq	ref_KJ470618	ref_JX183557
PV184547.1	true	1902	2496	0.000000000551	3Seq	ref_JF735124	ref_EF424626
PV184546.1	true	4338	10561	0.000000001435	3Seq	ref_FN666429	ref_DQ364460
PV184542.1	true	1896	2155	0.000000005575	3Seq	ref_FJ407092	ref_EU798761
PV184539.1	true	1925	5215	0.000000010222	3Seq	ref_JF735130	ref_NC_030791
PV184538.1	true	5629	10565	0.000000000155	3Seq	ref_FN666429	ref_JF779679
PV184536.1	true	2069	2402	0.000000002950	3Seq	ref_FJ407092	ref_EU246938
PV184535.1	true	5149	10555	0.000000002912	3Seq	ref_FN666429	ref_JF779679
PV184534.1	true	4508	9642	0.000000000944	3Seq	ref_EF632071	ref_AB677530
PV184533.1	true	1218	5474	0.000000011412	3Seq	ref_JF779679	ref_NC_030791
PV184532.1	true	1902	2534	0.000000000016	3Seq	ref_KJ470618	ref_EF424626
PV184531.1	true	1243	4335	0.000000000105	3Seq	ref_AB622121	ref_NC_030791
PV184530.1	true	2131	5337	0.000000001421	3Seq	ref_JX227957	ref_NC_030791
PV184529.1	true	2024	2398	0.000000001656	3Seq	ref_FJ407092	ref_DQ835769
PV184528.1	true	4818	9758	0.000000000533	3Seq	ref_EF632071	ref_DQ364460
PV184527.1	true	1218	5474	0.000000000055	3Seq	ref_JF779679	ref_NC_030791
PV184526.1	true	4338	10561	0.000000000508	3Seq	ref_FN666429	ref_DQ364460
PV184525.1	true	3895	8789	0.000000006701	3Seq	ref_EF424629	ref_AB677527
PV184521.1	false	0	0				
PV184520.1	true	1207	4335	0.000000001309	3Seq	ref_DQ364460	ref_NC_030791
PV184517.1	true	2309	5895	0.000000003996	3Seq	ref_JX227957	ref_JF735120
PV184513.1	true	1820	2496	0.000000000135	3Seq	ref_JF735124	ref_EF424626
PV184511.1	true	1081	10866	0.000000000003	3Seq	ref_AY651061	ref_D49374
PV184509.1	true	1930	5215	0.000000010254	3Seq	ref_JF735130	ref_NC_030791
PV184508.1	true	1897	5215	0.000000000499	3Seq	ref_JF735130	ref_NC_030791
PV184506.1	true	1911	2505	0.000000000246	3Seq	ref_JX227955	ref_EF424626
PV184504.1	true	5494	10555	0.000000001719	3Seq	ref_FN666429	ref_JF779679
PV184503.1	true	4222	10557	0.000000000115	3Seq	ref_HQ537007	ref_DQ364460
PV184502.1	true	1207	4335	0.000000007573	3Seq	ref_DQ364460	ref_NC_030791
PV184501.1	true	3890	8789	0.000000001439	3Seq	ref_EF424629	ref_AB677527
PV184500.1	false	0	0				
PV184499.1	true	4462	9165	0.000000001819	3Seq	ref_EF632071	ref_AB677527
PV184498.1	false	0	0				
PV184497.1	true	5660	8790	0.000000004795	3Seq	ref_EF424629	ref_AB677530
PV184496.1	true	720	3884	0.000000002656	3Seq	ref_DQ364460	ref_HQ537007
PV184492.1	true	4812	9792	0.000000000093	3Seq	ref_EF632071	ref_DQ364460
PV184486.1	true	1204	10866	0.000000000179	3Seq	ref_HQ850279	ref_D49374
PV184485.1	false	0	0				
PV184484.1	true	1897	5337	0.000000005615	3Seq	ref_JX227957	ref_NC_030791
PV184482.1	true	4551	9642	0.000000004633	3Seq	ref_EF632071	ref_AB622121
PV184480.1	false	0	0				
PV184479.1	true	5494	10555	0.000000002538	3Seq	ref_FN666429	ref_JF779679
PV184478.1	true	3890	9121	0.000000000802	3Seq	ref_EF424629	ref_AB677527
PV184477.1	true	1159	10865	0.000000000000	3Seq	ref_D10988	ref_D49374
PV184473.1	true	3894	7422	0.000000005730	3Seq	ref_D63822	ref_AY587845
PV184472.1	false	0	0				
PV184471.1	true	1843	2339	0.000000000003	3Seq	ref_KJ470618	ref_JX183557
PQ365540.1	true	1902	2422	0.000000000210	3Seq	ref_KJ470618	ref_EF424626
PQ365539.1	false	0	0				
PQ365538.1	true	4797	9642	0.000000002784	3Seq	ref_EF632071	ref_AB677530
PQ365537.1	true	4335	10634	0.000000001519	3Seq	ref_NC_030791	ref_DQ364460
PQ365536.1	true	2069	2398	0.000000000012	3Seq	ref_FJ407092	ref_DQ835768
PQ365535.1	false	0	0				
PQ365534.1	true	2131	5390	0.000000001089	3Seq	ref_JX227957	ref_NC_030791
PQ365532.1	true	3893	10561	0.000000001412	3Seq	ref_HQ537007	ref_AB622121
PQ365531.1	true	3893	10561	0.000000002171	3Seq	ref_HQ537007	ref_AB622121
PQ365530.1	true	1902	2255	0.000000009662	3Seq	ref_FJ407092	ref_EU798760
PQ365529.1	true	2128	5337	0.000000001591	3Seq	ref_JX227957	ref_NC_030791
PQ365528.1	true	1241	5609	0.000000000850	3Seq	ref_AB622121	ref_NC_030791
PQ365526.1	false	0	0				
PQ365525.1	true	5187	8789	0.000000003902	3Seq	ref_EF424629	ref_AB677530
PQ365524.1	true	4125	9064	0.000000004822	3Seq	ref_JX227957	ref_DQ364460
PQ365523.1	false	0	0				
PQ365522.1	true	3893	10561	0.000000000283	3Seq	ref_HQ537007	ref_AB622121
PQ365521.1	true	4231	10562	0.000000000755	3Seq	ref_HQ537007	ref_DQ364460
PQ365520.1	true	3893	10536	0.000000000494	3Seq	ref_HQ537007	ref_AB677530
PQ365519.1	true	4963	9165	0.000000000218	3Seq	ref_EF632071	ref_AB677527
PQ365518.1	true	1207	5224	0.000000002504	3Seq	ref_DQ364460	ref_NC_030791
PQ365517.1	true	3889	10461	0.000000001167	3Seq	ref_HQ537007	ref_DQ364460
PQ365515.1	false	0	0				
PQ365514.1	true	4335	10631	0.000000000686	3Seq	ref_NC_030791	ref_AB677530
PQ365513.1	true	3674	9294	0.000000000240	3Seq	ref_FJ462441	ref_AB622121
PQ365512.1	false	0	0				
PQ365511.1	true	5172	8789	0.000000009523	3Seq	ref_EF424629	ref_AB677530
PQ365509.1	true	5070	8789	0.000000002195	3Seq	ref_EF424629	ref_AB677530
PQ365508.1	true	3893	10561	0.000000000845	3Seq	ref_HQ537007	ref_AB622121
PQ365506.1	false	0	0				
PQ365505.1	true	4203	10427	0.000000007841	3Seq	ref_JF735116	ref_DQ364460
PQ365504.1	false	0	0				
PQ365502.1	true	5072	10450	0.000000000994	3Seq	ref_JF735114	ref_DQ364460
PQ365501.1	true	3893	10561	0.000000000013	3Seq	ref_HQ537007	ref_AB622121
PQ365498.1	true	4335	10631	0.000000007564	3Seq	ref_NC_030791	ref_AB622121
PP445048.1	false	0	0				
OR497987.1	true	1218	5474	0.000000000446	3Seq	ref_JF779679	ref_NC_030791
OR497986.1	true	5782	10475	0.000000009380	3Seq	ref_JF735120	ref_AB677530
OR497985.1	true	1880	2339	0.000000002950	3Seq	ref_KJ470618	ref_JX183557
OR497984.1	true	1218	5474	0.000000003208	3Seq	ref_JF779679	ref_NC_030791
OR497983.1	true	1241	5474	0.000000002380	3Seq	ref_AB677530	ref_NC_030791
OR497982.1	true	1875	2399	0.000000000448	3Seq	ref_FJ407092	ref_EF424627
OR497981.1	true	2131	5337	0.000000002052	3Seq	ref_JX227957	ref_NC_030791
OR497980.1	true	1897	5390	0.000000006276	3Seq	ref_JX227957	ref_NC_030791
OR497979.1	true	3893	10561	0.000000000731	3Seq	ref_HQ537007	ref_AB622121
OR497978.1	true	1218	5474	0.000000000385	3Seq	ref_JF779679	ref_NC_030791
OR497977.1	true	1243	4688	0.000000000227	3Seq	ref_JF779679	ref_NC_030791
OR497976.1	true	3314	10475	0.000000000188	3Seq	ref_JF735116	ref_DQ364460
OR497975.1	false	0	0				
OR497974.1	true	1903	2124	0.000000000169	3Seq	ref_KJ470618	ref_EU798760
OR497973.1	true	5660	9642	0.000000006394	3Seq	ref_EF632071	ref_AB677530
OR497972.1	true	2099	2502	0.000000002226	3Seq	ref_FJ407092	ref_EF424626
OR497971.1	true	1139	5215	0.000000000208	3Seq	ref_AB677530	ref_NC_030791
OR497970.1	true	2128	5265	0.000000001206	3Seq	ref_JX227957	ref_NC_030791
OR497969.1	true	1241	4335	0.000000000067	3Seq	ref_AB622121	ref_NC_030791
OR497968.1	false	0	0				
OR497967.1	true	5072	10450	0.000000003289	3Seq	ref_JF735114	ref_DQ364460
OR497966.1	true	1142	5166	0.000000000040	3Seq	ref_DQ364460	ref_NC_030791
OR497965.1	true	2871	10568	0.000000004475	3Seq	ref_FN666429	ref_DQ364460
OR497963.1	true	1896	2398	0.000000000826	3Seq	ref_FJ407092	ref_DQ835769
OR497962.1	true	1243	5474	0.000000001159	3Seq	ref_AB677530	ref_NC_030791
OR497961.1	true	1243	4686	0.000000000569	3Seq	ref_JF779679	ref_NC_030791
OR497960.1	true	1218	5538	0.000000002813	3Seq	ref_JF779679	ref_NC_030791
OR497959.1	true	4338	10568	0.000000001959	3Seq	ref_FN666428	ref_DQ364460
OM513955.1	true	1875	2079	0.000000000600	3Seq	ref_KJ470618	ref_DQ835761
OM513954.1	true	1875	2079	0.000000000593	3Seq	ref_KJ470618	ref_DQ835761
OM513951.1	true	1875	2079	0.000000000461	3Seq	ref_KJ470618	ref_DQ835761
OM513950.1	true	1875	2079	0.000000000512	3Seq	ref_KJ470618	ref_DQ835761
OM513949.1	true	1875	2079	0.000000000628	3Seq	ref_KJ470618	ref_DQ835761
OM513948.1	true	1875	2079	0.000000000621	3Seq	ref_KJ470618	ref_DQ835761
OM513947.1	true	1875	2079	0.000000000593	3Seq	ref_KJ470618	ref_DQ835761
OM513946.1	true	1875	2079	0.000000000614	3Seq	ref_KJ470618	ref_DQ835761
OM513945.1	true	1875	2079	0.000000000600	3Seq	ref_KJ470618	ref_DQ835761
OM513944.1	true	1875	2079	0.000000000643	3Seq	ref_KJ470618	ref_DQ835761
OM513943.1	true	1875	2079	0.000000000567	3Seq	ref_KJ470618	ref_DQ835761
OM513942.1	true	1875	2079	0.000000000628	3Seq	ref_KJ470618	ref_DQ835761
OM513941.1	true	1875	2079	0.000000000600	3Seq	ref_KJ470618	ref_DQ835761
OM513938.1	true	1875	2079	0.000000000593	3Seq	ref_KJ470618	ref_DQ835761
OM513937.1	true	1875	2079	0.000000000573	3Seq	ref_KJ470618	ref_DQ835761
OM513936.1	true	1875	2079	0.000000000607	3Seq	ref_KJ470618	ref_DQ835761
OM513935.1	true	1875	2079	0.000000000229	3Seq	ref_KJ470618	ref_DQ835761
OM513934.1	true	1875	2079	0.000000000636	3Seq	ref_KJ470618	ref_DQ835761
OQ873161.1	true	2097	5337	0.000000000928	3Seq	ref_JX227971	ref_NC_030791
OQ873160.1	true	1901	5325	0.000000000228	3Seq	ref_JX227957	ref_NC_030791
OQ873159.1	true	4378	10427	0.000000001694	3Seq	ref_JF735116	ref_JF779679
OK552862.1	true	3893	10561	0.000000003147	3Seq	ref_HQ537007	ref_AB622121
OK552861.1	true	3893	10561	0.000000002319	3Seq	ref_HQ537007	ref_AB622121
OK552860.1	true	3893	10561	0.000000002400	3Seq	ref_HQ537007	ref_AB622121
OK552859.1	false	0	0				
OK552858.1	true	3893	10561	0.000000002400	3Seq	ref_HQ537007	ref_AB622121
OK552857.1	true	3893	10561	0.000000002400	3Seq	ref_HQ537007	ref_AB622121
OK552856.1	true	3893	10561	0.000000002400	3Seq	ref_HQ537007	ref_AB622121
OK552855.1	true	3893	10561	0.000000003780	3Seq	ref_HQ537007	ref_AB622121
OK552854.1	true	3893	10561	0.000000003577	3Seq	ref_HQ537007	ref_AB622121
OK552853.1	true	3893	10561	0.000000002889	3Seq	ref_HQ537007	ref_AB622121
OK552852.1	true	3893	10561	0.000000002889	3Seq	ref_HQ537007	ref_AB622121
OK552851.1	true	3893	10561	0.000000001423	3Seq	ref_HQ537007	ref_AB622121
OK552850.1	true	3893	10561	0.000000003780	3Seq	ref_HQ537007	ref_AB622121
OK552849.1	true	3893	10561	0.000000004126	3Seq	ref_HQ537007	ref_AB622121
OK552848.1	true	3893	10561	0.000000002066	3Seq	ref_HQ537007	ref_AB622121
OK552847.1	true	3893	10561	0.000000001830	3Seq	ref_HQ537007	ref_AB622121
OK552846.1	true	3893	10561	0.000000001938	3Seq	ref_HQ537007	ref_AB622121
OK552845.1	true	3893	10561	0.000000004383	3Seq	ref_HQ537007	ref_AB622121
OK552844.1	true	3893	10561	0.000000002400	3Seq	ref_HQ537007	ref_AB622121
OK552843.1	true	3893	10561	0.000000002400	3Seq	ref_HQ537007	ref_AB622121
OK552842.1	true	3893	10561	0.000000002400	3Seq	ref_HQ537007	ref_AB622121
OK552841.1	true	3893	10561	0.000000002971	3Seq	ref_HQ537007	ref_AB622121
OK552840.1	true	3893	10561	0.000000002191	3Seq	ref_HQ537007	ref_AB622121
OK552839.1	true	3893	10561	0.000000001830	3Seq	ref_HQ537007	ref_AB622121
OK552838.1	true	3893	10561	0.000000002710	3Seq	ref_HQ537007	ref_AB622121
OK552837.1	true	3893	10561	0.000000002400	3Seq	ref_HQ537007	ref_AB622121
OK552836.1	true	3893	10561	0.000000003350	3Seq	ref_HQ537007	ref_AB622121
OK552835.1	true	3893	10561	0.000000002400	3Seq	ref_HQ537007	ref_AB622121
OK552834.1	true	3893	10561	0.000000002191	3Seq	ref_HQ537007	ref_AB622121
OK552833.1	true	3893	10561	0.000000002400	3Seq	ref_HQ537007	ref_AB622121
OK552832.1	true	3893	10561	0.000000003577	3Seq	ref_HQ537007	ref_AB622121
OK552831.1	true	3893	10561	0.000000003351	3Seq	ref_HQ537007	ref_AB622121
OK552830.1	true	3893	10561	0.000000002710	3Seq	ref_HQ537007	ref_AB622121
OK552829.1	true	3893	10561	0.000000003554	3Seq	ref_HQ537007	ref_AB622121
OK552828.1	true	3893	10561	0.000000004126	3Seq	ref_HQ537007	ref_AB622121
OK552827.1	true	3893	10561	0.000000001611	3Seq	ref_HQ537007	ref_AB622121
OK552826.1	true	3893	10561	0.000000002333	3Seq	ref_HQ537007	ref_AB622121
OK552825.1	true	3893	10561	0.000000004667	3Seq	ref_HQ537007	ref_AB622121
OK552824.1	true	3893	10561	0.000000010260	3Seq	ref_HQ537007	ref_AB622121
OK552823.1	true	1243	4552	0.000000004528	3Seq	ref_AB622121	ref_NC_030791
OK552822.1	true	3893	10561	0.000000010260	3Seq	ref_HQ537007	ref_AB622121
OK552821.1	true	3893	10561	0.000000007732	3Seq	ref_HQ537007	ref_AB622121
OK552820.1	true	3893	10561	0.000000007942	3Seq	ref_HQ537007	ref_AB622121
OK552819.1	true	3893	10561	0.000000007942	3Seq	ref_HQ537007	ref_AB622121
OK552818.1	true	3893	10561	0.000000008747	3Seq	ref_HQ537007	ref_AB622121
OK552817.1	true	1243	4552	0.000000002117	3Seq	ref_AB622121	ref_NC_030791
OK552816.1	true	3893	10561	0.000000005330	3Seq	ref_HQ537007	ref_AB622121
OK552815.1	true	1243	4552	0.000000002356	3Seq	ref_AB622121	ref_NC_030791
OK552814.1	false	0	0				
OK552813.1	true	3893	10561	0.000000006920	3Seq	ref_HQ537007	ref_AB622121
OK552812.1	true	3893	10561	0.000000004667	3Seq	ref_HQ537007	ref_AB622121
OK552811.1	true	3893	10561	0.000000006088	3Seq	ref_HQ537007	ref_AB622121
OK552810.1	false	0	0				
OK552809.1	true	3893	10561	0.000000006156	3Seq	ref_HQ537007	ref_AB622121
OK552808.1	true	3893	10561	0.000000004105	3Seq	ref_HQ537007	ref_AB622121
OK552807.1	true	1243	4552	0.000000003306	3Seq	ref_AB622121	ref_NC_030791
OK552806.1	true	3893	10561	0.000000007942	3Seq	ref_HQ537007	ref_AB622121
OK552805.1	true	1243	4552	0.000000002799	3Seq	ref_AB622121	ref_NC_030791
OK552804.1	true	3893	10561	0.000000007779	3Seq	ref_HQ537007	ref_AB622121
OK552803.1	true	1243	4552	0.000000002681	3Seq	ref_AB622121	ref_NC_030791
OK552802.1	false	0	0				
OK552801.1	false	0	0				
OK552800.1	true	3893	10561	0.000000004614	3Seq	ref_HQ537007	ref_AB622121
OK552799.1	true	1243	4552	0.000000003379	3Seq	ref_AB622121	ref_NC_030791
OK552798.1	true	1243	4552	0.000000003234	3Seq	ref_AB622121	ref_NC_030791
OK552797.1	true	3893	10561	0.000000009567	3Seq	ref_HQ537007	ref_AB622121
OK552796.1	true	3893	10561	0.000000006595	3Seq	ref_HQ537007	ref_AB622121
OK552795.1	true	3893	10561	0.000000008315	3Seq	ref_HQ537007	ref_AB622121
OK552794.1	true	1243	4552	0.000000003042	3Seq	ref_AB622121	ref_NC_030791
OK552793.1	true	3893	10561	0.000000004614	3Seq	ref_HQ537007	ref_AB622121
OK552792.1	true	1243	4552	0.000000002795	3Seq	ref_AB622121	ref_NC_030791
OK552791.1	true	1243	4552	0.000000002734	3Seq	ref_AB622121	ref_NC_030791
OK552790.1	false	0	0				
OM897000.1	false	0	0				
OM896999.1	true	1243	4335	0.000000006044	3Seq	ref_AB622121	ref_NC_030791
OM896998.1	true	2011	2247	0.000000011610	3Seq	ref_FJ407092	ref_KM252790
OM896997.1	false	0	0				
OM896996.1	true	2131	5337	0.000000011053	3Seq	ref_JX227957	ref_NC_030791
OM896995.1	true	3893	10550	0.000000000674	3Seq	ref_HQ537007	ref_DQ364460
OM896994.1	true	1902	2487	0.000000002499	3Seq	ref_JF735124	ref_DQ835768
OM896993.1	false	0	0				
OM896992.1	false	0	0				
OM896991.1	true	1896	2236	0.000000011613	3Seq	ref_FJ407092	ref_EU798760
OM896990.1	true	5215	9368	0.000000000533	3Seq	ref_NC_030791	ref_AB677530
OM896989.1	true	1172	10625	0.000000000000	3Seq	ref_JQ065709	ref_D28917
OM896988.1	true	1896	2211	0.000000003974	3Seq	ref_FJ407092	ref_EU158186
OM896987.1	true	1243	5215	0.000000000957	3Seq	ref_AB622121	ref_NC_030791
OM896986.1	true	1896	2286	0.000000010018	3Seq	ref_FJ407092	ref_DQ835769
OM896985.1	true	3893	9758	0.000000006141	3Seq	ref_HQ537007	ref_AB677530
OM896984.1	true	1903	2123	0.000000009138	3Seq	ref_KJ470618	ref_EU798760
OM896983.1	false	0	0				
OM896982.1	false	0	0				
OM896981.1	true	2871	10450	0.000000006515	3Seq	ref_FN666429	ref_DQ364460
OM896980.1	true	1924	2247	0.000000001337	3Seq	ref_FJ407092	ref_KM252790
OM896979.1	true	2871	10450	0.000000004067	3Seq	ref_FN666429	ref_DQ364460
OM896978.1	false	0	0				
OM896977.1	true	1896	2398	0.000000001947	3Seq	ref_FJ407092	ref_DQ835769
OM896976.1	true	1814	5215	0.000000003147	3Seq	ref_JF735130	ref_NC_030791
OM896975.1	true	4980	10450	0.000000001657	3Seq	ref_JF735114	ref_DQ364460
OM896974.1	true	3322	10475	0.000000007416	3Seq	ref_JF735116	ref_DQ364460
OM896973.1	true	2874	10450	0.000000001901	3Seq	ref_FN666429	ref_DQ364460
OM896972.1	true	3893	10561	0.000000002430	3Seq	ref_HQ537007	ref_AB622121
OM896971.1	true	1843	2164	0.000000002167	3Seq	ref_FJ407092	ref_M62321
OM896970.1	true	1843	2421	0.000000000524	3Seq	ref_FJ407092	ref_JX183557
OM896969.1	true	1243	5215	0.000000001348	3Seq	ref_AB622121	ref_NC_030791
OM896968.1	true	1903	2123	0.000000009342	3Seq	ref_KJ470618	ref_EU798760
OM896967.1	true	3895	9087	0.000000010669	3Seq	ref_EF424629	ref_AB677527
OM896966.1	true	1940	2505	0.000000006093	3Seq	ref_JX227955	ref_EF424626
OM896965.1	true	3314	10475	0.000000010008	3Seq	ref_JF735116	ref_DQ364460
OM896964.1	true	3893	10561	0.000000001794	3Seq	ref_HQ537007	ref_AB622121
OM896963.1	false	0	0				
OM896962.1	true	5072	10450	0.000000001069	3Seq	ref_JF735114	ref_DQ364460
OM896961.1	true	1218	5215	0.000000008249	3Seq	ref_AB677530	ref_NC_030791
OM896960.1	true	1844	2122	0.000000003184	3Seq	ref_KJ470618	ref_FJ462438
OM896959.1	true	4338	10450	0.000000009301	3Seq	ref_FN666428	ref_DQ364460
OM896958.1	false	0	0				
OM896957.1	true	5629	10450	0.000000000415	3Seq	ref_FN666429	ref_JF779679
OM896956.1	true	2134	5390	0.000000000749	3Seq	ref_JX227957	ref_NC_030791
OM896955.1	true	4338	10450	0.000000000917	3Seq	ref_FN666429	ref_DQ364460
OM896954.1	true	4338	10450	0.000000011441	3Seq	ref_FN666428	ref_DQ364460
OM896953.1	true	2099	2408	0.000000001274	3Seq	ref_FJ407092	ref_EF424626
OM896952.1	true	2871	10551	0.000000000555	3Seq	ref_FN666429	ref_DQ364460
OM896951.1	false	0	0				
OM896950.1	false	0	0				
OM896949.1	true	3912	10557	0.000000001080	3Seq	ref_HQ537007	ref_DQ364460
OM896948.1	true	4338	10551	0.000000000108	3Seq	ref_FN666429	ref_DQ364460
OM896947.1	true	1837	2118	0.000000002600	3Seq	ref_KJ470618	ref_AF064490
OM896946.1	true	2102	2399	0.000000001697	3Seq	ref_FJ407092	ref_EF424626
OM896945.1	true	3881	10550	0.000000002101	3Seq	ref_HQ537007	ref_DQ364460
OM896944.1	true	4374	10424	0.000000000038	3Seq	ref_D00944	ref_AB677527
OM896943.1	true	1910	5325	0.000000000044	3Seq	ref_JX227957	ref_NC_030791
OM896942.1	true	4374	10424	0.000000000004	3Seq	ref_JF735116	ref_AB677527
OM896941.1	true	4374	10424	0.000000000202	3Seq	ref_JF735116	ref_AB677527
OM896940.1	true	1901	5325	0.000000000572	3Seq	ref_JX227957	ref_NC_030791
OM896939.1	true	5607	10477	0.000000000048	3Seq	ref_D00944	ref_DQ364460
OM896938.1	true	4360	10424	0.000000000352	3Seq	ref_JF735116	ref_AB677527
OM896937.1	true	5607	10477	0.000000000228	3Seq	ref_D00944	ref_DQ364460
OM896936.1	true	2283	5337	0.000000001840	3Seq	ref_JX227971	ref_NC_030791
OM896935.1	true	4359	10427	0.000000000049	3Seq	ref_JF735116	ref_AB677527
OM896934.1	true	4374	10424	0.000000000111	3Seq	ref_JF735116	ref_AB677527
OM896933.1	true	4359	10424	0.000000000007	3Seq	ref_JF735116	ref_AB677527
OM896932.1	true	4359	10427	0.000000000171	3Seq	ref_JF735116	ref_AB677527
OM896931.1	true	4374	10424	0.000000002273	3Seq	ref_JF735116	ref_AB677527
OM896930.1	true	1901	5325	0.000000000011	3Seq	ref_JX227957	ref_NC_030791
OM896929.1	true	1901	5325	0.000000000233	3Seq	ref_JX227957	ref_NC_030791
OM896928.1	true	4374	10424	0.000000000043	3Seq	ref_JF735116	ref_AB677527
OM896927.1	true	1912	5337	0.000000000252	3Seq	ref_JX227957	ref_NC_030791
OM896926.1	true	4374	10424	0.000000000005	3Seq	ref_JF735116	ref_AB677527
OM896925.1	true	1906	5337	0.000000000099	3Seq	ref_JX227957	ref_NC_030791
OM896924.1	true	4374	10424	0.000000000277	3Seq	ref_JF735116	ref_AB677527
OM896923.1	true	4374	10424	0.000000000128	3Seq	ref_JF735116	ref_AB677527
OM896922.1	true	4359	10427	0.000000000006	3Seq	ref_JF735116	ref_AB677527
OM896921.1	true	4360	10424	0.000000000153	3Seq	ref_JF735116	ref_DQ364460
OM896920.1	true	4374	10424	0.000000000001	3Seq	ref_JF735116	ref_AB677527
OM896919.1	true	4784	10424	0.000000000089	3Seq	ref_JF735116	ref_AB677527
OM896918.1	true	4374	10424	0.000000000088	3Seq	ref_JF735116	ref_AB677527
OM896917.1	true	4359	10424	0.000000000176	3Seq	ref_JF735116	ref_AB677527
OM896916.1	true	4374	10424	0.000000000049	3Seq	ref_JF735116	ref_AB677527
OM896915.1	true	4374	10424	0.000000000117	3Seq	ref_JF735116	ref_AB677527
OM896914.1	true	4359	10427	0.000000000037	3Seq	ref_JF735116	ref_AB677527
OM896913.1	true	5317	10482	0.000000000118	3Seq	ref_D00944	ref_EU643835
OM896912.1	true	4374	10424	0.000000000026	3Seq	ref_JF735116	ref_AB677527
OM896911.1	true	4374	10424	0.000000000108	3Seq	ref_JF735116	ref_AB677527
OM896910.1	true	4374	10424	0.000000000029	3Seq	ref_JF735116	ref_AB677527
OM896909.1	true	4374	10424	0.000000000082	3Seq	ref_JF735116	ref_AB677527
OM896908.1	true	614	888	0.000000000010	3Seq	ref_D49374	ref_KC248193
OM896907.1	true	4359	10424	0.000000000531	3Seq	ref_JF735116	ref_AB677527
OM896906.1	true	4374	10424	0.000000000001	3Seq	ref_JF735116	ref_AB677527
OM896905.1	true	4374	10424	0.000000002210	3Seq	ref_JF735116	ref_AB677527
OM896904.1	true	1912	5325	0.000000000004	3Seq	ref_JX227957	ref_NC_030791
OM896903.1	true	4374	10424	0.000000000200	3Seq	ref_JF735116	ref_AB677527
OM896902.1	true	4359	10424	0.000000000021	3Seq	ref_JF735116	ref_AB677527
OM896901.1	true	4359	10424	0.000000001692	3Seq	ref_JF735116	ref_AB677527
OM896900.1	true	4374	10424	0.000000000034	3Seq	ref_JF735116	ref_AB677527
OM896899.1	true	2115	5337	0.000000000027	3Seq	ref_JX227971	ref_NC_030791
OM896898.1	true	4359	10424	0.000000000278	3Seq	ref_JF735116	ref_AB677527
OM896897.1	true	4374	10427	0.000000000025	3Seq	ref_JF735116	ref_AB677527
OM896896.1	true	4359	10427	0.000000000341	3Seq	ref_JF735116	ref_AB677527
OM896895.1	true	4359	10424	0.000000000006	3Seq	ref_JF735116	ref_AB677527
OM896894.1	true	4359	10427	0.000000000028	3Seq	ref_JF735116	ref_AB677527
OM896893.1	true	1901	5325	0.000000000008	3Seq	ref_JX227957	ref_NC_030791
OM896892.1	true	1934	5325	0.000000000055	3Seq	ref_JX227957	ref_NC_030791
OM896891.1	true	4359	10427	0.000000000002	3Seq	ref_JF735116	ref_AB677527
OM896890.1	true	4374	10424	0.000000000002	3Seq	ref_JF735116	ref_AB677527
OM896889.1	true	1912	5336	0.000000000076	3Seq	ref_JX227957	ref_NC_030791
OM896888.1	true	1912	5325	0.000000000608	3Seq	ref_JX227957	ref_NC_030791
OM896887.1	true	4359	10424	0.000000000012	3Seq	ref_JF735116	ref_AB677527
OM896886.1	true	4374	10424	0.000000000014	3Seq	ref_JF735116	ref_AB677527
OM896885.1	true	3884	8707	0.000000000558	3Seq	ref_EF424629	ref_AB677527
OM896884.1	true	4374	10427	0.000000000002	3Seq	ref_JF735116	ref_AB677527
OM896883.1	true	4359	10427	0.000000000013	3Seq	ref_JF735116	ref_AB677527
OM896882.1	true	4374	10369	0.000000000713	3Seq	ref_JF735116	ref_AB677527
OM896881.1	true	4359	10424	0.000000004328	3Seq	ref_JF735116	ref_AB677527
MZ325444.1	true	3893	10561	0.000000002564	3Seq	ref_HQ537007	ref_AB622121
MZ325443.1	true	1218	4686	0.000000002176	3Seq	ref_JF779679	ref_NC_030791
MT995350.1	true	5675	10485	0.000000004906	3Seq	ref_FN666429	ref_AB677530
MT995349.1	true	5675	10485	0.000000006705	3Seq	ref_FN666429	ref_AB677530
MT995348.1	true	5675	10485	0.000000003155	3Seq	ref_FN666429	ref_AB677530
MT995347.1	true	5675	10485	0.000000002560	3Seq	ref_FN666429	ref_AB677530
MT995346.1	true	5675	10485	0.000000004340	3Seq	ref_FN666429	ref_AB677530
MT995335.1	false	0	0				
MT995334.1	false	0	0				
MT995333.1	false	0	0				
MT995332.1	false	0	0				
MT995331.1	false	0	0				
MT995330.1	true	2375	2811	0.000000000149	3Seq	ref_D49374	ref_HQ639936
MT995329.1	true	2375	2811	0.000000000869	3Seq	ref_D49374	ref_HQ639936
MT995328.1	true	1243	5474	0.000000003293	3Seq	ref_JF779679	ref_NC_030791
MT995327.1	true	1243	5474	0.000000003293	3Seq	ref_JF779679	ref_NC_030791
MT995326.1	true	1243	5474	0.000000001345	3Seq	ref_JF779679	ref_NC_030791
MT995325.1	true	4338	10561	0.000000000995	3Seq	ref_FN666429	ref_DQ364460
MT995324.1	true	4338	10561	0.000000000989	3Seq	ref_FN666429	ref_DQ364460
MT995323.1	true	4338	10561	0.000000000626	3Seq	ref_FN666429	ref_DQ364460
MT995322.1	true	4338	10561	0.000000000989	3Seq	ref_FN666429	ref_DQ364460
MT995321.1	true	1895	2778	0.000000001853	3Seq	ref_FJ407092	ref_EF424627
MT995320.1	true	4338	10561	0.000000005343	3Seq	ref_FN666429	ref_DQ364460
MT995319.1	true	4338	10561	0.000000008293	3Seq	ref_FN666429	ref_DQ364460
MT995318.1	true	3314	10560	0.000000011196	3Seq	ref_JF735116	ref_DQ364460
MT995317.1	true	3314	10560	0.000000011196	3Seq	ref_JF735116	ref_DQ364460
MT995316.1	true	4338	10561	0.000000009353	3Seq	ref_FN666429	ref_DQ364460
MT632194.1	true	3322	10475	0.000000000339	3Seq	ref_JF735116	ref_DQ364460
MT632186.1	true	1895	2399	0.000000004849	3Seq	ref_KJ470618	ref_JX183557
MT632180.1	true	5660	9643	0.000000000156	3Seq	ref_EF632071	ref_AB677530
MT632179.1	true	2128	5249	0.000000000266	3Seq	ref_JX227957	ref_NC_030791
MT632172.1	true	1198	5474	0.000000000577	3Seq	ref_JF779679	ref_NC_030791
MT632170.1	true	3893	10561	0.000000000179	3Seq	ref_HQ537007	ref_AB622121
MT632162.1	true	1895	2158	0.000000000032	3Seq	ref_FJ407092	ref_EU798760
MT632158.1	false	0	0				
MN628597.1	true	1207	4335	0.000000000571	3Seq	ref_DQ364460	ref_NC_030791
MN628596.1	true	4833	10568	0.000000007247	3Seq	ref_FN666429	ref_DQ364460
MN628595.1	true	1218	4335	0.000000000510	3Seq	ref_AB622121	ref_NC_030791
MN628594.1	true	5280	10551	0.000000001119	3Seq	ref_FN666429	ref_DQ364460
MN628593.1	true	4335	10631	0.000000000144	3Seq	ref_NC_030791	ref_DQ364460
MN628591.1	true	1243	4335	0.000000009566	3Seq	ref_AB622121	ref_NC_030791
MN628590.1	true	1797	5215	0.000000002582	3Seq	ref_JF735130	ref_NC_030791
MN628589.1	true	1923	2421	0.000000005537	3Seq	ref_FJ407092	ref_KM252790
MN628588.1	true	1207	4335	0.000000000042	3Seq	ref_DQ364460	ref_NC_030791
MN628587.1	true	1218	4335	0.000000002401	3Seq	ref_AB622121	ref_NC_030791
MN628586.1	true	4824	10631	0.000000002444	3Seq	ref_NC_030791	ref_DQ364460
MN628585.1	true	1207	4335	0.000000000065	3Seq	ref_DQ364460	ref_NC_030791
MN628584.1	true	2131	5395	0.000000000191	3Seq	ref_JX227957	ref_NC_030791
MN628583.1	true	1207	4335	0.000000000319	3Seq	ref_DQ364460	ref_NC_030791
MN628582.1	true	1218	4335	0.000000000518	3Seq	ref_AB622121	ref_NC_030791
MN628581.1	true	1833	2498	0.000000000054	3Seq	ref_KJ470618	ref_EF424626
MN628578.1	true	5660	9642	0.000000006768	3Seq	ref_EF632071	ref_AB677530
MN628577.1	true	1921	5390	0.000000000321	3Seq	ref_JX227957	ref_NC_030791
MN628576.1	false	0	0				
MN628575.1	true	5215	10636	0.000000000193	3Seq	ref_NC_030791	ref_DQ364460
MN628574.1	true	1218	4335	0.000000000036	3Seq	ref_AB622121	ref_NC_030791
LC368382.1	true	1935	2502	0.000000000103	3Seq	ref_FJ407092	ref_EF424626
LC368361.1	true	5164	9642	0.000000000898	3Seq	ref_EF632071	ref_AB677530
LC368353.1	true	1134	9353	0.000000001241	3Seq	ref_JN714194	ref_D28917
LC368352.1	true	4338	4851	0.000000000000	3Seq	ref_NC_009824	ref_HQ850279
MN385583.1	true	4546	9111	0.000000006629	3Seq	ref_JF735131	ref_AB677527
MG428679.1	true	309	724	0.000000000003	3Seq	ref_D28917	ref_EU246932
LC414155.2	true	4374	10427	0.000000000134	3Seq	ref_JF735116	ref_AB677527
KY120332.1	true	1207	4335	0.000000001416	3Seq	ref_DQ364460	ref_NC_030791
KX621541.1	true	4983	9642	0.000000003946	3Seq	ref_EF632071	ref_AB677530
KX621539.1	true	5660	9079	0.000000007546	3Seq	ref_EF424629	ref_AB677530
KX621537.1	true	1243	4335	0.000000000015	3Seq	ref_DQ364460	ref_NC_030791
KX621534.1	true	4551	9642	0.000000000562	3Seq	ref_EF632071	ref_AB622121
KX621531.1	false	0	0				
KX621530.1	true	1243	4686	0.000000005330	3Seq	ref_JF779679	ref_NC_030791
KX621527.1	true	1855	2339	0.000000007186	3Seq	ref_KJ470618	ref_JX183557
KX621522.1	false	0	0				
KX621519.1	true	720	3889	0.000000000424	3Seq	ref_AB677527	ref_HQ537007
KX621518.1	true	651	3889	0.000000003605	3Seq	ref_AB677527	ref_HQ537007
KX621516.1	true	5187	9079	0.000000002651	3Seq	ref_EF424629	ref_AB677530
KX621513.1	true	881	4335	0.000000000300	3Seq	ref_AB677527	ref_NC_030791
KX621508.1	true	1243	5474	0.000000000036	3Seq	ref_JF779679	ref_NC_030791
KX621507.1	true	1243	5487	0.000000001282	3Seq	ref_JF779679	ref_NC_030791
KX621503.1	true	3893	9642	0.000000001734	3Seq	ref_EF632071	ref_AB677530
KX621502.1	true	720	3884	0.000000001618	3Seq	ref_DQ364460	ref_HQ537007
KX621501.1	true	5660	9642	0.000000000122	3Seq	ref_EF632071	ref_AB677530
KX621499.1	true	3895	8838	0.000000001674	3Seq	ref_EF424629	ref_AB677527
KX621498.1	false	0	0				
KX621496.1	true	1218	5474	0.000000000408	3Seq	ref_JF779679	ref_NC_030791
KX621494.1	true	1218	5487	0.000000000338	3Seq	ref_JF779679	ref_NC_030791
KX621492.1	true	1894	2424	0.000000000328	3Seq	ref_FJ407092	ref_DQ835761
KX621491.1	true	5660	9642	0.000000000144	3Seq	ref_EF632071	ref_AB677530
KX621490.1	true	1207	5215	0.000000006117	3Seq	ref_DQ364460	ref_NC_030791
KX621489.1	true	1243	5112	0.000000008898	3Seq	ref_JF779679	ref_NC_030791
KX621488.1	true	1243	5487	0.000000000120	3Seq	ref_JF779679	ref_NC_030791
KX621487.1	false	0	0				
KX621486.1	true	1243	5474	0.000000000218	3Seq	ref_JF779679	ref_NC_030791
KX621483.1	true	1243	4686	0.000000002175	3Seq	ref_JF779679	ref_NC_030791
KX621481.1	true	5660	9091	0.000000000539	3Seq	ref_EU246939	ref_AB677530
KX621480.1	true	4782	9779	0.000000006924	3Seq	ref_EF632071	ref_DQ364460
KX621479.1	true	1207	4335	0.000000005727	3Seq	ref_DQ364460	ref_NC_030791
KX621478.1	true	3890	9642	0.000000000419	3Seq	ref_EF632071	ref_AB677530
KX621477.1	true	1902	2498	0.000000000135	3Seq	ref_KJ470618	ref_EF424626
KX621476.1	true	5660	9091	0.000000000455	3Seq	ref_EU246939	ref_AB677530
KX621475.1	true	1935	2502	0.000000010121	3Seq	ref_FJ407092	ref_EF424626
KX621472.1	true	5187	9083	0.000000003352	3Seq	ref_EF424629	ref_AB677530
KX621470.1	true	878	5166	0.000000000446	3Seq	ref_DQ364460	ref_NC_030791
KX621469.1	true	749	3889	0.000000000408	3Seq	ref_AB622121	ref_HQ537007
KX621454.1	true	3893	8789	0.000000001351	3Seq	ref_EF424629	ref_AB677530
KX621453.1	true	1911	2502	0.000000000108	3Seq	ref_FJ407092	ref_EF424626
KX621447.1	false	0	0				
KX621441.1	true	1243	4335	0.000000009515	3Seq	ref_AB677530	ref_NC_030791
KX621434.1	true	1206	4335	0.000000003140	3Seq	ref_DQ364460	ref_NC_030791
KX621433.1	true	1218	5474	0.000000000007	3Seq	ref_JF779679	ref_NC_030791
KX621432.1	true	5660	9642	0.000000001235	3Seq	ref_EF632071	ref_AB677530
KX621431.1	true	651	3884	0.000000007532	3Seq	ref_AB622121	ref_HQ537007
KX621429.1	true	1142	4919	0.000000000760	3Seq	ref_DQ364460	ref_NC_030791
KX621428.1	false	0	0				
KX621426.1	true	1925	5215	0.000000002334	3Seq	ref_JF735130	ref_NC_030791
KJ437342.3	true	4347	10450	0.000000006901	3Seq	ref_FN666428	ref_DQ364460
KJ437327.2	true	1243	5474	0.000000003424	3Seq	ref_AB677530	ref_NC_030791
KJ437318.2	false	0	0				
KJ437314.2	true	1218	5474	0.000000000039	3Seq	ref_JF779679	ref_NC_030791
KJ437313.2	true	3895	5889	0.000000006685	3Seq	ref_DQ314806	ref_JF735120
KJ437311.2	true	1201	5073	0.000000008426	3Seq	ref_DQ364460	ref_NC_030791
KJ437307.2	true	1207	5073	0.000000001357	3Seq	ref_DQ364460	ref_NC_030791
GQ356217.1	true	1142	4335	0.000000001010	3Seq	ref_DQ364460	ref_NC_030791
GQ356216.1	false	0	0				
GQ356215.1	true	4551	9642	0.000000009918	3Seq	ref_EF632071	ref_AB622121
GQ356214.1	true	4545	9165	0.000000000909	3Seq	ref_EF632071	ref_AB677527
GQ356213.1	true	1246	4884	0.000000000007	3Seq	ref_JF779679	ref_NC_030791
GQ356212.1	true	1218	5487	0.000000003351	3Seq	ref_JF779679	ref_NC_030791
GQ356211.1	true	1897	5215	0.000000000481	3Seq	ref_JF735130	ref_NC_030791
GQ356210.1	true	1218	4552	0.000000008712	3Seq	ref_JF779679	ref_NC_030791
GQ356209.1	true	5511	10779	0.000000002458	3Seq	ref_FN666429	ref_JF779679
GQ356208.1	true	5072	10779	0.000000006059	3Seq	ref_JF735114	ref_DQ364460
GQ356207.1	true	2134	5987	0.000000003343	3Seq	ref_JX227957	ref_D50409
GQ356206.1	true	5657	9642	0.000000000100	3Seq	ref_EF632071	ref_AB677530
GQ356205.1	true	5660	9642	0.000000000493	3Seq	ref_EF632071	ref_AB677530
GQ356204.1	true	3895	9642	0.000000001451	3Seq	ref_EU246939	ref_AB677527
GQ356203.1	false	0	0				
GQ356202.1	true	1218	5474	0.000000000121	3Seq	ref_AB677530	ref_NC_030791
GQ356201.1	false	0	0				
GQ356200.1	true	4338	10404	0.000000003315	3Seq	ref_FN666428	ref_DQ364460
DQ430820.1	true	1207	5073	0.000000001556	3Seq	ref_DQ364460	ref_NC_030791
DQ430819.1	true	5187	8789	0.000000000450	3Seq	ref_EF424629	ref_AB677530
AY956467.1	false	0	0				
KU871299.1	true	1198	5474	0.000000000196	3Seq	ref_JF779679	ref_NC_030791
KU871298.1	true	5511	10565	0.000000002464	3Seq	ref_FN666429	ref_JF779679
KU871297.1	true	3894	7446	0.000000005229	3Seq	ref_D63822	ref_AY587845
KU871296.1	true	1207	5073	0.000000010585	3Seq	ref_DQ364460	ref_NC_030791
KU871295.1	true	5652	9535	0.000000003562	3Seq	ref_NC_009825	ref_AB677530
KU871294.1	false	0	0				
KU746825.1	true	6915	10837	0.000000000000	3Seq	ref_D28917	ref_EF407457
KT735183.1	true	4338	10561	0.000000000039	3Seq	ref_FN666429	ref_DQ364460
KM587623.1	true	3902	7720	0.000000005850	3Seq	ref_KJ470623	ref_DQ364460
KM587622.1	true	4980	10450	0.000000011425	3Seq	ref_JF735114	ref_DQ364460
KM043281.1	true	3893	10561	0.000000000248	3Seq	ref_HQ537007	ref_AB622121
KM043280.1	true	3893	10561	0.000000000248	3Seq	ref_HQ537007	ref_AB622121
JQ717260.1	true	4922	10370	0.000000000336	3Seq	ref_NC_030791	ref_AB677530
JQ717259.1	true	4335	10631	0.000000000006	3Seq	ref_NC_030791	ref_DQ364460
JQ717258.1	true	3999	10557	0.000000000083	3Seq	ref_HQ537007	ref_DQ364460
JQ717257.1	true	5494	10631	0.000000005724	3Seq	ref_NC_030791	ref_DQ364460
JQ717256.1	true	5786	10427	0.000000003490	3Seq	ref_JF735120	ref_AB677530
JQ717255.1	true	4335	10631	0.000000001508	3Seq	ref_NC_030791	ref_DQ364460
JQ717254.1	true	1146	5474	0.000000000062	3Seq	ref_JF779679	ref_NC_030791
JN714194.1	true	4335	10631	0.000000002924	3Seq	ref_NC_030791	ref_DQ364460
KF035127.1	true	4335	10631	0.000000000008	3Seq	ref_NC_030791	ref_DQ364460
KF035126.1	true	3999	10557	0.000000000083	3Seq	ref_HQ537007	ref_DQ364460
KF035125.1	true	5919	10427	0.000000000296	3Seq	ref_JF735120	ref_AB677530
KF035124.1	true	3893	9079	0.000000007941	3Seq	ref_EF424629	ref_AB677530
KF035123.1	true	4922	10370	0.000000000326	3Seq	ref_NC_030791	ref_AB677530
KC967476.1	true	4186	10618	0.000000000000	3Seq	ref_DQ155560	ref_AB661388
KC844044.1	true	4545	7216	0.000000000170	3Seq	ref_EU392171	ref_AB622121
KC844041.1	false	0	0				
JQ065709.1	true	1974	5325	0.000000000232	3Seq	ref_JX227957	ref_NC_030791
JN588558.1	true	3893	10561	0.000000000427	3Seq	ref_HQ537007	ref_AB622121
JF509177.1	true	1243	4335	0.000000000027	3Seq	ref_AB622121	ref_NC_030791
JF509176.1	true	5660	9622	0.000000004602	3Seq	ref_EF632071	ref_AB677530
JF509175.1	true	4794	10475	0.000000001629	3Seq	ref_JF735116	ref_DQ364460
HQ912953.1	true	1207	5215	0.000000002170	3Seq	ref_DQ364460	ref_NC_030791
GQ275355.1	true	5782	10517	0.000000001944	3Seq	ref_JF735120	ref_AB677530
GU294484.1	true	724	10918	0.000000000000	3Seq	ref_EU246932	ref_D28917
FJ407092.1	true	1893	5338	0.000000003401	3Seq	ref_JX227957	ref_NC_030791
PZ302490.1	true	4941	11478	0.000000000000	3Seq	ref_AY651061	ref_JF779679
PZ302487.1	true	4941	11478	0.000000000000	3Seq	ref_AY651061	ref_JF779679
PZ302476.1	true	4885	11478	0.000000000000	3Seq	ref_AY651061	ref_JF779679
PZ302473.1	true	4941	11478	0.000000000000	3Seq	ref_AY651061	ref_JF779679
PZ302472.1	true	4941	11478	0.000000000000	3Seq	ref_AY651061	ref_JF779679
PZ302471.1	true	4750	11478	0.000000000000	3Seq	ref_AY651061	ref_JF779679
PZ302468.1	true	4750	11478	0.000000000000	3Seq	ref_AY651061	ref_JF779679
PZ302467.1	true	4941	11103	0.000000000000	3Seq	ref_AY651061	ref_JF779679
PZ302466.1	true	4689	11478	0.000000000000	3Seq	ref_AY651061	ref_JF779679
PZ302460.1	true	4789	11478	0.000000000000	3Seq	ref_AY651061	ref_JF779679
PZ302458.1	true	4919	11478	0.000000000000	3Seq	ref_AY651061	ref_JF779679
PZ302454.1	true	4750	11478	0.000000000000	3Seq	ref_AY651061	ref_JF779679
PZ098544.1	true	4536	11284	0.000000000000	3Seq	ref_KJ439773	ref_AB677530
PZ098543.1	true	4537	11557	0.000000000000	3Seq	ref_KJ439773	ref_AB677527
PZ098542.1	true	4540	11557	0.000000000000	3Seq	ref_KJ439777	ref_AB677527
PZ098541.1	true	4569	11557	0.000000000000	3Seq	ref_KJ439777	ref_AB677527
PZ098540.1	true	4569	11557	0.000000000000	3Seq	ref_KJ439777	ref_AB677527
PZ098539.1	true	4569	11557	0.000000000000	3Seq	ref_M67463	ref_AB677527
PZ098538.1	true	4563	11555	0.000000000000	3Seq	ref_KC248198	ref_AB677527
PZ098537.1	true	4540	11557	0.000000000000	3Seq	ref_KJ439777	ref_AB677527
PZ098536.1	true	4540	11557	0.000000000000	3Seq	ref_KJ439777	ref_AB677527
PZ098535.1	true	4566	11557	0.000000000000	3Seq	ref_KJ439777	ref_AB677527
PZ098534.1	true	4540	11557	0.000000000000	3Seq	ref_KJ439777	ref_AB677527
PZ098533.1	true	4540	11557	0.000000000000	3Seq	ref_KJ439777	ref_AB677527
PZ098532.1	true	4537	11557	0.000000000000	3Seq	ref_KJ439773	ref_AB677527
PZ098531.1	true	4566	11555	0.000000000000	3Seq	ref_KC248198	ref_AB677527
PZ098530.1	true	4535	11282	0.000000000000	3Seq	ref_KC248198	ref_AB677530
PX387037.1	true	4919	11478	0.000000000000	3Seq	ref_AY651061	ref_JF779679
PX387033.1	true	4750	11478	0.000000000000	3Seq	ref_AY651061	ref_JF779679
PX387032.1	true	4885	11478	0.000000000000	3Seq	ref_AY651061	ref_JF779679
PX387030.1	true	4919	11478	0.000000000000	3Seq	ref_AY651061	ref_JF779679
PX387029.1	true	4563	11449	0.000000000000	3Seq	ref_KC248198	ref_AB677527
PX387028.1	true	4919	11478	0.000000000000	3Seq	ref_AY651061	ref_JF779679
PX387025.1	true	4918	11478	0.000000000000	3Seq	ref_AY651061	ref_JF779679
PX387024.1	true	4789	11478	0.000000000000	3Seq	ref_AY651061	ref_JF779679
PX387023.1	true	4919	11478	0.000000000000	3Seq	ref_AY651061	ref_JF779679
PX387022.1	true	4849	11125	0.000000000000	3Seq	ref_AY651061	ref_JF779679
PX387021.1	true	4918	11113	0.000000000000	3Seq	ref_AY651061	ref_JF779679
PX387020.1	true	4750	11125	0.000000000000	3Seq	ref_AY651061	ref_JF779679
PX387019.1	true	4919	11478	0.000000000000	3Seq	ref_AY651061	ref_JF779679
PX387018.1	true	4919	11478	0.000000000000	3Seq	ref_AY651061	ref_JF779679
PX387016.1	true	4789	11478	0.000000000000	3Seq	ref_AY651061	ref_JF779679
PX387015.1	true	4919	11478	0.000000000000	3Seq	ref_AY651061	ref_JF779679
PX387014.1	true	4941	11125	0.000000000000	3Seq	ref_AY651061	ref_JF779679
PX387013.1	true	4845	11478	0.000000000000	3Seq	ref_AY651061	ref_JF779679
PX387012.1	true	4750	11125	0.000000000000	3Seq	ref_AY651061	ref_JF779679
PX387011.1	true	4750	11478	0.000000000000	3Seq	ref_AY651061	ref_JF779679
PX387009.1	true	4875	11478	0.000000000000	3Seq	ref_AY651061	ref_JF779679
PX387008.1	true	4885	11125	0.000000000000	3Seq	ref_AY651061	ref_JF779679
PX387007.1	true	4919	11478	0.000000000000	3Seq	ref_AY651061	ref_JF779679
PX387006.1	true	4566	11502	0.000000000000	3Seq	ref_KC248198	ref_AB677527
PX387003.1	true	4750	11478	0.000000000000	3Seq	ref_AY651061	ref_JF779679
PX386992.1	true	4918	11477	0.000000000000	3Seq	ref_AY651061	ref_JF779679
PX386986.1	true	653	4378	0.000000000000	3Seq	ref_AY587845	ref_JX227971
PX386985.1	true	4262	11269	0.000000000000	3Seq	ref_FJ462434	ref_AB677530
PX386984.1	true	4689	11548	0.000000000000	3Seq	ref_EF424626	ref_DQ364460
PX386982.1	true	660	4308	0.000000000000	3Seq	ref_AY587845	ref_FJ025856
PX386981.1	true	4672	11263	0.000000000000	3Seq	ref_FJ025856	ref_DQ364460
PX386964.1	true	4614	11548	0.000000000000	3Seq	ref_D84263	ref_DQ364460
PX386962.1	true	4617	11552	0.000000000000	3Seq	ref_FJ025854	ref_AB622121
PX386961.1	true	4710	11546	0.000000000000	3Seq	ref_KC248198	ref_DQ364460
PX386958.1	true	4914	11478	0.000000000000	3Seq	ref_AY651061	ref_JF779679
PX386955.1	true	4919	11478	0.000000000000	3Seq	ref_AY651061	ref_JF779679
PX386954.1	true	4918	11478	0.000000000000	3Seq	ref_AY651061	ref_JF779679
PX386953.1	true	4849	11477	0.000000000000	3Seq	ref_AY651061	ref_JF779679
PX386951.1	true	4885	11125	0.000000000000	3Seq	ref_AY651061	ref_JF779679
PX386948.1	true	4941	11113	0.000000000000	3Seq	ref_AY651061	ref_JF779679
PX386947.1	true	4789	11478	0.000000000000	3Seq	ref_AY651061	ref_JF779679
PX386944.1	true	4789	11478	0.000000000000	3Seq	ref_AY651061	ref_JF779679
PX386940.1	true	4537	11496	0.000000000000	3Seq	ref_KJ439773	ref_AB677527
PX386939.1	true	4886	11125	0.000000000000	3Seq	ref_AY651061	ref_JF779679
PX386938.1	true	4919	11478	0.000000000000	3Seq	ref_AY651061	ref_JF779679
PX386937.1	true	4537	11558	0.000000000000	3Seq	ref_KJ439773	ref_AB677527
PX386936.1	true	4794	11125	0.000000000000	3Seq	ref_AY651061	ref_JF779679
PX386935.1	true	4933	11478	0.000000000000	3Seq	ref_AY651061	ref_JF779679
PX386932.1	true	4789	11478	0.000000000000	3Seq	ref_AY651061	ref_JF779679
PX386931.1	true	4750	11125	0.000000000000	3Seq	ref_AY651061	ref_JF779679
PX386930.1	true	4919	11477	0.000000000000	3Seq	ref_AY651061	ref_JF779679
PX386927.1	true	4941	11478	0.000000000000	3Seq	ref_AY651061	ref_JF779679
PX386924.1	true	4750	11478	0.000000000000	3Seq	ref_AY651061	ref_JF779679
PX386923.1	true	4919	11105	0.000000000000	3Seq	ref_AY651061	ref_JF779679
PX386922.1	true	4881	11478	0.000000000000	3Seq	ref_AY651061	ref_JF779679
PX386917.1	true	4941	11478	0.000000000000	3Seq	ref_AY651061	ref_JF779679
PX386915.1	true	4794	11125	0.000000000000	3Seq	ref_AY651061	ref_JF779679
PX386913.1	true	4750	11125	0.000000000000	3Seq	ref_AY651061	ref_JF779679
PX386909.1	true	4919	11477	0.000000000000	3Seq	ref_AY651061	ref_JF779679
PX386908.1	true	4941	11478	0.000000000000	3Seq	ref_AY651061	ref_JF779679
PX386907.1	true	4919	11103	0.000000000000	3Seq	ref_AY651061	ref_JF779679
PX386906.1	true	4845	11478	0.000000000000	3Seq	ref_AY651061	ref_JF779679
PX386903.1	true	4918	11478	0.000000000000	3Seq	ref_AY651061	ref_JF779679
PX386900.1	true	4919	11125	0.000000000000	3Seq	ref_AY651061	ref_JF779679
PX445004.1	true	49	3476	0.000000000000	3Seq	ref_KC248194	ref_FJ462431
PX445003.1	true	3402	11546	0.000000000000	3Seq	ref_EU392175	ref_KC248199
PX445002.1	true	3489	11546	0.000000000000	3Seq	ref_EU392175	ref_KC248194
PX445001.1	true	311	1631	0.000000000000	3Seq	ref_KC248199	ref_EU392175
PX386898.1	true	4885	11478	0.000000000000	3Seq	ref_AY651061	ref_JF779679
PX386897.1	true	4885	11478	0.000000000000	3Seq	ref_AY651061	ref_JF779679
PX386895.1	true	4919	11125	0.000000000000	3Seq	ref_AY651061	ref_JF779679
PX386894.1	true	4919	11478	0.000000000000	3Seq	ref_AY651061	ref_JF779679
PX386891.1	true	4849	11478	0.000000000000	3Seq	ref_AY651061	ref_JF779679
PX386889.1	true	4919	11478	0.000000000000	3Seq	ref_AY651061	ref_JF779679
PX386885.1	true	4566	11476	0.000000000000	3Seq	ref_KC248198	ref_AB677527
PX386881.1	true	4919	11478	0.000000000000	3Seq	ref_AY651061	ref_JF779679
PX386879.1	true	4917	11478	0.000000000000	3Seq	ref_AY651061	ref_JF779679
PX386875.1	true	4750	11478	0.000000000000	3Seq	ref_AY651061	ref_JF779679
PX386871.1	true	4636	11542	0.000000000000	3Seq	ref_KJ439773	ref_DQ364460
PX386870.1	true	4919	11478	0.000000000000	3Seq	ref_AY651061	ref_JF779679
PX386869.1	true	4885	11125	0.000000000000	3Seq	ref_AY651061	ref_JF779679
PX386867.1	true	4941	11478	0.000000000000	3Seq	ref_AY651061	ref_JF779679
PX386864.1	true	4796	11478	0.000000000000	3Seq	ref_AY651061	ref_JF779679
PX386861.1	true	4941	11477	0.000000000000	3Seq	ref_AY651061	ref_JF779679
PX386856.1	true	4805	11477	0.000000000000	3Seq	ref_AY651061	ref_JF779679
PX386852.1	true	4941	11478	0.000000000000	3Seq	ref_AY651061	ref_JF779679
PX386851.1	true	4884	11478	0.000000000000	3Seq	ref_AY651061	ref_JF779679
PX386849.1	true	4849	11478	0.000000000000	3Seq	ref_AY651061	ref_JF779679
PX386845.1	true	4805	11478	0.000000000000	3Seq	ref_AY651061	ref_JF779679
PX386841.1	true	4750	11478	0.000000000000	3Seq	ref_AY651061	ref_JF779679
PX386840.1	true	4919	11478	0.000000000000	3Seq	ref_AY651061	ref_JF779679
PX386839.1	true	4885	11103	0.000000000000	3Seq	ref_AY651061	ref_JF779679
PX386836.1	true	4941	11477	0.000000000000	3Seq	ref_AY651061	ref_JF779679
PX386833.1	true	4789	11113	0.000000000000	3Seq	ref_AY651061	ref_JF779679
PX386829.1	true	4919	11478	0.000000000000	3Seq	ref_AY651061	ref_JF779679
PX386827.1	true	4919	11478	0.000000000000	3Seq	ref_AY651061	ref_JF779679
PX386825.1	true	4941	11125	0.000000000000	3Seq	ref_AY651061	ref_JF779679
PX386823.1	true	4919	11478	0.000000000000	3Seq	ref_AY651061	ref_JF779679
PX386819.1	true	4941	11478	0.000000000000	3Seq	ref_AY651061	ref_JF779679
PX386818.1	true	4919	11478	0.000000000000	3Seq	ref_AY651061	ref_JF779679
PX386816.1	true	4750	11477	0.000000000000	3Seq	ref_AY651061	ref_JF779679
PX386815.1	true	4537	11585	0.000000000000	3Seq	ref_KJ439773	ref_AB677527
PX386814.1	true	4885	11125	0.000000000000	3Seq	ref_AY651061	ref_JF779679
PX386813.1	true	4796	11478	0.000000000000	3Seq	ref_AY651061	ref_JF779679
PX386811.1	true	4794	11478	0.000000000000	3Seq	ref_AY651061	ref_JF779679
PX386807.1	true	4845	11478	0.000000000000	3Seq	ref_AY651061	ref_JF779679
PX386806.1	true	4789	11478	0.000000000000	3Seq	ref_AY651061	ref_JF779679
PX386805.1	true	4919	11478	0.000000000000	3Seq	ref_AY651061	ref_JF779679
PX386804.1	true	4567	11584	0.000000000000	3Seq	ref_KJ439773	ref_AB677527
PX386803.1	true	4794	11478	0.000000000000	3Seq	ref_AY651061	ref_JF779679
PX386798.1	true	4750	11478	0.000000000000	3Seq	ref_AY651061	ref_JF779679
PX386795.1	true	4750	11477	0.000000000000	3Seq	ref_AY651061	ref_JF779679
PX386794.1	true	4919	11478	0.000000000000	3Seq	ref_AY651061	ref_JF779679
PX386793.1	true	4563	11577	0.000000000000	3Seq	ref_KC248198	ref_AB677527
PX386792.1	true	4941	11478	0.000000000000	3Seq	ref_AY651061	ref_JF779679
PX386790.1	true	4541	11558	0.000000000000	3Seq	ref_KJ439773	ref_AB677527
PX386789.1	true	4833	11477	0.000000000000	3Seq	ref_AY651061	ref_JF779679
PX386788.1	true	4789	11478	0.000000000000	3Seq	ref_AY651061	ref_JF779679
PX386786.1	true	4845	11125	0.000000000000	3Seq	ref_AY651061	ref_JF779679
PX386785.1	true	4580	11064	0.000000000000	3Seq	ref_KJ439773	ref_AB677530
PX386784.1	true	4833	11125	0.000000000000	3Seq	ref_AY651061	ref_JF779679
PX386783.1	true	4691	10989	0.000000000000	3Seq	ref_HQ537007	ref_JF779679
PX386782.1	true	4919	11478	0.000000000000	3Seq	ref_AY651061	ref_JF779679
PX386780.1	true	4833	11125	0.000000000000	3Seq	ref_AY651061	ref_JF779679
PX386779.1	true	4794	11478	0.000000000000	3Seq	ref_AY651061	ref_JF779679
PX386778.1	true	4537	11576	0.000000000000	3Seq	ref_KJ439773	ref_AB677527
PX386777.1	true	4564	11282	0.000000000000	3Seq	ref_KC248198	ref_AB677530
PX386775.1	true	4919	11478	0.000000000000	3Seq	ref_AY651061	ref_JF779679
PX386774.1	true	4919	11478	0.000000000000	3Seq	ref_AY651061	ref_JF779679
PX386770.1	true	4845	11478	0.000000000000	3Seq	ref_AY651061	ref_JF779679
PX386769.1	true	4919	11478	0.000000000000	3Seq	ref_AY651061	ref_JF779679
PX386767.1	true	4919	11478	0.000000000000	3Seq	ref_AY651061	ref_JF779679
PX386766.1	true	4919	11478	0.000000000000	3Seq	ref_AY651061	ref_JF779679
PX386765.1	true	4889	11478	0.000000000000	3Seq	ref_AY651061	ref_JF779679
PX386764.1	true	4941	11478	0.000000000000	3Seq	ref_AY651061	ref_JF779679
PX386756.1	true	4789	11125	0.000000000000	3Seq	ref_AY651061	ref_JF779679
PX386754.1	true	4789	11478	0.000000000000	3Seq	ref_AY651061	ref_JF779679
PX386748.1	true	4750	11478	0.000000000000	3Seq	ref_AY651061	ref_JF779679
PX386747.1	true	4941	11478	0.000000000000	3Seq	ref_AY651061	ref_JF779679
PX386746.1	true	4541	11558	0.000000000000	3Seq	ref_KJ439773	ref_AB677527
PX386743.1	true	4569	11538	0.000000000000	3Seq	ref_KJ439773	ref_AB677527
PX386740.1	true	4941	11478	0.000000000000	3Seq	ref_AY651061	ref_JF779679
PX386739.1	true	4794	11478	0.000000000000	3Seq	ref_AY651061	ref_JF779679
PX386731.1	true	4540	11558	0.000000000000	3Seq	ref_KJ439777	ref_AB677527
PX386725.1	true	4567	11558	0.000000000000	3Seq	ref_KJ439773	ref_AB677527
PX386724.1	true	4885	11125	0.000000000000	3Seq	ref_AY651061	ref_JF779679
PX386721.1	true	4545	11558	0.000000000000	3Seq	ref_KJ439774	ref_AB677527
PX386718.1	true	4919	11125	0.000000000000	3Seq	ref_AY651061	ref_JF779679
PV289135.1	true	4941	11478	0.000000000000	3Seq	ref_AY651061	ref_JF779679
PV289134.1	true	4941	11477	0.000000000000	3Seq	ref_AY651061	ref_JF779679
PV289133.1	true	4941	11478	0.000000000000	3Seq	ref_AY651061	ref_JF779679
PV289132.1	true	4941	11478	0.000000000000	3Seq	ref_AY651061	ref_JF779679
PV289131.1	true	4941	11478	0.000000000000	3Seq	ref_AY651061	ref_JF779679
PV289130.1	true	846	4941	0.000000000000	3Seq	ref_JF779679	ref_AY651061
PV289129.1	true	4941	11478	0.000000000000	3Seq	ref_AY651061	ref_JF779679
PV289128.1	true	4941	11478	0.000000000000	3Seq	ref_AY651061	ref_JF779679
PV289127.1	true	4941	11478	0.000000000000	3Seq	ref_AY651061	ref_JF779679
PV289126.1	true	4941	11478	0.000000000000	3Seq	ref_AY651061	ref_JF779679
PV289125.1	true	4941	11478	0.000000000000	3Seq	ref_AY651061	ref_JF779679
PV289124.1	true	4919	11478	0.000000000000	3Seq	ref_AY651061	ref_JF779679
PV289123.1	true	4941	11478	0.000000000000	3Seq	ref_AY651061	ref_JF779679
PV289122.1	true	521	4789	0.000000000000	3Seq	ref_JF779679	ref_AY651061
PV289121.1	true	4919	11478	0.000000000000	3Seq	ref_AY651061	ref_JF779679
PV289120.1	true	4845	11478	0.000000000000	3Seq	ref_AY651061	ref_JF779679
PV289119.1	true	4845	11478	0.000000000000	3Seq	ref_AY651061	ref_JF779679
PV289118.1	true	846	4941	0.000000000000	3Seq	ref_JF779679	ref_AY651061
PV289117.1	true	4941	11478	0.000000000000	3Seq	ref_AY651061	ref_JF779679
PV289116.1	true	1083	4789	0.000000000000	3Seq	ref_JF779679	ref_AY651061
PV289115.1	true	4919	11478	0.000000000000	3Seq	ref_AY651061	ref_JF779679
PV289114.1	true	4919	11478	0.000000000000	3Seq	ref_AY651061	ref_JF779679
PV289113.1	true	4919	11478	0.000000000000	3Seq	ref_AY651061	ref_JF779679
PV289112.1	true	4789	11478	0.000000000000	3Seq	ref_AY651061	ref_JF779679
PV289111.1	true	4805	11478	0.000000000000	3Seq	ref_AY651061	ref_JF779679
PV289110.1	true	4829	11478	0.000000000000	3Seq	ref_AY651061	ref_JF779679
PV289109.1	true	4919	11478	0.000000000000	3Seq	ref_AY651061	ref_JF779679
PV289108.1	true	4919	11478	0.000000000000	3Seq	ref_AY651061	ref_JF779679
PV289107.1	true	4919	11478	0.000000000000	3Seq	ref_AY651061	ref_JF779679
PV289106.1	true	4941	11478	0.000000000000	3Seq	ref_AY651061	ref_JF779679
PV289105.1	true	4919	11478	0.000000000000	3Seq	ref_AY651061	ref_JF779679
PV289104.1	true	4789	11478	0.000000000000	3Seq	ref_AY651061	ref_JF779679
PV289103.1	true	4919	11478	0.000000000000	3Seq	ref_AY651061	ref_JF779679
PV289102.1	true	4919	11478	0.000000000000	3Seq	ref_AY651061	ref_JF779679
PV289101.1	true	4919	11478	0.000000000000	3Seq	ref_AY651061	ref_JF779679
PV289100.1	true	4941	11478	0.000000000000	3Seq	ref_AY651061	ref_JF779679
PV289099.1	true	4941	11478	0.000000000000	3Seq	ref_AY651061	ref_JF779679
PV289098.1	true	4941	11478	0.000000000000	3Seq	ref_AY651061	ref_JF779679
PV289097.1	true	4941	11478	0.000000000000	3Seq	ref_AY651061	ref_JF779679
PV289096.1	true	4919	11478	0.000000000000	3Seq	ref_AY651061	ref_JF779679
PV289095.1	true	4789	11478	0.000000000000	3Seq	ref_AY651061	ref_JF779679
PV289094.1	true	4919	11478	0.000000000000	3Seq	ref_AY651061	ref_JF779679
PV289093.1	true	4919	11478	0.000000000000	3Seq	ref_AY651061	ref_JF779679
PV289092.1	true	4789	11478	0.000000000000	3Seq	ref_AY651061	ref_JF779679
PV289091.1	true	4885	11478	0.000000000000	3Seq	ref_AY651061	ref_JF779679
PV289090.1	true	4919	11478	0.000000000000	3Seq	ref_AY651061	ref_JF779679
PV289089.1	true	4919	11478	0.000000000000	3Seq	ref_AY651061	ref_JF779679
PV289088.1	true	4919	11478	0.000000000000	3Seq	ref_AY651061	ref_JF779679
PV289087.1	true	4919	11478	0.000000000000	3Seq	ref_AY651061	ref_JF779679
PV289086.1	true	4919	11478	0.000000000000	3Seq	ref_AY651061	ref_JF779679
PV289085.1	true	4919	11478	0.000000000000	3Seq	ref_AY651061	ref_JF779679
PV289084.1	true	4939	11478	0.000000000000	3Seq	ref_AY651061	ref_JF779679
PV289083.1	true	4919	11478	0.000000000000	3Seq	ref_AY651061	ref_JF779679
PV289082.1	true	4919	11478	0.000000000000	3Seq	ref_AY651061	ref_JF779679
PV289081.1	true	4845	11478	0.000000000000	3Seq	ref_AY651061	ref_JF779679
PV289080.1	true	4941	11478	0.000000000000	3Seq	ref_AY651061	ref_JF779679
PV289079.1	true	4941	11478	0.000000000000	3Seq	ref_AY651061	ref_JF779679
PV289078.1	true	4941	11478	0.000000000000	3Seq	ref_AY651061	ref_JF779679
PV289077.1	true	4845	11478	0.000000000000	3Seq	ref_AY651061	ref_JF779679
PV289076.1	true	4919	11125	0.000000000000	3Seq	ref_AY651061	ref_JF779679
PV289075.1	true	4919	11478	0.000000000000	3Seq	ref_AY651061	ref_JF779679
PV289074.1	true	4789	11478	0.000000000000	3Seq	ref_AY651061	ref_JF779679
PV289073.1	true	4849	11478	0.000000000000	3Seq	ref_AY651061	ref_JF779679
PV289072.1	true	4796	11478	0.000000000000	3Seq	ref_AY651061	ref_JF779679
PV289071.1	true	4750	11478	0.000000000000	3Seq	ref_AY651061	ref_JF779679
PV289070.1	true	4938	11478	0.000000000000	3Seq	ref_AY651061	ref_JF779679
PV289069.1	true	4938	11478	0.000000000000	3Seq	ref_AY651061	ref_JF779679
PV289068.1	true	4690	11478	0.000000000000	3Seq	ref_AY651061	ref_JF779679
PV289067.1	true	4750	11478	0.000000000000	3Seq	ref_AY651061	ref_JF779679
PV289066.1	true	4849	11125	0.000000000000	3Seq	ref_AY651061	ref_JF779679
PV289065.1	true	4789	11125	0.000000000000	3Seq	ref_AY651061	ref_JF779679
PV289064.1	true	4789	11125	0.000000000000	3Seq	ref_AY651061	ref_JF779679
PQ660858.1	true	4805	11478	0.000000000000	3Seq	ref_AY651061	ref_JF779679
PQ660855.1	true	4845	11478	0.000000000000	3Seq	ref_AY651061	ref_JF779679
PQ660854.1	true	4885	11478	0.000000000000	3Seq	ref_AY651061	ref_JF779679
PQ660853.1	true	490	4796	0.000000000000	3Seq	ref_JF779679	ref_AY651061
PQ660851.1	true	4845	11478	0.000000000000	3Seq	ref_AY651061	ref_JF779679
PQ660850.1	true	4914	11478	0.000000000000	3Seq	ref_AY651061	ref_JF779679
PQ660849.1	true	4917	11478	0.000000000000	3Seq	ref_AY651061	ref_JF779679
PQ660846.1	true	4796	11478	0.000000000000	3Seq	ref_AY651061	ref_JF779679
PQ660845.1	true	4845	11478	0.000000000000	3Seq	ref_AY651061	ref_JF779679
PQ660844.1	true	490	4796	0.000000000000	3Seq	ref_JF779679	ref_AY651061
PQ660843.1	true	4845	11478	0.000000000000	3Seq	ref_AY651061	ref_JF779679
PQ660842.1	true	4845	11478	0.000000000000	3Seq	ref_AY651061	ref_JF779679
PQ660841.1	true	4845	11478	0.000000000000	3Seq	ref_AY651061	ref_JF779679
PQ660838.1	true	490	4796	0.000000000000	3Seq	ref_JF779679	ref_AY651061
PQ660836.1	true	4796	11478	0.000000000000	3Seq	ref_AY651061	ref_JF779679
PQ660835.1	true	490	4796	0.000000000000	3Seq	ref_JF779679	ref_AY651061
PQ660834.1	true	4845	11478	0.000000000000	3Seq	ref_AY651061	ref_JF779679
PQ660833.1	true	4796	11478	0.000000000000	3Seq	ref_AY651061	ref_JF779679
PQ660832.1	true	4919	11478	0.000000000000	3Seq	ref_AY651061	ref_JF779679
PQ660831.1	true	4845	11478	0.000000000000	3Seq	ref_AY651061	ref_JF779679
PQ660829.1	true	4919	11478	0.000000000000	3Seq	ref_AY651061	ref_JF779679
PQ660828.1	true	4885	11478	0.000000000000	3Seq	ref_AY651061	ref_JF779679
PQ660827.1	true	4789	11478	0.000000000000	3Seq	ref_AY651061	ref_JF779679
PQ660826.1	true	4796	11478	0.000000000000	3Seq	ref_AY651061	ref_JF779679
PQ660825.1	true	4885	11478	0.000000000000	3Seq	ref_AY651061	ref_JF779679
PQ660824.1	true	4845	11478	0.000000000000	3Seq	ref_AY651061	ref_JF779679
PQ660823.1	true	4796	11478	0.000000000000	3Seq	ref_AY651061	ref_JF779679
PV289063.1	true	4789	11125	0.000000000000	3Seq	ref_AY651061	ref_JF779679
PV289062.1	true	4919	11478	0.000000000000	3Seq	ref_AY651061	ref_JF779679
PV289061.1	true	4919	11478	0.000000000000	3Seq	ref_AY651061	ref_JF779679
PV289060.1	true	4919	11478	0.000000000000	3Seq	ref_AY651061	ref_JF779679
PV289059.1	true	4919	11478	0.000000000000	3Seq	ref_AY651061	ref_JF779679
PV289058.1	true	4919	11478	0.000000000000	3Seq	ref_AY651061	ref_JF779679
PV289057.1	true	4941	11478	0.000000000000	3Seq	ref_AY651061	ref_JF779679
PV289056.1	true	4750	11478	0.000000000000	3Seq	ref_AY651061	ref_JF779679
PV289055.1	true	4750	11478	0.000000000000	3Seq	ref_AY651061	ref_JF779679
PV289054.1	true	4917	11478	0.000000000000	3Seq	ref_AY651061	ref_JF779679
PV289053.1	true	4845	11478	0.000000000000	3Seq	ref_AY651061	ref_JF779679
PV289052.1	true	4919	11478	0.000000000000	3Seq	ref_AY651061	ref_JF779679
PV289051.1	true	4919	11478	0.000000000000	3Seq	ref_AY651061	ref_JF779679
PV289050.1	true	490	4919	0.000000000000	3Seq	ref_JF779679	ref_AY651061
PV289049.1	true	4919	11478	0.000000000000	3Seq	ref_AY651061	ref_JF779679
PV289048.1	true	4919	11478	0.000000000000	3Seq	ref_AY651061	ref_JF779679
PV289047.1	true	4796	11478	0.000000000000	3Seq	ref_AY651061	ref_JF779679
PV289046.1	true	4944	11125	0.000000000000	3Seq	ref_AY651061	ref_JF779679
PV289045.1	true	4750	11125	0.000000000000	3Seq	ref_AY651061	ref_JF779679
PV289044.1	true	4941	11103	0.000000000000	3Seq	ref_AY651061	ref_JF779679
PV289043.1	true	4794	11478	0.000000000000	3Seq	ref_AY651061	ref_JF779679
PV289042.1	true	4794	11478	0.000000000000	3Seq	ref_AY651061	ref_JF779679
PV289041.1	true	4885	11478	0.000000000000	3Seq	ref_AY651061	ref_JF779679
PV289040.1	true	4885	11478	0.000000000000	3Seq	ref_AY651061	ref_JF779679
PV184571.1	true	4919	11478	0.000000000000	3Seq	ref_AY651061	ref_JF779679
PV184569.1	true	846	4941	0.000000000000	3Seq	ref_JF779679	ref_AY651061
PV184566.1	true	4750	11478	0.000000000000	3Seq	ref_AY651061	ref_JF779679
PV184565.1	true	4919	11478	0.000000000000	3Seq	ref_AY651061	ref_JF779679
PV184564.1	true	4919	11478	0.000000000000	3Seq	ref_AY651061	ref_JF779679
PV184562.1	true	846	4919	0.000000000000	3Seq	ref_JF779679	ref_AY651061
PV184560.1	true	4919	11478	0.000000000000	3Seq	ref_AY651061	ref_JF779679
PV184559.1	true	4941	11478	0.000000000000	3Seq	ref_AY651061	ref_JF779679
PV184558.1	true	846	4789	0.000000000000	3Seq	ref_JF779679	ref_AY651061
PV184557.1	true	4750	11125	0.000000000000	3Seq	ref_AY651061	ref_JF779679
PV184554.1	true	4919	11478	0.000000000000	3Seq	ref_AY651061	ref_JF779679
PV184553.1	true	4845	11125	0.000000000000	3Seq	ref_AY651061	ref_JF779679
PV184552.1	true	4941	11478	0.000000000000	3Seq	ref_AY651061	ref_JF779679
PV184550.1	true	4941	11478	0.000000000000	3Seq	ref_AY651061	ref_JF779679
PV184545.1	true	4919	11478	0.000000000000	3Seq	ref_AY651061	ref_JF779679
PV184544.1	true	4919	11478	0.000000000000	3Seq	ref_AY651061	ref_JF779679
PV184543.1	true	1015	4919	0.000000000000	3Seq	ref_JF779679	ref_AY651061
PV184541.1	true	4941	11478	0.000000000000	3Seq	ref_AY651061	ref_JF779679
PV184540.1	true	4941	11478	0.000000000000	3Seq	ref_AY651061	ref_JF779679
PV184537.1	true	4885	11478	0.000000000000	3Seq	ref_AY651061	ref_JF779679
PV184524.1	true	4789	11478	0.000000000000	3Seq	ref_AY651061	ref_JF779679
PV184523.1	true	4941	11478	0.000000000000	3Seq	ref_AY651061	ref_JF779679
PV184522.1	true	4794	11478	0.000000000000	3Seq	ref_AY651061	ref_JF779679
PV184519.1	true	4919	11125	0.000000000000	3Seq	ref_AY651061	ref_JF779679
PV184518.1	true	4941	11478	0.000000000000	3Seq	ref_AY651061	ref_JF779679
PV184516.1	true	4941	11478	0.000000000000	3Seq	ref_AY651061	ref_JF779679
PV184515.1	true	930	4941	0.000000000000	3Seq	ref_JF779679	ref_AY651061
PV184514.1	true	4941	11478	0.000000000000	3Seq	ref_AY651061	ref_JF779679
PV184512.1	true	4941	11478	0.000000000000	3Seq	ref_AY651061	ref_JF779679
PV184510.1	true	4919	11478	0.000000000000	3Seq	ref_AY651061	ref_JF779679
PV184507.1	true	4796	11478	0.000000000000	3Seq	ref_AY651061	ref_JF779679
PV184505.1	true	4919	11478	0.000000000000	3Seq	ref_AY651061	ref_JF779679
PV184495.1	true	4789	11478	0.000000000000	3Seq	ref_AY651061	ref_JF779679
PV184494.1	true	4789	11478	0.000000000000	3Seq	ref_AY651061	ref_JF779679
PV184493.1	true	4750	11478	0.000000000000	3Seq	ref_AY651061	ref_JF779679
PV184491.1	true	4789	11478	0.000000000000	3Seq	ref_AY651061	ref_JF779679
PV184490.1	true	4941	11478	0.000000000000	3Seq	ref_AY651061	ref_JF779679
PV184489.1	true	4941	11478	0.000000000000	3Seq	ref_AY651061	ref_JF779679
PV184488.1	true	4919	11478	0.000000000000	3Seq	ref_AY651061	ref_JF779679
PV184487.1	true	4941	11478	0.000000000000	3Seq	ref_AY651061	ref_JF779679
PV184483.1	true	4919	11478	0.000000000000	3Seq	ref_AY651061	ref_JF779679
PV184476.1	true	4941	11478	0.000000000000	3Seq	ref_AY651061	ref_JF779679
PV184475.1	true	4750	11478	0.000000000000	3Seq	ref_AY651061	ref_JF779679
PV184474.1	true	4941	11478	0.000000000000	3Seq	ref_AY651061	ref_JF779679
PQ862235.1	true	4849	11103	0.000000000000	3Seq	ref_AY651061	ref_JF779679
PQ365533.1	true	4796	11478	0.000000000000	3Seq	ref_AY651061	ref_JF779679
PQ365527.1	true	4795	11478	0.000000000000	3Seq	ref_AY651061	ref_JF779679
PQ365516.1	true	4789	11478	0.000000000000	3Seq	ref_AY651061	ref_JF779679
PQ365510.1	true	183	4566	0.000000000000	3Seq	ref_AB677527	ref_KC248198
PQ365507.1	true	4789	11478	0.000000000000	3Seq	ref_AY651061	ref_JF779679
PQ365503.1	true	4789	11478	0.000000000000	3Seq	ref_AY651061	ref_JF779679
PQ365500.1	true	4789	11478	0.000000000000	3Seq	ref_AY651061	ref_JF779679
PQ365499.1	true	4796	11478	0.000000000000	3Seq	ref_AY651061	ref_JF779679
PQ365497.1	true	4941	11478	0.000000000000	3Seq	ref_AY651061	ref_JF779679
PP101911.1	true	4789	11125	0.000000000000	3Seq	ref_AY651061	ref_JF779679
PP101910.1	true	4789	11125	0.000000000000	3Seq	ref_AY651061	ref_JF779679
OR498071.1	true	4573	11222	0.000000000000	3Seq	ref_KC248198	ref_AB677527
OR498070.1	true	4573	11248	0.000000000000	3Seq	ref_KC248198	ref_AB677527
OR498069.1	true	491	4541	0.000000000000	3Seq	ref_AB677527	ref_KJ439773
OR498068.1	true	4541	11530	0.000000000000	3Seq	ref_KJ439773	ref_AB677527
OR498067.1	true	4569	11231	0.000000000000	3Seq	ref_AJ851228	ref_AB677527
OR498066.1	true	491	4537	0.000000000000	3Seq	ref_AB677527	ref_KJ439773
OR498065.1	true	4569	11242	0.000000000000	3Seq	ref_AJ851228	ref_AB677527
OR498064.1	true	4573	11248	0.000000000000	3Seq	ref_KC248198	ref_AB677527
OR498063.1	true	4573	11222	0.000000000000	3Seq	ref_KC248198	ref_AB677527
OR498062.1	true	253	4422	0.000000000000	3Seq	ref_AY587845	ref_KJ439768
OR498061.1	true	4541	11538	0.000000000000	3Seq	ref_KJ439773	ref_AB677527
OR498060.1	true	4537	11245	0.000000000000	3Seq	ref_KJ439777	ref_AB677527
OR498059.1	true	4537	11245	0.000000000000	3Seq	ref_KJ439777	ref_AB677527
OR498058.1	true	476	4678	0.000000000000	3Seq	ref_DQ364460	ref_KJ439782
OR498057.1	true	4537	11538	0.000000000000	3Seq	ref_KJ439773	ref_AB677527
OR498056.1	true	4537	11543	0.000000000000	3Seq	ref_KJ439774	ref_AB677527
OR498055.1	true	4573	11222	0.000000000000	3Seq	ref_KC248198	ref_AB677527
OR498054.1	true	4540	11245	0.000000000000	3Seq	ref_KJ439777	ref_AB677527
OR498053.1	true	4537	11242	0.000000000000	3Seq	ref_AJ851228	ref_AB677527
OR498052.1	true	4567	11538	0.000000000000	3Seq	ref_KJ439773	ref_AB677527
OR498051.1	true	4537	11231	0.000000000000	3Seq	ref_KJ439777	ref_AB677527
OR498050.1	true	4569	11538	0.000000000000	3Seq	ref_KJ439773	ref_AB677527
OR498049.1	true	4566	11248	0.000000000000	3Seq	ref_KC248198	ref_AB677527
OR498048.1	true	4537	11538	0.000000000000	3Seq	ref_KJ439773	ref_AB677527
OR498047.1	true	4573	11248	0.000000000000	3Seq	ref_KC248198	ref_AB677527
OR498046.1	true	4566	11248	0.000000000000	3Seq	ref_KC248198	ref_AB677527
OR498045.1	true	4566	11245	0.000000000000	3Seq	ref_KJ439777	ref_AB677527
OR498044.1	true	4566	11248	0.000000000000	3Seq	ref_KC248199	ref_AB677527
OR498043.1	true	4573	11248	0.000000000000	3Seq	ref_KC248198	ref_AB677527
OR498042.1	true	4537	11242	0.000000000000	3Seq	ref_AJ851228	ref_AB677527
OR498041.1	true	4551	11538	0.000000000000	3Seq	ref_KJ439773	ref_AB677527
OR498040.1	true	4540	11245	0.000000000000	3Seq	ref_KJ439777	ref_AB677527
OR498039.1	true	4537	11237	0.000000000000	3Seq	ref_KJ439773	ref_AB677527
OR498038.1	true	4582	11248	0.000000000000	3Seq	ref_KC248199	ref_AB677527
OR498037.1	true	4566	11248	0.000000000000	3Seq	ref_KC248198	ref_AB677527
OR498036.1	true	4566	11248	0.000000000000	3Seq	ref_KC248198	ref_AB677527
OR498035.1	true	4567	11248	0.000000000000	3Seq	ref_KC248198	ref_AB677527
OR498034.1	true	4540	11245	0.000000000000	3Seq	ref_KJ439777	ref_AB677527
OR498033.1	true	491	4566	0.000000000000	3Seq	ref_AB677527	ref_KC248198
OR498032.1	true	4578	11248	0.000000000000	3Seq	ref_KC248198	ref_AB677527
OR498031.1	true	4678	11542	0.000000000000	3Seq	ref_KJ439773	ref_DQ364460
OR498030.1	true	253	4419	0.000000000000	3Seq	ref_AY587845	ref_KJ439768
OR498029.1	true	4537	11543	0.000000000000	3Seq	ref_KJ439774	ref_AB677527
OR498028.1	true	4567	11248	0.000000000000	3Seq	ref_KC248199	ref_AB677527
OR498027.1	true	4567	11538	0.000000000000	3Seq	ref_KJ439773	ref_AB677527
OR498026.1	true	4541	11530	0.000000000000	3Seq	ref_KJ439773	ref_AB677527
OR498025.1	true	4537	11538	0.000000000000	3Seq	ref_KJ439773	ref_AB677527
OR498024.1	true	4566	11248	0.000000000000	3Seq	ref_KC248198	ref_AB677527
OR498023.1	true	4585	11538	0.000000000000	3Seq	ref_KJ439773	ref_AB677527
OR498022.1	true	4596	11234	0.000000000000	3Seq	ref_KC248198	ref_AB677530
OR498021.1	true	4537	11245	0.000000000000	3Seq	ref_KJ439777	ref_AB677527
OR498020.1	true	4573	11248	0.000000000000	3Seq	ref_KC248199	ref_AB677527
OR498019.1	true	4566	11248	0.000000000000	3Seq	ref_KC248198	ref_AB677527
OR498018.1	true	4693	11546	0.000000000000	3Seq	ref_KC248198	ref_DQ364460
OR498017.1	true	4540	11231	0.000000000000	3Seq	ref_KJ439777	ref_AB677527
OR498016.1	true	4540	11231	0.000000000000	3Seq	ref_KJ439777	ref_AB677527
OR498015.1	true	4563	11248	0.000000000000	3Seq	ref_KC248198	ref_AB677527
OR498014.1	true	4537	11248	0.000000000000	3Seq	ref_KC248198	ref_AB677527
OR498013.1	true	4566	11248	0.000000000000	3Seq	ref_KC248198	ref_AB677527
OR498012.1	true	4566	11222	0.000000000000	3Seq	ref_KC248198	ref_AB677527
OR498011.1	true	4540	11245	0.000000000000	3Seq	ref_KJ439777	ref_AB677527
OR498010.1	true	4540	11245	0.000000000000	3Seq	ref_KJ439777	ref_AB677527
OR498009.1	true	4563	11222	0.000000000000	3Seq	ref_KC248198	ref_AB677527
OR498008.1	true	4576	11242	0.000000000000	3Seq	ref_AJ851228	ref_AB677527
OR498007.1	true	4537	11543	0.000000000000	3Seq	ref_KJ439774	ref_AB677527
OR498006.1	true	4566	11248	0.000000000000	3Seq	ref_KC248198	ref_AB677527
OR498005.1	true	4567	11248	0.000000000000	3Seq	ref_KC248199	ref_AB677527
OR498004.1	true	4578	11248	0.000000000000	3Seq	ref_KC248198	ref_AB677527
OR498003.1	true	4537	11245	0.000000000000	3Seq	ref_KJ439777	ref_AB677527
OR498002.1	true	4537	11538	0.000000000000	3Seq	ref_KJ439773	ref_AB677527
OR498001.1	true	4566	11222	0.000000000000	3Seq	ref_KC248198	ref_AB677527
OR498000.1	true	4686	11534	0.000000000000	3Seq	ref_KJ439777	ref_DQ364460
OR497999.1	true	4537	11231	0.000000000000	3Seq	ref_KJ439777	ref_AB677527
OR497998.1	true	4573	11222	0.000000000000	3Seq	ref_KC248198	ref_AB677527
OR497997.1	true	4644	11534	0.000000000000	3Seq	ref_KJ439777	ref_DQ364460
OR497996.1	true	4567	11248	0.000000000000	3Seq	ref_KC248199	ref_AB677527
OR497995.1	true	4580	11538	0.000000000000	3Seq	ref_KJ439773	ref_AB677527
OR497994.1	true	4580	11538	0.000000000000	3Seq	ref_KJ439773	ref_AB677527
OR497993.1	true	4536	11245	0.000000000000	3Seq	ref_KJ439777	ref_AB677527
OR497992.1	true	4566	11222	0.000000000000	3Seq	ref_KC248198	ref_AB677527
OR497991.1	true	4540	11245	0.000000000000	3Seq	ref_KJ439777	ref_AB677527
OR497990.1	true	4566	11248	0.000000000000	3Seq	ref_KC248198	ref_AB677527
OR497989.1	true	4566	11248	0.000000000000	3Seq	ref_KC248198	ref_AB677527
OR497954.1	true	4919	11478	0.000000000000	3Seq	ref_AY651061	ref_JF779679
OR497953.1	true	4917	11478	0.000000000000	3Seq	ref_AY651061	ref_JF779679
OR497952.1	true	4885	11478	0.000000000000	3Seq	ref_AY651061	ref_JF779679
OR497951.1	true	4789	11103	0.000000000000	3Seq	ref_AY651061	ref_JF779679
OR497950.1	true	4750	11125	0.000000000000	3Seq	ref_AY651061	ref_JF779679
OR497949.1	true	4885	11125	0.000000000000	3Seq	ref_AY651061	ref_JF779679
OR497948.1	true	4885	11478	0.000000000000	3Seq	ref_AY651061	ref_JF779679
OR497947.1	true	4919	11477	0.000000000000	3Seq	ref_AY651061	ref_JF779679
OR497946.1	true	4849	11478	0.000000000000	3Seq	ref_AY651061	ref_JF779679
OR497945.1	true	4794	11478	0.000000000000	3Seq	ref_AY651061	ref_JF779679
OR497944.1	true	4759	11125	0.000000000000	3Seq	ref_AY651061	ref_JF779679
OR497943.1	true	4884	11478	0.000000000000	3Seq	ref_AY651061	ref_JF779679
OR497942.1	true	4919	11478	0.000000000000	3Seq	ref_AY651061	ref_JF779679
OR497941.1	true	4919	11477	0.000000000000	3Seq	ref_AY651061	ref_JF779679
OM513953.1	true	4941	11478	0.000000000000	3Seq	ref_AY651061	ref_JF779679
OM513952.1	true	4941	11478	0.000000000000	3Seq	ref_AY651061	ref_JF779679
OM513940.1	true	4941	11478	0.000000000000	3Seq	ref_AY651061	ref_JF779679
OM513939.1	true	4941	11478	0.000000000000	3Seq	ref_AY651061	ref_JF779679
OR860301.1	true	4919	11478	0.000000000000	3Seq	ref_AY651061	ref_JF779679
OR860300.1	true	4794	11478	0.000000000000	3Seq	ref_AY651061	ref_JF779679
OR497940.1	true	4789	11478	0.000000000000	3Seq	ref_AY651061	ref_JF779679
OR497939.1	true	4750	11478	0.000000000000	3Seq	ref_AY651061	ref_JF779679
OR497938.1	true	4917	11125	0.000000000000	3Seq	ref_AY651061	ref_JF779679
OR497937.1	true	4885	11478	0.000000000000	3Seq	ref_AY651061	ref_JF779679
OR497936.1	true	4941	11478	0.000000000000	3Seq	ref_AY651061	ref_JF779679
OR497935.1	true	4941	11478	0.000000000000	3Seq	ref_AY651061	ref_JF779679
OR497934.1	true	4794	11478	0.000000000000	3Seq	ref_AY651061	ref_JF779679
OR497933.1	true	4885	11125	0.000000000000	3Seq	ref_AY651061	ref_JF779679
OR497932.1	true	4794	11478	0.000000000000	3Seq	ref_AY651061	ref_JF779679
OR497931.1	true	4919	11125	0.000000000000	3Seq	ref_AY651061	ref_JF779679
OR497930.1	true	4919	11478	0.000000000000	3Seq	ref_AY651061	ref_JF779679
OR497929.1	true	4919	11125	0.000000000000	3Seq	ref_AY651061	ref_JF779679
OR497928.1	true	4919	11477	0.000000000000	3Seq	ref_AY651061	ref_JF779679
OR497927.1	true	4885	11478	0.000000000000	3Seq	ref_AY651061	ref_JF779679
OR497926.1	true	4941	11125	0.000000000000	3Seq	ref_AY651061	ref_JF779679
OR497925.1	true	4941	11478	0.000000000000	3Seq	ref_AY651061	ref_JF779679
OR497924.1	true	4919	11478	0.000000000000	3Seq	ref_AY651061	ref_JF779679
OR497923.1	true	4750	11478	0.000000000000	3Seq	ref_AY651061	ref_JF779679
OR497922.1	true	4919	11125	0.000000000000	3Seq	ref_AY651061	ref_JF779679
OR497921.1	true	4845	11478	0.000000000000	3Seq	ref_AY651061	ref_JF779679
OR497920.1	true	4941	11478	0.000000000000	3Seq	ref_AY651061	ref_JF779679
OR497919.1	true	4750	11125	0.000000000000	3Seq	ref_AY651061	ref_JF779679
OR497918.1	true	4941	11478	0.000000000000	3Seq	ref_AY651061	ref_JF779679
OR497917.1	true	4919	11478	0.000000000000	3Seq	ref_AY651061	ref_JF779679
OR497916.1	true	4750	11478	0.000000000000	3Seq	ref_AY651061	ref_JF779679
OR497915.1	true	4750	11478	0.000000000000	3Seq	ref_AY651061	ref_JF779679
OR497914.1	true	4796	11478	0.000000000000	3Seq	ref_AY651061	ref_JF779679
OR497913.1	true	4796	11478	0.000000000000	3Seq	ref_AY651061	ref_JF779679
OR497912.1	true	4833	11478	0.000000000000	3Seq	ref_AY651061	ref_JF779679
OR497911.1	true	4750	11478	0.000000000000	3Seq	ref_AY651061	ref_JF779679
OR497910.1	true	4919	11478	0.000000000000	3Seq	ref_AY651061	ref_JF779679
OR497909.1	true	4917	11125	0.000000000000	3Seq	ref_AY651061	ref_JF779679
OR497908.1	true	4750	11478	0.000000000000	3Seq	ref_AY651061	ref_JF779679
OR497907.1	true	4919	11125	0.000000000000	3Seq	ref_AY651061	ref_JF779679
OR497906.1	true	4919	11125	0.000000000000	3Seq	ref_AY651061	ref_JF779679
OR497905.1	true	4794	11478	0.000000000000	3Seq	ref_AY651061	ref_JF779679
OR497904.1	true	4750	11478	0.000000000000	3Seq	ref_AY651061	ref_JF779679
OR497903.1	true	4919	11125	0.000000000000	3Seq	ref_AY651061	ref_JF779679
OR497902.1	true	4919	11125	0.000000000000	3Seq	ref_AY651061	ref_JF779679
OR497901.1	true	4919	11125	0.000000000000	3Seq	ref_AY651061	ref_JF779679
OR497900.1	true	4885	11125	0.000000000000	3Seq	ref_AY651061	ref_JF779679
OR497899.1	true	4919	11125	0.000000000000	3Seq	ref_AY651061	ref_JF779679
OR497898.1	true	4919	11125	0.000000000000	3Seq	ref_AY651061	ref_JF779679
OR497897.1	true	4794	11478	0.000000000000	3Seq	ref_AY651061	ref_JF779679
OR497896.1	true	4919	11478	0.000000000000	3Seq	ref_AY651061	ref_JF779679
OR497895.1	true	4794	11478	0.000000000000	3Seq	ref_AY651061	ref_JF779679
OR497894.1	true	4885	11125	0.000000000000	3Seq	ref_AY651061	ref_JF779679
OR497893.1	true	4919	11125	0.000000000000	3Seq	ref_AY651061	ref_JF779679
OR497892.1	true	4794	11478	0.000000000000	3Seq	ref_AY651061	ref_JF779679
OR497891.1	true	4919	11125	0.000000000000	3Seq	ref_AY651061	ref_JF779679
OR497890.1	true	4794	11478	0.000000000000	3Seq	ref_AY651061	ref_JF779679
OR497889.1	true	4794	11478	0.000000000000	3Seq	ref_AY651061	ref_JF779679
OR497888.1	true	4750	11478	0.000000000000	3Seq	ref_AY651061	ref_JF779679
OR497887.1	true	4919	11125	0.000000000000	3Seq	ref_AY651061	ref_JF779679
OR497886.1	true	4919	11478	0.000000000000	3Seq	ref_AY651061	ref_JF779679
OR497885.1	true	4919	11125	0.000000000000	3Seq	ref_AY651061	ref_JF779679
OR497884.1	true	4919	11478	0.000000000000	3Seq	ref_AY651061	ref_JF779679
OR497883.1	true	4789	11478	0.000000000000	3Seq	ref_AY651061	ref_JF779679
OR497882.1	true	4805	11478	0.000000000000	3Seq	ref_AY651061	ref_JF779679
OR497881.1	true	4919	11125	0.000000000000	3Seq	ref_AY651061	ref_JF779679
OR497880.1	true	4794	11478	0.000000000000	3Seq	ref_AY651061	ref_JF779679
OR497879.1	true	4794	11478	0.000000000000	3Seq	ref_AY651061	ref_JF779679
OR497878.1	true	4885	11125	0.000000000000	3Seq	ref_AY651061	ref_JF779679
OR497877.1	true	4750	11478	0.000000000000	3Seq	ref_AY651061	ref_JF779679
OR497876.1	true	4437	11548	0.000000000000	3Seq	ref_AB031663	ref_EU781827
OR497872.1	true	4677	11481	0.000000000000	3Seq	ref_JF735135	ref_JF779679
OM525909.1	true	4667	11125	0.000000000000	3Seq	ref_HQ537007	ref_JF779679
OM525906.1	true	4613	11552	0.000000000000	3Seq	ref_AY651061	ref_AB677527
OM525902.1	true	4625	11115	0.000000000000	3Seq	ref_KJ439772	ref_JF779679
OM525897.1	true	4474	11125	0.000000000000	3Seq	ref_HQ537007	ref_AB677530
OM525895.1	true	3548	10580	0.000000000000	3Seq	ref_D00944	ref_AB677527
OM525894.1	true	664	4779	0.000000000000	3Seq	ref_AB677530	ref_HQ537007
OM525892.1	true	4809	11255	0.000000000000	3Seq	ref_KJ439782	ref_DQ364460
OM525891.1	true	4751	11136	0.000000000000	3Seq	ref_KJ439772	ref_JF779679
OM525889.1	true	660	4551	0.000000000000	3Seq	ref_DQ364460	ref_JF735126
OM525888.1	true	4678	11125	0.000000000000	3Seq	ref_HQ537007	ref_JF779679
OM525883.1	true	4540	11245	0.000000000000	3Seq	ref_KJ439777	ref_AB677527
OM525882.1	true	4537	11543	0.000000000000	3Seq	ref_KJ439774	ref_AB677527
OM525876.1	true	4596	11253	0.000000000000	3Seq	ref_KJ439782	ref_AB677527
OM525875.1	true	4667	11125	0.000000000000	3Seq	ref_HQ537007	ref_JF779679
OM525873.1	true	4667	11125	0.000000000000	3Seq	ref_HQ537007	ref_JF779679
OM525872.1	true	491	4652	0.000000000000	3Seq	ref_AB677527	ref_AY651061
OM525871.1	true	4786	11125	0.000000000000	3Seq	ref_HQ537007	ref_JF779679
OM525869.1	true	4566	11248	0.000000000000	3Seq	ref_KC248198	ref_AB677527
OM525867.1	true	4537	11231	0.000000000000	3Seq	ref_KJ439777	ref_AB677527
OM525866.1	true	4725	11102	0.000000000000	3Seq	ref_HQ537007	ref_JF779679
OM525865.1	true	661	4680	0.000000000000	3Seq	ref_AB677527	ref_HQ537007
OM525864.1	true	4667	11125	0.000000000000	3Seq	ref_HQ537007	ref_JF779679
OM525863.1	true	667	4617	0.000000000000	3Seq	ref_AB622121	ref_FJ025855
OM525862.1	true	505	4566	0.000000000000	3Seq	ref_AB677530	ref_M62321
OM525856.1	true	4667	11125	0.000000000000	3Seq	ref_HQ537007	ref_JF779679
OM525854.1	true	500	4650	0.000000000000	3Seq	ref_JF779679	ref_HQ537007
OQ979441.1	true	4580	11128	0.000000000000	3Seq	ref_KJ439773	ref_AB677527
OQ979426.1	true	4581	11521	0.000000000000	3Seq	ref_KC248198	ref_AB677527
OQ979418.1	true	4919	11478	0.000000000000	3Seq	ref_AY651061	ref_JF779679
OQ979413.1	true	4919	11478	0.000000000000	3Seq	ref_AY651061	ref_JF779679
OQ979412.1	true	4750	11478	0.000000000000	3Seq	ref_AY651061	ref_JF779679
OQ979411.1	true	4805	11478	0.000000000000	3Seq	ref_AY651061	ref_JF779679
OQ979410.1	true	4686	11530	0.000000000000	3Seq	ref_KJ439777	ref_DQ364460
OQ979409.1	true	229	4537	0.000000000000	3Seq	ref_AB677527	ref_KJ439777
OQ979408.1	true	4537	11530	0.000000000000	3Seq	ref_KJ439777	ref_AB677527
ON630858.1	true	4919	11478	0.000000000000	3Seq	ref_AY651061	ref_JF779679
ON630816.1	true	4885	11125	0.000000000000	3Seq	ref_AY651061	ref_JF779679
LC650200.1	true	4231	11263	0.000000000000	3Seq	ref_FJ025856	ref_DQ364460
LC462122.1	true	4540	11231	0.000000000000	3Seq	ref_KJ439777	ref_AB677527
LC150893.1	true	4541	11577	0.000000000000	3Seq	ref_AB030907	ref_D90208
AB677533.1	true	4541	11577	0.000000000000	3Seq	ref_AB030907	ref_D90208
AB677532.1	true	4541	11284	0.000000000000	3Seq	ref_AB030907	ref_D90208
AB677531.1	true	4541	11284	0.000000000000	3Seq	ref_AB030907	ref_D90208
AB677530.1	true	4541	11284	0.000000000000	3Seq	ref_AB030907	ref_D90208
AB677529.1	true	4541	11284	0.000000000000	3Seq	ref_AB030907	ref_D90208
AB677528.1	true	4539	11577	0.000000000000	3Seq	ref_AB030907	ref_EU781827
AB677527.1	true	4541	11577	0.000000000000	3Seq	ref_AB030907	ref_D90208
AB622121.1	true	4692	11577	0.000000000000	3Seq	ref_AB030907	ref_D90208
AB429050.1	true	4567	11248	0.000000000000	3Seq	ref_KC248198	ref_AB677527
OP894660.1	true	4522	11548	0.000000000000	3Seq	ref_D84263	ref_DQ364460
OP894659.1	true	4126	11581	0.000000000000	3Seq	ref_JX227960	ref_AB622121
OP894656.1	true	1769	4692	0.000000000000	3Seq	ref_KJ439776	ref_KC248197
OP894655.1	true	183	4424	0.000000000000	3Seq	ref_AB677527	ref_D84263
OP894654.1	true	4522	11557	0.000000000000	3Seq	ref_D84263	ref_AB677530
OP894653.1	true	1766	4692	0.000000000000	3Seq	ref_KJ439776	ref_KC248197
OP894652.1	true	4689	11548	0.000000000000	3Seq	ref_EF424626	ref_DQ364460
OP894651.1	true	4618	11561	0.000000000000	3Seq	ref_EF632071	ref_AB622121
OP894650.1	true	847	4447	0.000000000000	3Seq	ref_AY587845	ref_D84263
OP894648.1	true	847	4683	0.000000000000	3Seq	ref_AB622121	ref_D84263
OP894647.1	true	229	4483	0.000000000000	3Seq	ref_AB622121	ref_KJ470625
OP894646.1	true	4585	11138	0.000000000000	3Seq	ref_FJ025856	ref_JF779679
OP894645.1	true	3534	11269	0.000000000000	3Seq	ref_JX227960	ref_AB677530
OP894643.1	true	4308	11319	0.000000000000	3Seq	ref_FJ025856	ref_AY587845
OP894642.1	true	4613	11577	0.000000000000	3Seq	ref_AY651061	ref_AB677527
OP894641.1	true	4127	11581	0.000000000000	3Seq	ref_JX227960	ref_AY587845
OP894639.1	true	4644	11574	0.000000000000	3Seq	ref_JX227977	ref_AB622121
OP894638.1	true	4622	11546	0.000000000000	3Seq	ref_FJ025854	ref_DQ364460
OP894635.1	true	134	4522	0.000000000000	3Seq	ref_AB622121	ref_D84263
OP894634.1	true	966	4498	0.000000000000	3Seq	ref_AB622121	ref_KJ470625
OP894632.1	true	4732	11584	0.000000000000	3Seq	ref_KJ439773	ref_AB622121
OP894631.1	true	4308	11319	0.000000000000	3Seq	ref_FJ025856	ref_AB677527
OK552902.1	true	4885	11125	0.000000000000	3Seq	ref_AY651061	ref_JF779679
OK552901.1	true	4885	11125	0.000000000000	3Seq	ref_AY651061	ref_JF779679
OK552900.1	true	4885	11125	0.000000000000	3Seq	ref_AY651061	ref_JF779679
OK552899.1	true	4885	11125	0.000000000000	3Seq	ref_AY651061	ref_JF779679
OK552898.1	true	4885	11125	0.000000000000	3Seq	ref_AY651061	ref_JF779679
OK552897.1	true	4885	11125	0.000000000000	3Seq	ref_AY651061	ref_JF779679
OK552896.1	true	4885	11125	0.000000000000	3Seq	ref_AY651061	ref_JF779679
OK552895.1	true	4885	11125	0.000000000000	3Seq	ref_AY651061	ref_JF779679
OK552894.1	true	4885	11125	0.000000000000	3Seq	ref_AY651061	ref_JF779679
OK552893.1	true	4885	11125	0.000000000000	3Seq	ref_AY651061	ref_JF779679
OK552892.1	true	4885	11125	0.000000000000	3Seq	ref_AY651061	ref_JF779679
OK552891.1	true	4885	11125	0.000000000000	3Seq	ref_AY651061	ref_JF779679
OK552890.1	true	4885	11125	0.000000000000	3Seq	ref_AY651061	ref_JF779679
OK552889.1	true	4885	11125	0.000000000000	3Seq	ref_AY651061	ref_JF779679
OK552888.1	true	4885	11125	0.000000000000	3Seq	ref_AY651061	ref_JF779679
OK552887.1	true	4885	11125	0.000000000000	3Seq	ref_AY651061	ref_JF779679
OK552885.1	true	4885	11125	0.000000000000	3Seq	ref_AY651061	ref_JF779679
OK552884.1	true	4885	11125	0.000000000000	3Seq	ref_AY651061	ref_JF779679
OK552883.1	true	4885	11125	0.000000000000	3Seq	ref_AY651061	ref_JF779679
OK552882.1	true	4885	11125	0.000000000000	3Seq	ref_AY651061	ref_JF779679
OK552881.1	true	4885	11125	0.000000000000	3Seq	ref_AY651061	ref_JF779679
OK552880.1	true	4885	11125	0.000000000000	3Seq	ref_AY651061	ref_JF779679
OK552879.1	true	4885	11125	0.000000000000	3Seq	ref_AY651061	ref_JF779679
OK552878.1	true	4885	11125	0.000000000000	3Seq	ref_AY651061	ref_JF779679
OK552877.1	true	4885	11125	0.000000000000	3Seq	ref_AY651061	ref_JF779679
OK552876.1	true	4885	11125	0.000000000000	3Seq	ref_AY651061	ref_JF779679
OK552875.1	true	4885	11125	0.000000000000	3Seq	ref_AY651061	ref_JF779679
OK552874.1	true	4885	11125	0.000000000000	3Seq	ref_AY651061	ref_JF779679
OK552873.1	true	4885	11125	0.000000000000	3Seq	ref_AY651061	ref_JF779679
OK552872.1	true	4885	11125	0.000000000000	3Seq	ref_AY651061	ref_JF779679
OK552871.1	true	4885	11125	0.000000000000	3Seq	ref_AY651061	ref_JF779679
OK552870.1	true	4885	11125	0.000000000000	3Seq	ref_AY651061	ref_JF779679
OK552869.1	true	4885	11125	0.000000000000	3Seq	ref_AY651061	ref_JF779679
OK552868.1	true	4885	11125	0.000000000000	3Seq	ref_AY651061	ref_JF779679
OK552867.1	true	4885	11125	0.000000000000	3Seq	ref_AY651061	ref_JF779679
OK552866.1	true	4885	11125	0.000000000000	3Seq	ref_AY651061	ref_JF779679
OK552865.1	true	4885	11125	0.000000000000	3Seq	ref_AY651061	ref_JF779679
OK552864.1	true	4885	11125	0.000000000000	3Seq	ref_AY651061	ref_JF779679
OK552863.1	true	4885	11125	0.000000000000	3Seq	ref_AY651061	ref_JF779679
OK552789.1	true	4885	11478	0.000000000000	3Seq	ref_AY651061	ref_JF779679
OK552788.1	true	4885	11478	0.000000000000	3Seq	ref_AY651061	ref_JF779679
OK552787.1	true	4885	11478	0.000000000000	3Seq	ref_AY651061	ref_JF779679
OK552786.1	true	4885	11478	0.000000000000	3Seq	ref_AY651061	ref_JF779679
OK552785.1	true	4885	11478	0.000000000000	3Seq	ref_AY651061	ref_JF779679
OK552784.1	true	4885	11478	0.000000000000	3Seq	ref_AY651061	ref_JF779679
OK552783.1	true	4885	11478	0.000000000000	3Seq	ref_AY651061	ref_JF779679
OK552782.1	true	4885	11478	0.000000000000	3Seq	ref_AY651061	ref_JF779679
OK552781.1	true	4885	11478	0.000000000000	3Seq	ref_AY651061	ref_JF779679
OK552780.1	true	4885	11478	0.000000000000	3Seq	ref_AY651061	ref_JF779679
OK552779.1	true	4885	11478	0.000000000000	3Seq	ref_AY651061	ref_JF779679
OK552778.1	true	4885	11478	0.000000000000	3Seq	ref_AY651061	ref_JF779679
OK552777.1	true	4885	11478	0.000000000000	3Seq	ref_AY651061	ref_JF779679
OK552776.1	true	4885	11478	0.000000000000	3Seq	ref_AY651061	ref_JF779679
OK552775.1	true	4885	11478	0.000000000000	3Seq	ref_AY651061	ref_JF779679
OK552774.1	true	4885	11478	0.000000000000	3Seq	ref_AY651061	ref_JF779679
OK552773.1	true	4885	11478	0.000000000000	3Seq	ref_AY651061	ref_JF779679
OK552772.1	true	4885	11478	0.000000000000	3Seq	ref_AY651061	ref_JF779679
OK552771.1	true	4885	11478	0.000000000000	3Seq	ref_AY651061	ref_JF779679
OK552770.1	true	4885	11478	0.000000000000	3Seq	ref_AY651061	ref_JF779679
OK552769.1	true	4885	11478	0.000000000000	3Seq	ref_AY651061	ref_JF779679
OK552768.1	true	4885	11478	0.000000000000	3Seq	ref_AY651061	ref_JF779679
OK552767.1	true	4885	11478	0.000000000000	3Seq	ref_AY651061	ref_JF779679
OK552766.1	true	4885	11478	0.000000000000	3Seq	ref_AY651061	ref_JF779679
OK552765.1	true	4885	11478	0.000000000000	3Seq	ref_AY651061	ref_JF779679
OK552764.1	true	4885	11478	0.000000000000	3Seq	ref_AY651061	ref_JF779679
OK552763.1	true	4885	11478	0.000000000000	3Seq	ref_AY651061	ref_JF779679
OK552762.1	true	4885	11478	0.000000000000	3Seq	ref_AY651061	ref_JF779679
OK552761.1	true	4885	11478	0.000000000000	3Seq	ref_AY651061	ref_JF779679
OK552760.1	true	4885	11478	0.000000000000	3Seq	ref_AY651061	ref_JF779679
OK552759.1	true	4885	11478	0.000000000000	3Seq	ref_AY651061	ref_JF779679
OL332203.1	true	4794	11478	0.000000000000	3Seq	ref_AY651061	ref_JF779679
OL332202.1	true	4794	11478	0.000000000000	3Seq	ref_AY651061	ref_JF779679
OL332201.1	true	4794	11478	0.000000000000	3Seq	ref_AY651061	ref_JF779679
OL332200.1	true	4794	11478	0.000000000000	3Seq	ref_AY651061	ref_JF779679
OL332199.1	true	4794	11478	0.000000000000	3Seq	ref_AY651061	ref_JF779679
OL332198.1	true	4794	11478	0.000000000000	3Seq	ref_AY651061	ref_JF779679
OL332197.1	true	4794	11478	0.000000000000	3Seq	ref_AY651061	ref_JF779679
OL332196.1	true	4794	11478	0.000000000000	3Seq	ref_AY651061	ref_JF779679
OL332195.1	true	4794	11478	0.000000000000	3Seq	ref_AY651061	ref_JF779679
OL332194.1	true	4794	11478	0.000000000000	3Seq	ref_AY651061	ref_JF779679
OL332193.1	true	4794	11478	0.000000000000	3Seq	ref_AY651061	ref_JF779679
OL332192.1	true	4794	11478	0.000000000000	3Seq	ref_AY651061	ref_JF779679
OL332191.1	true	4794	11478	0.000000000000	3Seq	ref_AY651061	ref_JF779679
OL332190.1	true	4794	11478	0.000000000000	3Seq	ref_AY651061	ref_JF779679
OL332189.1	true	4794	11478	0.000000000000	3Seq	ref_AY651061	ref_JF779679
OL332188.1	true	4794	11478	0.000000000000	3Seq	ref_AY651061	ref_JF779679
OL332187.1	true	4794	11478	0.000000000000	3Seq	ref_AY651061	ref_JF779679
OL332186.1	true	4794	11478	0.000000000000	3Seq	ref_AY651061	ref_JF779679
OL332185.1	true	4794	11478	0.000000000000	3Seq	ref_AY651061	ref_JF779679
OL332184.1	true	4794	11478	0.000000000000	3Seq	ref_AY651061	ref_JF779679
OL332183.1	true	4794	11478	0.000000000000	3Seq	ref_AY651061	ref_JF779679
OL332182.1	true	4794	11478	0.000000000000	3Seq	ref_AY651061	ref_JF779679
OL332181.1	true	4794	11478	0.000000000000	3Seq	ref_AY651061	ref_JF779679
OL332180.1	true	4794	11478	0.000000000000	3Seq	ref_AY651061	ref_JF779679
OL332179.1	true	4794	11478	0.000000000000	3Seq	ref_AY651061	ref_JF779679
OL332178.1	true	4794	11478	0.000000000000	3Seq	ref_AY651061	ref_JF779679
OL332177.1	true	4794	11478	0.000000000000	3Seq	ref_AY651061	ref_JF779679
OL332176.1	true	4794	11478	0.000000000000	3Seq	ref_AY651061	ref_JF779679
OL332175.1	true	4794	11478	0.000000000000	3Seq	ref_AY651061	ref_JF779679
OL332174.1	true	4794	11478	0.000000000000	3Seq	ref_AY651061	ref_JF779679
OL332173.1	true	4794	11478	0.000000000000	3Seq	ref_AY651061	ref_JF779679
OL332172.1	true	4794	11478	0.000000000000	3Seq	ref_AY651061	ref_JF779679
OL332171.1	true	4794	11478	0.000000000000	3Seq	ref_AY651061	ref_JF779679
OL332170.1	true	4794	11478	0.000000000000	3Seq	ref_AY651061	ref_JF779679
OL332169.1	true	4794	11478	0.000000000000	3Seq	ref_AY651061	ref_JF779679
OL332168.1	true	4794	11478	0.000000000000	3Seq	ref_AY651061	ref_JF779679
OL332167.1	true	4794	11478	0.000000000000	3Seq	ref_AY651061	ref_JF779679
OL332166.1	true	4794	11478	0.000000000000	3Seq	ref_AY651061	ref_JF779679
OL332165.1	true	4794	11478	0.000000000000	3Seq	ref_AY651061	ref_JF779679
OL332164.1	true	4794	11478	0.000000000000	3Seq	ref_AY651061	ref_JF779679
OL332163.1	true	4794	11478	0.000000000000	3Seq	ref_AY651061	ref_JF779679
OL332162.1	true	4794	11478	0.000000000000	3Seq	ref_AY651061	ref_JF779679
OL332161.1	true	4794	11478	0.000000000000	3Seq	ref_AY651061	ref_JF779679
OL332160.1	true	4794	11478	0.000000000000	3Seq	ref_AY651061	ref_JF779679
OL332159.1	true	4794	11478	0.000000000000	3Seq	ref_AY651061	ref_JF779679
OL332158.1	true	4794	11478	0.000000000000	3Seq	ref_AY651061	ref_JF779679
OL332157.1	true	4794	11478	0.000000000000	3Seq	ref_AY651061	ref_JF779679
OL332156.1	true	4794	11478	0.000000000000	3Seq	ref_AY651061	ref_JF779679
OL332155.1	true	4794	11478	0.000000000000	3Seq	ref_AY651061	ref_JF779679
OL332154.1	true	4794	11478	0.000000000000	3Seq	ref_AY651061	ref_JF779679
OL332153.1	true	4794	11478	0.000000000000	3Seq	ref_AY651061	ref_JF779679
OL332152.1	true	4794	11478	0.000000000000	3Seq	ref_AY651061	ref_JF779679
OL332151.1	true	4794	11478	0.000000000000	3Seq	ref_AY651061	ref_JF779679
OL332150.1	true	4794	11478	0.000000000000	3Seq	ref_AY651061	ref_JF779679
OL332149.1	true	4794	11478	0.000000000000	3Seq	ref_AY651061	ref_JF779679
OL332148.1	true	4794	11478	0.000000000000	3Seq	ref_AY651061	ref_JF779679
OL332147.1	true	4794	11478	0.000000000000	3Seq	ref_AY651061	ref_JF779679
OL332146.1	true	4794	11478	0.000000000000	3Seq	ref_AY651061	ref_JF779679
OL332145.1	true	4794	11478	0.000000000000	3Seq	ref_AY651061	ref_JF779679
OL332144.1	true	4794	11478	0.000000000000	3Seq	ref_AY651061	ref_JF779679
OL332143.1	true	4794	11478	0.000000000000	3Seq	ref_AY651061	ref_JF779679
OL332142.1	true	4794	11478	0.000000000000	3Seq	ref_AY651061	ref_JF779679
OL332141.1	true	4794	11478	0.000000000000	3Seq	ref_AY651061	ref_JF779679
OL332140.1	true	4794	11478	0.000000000000	3Seq	ref_AY651061	ref_JF779679
OL332139.1	true	643	4794	0.000000000000	3Seq	ref_JF779679	ref_AY651061
OL332138.1	true	4794	11478	0.000000000000	3Seq	ref_AY651061	ref_JF779679
OL332137.1	true	4794	11478	0.000000000000	3Seq	ref_AY651061	ref_JF779679
OL332136.1	true	4845	11478	0.000000000000	3Seq	ref_AY651061	ref_JF779679
OL332135.1	true	4794	11478	0.000000000000	3Seq	ref_AY651061	ref_JF779679
OL332134.1	true	4794	11478	0.000000000000	3Seq	ref_AY651061	ref_JF779679
OL332133.1	true	4794	11478	0.000000000000	3Seq	ref_AY651061	ref_JF779679
OL332132.1	true	4794	11478	0.000000000000	3Seq	ref_AY651061	ref_JF779679
OL332131.1	true	4794	11478	0.000000000000	3Seq	ref_AY651061	ref_JF779679
OL332130.1	true	4794	11478	0.000000000000	3Seq	ref_AY651061	ref_JF779679
OL332129.1	true	4794	11478	0.000000000000	3Seq	ref_AY651061	ref_JF779679
OL332128.1	true	4845	11478	0.000000000000	3Seq	ref_AY651061	ref_JF779679
OL332127.1	true	4794	11478	0.000000000000	3Seq	ref_AY651061	ref_JF779679
OL332126.1	true	4794	11478	0.000000000000	3Seq	ref_AY651061	ref_JF779679
OL332125.1	true	4794	11478	0.000000000000	3Seq	ref_AY651061	ref_JF779679
OL332124.1	true	4794	11478	0.000000000000	3Seq	ref_AY651061	ref_JF779679
OL332123.1	true	4794	11478	0.000000000000	3Seq	ref_AY651061	ref_JF779679
OL332122.1	true	4794	11478	0.000000000000	3Seq	ref_AY651061	ref_JF779679
OL332121.1	true	4794	11478	0.000000000000	3Seq	ref_AY651061	ref_JF779679
OL332120.1	true	4794	11478	0.000000000000	3Seq	ref_AY651061	ref_JF779679
OL332119.1	true	4794	11478	0.000000000000	3Seq	ref_AY651061	ref_JF779679
OL332118.1	true	4794	11478	0.000000000000	3Seq	ref_AY651061	ref_JF779679
OL332117.1	true	4794	11478	0.000000000000	3Seq	ref_AY651061	ref_JF779679
OL332116.1	true	4794	11478	0.000000000000	3Seq	ref_AY651061	ref_JF779679
OL332115.1	true	4794	11478	0.000000000000	3Seq	ref_AY651061	ref_JF779679
OL332114.1	true	4794	11478	0.000000000000	3Seq	ref_AY651061	ref_JF779679
OL332113.1	true	4794	11478	0.000000000000	3Seq	ref_AY651061	ref_JF779679
OL332112.1	true	4794	11478	0.000000000000	3Seq	ref_AY651061	ref_JF779679
OL332111.1	true	4794	11478	0.000000000000	3Seq	ref_AY651061	ref_JF779679
OL332110.1	true	4794	11478	0.000000000000	3Seq	ref_AY651061	ref_JF779679
OL332109.1	true	4794	11478	0.000000000000	3Seq	ref_AY651061	ref_JF779679
OL332108.1	true	4794	11478	0.000000000000	3Seq	ref_AY651061	ref_JF779679
OL332107.1	true	4794	11478	0.000000000000	3Seq	ref_AY651061	ref_JF779679
OL332106.1	true	4794	11478	0.000000000000	3Seq	ref_AY651061	ref_JF779679
OL332105.1	true	4794	11478	0.000000000000	3Seq	ref_AY651061	ref_JF779679
OL332104.1	true	4794	11478	0.000000000000	3Seq	ref_AY651061	ref_JF779679
OL332103.1	true	4794	11478	0.000000000000	3Seq	ref_AY651061	ref_JF779679
OL332102.1	true	4794	11478	0.000000000000	3Seq	ref_AY651061	ref_JF779679
OL332101.1	true	4794	11478	0.000000000000	3Seq	ref_AY651061	ref_JF779679
OL332100.1	true	4794	11478	0.000000000000	3Seq	ref_AY651061	ref_JF779679
OL332099.1	true	4794	11478	0.000000000000	3Seq	ref_AY651061	ref_JF779679
OL332098.1	true	4794	11478	0.000000000000	3Seq	ref_AY651061	ref_JF779679
OL332097.1	true	4794	11478	0.000000000000	3Seq	ref_AY651061	ref_JF779679
OL332096.1	true	4794	11478	0.000000000000	3Seq	ref_AY651061	ref_JF779679
OL332095.1	true	4794	11478	0.000000000000	3Seq	ref_AY651061	ref_JF779679
OL332094.1	true	4794	11478	0.000000000000	3Seq	ref_AY651061	ref_JF779679
OL332093.1	true	4794	11478	0.000000000000	3Seq	ref_AY651061	ref_JF779679
OL332092.1	true	4794	11478	0.000000000000	3Seq	ref_AY651061	ref_JF779679
OL332091.1	true	4794	11478	0.000000000000	3Seq	ref_AY651061	ref_JF779679
OL332090.1	true	4794	11478	0.000000000000	3Seq	ref_AY651061	ref_JF779679
OL332089.1	true	4794	11478	0.000000000000	3Seq	ref_AY651061	ref_JF779679
OL332088.1	true	4794	11478	0.000000000000	3Seq	ref_AY651061	ref_JF779679
OL332087.1	true	4794	11478	0.000000000000	3Seq	ref_AY651061	ref_JF779679
OL332086.1	true	4794	11478	0.000000000000	3Seq	ref_AY651061	ref_JF779679
OL332085.1	true	4794	11478	0.000000000000	3Seq	ref_AY651061	ref_JF779679
OL332084.1	true	4794	11478	0.000000000000	3Seq	ref_AY651061	ref_JF779679
OL332083.1	true	4794	11478	0.000000000000	3Seq	ref_AY651061	ref_JF779679
OL332082.1	true	4794	11478	0.000000000000	3Seq	ref_AY651061	ref_JF779679
OL332081.1	true	4794	11478	0.000000000000	3Seq	ref_AY651061	ref_JF779679
OK552758.1	true	4885	11478	0.000000000000	3Seq	ref_AY651061	ref_JF779679
OK552757.1	true	4885	11478	0.000000000000	3Seq	ref_AY651061	ref_JF779679
OK552756.1	true	4885	11478	0.000000000000	3Seq	ref_AY651061	ref_JF779679
OK552755.1	true	4885	11478	0.000000000000	3Seq	ref_AY651061	ref_JF779679
OK552754.1	true	4885	11478	0.000000000000	3Seq	ref_AY651061	ref_JF779679
OK552753.1	true	4885	11478	0.000000000000	3Seq	ref_AY651061	ref_JF779679
OK552752.1	true	4885	11478	0.000000000000	3Seq	ref_AY651061	ref_JF779679
OK552751.1	true	4885	11478	0.000000000000	3Seq	ref_AY651061	ref_JF779679
OK552750.1	true	4885	11478	0.000000000000	3Seq	ref_AY651061	ref_JF779679
OK552749.1	true	4885	11478	0.000000000000	3Seq	ref_AY651061	ref_JF779679
OK552748.1	true	4885	11478	0.000000000000	3Seq	ref_AY651061	ref_JF779679
OK552747.1	true	4885	11478	0.000000000000	3Seq	ref_AY651061	ref_JF779679
OK552746.1	true	4885	11478	0.000000000000	3Seq	ref_AY651061	ref_JF779679
OK552745.1	true	4885	11478	0.000000000000	3Seq	ref_AY651061	ref_JF779679
OK552744.1	true	4885	11478	0.000000000000	3Seq	ref_AY651061	ref_JF779679
OK552743.1	true	4885	11478	0.000000000000	3Seq	ref_AY651061	ref_JF779679
OK552742.1	true	4885	11478	0.000000000000	3Seq	ref_AY651061	ref_JF779679
OK552740.1	true	4885	11478	0.000000000000	3Seq	ref_AY651061	ref_JF779679
OK552739.1	true	4885	11478	0.000000000000	3Seq	ref_AY651061	ref_JF779679
OK552738.1	true	4885	11478	0.000000000000	3Seq	ref_AY651061	ref_JF779679
OK552737.1	true	4885	11478	0.000000000000	3Seq	ref_AY651061	ref_JF779679
OK552736.1	true	4885	11478	0.000000000000	3Seq	ref_AY651061	ref_JF779679
OK552735.1	true	4885	11478	0.000000000000	3Seq	ref_AY651061	ref_JF779679
OK552734.1	true	4885	11478	0.000000000000	3Seq	ref_AY651061	ref_JF779679
OK552733.1	true	4885	11478	0.000000000000	3Seq	ref_AY651061	ref_JF779679
OK552732.1	true	4885	11478	0.000000000000	3Seq	ref_AY651061	ref_JF779679
OK552731.1	true	4885	11478	0.000000000000	3Seq	ref_AY651061	ref_JF779679
OK552730.1	true	4885	11478	0.000000000000	3Seq	ref_AY651061	ref_JF779679
OK552729.1	true	4885	11478	0.000000000000	3Seq	ref_AY651061	ref_JF779679
OK552728.1	true	4885	11478	0.000000000000	3Seq	ref_AY651061	ref_JF779679
OK552727.1	true	4885	11478	0.000000000000	3Seq	ref_AY651061	ref_JF779679
OK552726.1	true	4885	11478	0.000000000000	3Seq	ref_AY651061	ref_JF779679
OK552725.1	true	4885	11478	0.000000000000	3Seq	ref_AY651061	ref_JF779679
OK552724.1	true	4885	11478	0.000000000000	3Seq	ref_AY651061	ref_JF779679
OK552723.1	true	4885	11478	0.000000000000	3Seq	ref_AY651061	ref_JF779679
OK552722.1	true	4885	11478	0.000000000000	3Seq	ref_AY651061	ref_JF779679
OK552721.1	true	4885	11478	0.000000000000	3Seq	ref_AY651061	ref_JF779679
OK552720.1	true	4885	11478	0.000000000000	3Seq	ref_AY651061	ref_JF779679
OK552719.1	true	4885	11478	0.000000000000	3Seq	ref_AY651061	ref_JF779679
OK552718.1	true	4885	11478	0.000000000000	3Seq	ref_AY651061	ref_JF779679
OK552717.1	true	4885	11478	0.000000000000	3Seq	ref_AY651061	ref_JF779679
OK552716.1	true	4885	11478	0.000000000000	3Seq	ref_AY651061	ref_JF779679
OK552715.1	true	4885	11478	0.000000000000	3Seq	ref_AY651061	ref_JF779679
OK552714.1	true	4885	11478	0.000000000000	3Seq	ref_AY651061	ref_JF779679
OK552713.1	true	4885	11478	0.000000000000	3Seq	ref_AY651061	ref_JF779679
OK552712.1	true	4885	11478	0.000000000000	3Seq	ref_AY651061	ref_JF779679
OK552711.1	true	4885	11478	0.000000000000	3Seq	ref_AY651061	ref_JF779679
OK552710.1	true	4566	11212	0.000000000000	3Seq	ref_KJ439772	ref_AB677527
OK552709.1	true	4566	11231	0.000000000000	3Seq	ref_KJ439777	ref_AB677527
OK552708.1	true	4566	11231	0.000000000000	3Seq	ref_KJ439777	ref_AB677527
OK552707.1	true	4566	11212	0.000000000000	3Seq	ref_KJ439772	ref_AB677527
OK552706.1	true	4566	11212	0.000000000000	3Seq	ref_KJ439772	ref_AB677527
OK552705.1	true	4566	11212	0.000000000000	3Seq	ref_KJ439772	ref_AB677527
OK552704.1	true	4566	11212	0.000000000000	3Seq	ref_KJ439772	ref_AB677527
OK552703.1	true	4566	11171	0.000000000000	3Seq	ref_KC248198	ref_AB677527
OK552702.1	true	4566	11212	0.000000000000	3Seq	ref_KJ439772	ref_AB677527
OK552701.1	true	4566	11231	0.000000000000	3Seq	ref_KJ439777	ref_AB677527
OK552700.1	true	4566	11212	0.000000000000	3Seq	ref_KJ439772	ref_AB677527
OK552699.1	true	4566	11212	0.000000000000	3Seq	ref_KJ439772	ref_AB677527
OK552698.1	true	4566	11212	0.000000000000	3Seq	ref_KJ439772	ref_AB677527
OK552697.1	true	4566	11231	0.000000000000	3Seq	ref_KJ439777	ref_AB677527
OK552696.1	true	4566	11212	0.000000000000	3Seq	ref_KJ439772	ref_AB677527
OK552695.1	true	4566	11171	0.000000000000	3Seq	ref_KC248198	ref_AB677527
OK552694.1	true	4566	11212	0.000000000000	3Seq	ref_KJ439772	ref_AB677527
OK552693.1	true	4566	11212	0.000000000000	3Seq	ref_KJ439772	ref_AB677527
OK552692.1	true	4566	11212	0.000000000000	3Seq	ref_KJ439772	ref_AB677527
OK552691.1	true	4566	11212	0.000000000000	3Seq	ref_KJ439772	ref_AB677527
OK552690.1	true	4566	11231	0.000000000000	3Seq	ref_KJ439777	ref_AB677527
OK552689.1	true	4566	11231	0.000000000000	3Seq	ref_KJ439777	ref_AB677527
OK552688.1	true	4566	11212	0.000000000000	3Seq	ref_KJ439772	ref_AB677527
OK552687.1	true	4566	11231	0.000000000000	3Seq	ref_KJ439777	ref_AB677527
OK552686.1	true	4566	11212	0.000000000000	3Seq	ref_KJ439772	ref_AB677527
OK552685.1	true	4566	11212	0.000000000000	3Seq	ref_KJ439772	ref_AB677527
OK552684.1	true	4566	11212	0.000000000000	3Seq	ref_KJ439772	ref_AB677527
OK552683.1	true	4566	11231	0.000000000000	3Seq	ref_KJ439777	ref_AB677527
OK552682.1	true	4566	11212	0.000000000000	3Seq	ref_KJ439772	ref_AB677527
OM222703.1	true	4545	11331	0.000000000000	3Seq	ref_KJ439774	ref_AB677527
OM222702.1	true	4545	11331	0.000000000000	3Seq	ref_KJ439774	ref_AB677527
OL332080.1	true	4794	11478	0.000000000000	3Seq	ref_AY651061	ref_JF779679
OL332078.1	true	4794	11478	0.000000000000	3Seq	ref_AY651061	ref_JF779679
OL332077.1	true	4794	11478	0.000000000000	3Seq	ref_AY651061	ref_JF779679
OL332076.1	true	4794	11478	0.000000000000	3Seq	ref_AY651061	ref_JF779679
OL332075.1	true	4794	11478	0.000000000000	3Seq	ref_AY651061	ref_JF779679
OL332074.1	true	4794	11478	0.000000000000	3Seq	ref_AY651061	ref_JF779679
OL332073.1	true	4794	11478	0.000000000000	3Seq	ref_AY651061	ref_JF779679
OL332072.1	true	4794	11478	0.000000000000	3Seq	ref_AY651061	ref_JF779679
OL332071.1	true	4794	11478	0.000000000000	3Seq	ref_AY651061	ref_JF779679
OL332070.1	true	4794	11478	0.000000000000	3Seq	ref_AY651061	ref_JF779679
OL332069.1	true	4794	11478	0.000000000000	3Seq	ref_AY651061	ref_JF779679
OL332068.1	true	4794	11478	0.000000000000	3Seq	ref_AY651061	ref_JF779679
OL332067.1	true	4794	11478	0.000000000000	3Seq	ref_AY651061	ref_JF779679
OL332066.1	true	4794	11478	0.000000000000	3Seq	ref_AY651061	ref_JF779679
OL332065.1	true	4794	11478	0.000000000000	3Seq	ref_AY651061	ref_JF779679
OL332064.1	true	4794	11478	0.000000000000	3Seq	ref_AY651061	ref_JF779679
OL332063.1	true	4794	11478	0.000000000000	3Seq	ref_AY651061	ref_JF779679
OL332062.1	true	4794	11478	0.000000000000	3Seq	ref_AY651061	ref_JF779679
OL332061.1	true	4794	11478	0.000000000000	3Seq	ref_AY651061	ref_JF779679
OL332060.1	true	4794	11478	0.000000000000	3Seq	ref_AY651061	ref_JF779679
OL332059.1	true	4794	11478	0.000000000000	3Seq	ref_AY651061	ref_JF779679
OL332058.1	true	4794	11478	0.000000000000	3Seq	ref_AY651061	ref_JF779679
OL332057.1	true	4794	11478	0.000000000000	3Seq	ref_AY651061	ref_JF779679
OL332056.1	true	4794	11478	0.000000000000	3Seq	ref_AY651061	ref_JF779679
OL332055.1	true	4794	11478	0.000000000000	3Seq	ref_AY651061	ref_JF779679
OL332054.1	true	4794	11478	0.000000000000	3Seq	ref_AY651061	ref_JF779679
OL332053.1	true	4794	11478	0.000000000000	3Seq	ref_AY651061	ref_JF779679
OL332052.1	true	4794	11478	0.000000000000	3Seq	ref_AY651061	ref_JF779679
OL332051.1	true	4794	11478	0.000000000000	3Seq	ref_AY651061	ref_JF779679
OL332050.1	true	4794	11478	0.000000000000	3Seq	ref_AY651061	ref_JF779679
OL332049.1	true	4794	11478	0.000000000000	3Seq	ref_AY651061	ref_JF779679
OL332048.1	true	4794	11478	0.000000000000	3Seq	ref_AY651061	ref_JF779679
OL332047.1	true	4794	11478	0.000000000000	3Seq	ref_AY651061	ref_JF779679
MZ556936.1	true	4602	11233	0.000000000000	3Seq	ref_KC248198	ref_AB677530
MZ556935.1	true	4602	11233	0.000000000000	3Seq	ref_KC248198	ref_AB677530
MZ556934.1	true	4602	11233	0.000000000000	3Seq	ref_KC248198	ref_AB677530
MZ556933.1	true	4602	11233	0.000000000000	3Seq	ref_KC248198	ref_AB677530
MZ556932.1	true	4602	11233	0.000000000000	3Seq	ref_KC248198	ref_AB677530
MZ556931.1	true	4602	11233	0.000000000000	3Seq	ref_KC248198	ref_AB677530
MZ556930.1	true	4602	11233	0.000000000000	3Seq	ref_KC248198	ref_AB677530
MZ556929.1	true	4602	11233	0.000000000000	3Seq	ref_KC248198	ref_AB677530
MZ556928.1	true	4602	11233	0.000000000000	3Seq	ref_KC248198	ref_AB677530
MZ556927.1	true	4602	11233	0.000000000000	3Seq	ref_KC248198	ref_AB677530
MZ556926.1	true	4602	11233	0.000000000000	3Seq	ref_KC248198	ref_AB677530
MZ556925.1	true	4602	11233	0.000000000000	3Seq	ref_KC248198	ref_AB677530
MZ556924.1	true	4602	11233	0.000000000000	3Seq	ref_KC248198	ref_AB677530
MZ556923.1	true	4602	11233	0.000000000000	3Seq	ref_KC248198	ref_AB677530
MZ556922.1	true	4602	11233	0.000000000000	3Seq	ref_KC248198	ref_AB677530
MZ556921.1	true	4602	11233	0.000000000000	3Seq	ref_KC248198	ref_AB677530
MZ556920.1	true	4602	11233	0.000000000000	3Seq	ref_KC248198	ref_AB677530
MZ556919.1	true	4602	11233	0.000000000000	3Seq	ref_KC248198	ref_AB677530
MZ556918.1	true	562	4616	0.000000000000	3Seq	ref_DQ364460	ref_KC248198
MZ556917.1	true	4602	11233	0.000000000000	3Seq	ref_KC248198	ref_AB677530
MZ556916.1	true	4602	11233	0.000000000000	3Seq	ref_KC248198	ref_AB677530
MZ556915.1	true	562	4616	0.000000000000	3Seq	ref_DQ364460	ref_KC248198
MZ556914.1	true	4602	11233	0.000000000000	3Seq	ref_KC248198	ref_AB677530
MZ556913.1	true	562	4616	0.000000000000	3Seq	ref_DQ364460	ref_KC248198
MZ556912.1	true	4602	11233	0.000000000000	3Seq	ref_KC248198	ref_AB677530
MZ556911.1	true	4602	11233	0.000000000000	3Seq	ref_KC248198	ref_AB677530
MZ556910.1	true	4602	11233	0.000000000000	3Seq	ref_KC248198	ref_AB677530
MZ556909.1	true	4602	11233	0.000000000000	3Seq	ref_KC248198	ref_AB677530
MZ556908.1	true	4602	11233	0.000000000000	3Seq	ref_KC248198	ref_AB677530
MZ556907.1	true	4602	11233	0.000000000000	3Seq	ref_KC248198	ref_AB677530
MZ556906.1	true	4602	11233	0.000000000000	3Seq	ref_KC248198	ref_AB677530
MZ556905.1	true	4602	11233	0.000000000000	3Seq	ref_KC248198	ref_AB677530
MZ556904.1	true	562	4693	0.000000000000	3Seq	ref_DQ364460	ref_KC248198
MZ556903.1	true	562	4616	0.000000000000	3Seq	ref_DQ364460	ref_KC248198
MZ556902.1	true	562	4616	0.000000000000	3Seq	ref_DQ364460	ref_KC248198
MW715688.1	true	4919	11478	0.000000000000	3Seq	ref_AY651061	ref_JF779679
MW715687.1	true	4796	11478	0.000000000000	3Seq	ref_AY651061	ref_JF779679
MW715686.1	true	4919	11125	0.000000000000	3Seq	ref_AY651061	ref_JF779679
MW715685.1	true	4750	11478	0.000000000000	3Seq	ref_AY651061	ref_JF779679
MW675796.1	true	4750	11478	0.000000000000	3Seq	ref_AY651061	ref_JF779679
MW675795.1	true	4750	11478	0.000000000000	3Seq	ref_AY651061	ref_JF779679
MW675794.1	true	4750	11478	0.000000000000	3Seq	ref_AY651061	ref_JF779679
MW675793.1	true	4750	11478	0.000000000000	3Seq	ref_AY651061	ref_JF779679
MW675792.1	true	4938	11478	0.000000000000	3Seq	ref_AY651061	ref_JF779679
MW675791.1	true	4750	11478	0.000000000000	3Seq	ref_AY651061	ref_JF779679
MW675790.1	true	4750	11478	0.000000000000	3Seq	ref_AY651061	ref_JF779679
MW675789.1	true	4917	11478	0.000000000000	3Seq	ref_AY651061	ref_JF779679
MW675788.1	true	4917	11478	0.000000000000	3Seq	ref_AY651061	ref_JF779679
MW629117.1	true	4941	11478	0.000000000000	3Seq	ref_AY651061	ref_JF779679
LC368332.1	true	4885	10374	0.000000000000	3Seq	ref_AY651061	ref_JF779679
MZ541884.1	true	700	4666	0.000000000000	3Seq	ref_JF779679	ref_EF424626
MZ541883.1	true	700	4666	0.000000000000	3Seq	ref_JF779679	ref_EF424626
MZ504975.1	true	4428	11018	0.000000000000	3Seq	ref_KC248194	ref_DQ155560
MW690020.1	true	4917	11478	0.000000000000	3Seq	ref_AY651061	ref_JF779679
MW690019.1	true	4750	11478	0.000000000000	3Seq	ref_AY651061	ref_JF779679
MW690018.1	true	4796	11478	0.000000000000	3Seq	ref_AY651061	ref_JF779679
MW690017.1	true	4750	11478	0.000000000000	3Seq	ref_AY651061	ref_JF779679
MW690016.1	true	4541	11584	0.000000000000	3Seq	ref_KJ439773	ref_AB677527
MW690015.1	true	4917	11478	0.000000000000	3Seq	ref_AY651061	ref_JF779679
MW690014.1	true	4540	11574	0.000000000000	3Seq	ref_KJ439777	ref_AB677527
MW690013.1	true	4482	11487	0.000000000000	3Seq	ref_FJ462434	ref_JF779679
MW690012.1	true	660	4308	0.000000000000	3Seq	ref_AY587845	ref_FJ025856
MW690011.1	true	4794	11478	0.000000000000	3Seq	ref_AY651061	ref_JF779679
MW690010.1	true	4262	11269	0.000000000000	3Seq	ref_FJ462434	ref_AB677530
MW690009.1	true	133	4888	0.000000000000	3Seq	ref_AB677527	ref_AY651061
MW690008.1	true	4419	11581	0.000000000000	3Seq	ref_FJ025856	ref_AB677527
MW690007.1	true	4419	11581	0.000000000000	3Seq	ref_FJ025856	ref_AB677527
MW690006.1	true	4789	11478	0.000000000000	3Seq	ref_AY651061	ref_JF779679
MW690005.1	true	4919	11478	0.000000000000	3Seq	ref_AY651061	ref_JF779679
MW690004.1	true	4805	11113	0.000000000000	3Seq	ref_AY651061	ref_JF779679
MW690003.1	true	4750	11478	0.000000000000	3Seq	ref_AY651061	ref_JF779679
MW690002.1	true	4805	11478	0.000000000000	3Seq	ref_AY651061	ref_JF779679
MW690001.1	true	4722	10960	0.000000000000	3Seq	ref_HQ537007	ref_JF779679
MW690000.1	true	4750	11478	0.000000000000	3Seq	ref_AY651061	ref_JF779679
MW689999.1	true	4541	11585	0.000000000000	3Seq	ref_KJ439773	ref_AB677527
MW689998.1	true	4849	11478	0.000000000000	3Seq	ref_AY651061	ref_JF779679
MW689997.1	true	4566	11585	0.000000000000	3Seq	ref_KC248198	ref_AB677527
MW689996.1	true	4833	11103	0.000000000000	3Seq	ref_AY651061	ref_JF779679
MW689995.1	true	4789	11090	0.000000000000	3Seq	ref_AY651061	ref_JF779679
MW689994.1	true	4919	11103	0.000000000000	3Seq	ref_AY651061	ref_JF779679
MW689993.1	true	4919	11090	0.000000000000	3Seq	ref_AY651061	ref_JF779679
MW689992.1	true	4566	11577	0.000000000000	3Seq	ref_KC248198	ref_AB677527
MW689991.1	true	4540	11574	0.000000000000	3Seq	ref_KJ439777	ref_AB677527
MW689990.1	true	4849	11113	0.000000000000	3Seq	ref_AY651061	ref_JF779679
MW689989.1	true	4833	11125	0.000000000000	3Seq	ref_AY651061	ref_JF779679
MW689988.1	true	4722	10715	0.000000000000	3Seq	ref_HQ537007	ref_JF779679
MW689987.1	true	4849	11113	0.000000000000	3Seq	ref_AY651061	ref_JF779679
MW689986.1	true	4919	11478	0.000000000000	3Seq	ref_AY651061	ref_JF779679
MW689985.1	true	4845	11125	0.000000000000	3Seq	ref_AY651061	ref_JF779679
MW689984.1	true	4616	11115	0.000000000000	3Seq	ref_FJ025856	ref_DQ364460
MW689983.1	true	183	4683	0.000000000000	3Seq	ref_AB622121	ref_D84263
MW689982.1	true	4941	11125	0.000000000000	3Seq	ref_AY651061	ref_JF779679
MW689981.1	true	4620	11102	0.000000000000	3Seq	ref_HQ537007	ref_JF779679
MW689980.1	true	4810	10912	0.000000000000	3Seq	ref_HQ537007	ref_JF779679
MW689979.1	true	4919	11478	0.000000000000	3Seq	ref_AY651061	ref_JF779679
MW689977.1	true	4917	11478	0.000000000000	3Seq	ref_AY651061	ref_JF779679
MW689976.1	true	4566	11575	0.000000000000	3Seq	ref_KC248198	ref_AB677527
MW689974.1	true	4833	11478	0.000000000000	3Seq	ref_AY651061	ref_JF779679
MW689973.1	true	4541	11585	0.000000000000	3Seq	ref_KJ439773	ref_AB677527
MW689972.1	true	4833	11113	0.000000000000	3Seq	ref_AY651061	ref_JF779679
MW689971.1	true	183	4545	0.000000000000	3Seq	ref_AB677527	ref_KJ439777
MW689970.1	true	4833	11478	0.000000000000	3Seq	ref_AY651061	ref_JF779679
MW689969.1	true	4750	10835	0.000000000000	3Seq	ref_AY651061	ref_JF779679
MW689968.1	true	4540	11584	0.000000000000	3Seq	ref_KJ439774	ref_AB677527
MW689967.1	true	4541	11585	0.000000000000	3Seq	ref_KJ439773	ref_AB677527
MW689964.1	true	4614	11548	0.000000000000	3Seq	ref_D84263	ref_DQ364460
MW689963.1	true	4845	11478	0.000000000000	3Seq	ref_AY651061	ref_JF779679
MW689962.1	true	4833	11004	0.000000000000	3Seq	ref_AY651061	ref_JF779679
MW689961.1	true	4849	11125	0.000000000000	3Seq	ref_AY651061	ref_JF779679
MW689960.1	true	4919	11478	0.000000000000	3Seq	ref_AY651061	ref_JF779679
MW689959.1	true	4919	11478	0.000000000000	3Seq	ref_AY651061	ref_JF779679
MW689958.1	true	4919	10855	0.000000000000	3Seq	ref_AY651061	ref_JF779679
MW689957.1	true	4919	11478	0.000000000000	3Seq	ref_AY651061	ref_JF779679
MW689956.1	true	4919	11478	0.000000000000	3Seq	ref_AY651061	ref_JF779679
MW689955.1	true	4919	11478	0.000000000000	3Seq	ref_AY651061	ref_JF779679
MW689954.1	true	4845	11125	0.000000000000	3Seq	ref_AY651061	ref_JF779679
MW689953.1	true	4919	11113	0.000000000000	3Seq	ref_AY651061	ref_JF779679
MW689952.1	true	4419	11280	0.000000000000	3Seq	ref_D84263	ref_AB677530
MW689951.1	true	4919	11478	0.000000000000	3Seq	ref_AY651061	ref_JF779679
MW689950.1	true	4919	11478	0.000000000000	3Seq	ref_AY651061	ref_JF779679
MW689949.1	true	4919	11478	0.000000000000	3Seq	ref_AY651061	ref_JF779679
MW689948.1	true	4919	11478	0.000000000000	3Seq	ref_AY651061	ref_JF779679
MT995355.1	true	4933	11478	0.000000000000	3Seq	ref_AY651061	ref_JF779679
MT995354.1	true	4933	11478	0.000000000000	3Seq	ref_AY651061	ref_JF779679
MT995353.1	true	4933	11478	0.000000000000	3Seq	ref_AY651061	ref_JF779679
MT995352.1	true	4933	11478	0.000000000000	3Seq	ref_AY651061	ref_JF779679
MT995351.1	true	4933	11478	0.000000000000	3Seq	ref_AY651061	ref_JF779679
MT995345.1	true	4566	11248	0.000000000000	3Seq	ref_KC248198	ref_AB677527
MT995344.1	true	4566	11248	0.000000000000	3Seq	ref_KC248198	ref_AB677527
MT995343.1	true	4566	11248	0.000000000000	3Seq	ref_KC248198	ref_AB677527
MT995342.1	true	4566	11248	0.000000000000	3Seq	ref_KC248198	ref_AB677527
MT995341.1	true	4566	11248	0.000000000000	3Seq	ref_KC248198	ref_AB677527
MT632193.1	true	4563	11575	0.000000000000	3Seq	ref_KC248198	ref_AB677527
MT632192.1	true	4885	11125	0.000000000000	3Seq	ref_AY651061	ref_JF779679
MT632191.1	true	4919	11478	0.000000000000	3Seq	ref_AY651061	ref_JF779679
MT632190.1	true	4566	11222	0.000000000000	3Seq	ref_KC248198	ref_AB677527
MT632189.1	true	229	4656	0.000000000000	3Seq	ref_AB622121	ref_KJ439768
MT632188.1	true	4566	11248	0.000000000000	3Seq	ref_KC248198	ref_AB677527
MT632187.1	true	4919	11478	0.000000000000	3Seq	ref_AY651061	ref_JF779679
MT632185.1	true	4540	11521	0.000000000000	3Seq	ref_KJ439777	ref_AB677527
MT632184.1	true	4578	11574	0.000000000000	3Seq	ref_KJ439777	ref_AB677527
MT632183.1	true	4566	11502	0.000000000000	3Seq	ref_KC248198	ref_AB677527
MT632182.1	true	4537	11242	0.000000000000	3Seq	ref_AJ851228	ref_AB677527
MT632181.1	true	4566	11222	0.000000000000	3Seq	ref_KC248198	ref_AB677527
MT632178.1	true	4541	11561	0.000000000000	3Seq	ref_KJ439773	ref_AB677527
MT632177.1	true	4566	11555	0.000000000000	3Seq	ref_KC248198	ref_AB677527
MT632176.1	true	4551	11576	0.000000000000	3Seq	ref_KJ439773	ref_AB677527
MT632175.1	true	4881	11478	0.000000000000	3Seq	ref_AY651061	ref_JF779679
MT632174.1	true	4567	11248	0.000000000000	3Seq	ref_KC248198	ref_AB677527
MT632173.1	true	4567	11476	0.000000000000	3Seq	ref_KC248198	ref_AB677527
MT632168.1	true	4566	11575	0.000000000000	3Seq	ref_KC248198	ref_AB677527
MT632167.1	true	4537	11561	0.000000000000	3Seq	ref_KJ439773	ref_AB677527
MT632166.1	true	4540	11574	0.000000000000	3Seq	ref_KJ439777	ref_AB677527
MT632165.1	true	4541	11576	0.000000000000	3Seq	ref_KJ439773	ref_AB677527
MT512570.1	true	4541	11585	0.000000000000	3Seq	ref_KJ439773	ref_AB677527
MT184374.1	true	4536	11284	0.000000000000	3Seq	ref_KJ439773	ref_AB677530
MT184373.1	true	4536	11284	0.000000000000	3Seq	ref_KJ439773	ref_AB677530
MT184372.1	true	4536	11284	0.000000000000	3Seq	ref_KJ439773	ref_AB677530
MT184371.1	true	4545	11303	0.000000000000	3Seq	ref_KJ439777	ref_AB677527
MT184370.1	true	4545	11303	0.000000000000	3Seq	ref_KJ439777	ref_AB677527
MT184369.1	true	4545	11303	0.000000000000	3Seq	ref_KJ439777	ref_AB677527
MN977327.1	true	4419	11583	0.000000000000	3Seq	ref_FJ025856	ref_AY587845
MN782311.1	true	4419	11583	0.000000000000	3Seq	ref_FJ025856	ref_AY587845
MT632164.1	true	4537	11558	0.000000000000	3Seq	ref_KJ439773	ref_AB677527
MT632163.1	true	4566	11575	0.000000000000	3Seq	ref_KC248198	ref_AB677527
MT632161.1	true	4537	11210	0.000000000000	3Seq	ref_KJ439773	ref_AB677527
MT632160.1	true	4919	11478	0.000000000000	3Seq	ref_AY651061	ref_JF779679
MT632159.1	true	4917	11478	0.000000000000	3Seq	ref_AY651061	ref_JF779679
MT632156.1	true	4885	11478	0.000000000000	3Seq	ref_AY651061	ref_JF779679
MT632155.1	true	4833	11478	0.000000000000	3Seq	ref_AY651061	ref_JF779679
MT632154.1	true	4540	11558	0.000000000000	3Seq	ref_KJ439774	ref_AB677527
MT632153.1	true	4537	11558	0.000000000000	3Seq	ref_KJ439773	ref_AB677527
MT632152.1	true	4540	11574	0.000000000000	3Seq	ref_KJ439777	ref_AB677527
MT632151.1	true	4537	11574	0.000000000000	3Seq	ref_KJ439777	ref_AB677527
MT632150.1	true	4567	11284	0.000000000000	3Seq	ref_KC248198	ref_AB677527
MT632149.1	true	4567	11575	0.000000000000	3Seq	ref_KC248198	ref_AB677527
MT632148.1	true	4566	11555	0.000000000000	3Seq	ref_KC248198	ref_AB677527
MT632147.1	true	4537	11538	0.000000000000	3Seq	ref_KJ439773	ref_AB677527
MT632145.1	true	4564	11121	0.000000000000	3Seq	ref_KC248198	ref_AB677530
MT632144.1	true	4566	11575	0.000000000000	3Seq	ref_KC248198	ref_AB677527
MT632143.1	true	4566	11555	0.000000000000	3Seq	ref_KC248198	ref_AB677527
MT632142.1	true	4537	11210	0.000000000000	3Seq	ref_KJ439773	ref_AB677527
MT632141.1	true	4540	11558	0.000000000000	3Seq	ref_KJ439777	ref_AB677527
MT632140.1	true	4540	11576	0.000000000000	3Seq	ref_KJ439774	ref_AB677527
MT632139.1	true	4537	11576	0.000000000000	3Seq	ref_KJ439773	ref_AB677527
MT632135.1	true	4566	11575	0.000000000000	3Seq	ref_KC248198	ref_AB677527
MT632134.1	true	4540	11558	0.000000000000	3Seq	ref_KJ439777	ref_AB677527
MT632133.1	true	4541	11576	0.000000000000	3Seq	ref_KJ439773	ref_AB677527
MT632132.1	true	4541	11561	0.000000000000	3Seq	ref_KJ439773	ref_AB677527
MT632131.1	true	4535	11222	0.000000000000	3Seq	ref_KC248198	ref_AB677530
MT632130.1	true	4869	11125	0.000000000000	3Seq	ref_AY651061	ref_JF779679
MT632129.1	true	4541	11559	0.000000000000	3Seq	ref_KJ439773	ref_AB677527
MT632128.1	true	4567	11502	0.000000000000	3Seq	ref_KJ439777	ref_AB677527
MT632126.1	true	4555	11538	0.000000000000	3Seq	ref_KJ439773	ref_AB677527
MT632125.1	true	4919	11478	0.000000000000	3Seq	ref_AY651061	ref_JF779679
MT632124.1	true	4711	11502	0.000000000000	3Seq	ref_KJ439777	ref_DQ364460
MT632123.1	true	4566	11575	0.000000000000	3Seq	ref_KC248199	ref_AB677527
MT632122.1	true	4573	11575	0.000000000000	3Seq	ref_KC248199	ref_AB677527
MT632121.1	true	4849	11478	0.000000000000	3Seq	ref_AY651061	ref_JF779679
MT632120.1	true	4537	11576	0.000000000000	3Seq	ref_KJ439773	ref_AB677527
MT632119.1	true	4566	11284	0.000000000000	3Seq	ref_KC248198	ref_AB677527
MT632118.1	true	4794	11478	0.000000000000	3Seq	ref_AY651061	ref_JF779679
MT632117.1	true	4566	11248	0.000000000000	3Seq	ref_KC248198	ref_AB677527
MT632116.1	true	4917	11478	0.000000000000	3Seq	ref_AY651061	ref_JF779679
MT632115.1	true	4919	11478	0.000000000000	3Seq	ref_AY651061	ref_JF779679
MT632114.1	true	4566	11171	0.000000000000	3Seq	ref_KC248198	ref_AB677527
MT632113.1	true	4566	11558	0.000000000000	3Seq	ref_KJ439777	ref_AB677527
MT632112.1	true	4537	11559	0.000000000000	3Seq	ref_KJ439777	ref_AB677527
MT632110.1	true	4796	11478	0.000000000000	3Seq	ref_AY651061	ref_JF779679
MT632109.1	true	4567	11575	0.000000000000	3Seq	ref_KC248198	ref_AB677527
MT632108.1	true	4540	11245	0.000000000000	3Seq	ref_KJ439777	ref_AB677527
MT632105.1	true	4540	11245	0.000000000000	3Seq	ref_KJ439777	ref_AB677527
MN628592.1	true	4789	11478	0.000000000000	3Seq	ref_AY651061	ref_JF779679
MN628580.1	true	4885	11478	0.000000000000	3Seq	ref_AY651061	ref_JF779679
MN628579.1	true	1111	4830	0.000000000282	3Seq	ref_AB622121	ref_NC_030791
LC368440.1	true	4541	11128	0.000000000000	3Seq	ref_KJ439773	ref_AB677527
LC368433.1	true	4667	11025	0.000000000000	3Seq	ref_KC248198	ref_AB622121
LC368400.1	true	4535	10507	0.000000000000	3Seq	ref_KC248198	ref_AB677530
MN164877.1	true	662	4474	0.000000000000	3Seq	ref_AB677527	ref_FJ462434
MN164876.1	true	4581	11487	0.000000000000	3Seq	ref_AF064490	ref_JF779679
MN164875.1	true	560	4262	0.000000000000	3Seq	ref_AB677530	ref_FJ462434
MN164872.1	true	663	4642	0.000000000000	3Seq	ref_JF779679	ref_JX227955
MN164871.1	true	4482	11124	0.000000000000	3Seq	ref_HQ537007	ref_JF779679
MN164870.1	true	4572	10797	0.000000000000	3Seq	ref_M67463	ref_KC248195
MN164869.1	true	662	4419	0.000000000000	3Seq	ref_AB677527	ref_FJ025856
MN164868.1	true	237	4888	0.000000000000	3Seq	ref_AB677527	ref_AY651061
MN164867.1	true	490	4651	0.000000000000	3Seq	ref_JF779679	ref_KJ439772
MN164866.1	true	560	4262	0.000000000000	3Seq	ref_AB677530	ref_FJ462434
MN164865.1	true	732	4691	0.000000000000	3Seq	ref_DQ364460	ref_EF424626
MN164864.1	true	852	4683	0.000000000000	3Seq	ref_DQ364460	ref_D84263
MN164863.1	true	4848	11047	0.000000000000	3Seq	ref_AY651061	ref_JF779679
MN164862.1	true	237	4803	0.000000000000	3Seq	ref_JF779679	ref_KC248198
MN164861.1	true	703	4688	0.000000000000	3Seq	ref_AB677527	ref_EF424626
MN164860.1	true	703	4688	0.000000000000	3Seq	ref_AB677527	ref_EF424626
MN164859.1	true	4690	10715	0.000000000000	3Seq	ref_HQ537007	ref_JF779679
MN164858.1	true	4690	10715	0.000000000000	3Seq	ref_HQ537007	ref_JF779679
MN164857.1	true	490	4863	0.000000000000	3Seq	ref_JF779679	ref_AY651061
MN164855.1	true	4702	11125	0.000000000000	3Seq	ref_HQ537007	ref_AB622121
MN164854.1	true	4919	10835	0.000000000000	3Seq	ref_AY651061	ref_JF779679
MN164853.1	true	4722	10634	0.000000000000	3Seq	ref_HQ537007	ref_JF779679
MN164852.1	true	1082	4614	0.000000000000	3Seq	ref_JF779679	ref_EF424628
MN164851.1	true	237	4656	0.000000000000	3Seq	ref_AB677530	ref_AY651061
MN164850.1	true	664	4622	0.000000000000	3Seq	ref_JF779679	ref_HQ537007
MN164848.1	true	4695	11487	0.000000000000	3Seq	ref_FJ462437	ref_JF779679
MN164847.1	true	247	4810	0.000000000000	3Seq	ref_JF779679	ref_HQ537007
MN164846.1	true	4650	11136	0.000000000000	3Seq	ref_KC248198	ref_JF779679
MN164845.1	true	4723	11136	0.000000000000	3Seq	ref_KC248198	ref_JF779679
MN164844.1	true	903	4671	0.000000000000	3Seq	ref_AB622121	ref_D84263
MN164843.1	true	903	4447	0.000000000000	3Seq	ref_AY587845	ref_D84263
MK548369.1	true	4688	11548	0.000000000000	3Seq	ref_AB030907	ref_EF407457
MK548367.1	true	4698	11548	0.000000000000	3Seq	ref_AB030907	ref_EF407457
MK527509.1	true	4442	11575	0.000000000000	3Seq	ref_AB031663	ref_M58335
MK039720.1	true	4437	11575	0.000000000000	3Seq	ref_AB031663	ref_EU781828
MH885469.1	true	1109	4569	0.000000000000	3Seq	ref_JF779679	ref_EF632071
LC435030.1	true	4545	11245	0.000000000000	3Seq	ref_KJ439777	ref_AB677527
LC435029.1	true	4540	11245	0.000000000000	3Seq	ref_KJ439777	ref_AB677527
LC435026.1	true	4545	11287	0.000000000000	3Seq	ref_KJ439777	ref_AB677527
LC435025.1	true	4540	11245	0.000000000000	3Seq	ref_KJ439777	ref_AB677527
LC435022.1	true	4569	11584	0.000000000000	3Seq	ref_KC248198	ref_AB677527
KY348757.1	true	264	4575	0.000000000000	3Seq	ref_DQ364460	ref_FJ462433
KX767077.1	true	4919	11478	0.000000000000	3Seq	ref_AY651061	ref_JF779679
KX767076.1	true	4796	11478	0.000000000000	3Seq	ref_AY651061	ref_JF779679
KX767075.1	true	4919	11478	0.000000000000	3Seq	ref_AY651061	ref_JF779679
KX767074.1	true	4919	11478	0.000000000000	3Seq	ref_AY651061	ref_JF779679
KX767073.1	true	4919	11478	0.000000000000	3Seq	ref_AY651061	ref_JF779679
KX767072.1	true	4919	11478	0.000000000000	3Seq	ref_AY651061	ref_JF779679
KX767071.1	true	4919	11478	0.000000000000	3Seq	ref_AY651061	ref_JF779679
KX767070.1	true	4919	11478	0.000000000000	3Seq	ref_AY651061	ref_JF779679
KX767069.1	true	4919	11478	0.000000000000	3Seq	ref_AY651061	ref_JF779679
KX767068.1	true	4919	11478	0.000000000000	3Seq	ref_AY651061	ref_JF779679
KX767067.1	true	4919	11478	0.000000000000	3Seq	ref_AY651061	ref_JF779679
KX767066.1	true	4919	11478	0.000000000000	3Seq	ref_AY651061	ref_JF779679
KX767065.1	true	4919	11478	0.000000000000	3Seq	ref_AY651061	ref_JF779679
KX767064.1	true	4919	11478	0.000000000000	3Seq	ref_AY651061	ref_JF779679
KX767063.1	true	4919	11478	0.000000000000	3Seq	ref_AY651061	ref_JF779679
KX767062.1	true	4919	11478	0.000000000000	3Seq	ref_AY651061	ref_JF779679
KX767061.1	true	4919	11478	0.000000000000	3Seq	ref_AY651061	ref_JF779679
KX767060.1	true	4919	11478	0.000000000000	3Seq	ref_AY651061	ref_JF779679
KX767059.1	true	4919	11478	0.000000000000	3Seq	ref_AY651061	ref_JF779679
KX767058.1	true	4919	11478	0.000000000000	3Seq	ref_AY651061	ref_JF779679
KX767057.1	true	4919	11478	0.000000000000	3Seq	ref_AY651061	ref_JF779679
KX767056.1	true	4919	11478	0.000000000000	3Seq	ref_AY651061	ref_JF779679
KX767055.1	true	4919	11478	0.000000000000	3Seq	ref_AY651061	ref_JF779679
KX767054.1	true	4919	11478	0.000000000000	3Seq	ref_AY651061	ref_JF779679
KX767053.1	true	4919	11478	0.000000000000	3Seq	ref_AY651061	ref_JF779679
KX767052.1	true	4919	11478	0.000000000000	3Seq	ref_AY651061	ref_JF779679
KX767051.1	true	4919	11478	0.000000000000	3Seq	ref_AY651061	ref_JF779679
KX767050.1	true	4919	11478	0.000000000000	3Seq	ref_AY651061	ref_JF779679
KX767049.1	true	4919	11478	0.000000000000	3Seq	ref_AY651061	ref_JF779679
KX767048.1	true	4919	11478	0.000000000000	3Seq	ref_AY651061	ref_JF779679
KX767047.1	true	4919	11478	0.000000000000	3Seq	ref_AY651061	ref_JF779679
KX767046.1	true	4919	11478	0.000000000000	3Seq	ref_AY651061	ref_JF779679
KX767045.1	true	4919	11478	0.000000000000	3Seq	ref_AY651061	ref_JF779679
KX767044.1	true	4919	11478	0.000000000000	3Seq	ref_AY651061	ref_JF779679
KX767043.1	true	4919	11478	0.000000000000	3Seq	ref_AY651061	ref_JF779679
KX767042.1	true	4919	11478	0.000000000000	3Seq	ref_AY651061	ref_JF779679
KX767041.1	true	4919	11478	0.000000000000	3Seq	ref_AY651061	ref_JF779679
KX767040.1	true	4919	11478	0.000000000000	3Seq	ref_AY651061	ref_JF779679
KX767039.1	true	4919	11478	0.000000000000	3Seq	ref_AY651061	ref_JF779679
KX767038.1	true	4919	11478	0.000000000000	3Seq	ref_AY651061	ref_JF779679
KX767037.1	true	4919	11478	0.000000000000	3Seq	ref_AY651061	ref_JF779679
KX767036.1	true	4919	11478	0.000000000000	3Seq	ref_AY651061	ref_JF779679
KX767035.1	true	4919	11478	0.000000000000	3Seq	ref_AY651061	ref_JF779679
KX767034.1	true	4919	11478	0.000000000000	3Seq	ref_AY651061	ref_JF779679
KX767033.1	true	4541	11559	0.000000000000	3Seq	ref_KJ439773	ref_AB677527
KX767032.1	true	4541	11559	0.000000000000	3Seq	ref_KJ439773	ref_AB677527
KX767031.1	true	4541	11559	0.000000000000	3Seq	ref_KJ439773	ref_AB677527
KX767030.1	true	4541	11559	0.000000000000	3Seq	ref_KJ439773	ref_AB677527
KX767029.1	true	4541	11559	0.000000000000	3Seq	ref_KJ439773	ref_AB677527
KX767028.1	true	4541	11559	0.000000000000	3Seq	ref_KJ439773	ref_AB677527
KX767027.1	true	4541	11559	0.000000000000	3Seq	ref_KJ439773	ref_AB677527
KX767026.1	true	4541	11559	0.000000000000	3Seq	ref_KJ439773	ref_AB677527
KX767025.1	true	4541	11559	0.000000000000	3Seq	ref_KJ439773	ref_AB677527
KX767024.1	true	4541	11559	0.000000000000	3Seq	ref_KJ439773	ref_AB677527
KX767023.1	true	4541	11559	0.000000000000	3Seq	ref_KJ439773	ref_AB677527
KX767022.1	true	4541	11559	0.000000000000	3Seq	ref_KJ439773	ref_AB677527
KX767021.1	true	4541	11559	0.000000000000	3Seq	ref_KJ439773	ref_AB677527
KX767020.1	true	4541	11559	0.000000000000	3Seq	ref_KJ439773	ref_AB677527
KX767019.1	true	4541	11559	0.000000000000	3Seq	ref_KJ439773	ref_AB677527
KX767018.1	true	4541	11559	0.000000000000	3Seq	ref_KJ439773	ref_AB677527
KX767017.1	true	4541	11559	0.000000000000	3Seq	ref_KJ439773	ref_AB677527
KX767016.1	true	4541	11559	0.000000000000	3Seq	ref_KJ439773	ref_AB677527
KX767015.1	true	4541	11559	0.000000000000	3Seq	ref_KJ439773	ref_AB677527
KX767014.1	true	4541	11559	0.000000000000	3Seq	ref_KJ439773	ref_AB677527
KX767012.1	true	4541	11559	0.000000000000	3Seq	ref_KJ439773	ref_AB677527
KX767011.1	true	4541	11559	0.000000000000	3Seq	ref_KJ439773	ref_AB677527
KX767010.1	true	4541	11559	0.000000000000	3Seq	ref_KJ439773	ref_AB677527
KX767009.1	true	4541	11559	0.000000000000	3Seq	ref_KJ439773	ref_AB677527
KX767008.1	true	4541	11559	0.000000000000	3Seq	ref_KJ439773	ref_AB677527
KX767007.1	true	4541	11559	0.000000000000	3Seq	ref_KJ439773	ref_AB677527
KX767006.1	true	4541	11559	0.000000000000	3Seq	ref_KJ439773	ref_AB677527
KX767005.1	true	4541	11559	0.000000000000	3Seq	ref_KJ439773	ref_AB677527
KX767004.1	true	4541	11559	0.000000000000	3Seq	ref_KJ439773	ref_AB677527
KX767003.1	true	4541	11559	0.000000000000	3Seq	ref_KJ439773	ref_AB677527
KX767002.1	true	4541	11559	0.000000000000	3Seq	ref_KJ439773	ref_AB677527
KX767001.1	true	4541	11559	0.000000000000	3Seq	ref_KJ439773	ref_AB677527
KX767000.1	true	4541	11559	0.000000000000	3Seq	ref_KJ439773	ref_AB677527
KX766999.1	true	4541	11559	0.000000000000	3Seq	ref_KJ439773	ref_AB677527
KX766998.1	true	4541	11559	0.000000000000	3Seq	ref_KJ439773	ref_AB677527
KX766997.1	true	4541	11559	0.000000000000	3Seq	ref_KJ439773	ref_AB677527
KX766996.1	true	4541	11559	0.000000000000	3Seq	ref_KJ439773	ref_AB677527
KX766995.1	true	4541	11559	0.000000000000	3Seq	ref_KJ439773	ref_AB677527
KX766994.1	true	4541	11559	0.000000000000	3Seq	ref_KJ439773	ref_AB677527
KX766993.1	true	4541	11559	0.000000000000	3Seq	ref_KJ439773	ref_AB677527
KX766992.1	true	4541	11559	0.000000000000	3Seq	ref_KJ439773	ref_AB677527
KX766991.1	true	4541	11559	0.000000000000	3Seq	ref_KJ439773	ref_AB677527
KX766990.1	true	4541	11559	0.000000000000	3Seq	ref_KJ439773	ref_AB677527
KY883982.1	true	4437	11548	0.000000000000	3Seq	ref_AB031663	ref_EU781827
KY883981.1	true	4437	11262	0.000000000000	3Seq	ref_AB031663	ref_EU781827
KY780123.1	true	4441	11555	0.000000000000	3Seq	ref_AB031663	ref_EU781828
KY780122.1	true	4437	11548	0.000000000000	3Seq	ref_AB031663	ref_EU781828
KY120328.1	true	4536	11428	0.000000000000	3Seq	ref_KJ439777	ref_AB677530
KX621544.1	true	4885	11478	0.000000000000	3Seq	ref_AY651061	ref_JF779679
KX621543.1	true	4849	11478	0.000000000000	3Seq	ref_AY651061	ref_JF779679
KX621542.1	true	4885	11478	0.000000000000	3Seq	ref_AY651061	ref_JF779679
KX621538.1	true	4789	11125	0.000000000000	3Seq	ref_AY651061	ref_JF779679
KX621536.1	true	4885	11478	0.000000000000	3Seq	ref_AY651061	ref_JF779679
KX621535.1	true	4794	11478	0.000000000000	3Seq	ref_AY651061	ref_JF779679
KX621533.1	true	490	4833	0.000000000000	3Seq	ref_JF779679	ref_AY651061
KX621529.1	true	4794	11113	0.000000000000	3Seq	ref_AY651061	ref_JF779679
KX621528.1	true	4919	11478	0.000000000000	3Seq	ref_AY651061	ref_JF779679
KX621526.1	true	4885	11478	0.000000000000	3Seq	ref_AY651061	ref_JF779679
KX621524.1	true	4794	11478	0.000000000000	3Seq	ref_AY651061	ref_JF779679
KX621523.1	true	4845	11478	0.000000000000	3Seq	ref_AY651061	ref_JF779679
KX621514.1	true	4845	11125	0.000000000000	3Seq	ref_AY651061	ref_JF779679
KX621512.1	true	4869	11478	0.000000000000	3Seq	ref_AY651061	ref_JF779679
KX621510.1	true	4849	11478	0.000000000000	3Seq	ref_AY651061	ref_JF779679
KX621509.1	true	4789	11478	0.000000000000	3Seq	ref_AY651061	ref_JF779679
KX621505.1	true	4941	11478	0.000000000000	3Seq	ref_AY651061	ref_JF779679
KX621504.1	true	4919	11478	0.000000000000	3Seq	ref_AY651061	ref_JF779679
KX621500.1	true	4789	11478	0.000000000000	3Seq	ref_AY651061	ref_JF779679
KX621495.1	true	4939	11478	0.000000000000	3Seq	ref_AY651061	ref_JF779679
KX621493.1	true	4919	11478	0.000000000000	3Seq	ref_AY651061	ref_JF779679
KX621485.1	true	4885	11478	0.000000000000	3Seq	ref_AY651061	ref_JF779679
KX621484.1	true	4885	11478	0.000000000000	3Seq	ref_AY651061	ref_JF779679
KX621482.1	true	4794	11478	0.000000000000	3Seq	ref_AY651061	ref_JF779679
KX621474.1	true	4789	11478	0.000000000000	3Seq	ref_AY651061	ref_JF779679
KX621473.1	true	4889	11478	0.000000000000	3Seq	ref_AY651061	ref_JF779679
KX621471.1	true	4789	11478	0.000000000000	3Seq	ref_AY651061	ref_JF779679
KX621468.1	true	4919	11478	0.000000000000	3Seq	ref_AY651061	ref_JF779679
KX621466.1	true	4919	11478	0.000000000000	3Seq	ref_AY651061	ref_JF779679
KX621465.1	true	4941	11125	0.000000000000	3Seq	ref_AY651061	ref_JF779679
KX621464.1	true	4885	11478	0.000000000000	3Seq	ref_AY651061	ref_JF779679
KX621463.1	true	4845	11125	0.000000000000	3Seq	ref_AY651061	ref_JF779679
KX621462.1	true	4919	11478	0.000000000000	3Seq	ref_AY651061	ref_JF779679
KX621461.1	true	4794	11478	0.000000000000	3Seq	ref_AY651061	ref_JF779679
KX621460.1	true	4885	11478	0.000000000000	3Seq	ref_AY651061	ref_JF779679
KX621459.1	true	4919	11125	0.000000000000	3Seq	ref_AY651061	ref_JF779679
KX621458.1	true	4919	11125	0.000000000000	3Seq	ref_AY651061	ref_JF779679
KX621457.1	true	4845	11478	0.000000000000	3Seq	ref_AY651061	ref_JF779679
KX621456.1	true	4849	11478	0.000000000000	3Seq	ref_AY651061	ref_JF779679
KX621455.1	true	4919	11125	0.000000000000	3Seq	ref_AY651061	ref_JF779679
KX621452.1	true	4885	11478	0.000000000000	3Seq	ref_AY651061	ref_JF779679
KX621451.1	true	4919	11478	0.000000000000	3Seq	ref_AY651061	ref_JF779679
KX621450.1	true	4885	11478	0.000000000000	3Seq	ref_AY651061	ref_JF779679
KX621449.1	true	4796	11478	0.000000000000	3Seq	ref_AY651061	ref_JF779679
KX621448.1	true	4919	11478	0.000000000000	3Seq	ref_AY651061	ref_JF779679
KX621446.1	true	4919	11478	0.000000000000	3Seq	ref_AY651061	ref_JF779679
KX621445.1	true	4919	11478	0.000000000000	3Seq	ref_AY651061	ref_JF779679
KX621444.1	true	4885	11478	0.000000000000	3Seq	ref_AY651061	ref_JF779679
KX621442.1	true	4917	11478	0.000000000000	3Seq	ref_AY651061	ref_JF779679
KX621440.1	true	4794	11125	0.000000000000	3Seq	ref_AY651061	ref_JF779679
KX621439.1	true	4794	11478	0.000000000000	3Seq	ref_AY651061	ref_JF779679
KX621437.1	true	4941	11478	0.000000000000	3Seq	ref_AY651061	ref_JF779679
KX621436.1	true	4941	11478	0.000000000000	3Seq	ref_AY651061	ref_JF779679
KX621435.1	true	4941	11478	0.000000000000	3Seq	ref_AY651061	ref_JF779679
KX621430.1	true	4917	11478	0.000000000000	3Seq	ref_AY651061	ref_JF779679
KX621427.1	true	4917	11478	0.000000000000	3Seq	ref_AY651061	ref_JF779679
KX621425.1	true	4941	11478	0.000000000000	3Seq	ref_AY651061	ref_JF779679
KX621424.1	true	4941	11478	0.000000000000	3Seq	ref_AY651061	ref_JF779679
KX621423.1	true	4941	11478	0.000000000000	3Seq	ref_AY651061	ref_JF779679
KX621422.1	true	4845	11478	0.000000000000	3Seq	ref_AY651061	ref_JF779679
KJ437300.2	true	4941	11478	0.000000000000	3Seq	ref_AY651061	ref_JF779679
KJ437295.2	true	4563	11248	0.000000000000	3Seq	ref_KC248198	ref_AB677527
EU862833.1	true	4833	11477	0.000000000000	3Seq	ref_AY651061	ref_JF779679
EU862827.1	true	4794	11478	0.000000000000	3Seq	ref_AY651061	ref_JF779679
EU862824.1	true	4794	11478	0.000000000000	3Seq	ref_AY651061	ref_JF779679
LC011929.1	true	4537	11574	0.000000000000	3Seq	ref_KJ439777	ref_AB677527
KU871306.1	true	4919	11478	0.000000000000	3Seq	ref_AY651061	ref_JF779679
KU871305.1	true	1163	4750	0.000000000000	3Seq	ref_JF779679	ref_AY651061
KU871304.1	true	4917	11478	0.000000000000	3Seq	ref_AY651061	ref_JF779679
KU871303.1	true	4805	11478	0.000000000000	3Seq	ref_AY651061	ref_JF779679
KU871302.1	true	4789	11478	0.000000000000	3Seq	ref_AY651061	ref_JF779679
KU871301.1	true	4789	11125	0.000000000000	3Seq	ref_AY651061	ref_JF779679
KU871300.1	true	4794	11478	0.000000000000	3Seq	ref_AY651061	ref_JF779679
LC011931.1	true	4541	11585	0.000000000000	3Seq	ref_KJ439773	ref_AB677527
LC011930.1	true	4541	11585	0.000000000000	3Seq	ref_KJ439773	ref_AB677527
LC011928.1	true	4537	11574	0.000000000000	3Seq	ref_KJ439777	ref_AB677527
LC011927.1	true	4537	11574	0.000000000000	3Seq	ref_KJ439777	ref_AB677527
KT983617.1	true	4580	11558	0.000000000000	3Seq	ref_KJ439773	ref_AB677527
KT735187.1	true	4919	11478	0.000000000000	3Seq	ref_AY651061	ref_JF779679
KT735186.1	true	4919	11478	0.000000000000	3Seq	ref_AY651061	ref_JF779679
KT735181.1	true	4941	11478	0.000000000000	3Seq	ref_AY651061	ref_JF779679
KT735180.1	true	4569	11248	0.000000000000	3Seq	ref_KC248198	ref_AB677527
KT735179.1	true	4919	11478	0.000000000000	3Seq	ref_AY651061	ref_JF779679
KT735178.1	true	4941	11478	0.000000000000	3Seq	ref_AY651061	ref_JF779679
KR870888.1	true	3486	11551	0.000000000000	3Seq	ref_JF735132	ref_KC248194
KM587615.1	true	4537	11585	0.000000000000	3Seq	ref_KJ439773	ref_AB677527
KM587614.1	true	4919	11478	0.000000000000	3Seq	ref_AY651061	ref_JF779679
KM277581.1	true	4566	11248	0.000000000000	3Seq	ref_KC248198	ref_AB677527
KM277580.1	true	4541	11538	0.000000000000	3Seq	ref_KJ439773	ref_AB677527
KM277579.1	true	4581	11499	0.000000000000	3Seq	ref_KC248198	ref_AB677527
KM277578.1	true	4566	11536	0.000000000000	3Seq	ref_KC248198	ref_AB677527
KM277577.1	true	4566	11536	0.000000000000	3Seq	ref_KC248198	ref_AB677527
KM277576.1	true	4540	11543	0.000000000000	3Seq	ref_KJ439774	ref_AB677527
KM277574.1	true	4573	11248	0.000000000000	3Seq	ref_KC248198	ref_AB677527
KM277572.1	true	4569	11242	0.000000000000	3Seq	ref_AJ851228	ref_AB677527
KM277570.1	true	4566	11536	0.000000000000	3Seq	ref_KC248198	ref_AB677527
KM277569.1	true	4541	11457	0.000000000000	3Seq	ref_KJ439773	ref_AB677527
KM277568.1	true	4707	11534	0.000000000000	3Seq	ref_KJ439777	ref_DQ364460
KM102770.1	true	4437	11562	0.000000000000	3Seq	ref_AB031663	ref_EU781827
KM102769.1	true	4437	11562	0.000000000000	3Seq	ref_AB031663	ref_EU781828
KM102768.1	true	4437	11562	0.000000000000	3Seq	ref_AB031663	ref_EU781827
KM102767.1	true	4692	11432	0.000000000000	3Seq	ref_AB030907	ref_D90208
KM102766.1	true	4711	11562	0.000000000000	3Seq	ref_AB030907	ref_D90208
KM102764.1	true	4752	11432	0.000000000000	3Seq	ref_AB030907	ref_D90208
KM102763.1	true	4689	11605	0.000000000000	3Seq	ref_AB030907	ref_EF407457
KM102762.1	true	4688	11231	0.000000000000	3Seq	ref_AB030907	ref_HQ850279
KM102760.1	true	4686	11487	0.000000000000	3Seq	ref_AB030907	ref_EF407457
KM043285.1	true	4573	11585	0.000000000000	3Seq	ref_KC248198	ref_AB677527
KM043279.1	true	4885	11478	0.000000000000	3Seq	ref_AY651061	ref_JF779679
KM043278.1	true	4885	11478	0.000000000000	3Seq	ref_AY651061	ref_JF779679
KM043277.1	true	4794	11478	0.000000000000	3Seq	ref_AY651061	ref_JF779679
KM043276.1	true	4794	11478	0.000000000000	3Seq	ref_AY651061	ref_JF779679
KM043275.1	true	4794	11478	0.000000000000	3Seq	ref_AY651061	ref_JF779679
KM043274.1	true	4794	11478	0.000000000000	3Seq	ref_AY651061	ref_JF779679
KM043273.1	true	4789	11478	0.000000000000	3Seq	ref_AY651061	ref_JF779679
KM043272.1	true	4789	11478	0.000000000000	3Seq	ref_AY651061	ref_JF779679
EU660385.1	true	4919	11478	0.000000000000	3Seq	ref_AY651061	ref_JF779679
EU660384.1	true	4919	11478	0.000000000000	3Seq	ref_AY651061	ref_JF779679
EU660383.1	true	4849	11478	0.000000000000	3Seq	ref_AY651061	ref_JF779679
EU595699.1	true	4919	11478	0.000000000000	3Seq	ref_AY651061	ref_JF779679
EU595698.1	true	4941	11478	0.000000000000	3Seq	ref_AY651061	ref_JF779679
EU256107.1	true	4919	11125	0.000000000000	3Seq	ref_AY651061	ref_JF779679
EU256106.1	true	4941	11478	0.000000000000	3Seq	ref_AY651061	ref_JF779679
EU256105.1	true	4789	11478	0.000000000000	3Seq	ref_AY651061	ref_JF779679
EU256104.1	true	4941	11478	0.000000000000	3Seq	ref_AY651061	ref_JF779679
EU256103.1	true	4537	11558	0.000000000000	3Seq	ref_KJ439773	ref_AB677527
EU256102.1	true	4563	11555	0.000000000000	3Seq	ref_KC248198	ref_AB677527
EU256101.1	true	4567	11558	0.000000000000	3Seq	ref_KJ439773	ref_AB677527
EU256100.1	true	4563	11199	0.000000000000	3Seq	ref_KC248198	ref_AB677527
EU256099.1	true	4566	11555	0.000000000000	3Seq	ref_KC248198	ref_AB677527
EU256098.1	true	4537	11558	0.000000000000	3Seq	ref_KJ439774	ref_AB677527
EU256097.1	true	4941	11125	0.000000000000	3Seq	ref_AY651061	ref_JF779679
EU256096.1	true	4885	11478	0.000000000000	3Seq	ref_AY651061	ref_JF779679
EU256095.1	true	4833	11478	0.000000000000	3Seq	ref_AY651061	ref_JF779679
EU256094.1	true	4789	11125	0.000000000000	3Seq	ref_AY651061	ref_JF779679
EU256092.1	true	4566	11555	0.000000000000	3Seq	ref_KC248198	ref_AB677527
EU256091.1	true	4566	11555	0.000000000000	3Seq	ref_KC248198	ref_AB677527
EU256090.1	true	4564	11282	0.000000000000	3Seq	ref_KC248198	ref_AB677530
EU256089.1	true	4541	11558	0.000000000000	3Seq	ref_KJ439773	ref_AB677527
EU256088.1	true	4541	11284	0.000000000000	3Seq	ref_KJ439773	ref_AB677527
EU256087.1	true	4845	11125	0.000000000000	3Seq	ref_AY651061	ref_JF779679
EU256085.1	true	4537	11558	0.000000000000	3Seq	ref_KJ439773	ref_AB677527
EU256084.1	true	4567	11558	0.000000000000	3Seq	ref_KJ439773	ref_AB677527
EU256083.1	true	4566	11555	0.000000000000	3Seq	ref_KC248198	ref_AB677527
EU256082.1	true	4566	11555	0.000000000000	3Seq	ref_KC248198	ref_AB677527
EU256081.1	true	4566	11555	0.000000000000	3Seq	ref_KC248198	ref_AB677527
EU256080.1	true	4541	11558	0.000000000000	3Seq	ref_KJ439773	ref_AB677527
EU256079.1	true	4563	11555	0.000000000000	3Seq	ref_KC248198	ref_AB677527
EU256078.1	true	4566	11558	0.000000000000	3Seq	ref_KJ439777	ref_AB677527
EU256077.1	true	4566	11559	0.000000000000	3Seq	ref_KC248198	ref_AB677527
EU256076.1	true	4566	11555	0.000000000000	3Seq	ref_KC248198	ref_AB677527
EU256075.1	true	4566	11558	0.000000000000	3Seq	ref_KJ439777	ref_AB677527
EU256074.1	true	4941	11478	0.000000000000	3Seq	ref_AY651061	ref_JF779679
EU256073.1	true	4794	11125	0.000000000000	3Seq	ref_AY651061	ref_JF779679
EU256072.1	true	4919	11478	0.000000000000	3Seq	ref_AY651061	ref_JF779679
EU256071.1	true	4789	11125	0.000000000000	3Seq	ref_AY651061	ref_JF779679
EU256070.1	true	4885	11125	0.000000000000	3Seq	ref_AY651061	ref_JF779679
EU256069.1	true	4919	11478	0.000000000000	3Seq	ref_AY651061	ref_JF779679
EU256068.1	true	4941	11125	0.000000000000	3Seq	ref_AY651061	ref_JF779679
EU256067.1	true	4845	11125	0.000000000000	3Seq	ref_AY651061	ref_JF779679
EU256066.1	true	4581	11555	0.000000000000	3Seq	ref_KC248198	ref_AB677527
EU256065.1	true	4537	11558	0.000000000000	3Seq	ref_KJ439777	ref_AB677527
EU256064.1	true	4678	11542	0.000000000000	3Seq	ref_KJ439773	ref_DQ364460
EU256062.1	true	4541	11558	0.000000000000	3Seq	ref_KJ439773	ref_AB677527
EU256061.1	true	4566	11555	0.000000000000	3Seq	ref_KC248198	ref_AB677527
EU256060.1	true	4845	11478	0.000000000000	3Seq	ref_AY651061	ref_JF779679
EU256059.1	true	4566	11555	0.000000000000	3Seq	ref_KC248198	ref_AB677527
EU256058.1	true	4794	11478	0.000000000000	3Seq	ref_AY651061	ref_JF779679
EU256057.1	true	4794	11478	0.000000000000	3Seq	ref_AY651061	ref_JF779679
EU256054.1	true	4566	11222	0.000000000000	3Seq	ref_KC248198	ref_AB677527
EU256053.1	true	4919	11478	0.000000000000	3Seq	ref_AY651061	ref_JF779679
EU256052.1	true	4845	11478	0.000000000000	3Seq	ref_AY651061	ref_JF779679
EU256051.1	true	4794	11478	0.000000000000	3Seq	ref_AY651061	ref_JF779679
EU256050.1	true	4885	11478	0.000000000000	3Seq	ref_AY651061	ref_JF779679
EU256049.1	true	4919	11478	0.000000000000	3Seq	ref_AY651061	ref_JF779679
EU256048.1	true	4885	11125	0.000000000000	3Seq	ref_AY651061	ref_JF779679
EU256047.1	true	4885	11125	0.000000000000	3Seq	ref_AY651061	ref_JF779679
EU256046.1	true	4796	11478	0.000000000000	3Seq	ref_AY651061	ref_JF779679
EU256044.1	true	4885	11103	0.000000000000	3Seq	ref_AY651061	ref_JF779679
EU256043.1	true	4885	11478	0.000000000000	3Seq	ref_AY651061	ref_JF779679
EU256041.1	true	4845	11478	0.000000000000	3Seq	ref_AY651061	ref_JF779679
EU256040.1	true	4869	11478	0.000000000000	3Seq	ref_AY651061	ref_JF779679
EU256039.1	true	4796	11478	0.000000000000	3Seq	ref_AY651061	ref_JF779679
EU256038.1	true	4869	11478	0.000000000000	3Seq	ref_AY651061	ref_JF779679
EU256037.1	true	4794	11478	0.000000000000	3Seq	ref_AY651061	ref_JF779679
EU256036.1	true	4941	11478	0.000000000000	3Seq	ref_AY651061	ref_JF779679
EU256035.1	true	4881	11478	0.000000000000	3Seq	ref_AY651061	ref_JF779679
EU256034.1	true	4941	11478	0.000000000000	3Seq	ref_AY651061	ref_JF779679
EU256033.1	true	4845	11478	0.000000000000	3Seq	ref_AY651061	ref_JF779679
EU256032.1	true	4917	11478	0.000000000000	3Seq	ref_AY651061	ref_JF779679
EU256031.1	true	4794	11478	0.000000000000	3Seq	ref_AY651061	ref_JF779679
EU256030.1	true	4690	11478	0.000000000000	3Seq	ref_AY651061	ref_JF779679
EU256029.1	true	4796	11125	0.000000000000	3Seq	ref_AY651061	ref_JF779679
EU256028.1	true	4941	11478	0.000000000000	3Seq	ref_AY651061	ref_JF779679
EU256027.1	true	4869	11478	0.000000000000	3Seq	ref_AY651061	ref_JF779679
EU256026.1	true	4941	11478	0.000000000000	3Seq	ref_AY651061	ref_JF779679
EU256025.1	true	4849	11478	0.000000000000	3Seq	ref_AY651061	ref_JF779679
EU256024.1	true	4845	11478	0.000000000000	3Seq	ref_AY651061	ref_JF779679
EU256023.1	true	4796	11478	0.000000000000	3Seq	ref_AY651061	ref_JF779679
EU256022.1	true	4919	11478	0.000000000000	3Seq	ref_AY651061	ref_JF779679
EU256021.1	true	4919	11478	0.000000000000	3Seq	ref_AY651061	ref_JF779679
EU256020.1	true	4885	11478	0.000000000000	3Seq	ref_AY651061	ref_JF779679
EU256019.1	true	4885	11478	0.000000000000	3Seq	ref_AY651061	ref_JF779679
EU256018.1	true	4796	11125	0.000000000000	3Seq	ref_AY651061	ref_JF779679
EU256017.1	true	4794	11478	0.000000000000	3Seq	ref_AY651061	ref_JF779679
EU256016.1	true	4914	11478	0.000000000000	3Seq	ref_AY651061	ref_JF779679
EU256015.1	true	4941	11478	0.000000000000	3Seq	ref_AY651061	ref_JF779679
EU256014.1	true	4869	11478	0.000000000000	3Seq	ref_AY651061	ref_JF779679
EU256013.1	true	4796	11478	0.000000000000	3Seq	ref_AY651061	ref_JF779679
EU256012.1	true	4869	11478	0.000000000000	3Seq	ref_AY651061	ref_JF779679
EU256011.1	true	4794	11478	0.000000000000	3Seq	ref_AY651061	ref_JF779679
EU256010.1	true	4917	11478	0.000000000000	3Seq	ref_AY651061	ref_JF779679
EU256009.1	true	4845	11478	0.000000000000	3Seq	ref_AY651061	ref_JF779679
EU256008.1	true	4845	11478	0.000000000000	3Seq	ref_AY651061	ref_JF779679
EU256007.1	true	4919	11478	0.000000000000	3Seq	ref_AY651061	ref_JF779679
EU256006.1	true	4794	11478	0.000000000000	3Seq	ref_AY651061	ref_JF779679
EU256005.1	true	4919	11478	0.000000000000	3Seq	ref_AY651061	ref_JF779679
EU256004.1	true	4919	11477	0.000000000000	3Seq	ref_AY651061	ref_JF779679
EU256003.1	true	4794	11478	0.000000000000	3Seq	ref_AY651061	ref_JF779679
EU256002.1	true	4869	11478	0.000000000000	3Seq	ref_AY651061	ref_JF779679
EU256001.1	true	4540	11574	0.000000000000	3Seq	ref_KJ439777	ref_AB677527
EU256000.1	true	4541	11558	0.000000000000	3Seq	ref_KJ439773	ref_AB677527
EU255999.1	true	4941	11478	0.000000000000	3Seq	ref_AY651061	ref_JF779679
EU255998.1	true	4845	11478	0.000000000000	3Seq	ref_AY651061	ref_JF779679
EU255997.1	true	4789	11478	0.000000000000	3Seq	ref_AY651061	ref_JF779679
EU255996.1	true	4919	11478	0.000000000000	3Seq	ref_AY651061	ref_JF779679
EU255995.1	true	4690	11478	0.000000000000	3Seq	ref_AY651061	ref_JF779679
EU255994.1	true	4794	11125	0.000000000000	3Seq	ref_AY651061	ref_JF779679
EU255993.1	true	4941	11478	0.000000000000	3Seq	ref_AY651061	ref_JF779679
EU255992.1	true	4885	11478	0.000000000000	3Seq	ref_AY651061	ref_JF779679
EU255991.1	true	4941	11478	0.000000000000	3Seq	ref_AY651061	ref_JF779679
EU255990.1	true	4789	11478	0.000000000000	3Seq	ref_AY651061	ref_JF779679
EU255989.1	true	4849	11478	0.000000000000	3Seq	ref_AY651061	ref_JF779679
EU255988.1	true	4794	11478	0.000000000000	3Seq	ref_AY651061	ref_JF779679
EU255987.1	true	4849	11478	0.000000000000	3Seq	ref_AY651061	ref_JF779679
EU255986.1	true	4917	11478	0.000000000000	3Seq	ref_AY651061	ref_JF779679
EU255985.1	true	4941	11478	0.000000000000	3Seq	ref_AY651061	ref_JF779679
EU255984.1	true	4919	11478	0.000000000000	3Seq	ref_AY651061	ref_JF779679
EU255983.1	true	4941	11478	0.000000000000	3Seq	ref_AY651061	ref_JF779679
EU255982.1	true	4690	11478	0.000000000000	3Seq	ref_AY651061	ref_JF779679
EU255981.1	true	4794	11478	0.000000000000	3Seq	ref_AY651061	ref_JF779679
EU255980.1	true	4919	11478	0.000000000000	3Seq	ref_AY651061	ref_JF779679
EU255979.1	true	4941	11478	0.000000000000	3Seq	ref_AY651061	ref_JF779679
EU255978.1	true	4794	11478	0.000000000000	3Seq	ref_AY651061	ref_JF779679
EU255977.1	true	4881	11478	0.000000000000	3Seq	ref_AY651061	ref_JF779679
EU255976.1	true	4941	11478	0.000000000000	3Seq	ref_AY651061	ref_JF779679
EU255975.1	true	4833	11478	0.000000000000	3Seq	ref_AY651061	ref_JF779679
EU255974.1	true	4794	11478	0.000000000000	3Seq	ref_AY651061	ref_JF779679
EU255973.1	true	4941	11478	0.000000000000	3Seq	ref_AY651061	ref_JF779679
EU255971.1	true	4941	11478	0.000000000000	3Seq	ref_AY651061	ref_JF779679
EU255970.1	true	4813	11478	0.000000000000	3Seq	ref_AY651061	ref_JF779679
EU255969.1	true	4885	11478	0.000000000000	3Seq	ref_AY651061	ref_JF779679
EU255968.1	true	4794	11478	0.000000000000	3Seq	ref_AY651061	ref_JF779679
EU255966.1	true	4794	11478	0.000000000000	3Seq	ref_AY651061	ref_JF779679
EU255965.1	true	4794	11478	0.000000000000	3Seq	ref_AY651061	ref_JF779679
EU255964.1	true	4845	11478	0.000000000000	3Seq	ref_AY651061	ref_JF779679
EU255963.1	true	4794	11125	0.000000000000	3Seq	ref_AY651061	ref_JF779679
EU255962.1	true	4563	11555	0.000000000000	3Seq	ref_KC248198	ref_AB677527
EU255961.1	true	4587	11558	0.000000000000	3Seq	ref_KJ439773	ref_AB677527
EU255960.1	true	4541	11558	0.000000000000	3Seq	ref_KJ439773	ref_AB677527
EU255958.1	true	4919	11478	0.000000000000	3Seq	ref_AY651061	ref_JF779679
EU255957.1	true	4919	11478	0.000000000000	3Seq	ref_AY651061	ref_JF779679
EU255956.1	true	4833	11125	0.000000000000	3Seq	ref_AY651061	ref_JF779679
EU255955.1	true	4919	11478	0.000000000000	3Seq	ref_AY651061	ref_JF779679
EU255954.1	true	4919	11478	0.000000000000	3Seq	ref_AY651061	ref_JF779679
EU255953.1	true	4885	11478	0.000000000000	3Seq	ref_AY651061	ref_JF779679
EU255952.1	true	4849	11478	0.000000000000	3Seq	ref_AY651061	ref_JF779679
EU255951.1	true	4881	11125	0.000000000000	3Seq	ref_AY651061	ref_JF779679
EU255950.1	true	4941	11478	0.000000000000	3Seq	ref_AY651061	ref_JF779679
EU255949.1	true	4789	11478	0.000000000000	3Seq	ref_AY651061	ref_JF779679
EU255948.1	true	4919	11478	0.000000000000	3Seq	ref_AY651061	ref_JF779679
EU255947.1	true	4750	11478	0.000000000000	3Seq	ref_AY651061	ref_JF779679
EU255946.1	true	4919	11478	0.000000000000	3Seq	ref_AY651061	ref_JF779679
EU255945.1	true	4919	11478	0.000000000000	3Seq	ref_AY651061	ref_JF779679
EU255944.1	true	4919	11478	0.000000000000	3Seq	ref_AY651061	ref_JF779679
EU255943.1	true	4919	11478	0.000000000000	3Seq	ref_AY651061	ref_JF779679
EU255942.1	true	4794	11478	0.000000000000	3Seq	ref_AY651061	ref_JF779679
EU255941.1	true	4794	11478	0.000000000000	3Seq	ref_AY651061	ref_JF779679
EU255940.1	true	4794	11478	0.000000000000	3Seq	ref_AY651061	ref_JF779679
EU255939.1	true	4796	11478	0.000000000000	3Seq	ref_AY651061	ref_JF779679
EU255938.1	true	4885	11478	0.000000000000	3Seq	ref_AY651061	ref_JF779679
EU255937.1	true	4919	11478	0.000000000000	3Seq	ref_AY651061	ref_JF779679
EU255936.1	true	4796	11478	0.000000000000	3Seq	ref_AY651061	ref_JF779679
EU255935.1	true	4796	11478	0.000000000000	3Seq	ref_AY651061	ref_JF779679
EU255934.1	true	4917	11478	0.000000000000	3Seq	ref_AY651061	ref_JF779679
EU255933.1	true	4941	11478	0.000000000000	3Seq	ref_AY651061	ref_JF779679
EU255932.1	true	4794	11478	0.000000000000	3Seq	ref_AY651061	ref_JF779679
EU255931.1	true	4794	11478	0.000000000000	3Seq	ref_AY651061	ref_JF779679
EU255930.1	true	4919	11478	0.000000000000	3Seq	ref_AY651061	ref_JF779679
EU255929.1	true	4750	11478	0.000000000000	3Seq	ref_AY651061	ref_JF779679
EU255928.1	true	4849	11478	0.000000000000	3Seq	ref_AY651061	ref_JF779679
EU255927.1	true	4919	11478	0.000000000000	3Seq	ref_AY651061	ref_JF779679
EU155347.2	true	4919	11478	0.000000000000	3Seq	ref_AY651061	ref_JF779679
EU595697.1	true	4849	11125	0.000000000000	3Seq	ref_AY651061	ref_JF779679
EU569723.1	true	4794	11478	0.000000000000	3Seq	ref_AY651061	ref_JF779679
EU569722.1	true	4941	11478	0.000000000000	3Seq	ref_AY651061	ref_JF779679
EU529682.1	true	4566	11555	0.000000000000	3Seq	ref_KC248198	ref_AB677527
EU529681.1	true	4750	11478	0.000000000000	3Seq	ref_AY651061	ref_JF779679
EU529680.1	true	4796	11478	0.000000000000	3Seq	ref_AY651061	ref_JF779679
EU529679.1	true	4938	11478	0.000000000000	3Seq	ref_AY651061	ref_JF779679
EU529678.1	true	4919	11478	0.000000000000	3Seq	ref_AY651061	ref_JF779679
EU529677.1	true	4794	11478	0.000000000000	3Seq	ref_AY651061	ref_JF779679
EU529676.1	true	4941	11478	0.000000000000	3Seq	ref_AY651061	ref_JF779679
EU482888.1	true	4566	11555	0.000000000000	3Seq	ref_KC248198	ref_AB677527
EU482886.1	true	4541	11558	0.000000000000	3Seq	ref_KJ439773	ref_AB677527
EU482885.1	true	4537	11558	0.000000000000	3Seq	ref_KJ439777	ref_AB677527
EU482884.1	true	4917	11478	0.000000000000	3Seq	ref_AY651061	ref_JF779679
EU482883.1	true	4541	11558	0.000000000000	3Seq	ref_KJ439773	ref_AB677527
EU482882.1	true	4794	11478	0.000000000000	3Seq	ref_AY651061	ref_JF779679
EU482881.1	true	4566	11280	0.000000000000	3Seq	ref_KC248198	ref_AB677527
EU482880.1	true	4566	11248	0.000000000000	3Seq	ref_KC248198	ref_AB677527
EU482878.1	true	4885	11478	0.000000000000	3Seq	ref_AY651061	ref_JF779679
EU482877.1	true	4566	11555	0.000000000000	3Seq	ref_KC248198	ref_AB677527
EU482876.1	true	4796	11478	0.000000000000	3Seq	ref_AY651061	ref_JF779679
EU482875.1	true	4540	11558	0.000000000000	3Seq	ref_KJ439777	ref_AB677527
EU482874.1	true	4566	11555	0.000000000000	3Seq	ref_KC248198	ref_AB677527
EU482873.1	true	4941	11478	0.000000000000	3Seq	ref_AY651061	ref_JF779679
EU482872.1	true	4833	11478	0.000000000000	3Seq	ref_AY651061	ref_JF779679
EU482871.1	true	4919	11125	0.000000000000	3Seq	ref_AY651061	ref_JF779679
EU482870.1	true	4796	11478	0.000000000000	3Seq	ref_AY651061	ref_JF779679
EU482869.1	true	4849	11478	0.000000000000	3Seq	ref_AY651061	ref_JF779679
EU482868.1	true	4794	11478	0.000000000000	3Seq	ref_AY651061	ref_JF779679
EU482867.1	true	4849	11478	0.000000000000	3Seq	ref_AY651061	ref_JF779679
EU482866.1	true	4789	11478	0.000000000000	3Seq	ref_AY651061	ref_JF779679
EU482865.1	true	4941	11478	0.000000000000	3Seq	ref_AY651061	ref_JF779679
EU482864.1	true	4833	11478	0.000000000000	3Seq	ref_AY651061	ref_JF779679
EU482863.1	true	4917	11478	0.000000000000	3Seq	ref_AY651061	ref_JF779679
EU482862.1	true	4794	11478	0.000000000000	3Seq	ref_AY651061	ref_JF779679
EU482861.1	true	4885	11478	0.000000000000	3Seq	ref_AY651061	ref_JF779679
EU482860.1	true	4566	11555	0.000000000000	3Seq	ref_KC248198	ref_AB677527
EU482859.1	true	4540	11558	0.000000000000	3Seq	ref_KJ439777	ref_AB677527
EU482858.1	true	4919	11478	0.000000000000	3Seq	ref_AY651061	ref_JF779679
EU482857.1	true	4919	11478	0.000000000000	3Seq	ref_AY651061	ref_JF779679
EU482856.1	true	4794	11125	0.000000000000	3Seq	ref_AY651061	ref_JF779679
EU482855.1	true	4917	11478	0.000000000000	3Seq	ref_AY651061	ref_JF779679
EU482854.1	true	4690	11478	0.000000000000	3Seq	ref_AY651061	ref_JF779679
EU482853.1	true	4885	11478	0.000000000000	3Seq	ref_AY651061	ref_JF779679
EU482852.1	true	4796	11478	0.000000000000	3Seq	ref_AY651061	ref_JF779679
EU482850.1	true	4941	11478	0.000000000000	3Seq	ref_AY651061	ref_JF779679
EU482849.1	true	4566	11555	0.000000000000	3Seq	ref_KC248198	ref_AB677527
EU482848.1	true	4885	11125	0.000000000000	3Seq	ref_AY651061	ref_JF779679
EU482847.1	true	4794	11478	0.000000000000	3Seq	ref_AY651061	ref_JF779679
EU482846.1	true	4750	11478	0.000000000000	3Seq	ref_AY651061	ref_JF779679
EU482845.1	true	4789	11125	0.000000000000	3Seq	ref_AY651061	ref_JF779679
EU482844.1	true	4919	11478	0.000000000000	3Seq	ref_AY651061	ref_JF779679
EU482843.1	true	4794	11478	0.000000000000	3Seq	ref_AY651061	ref_JF779679
EU482842.1	true	4919	11478	0.000000000000	3Seq	ref_AY651061	ref_JF779679
EU482841.1	true	4805	11125	0.000000000000	3Seq	ref_AY651061	ref_JF779679
EU482840.1	true	4919	11478	0.000000000000	3Seq	ref_AY651061	ref_JF779679
EU482839.1	true	4566	11248	0.000000000000	3Seq	ref_KC248198	ref_AB677527
EU482838.1	true	4789	11478	0.000000000000	3Seq	ref_AY651061	ref_JF779679
EU482837.1	true	4833	11125	0.000000000000	3Seq	ref_AY651061	ref_JF779679
EU482836.1	true	4794	11478	0.000000000000	3Seq	ref_AY651061	ref_JF779679
EU482835.1	true	4941	11478	0.000000000000	3Seq	ref_AY651061	ref_JF779679
EU482834.1	true	4794	11478	0.000000000000	3Seq	ref_AY651061	ref_JF779679
EU482833.1	true	4541	11558	0.000000000000	3Seq	ref_KJ439773	ref_AB677527
EU482832.1	true	4750	11478	0.000000000000	3Seq	ref_AY651061	ref_JF779679
EU482831.1	true	4941	11478	0.000000000000	3Seq	ref_AY651061	ref_JF779679
EU234065.2	true	4941	11478	0.000000000000	3Seq	ref_AY651061	ref_JF779679
EU155382.2	true	4566	11248	0.000000000000	3Seq	ref_KC248198	ref_AB677527
EU155381.2	true	4537	11558	0.000000000000	3Seq	ref_KJ439777	ref_AB677527
EU155380.2	true	4941	11478	0.000000000000	3Seq	ref_AY651061	ref_JF779679
EU155378.2	true	4794	11125	0.000000000000	3Seq	ref_AY651061	ref_JF779679
EU155377.2	true	4537	11558	0.000000000000	3Seq	ref_KJ439777	ref_AB677527
EU155376.2	true	4541	11558	0.000000000000	3Seq	ref_KJ439773	ref_AB677527
EU155375.2	true	4541	11558	0.000000000000	3Seq	ref_KJ439773	ref_AB677527
EU155374.2	true	4566	11555	0.000000000000	3Seq	ref_KC248198	ref_AB677527
EU155373.2	true	4541	11558	0.000000000000	3Seq	ref_KJ439773	ref_AB677527
EU155372.2	true	4545	11558	0.000000000000	3Seq	ref_KJ439774	ref_AB677527
EU155371.2	true	4566	11555	0.000000000000	3Seq	ref_KC248198	ref_AB677527
EU155370.2	true	4537	11558	0.000000000000	3Seq	ref_KJ439773	ref_AB677527
EU155369.2	true	4541	11558	0.000000000000	3Seq	ref_KJ439773	ref_AB677527
EU155368.2	true	4567	11555	0.000000000000	3Seq	ref_KC248198	ref_AB677527
EU155367.2	true	4537	11558	0.000000000000	3Seq	ref_KJ439773	ref_AB677527
EU155366.2	true	4540	11558	0.000000000000	3Seq	ref_KJ439777	ref_AB677527
EU155365.2	true	4566	11555	0.000000000000	3Seq	ref_KC248198	ref_AB677527
EU155364.2	true	4563	11555	0.000000000000	3Seq	ref_KC248198	ref_AB677527
EU155363.2	true	4695	11542	0.000000000000	3Seq	ref_KJ439773	ref_DQ364460
EU155362.2	true	4541	11558	0.000000000000	3Seq	ref_KJ439773	ref_AB677527
EU155361.2	true	4567	11555	0.000000000000	3Seq	ref_KC248198	ref_AB677527
EU155360.2	true	4541	11558	0.000000000000	3Seq	ref_KJ439773	ref_AB677527
EU155359.2	true	4580	11558	0.000000000000	3Seq	ref_KJ439773	ref_AB677527
EU155358.2	true	4540	11558	0.000000000000	3Seq	ref_KJ439777	ref_AB677527
EU155357.2	true	4540	11558	0.000000000000	3Seq	ref_KJ439774	ref_AB677527
EU155356.2	true	4564	11233	0.000000000000	3Seq	ref_KC248198	ref_AB677530
EU155355.2	true	4919	11478	0.000000000000	3Seq	ref_AY651061	ref_JF779679
EU155354.2	true	4789	11478	0.000000000000	3Seq	ref_AY651061	ref_JF779679
EU155353.2	true	4919	11478	0.000000000000	3Seq	ref_AY651061	ref_JF779679
EU155352.2	true	4919	11478	0.000000000000	3Seq	ref_AY651061	ref_JF779679
EU155351.2	true	4794	11478	0.000000000000	3Seq	ref_AY651061	ref_JF779679
EU155349.2	true	4919	11478	0.000000000000	3Seq	ref_AY651061	ref_JF779679
EU155348.2	true	4690	11478	0.000000000000	3Seq	ref_AY651061	ref_JF779679
EU155346.2	true	4917	11478	0.000000000000	3Seq	ref_AY651061	ref_JF779679
EU155344.2	true	4885	11125	0.000000000000	3Seq	ref_AY651061	ref_JF779679
EU155343.2	true	4885	11478	0.000000000000	3Seq	ref_AY651061	ref_JF779679
EU155342.2	true	4845	11478	0.000000000000	3Seq	ref_AY651061	ref_JF779679
EU155341.2	true	4919	11478	0.000000000000	3Seq	ref_AY651061	ref_JF779679
EU155340.2	true	4794	11478	0.000000000000	3Seq	ref_AY651061	ref_JF779679
EU155339.2	true	4885	11125	0.000000000000	3Seq	ref_AY651061	ref_JF779679
EU155338.2	true	4941	11478	0.000000000000	3Seq	ref_AY651061	ref_JF779679
EU155337.2	true	4566	11555	0.000000000000	3Seq	ref_KC248198	ref_AB677527
EU155336.2	true	4541	11558	0.000000000000	3Seq	ref_KJ439773	ref_AB677527
EU155335.2	true	4563	11555	0.000000000000	3Seq	ref_KC248199	ref_AB677527
EU155334.2	true	4537	11558	0.000000000000	3Seq	ref_KJ439773	ref_AB677527
EU155333.2	true	4541	11558	0.000000000000	3Seq	ref_KJ439773	ref_AB677527
EU155332.2	true	4537	11242	0.000000000000	3Seq	ref_AJ851228	ref_AB677527
EU155331.2	true	4566	11280	0.000000000000	3Seq	ref_KC248198	ref_AB677527
EU155330.2	true	4566	11585	0.000000000000	3Seq	ref_KC248198	ref_AB677527
EU155329.2	true	4540	11558	0.000000000000	3Seq	ref_KJ439777	ref_AB677527
EU155328.2	true	4566	11555	0.000000000000	3Seq	ref_KC248198	ref_AB677527
EU155327.2	true	4566	11555	0.000000000000	3Seq	ref_KC248198	ref_AB677527
EU155326.2	true	4567	11555	0.000000000000	3Seq	ref_KC248198	ref_AB677527
EU155325.2	true	4589	11284	0.000000000000	3Seq	ref_KJ439773	ref_AB677530
EU155324.2	true	4537	11558	0.000000000000	3Seq	ref_KJ439773	ref_AB677527
EU155323.2	true	4919	11478	0.000000000000	3Seq	ref_AY651061	ref_JF779679
EU155322.2	true	4919	11478	0.000000000000	3Seq	ref_AY651061	ref_JF779679
EU155321.2	true	4941	11478	0.000000000000	3Seq	ref_AY651061	ref_JF779679
EU155320.2	true	4885	11478	0.000000000000	3Seq	ref_AY651061	ref_JF779679
EU155319.2	true	4849	11478	0.000000000000	3Seq	ref_AY651061	ref_JF779679
EU155318.2	true	4541	11558	0.000000000000	3Seq	ref_KJ439773	ref_AB677527
EU155317.2	true	4541	11558	0.000000000000	3Seq	ref_KJ439773	ref_AB677527
EU155316.2	true	4566	11555	0.000000000000	3Seq	ref_KC248198	ref_AB677527
EU155315.2	true	4540	11558	0.000000000000	3Seq	ref_KJ439777	ref_AB677527
EU155314.2	true	4822	11478	0.000000000000	3Seq	ref_AY651061	ref_JF779679
EU155313.2	true	4794	11478	0.000000000000	3Seq	ref_AY651061	ref_JF779679
EU155311.2	true	4794	11478	0.000000000000	3Seq	ref_AY651061	ref_JF779679
EU155310.2	true	4789	11478	0.000000000000	3Seq	ref_AY651061	ref_JF779679
EU155309.2	true	4833	11125	0.000000000000	3Seq	ref_AY651061	ref_JF779679
EU155308.2	true	4566	11555	0.000000000000	3Seq	ref_KC248198	ref_AB677527
EU155307.2	true	4540	11558	0.000000000000	3Seq	ref_KJ439777	ref_AB677527
EU155306.2	true	4573	11555	0.000000000000	3Seq	ref_KC248198	ref_AB677527
EU155305.2	true	4563	11558	0.000000000000	3Seq	ref_KJ439777	ref_AB677527
EU155304.2	true	4541	11558	0.000000000000	3Seq	ref_KJ439773	ref_AB677527
EU155303.2	true	4540	11558	0.000000000000	3Seq	ref_KJ439777	ref_AB677527
EU155302.2	true	4564	11284	0.000000000000	3Seq	ref_KJ439773	ref_AB677530
EU155301.2	true	4566	11280	0.000000000000	3Seq	ref_KC248198	ref_AB677527
EU155300.2	true	229	4566	0.000000000000	3Seq	ref_AB677527	ref_KC248198
EU155299.2	true	4845	11478	0.000000000000	3Seq	ref_AY651061	ref_JF779679
EU155298.2	true	4796	11478	0.000000000000	3Seq	ref_AY651061	ref_JF779679
EU155297.2	true	4941	11478	0.000000000000	3Seq	ref_AY651061	ref_JF779679
EU155296.2	true	4941	11103	0.000000000000	3Seq	ref_AY651061	ref_JF779679
EU155295.2	true	4794	11478	0.000000000000	3Seq	ref_AY651061	ref_JF779679
EU155293.2	true	4794	11478	0.000000000000	3Seq	ref_AY651061	ref_JF779679
EU155292.2	true	4794	11478	0.000000000000	3Seq	ref_AY651061	ref_JF779679
EU155291.2	true	4885	11478	0.000000000000	3Seq	ref_AY651061	ref_JF779679
EU155290.2	true	4789	11125	0.000000000000	3Seq	ref_AY651061	ref_JF779679
EU155289.2	true	4796	11478	0.000000000000	3Seq	ref_AY651061	ref_JF779679
EU155288.2	true	4938	11478	0.000000000000	3Seq	ref_AY651061	ref_JF779679
EU155287.2	true	4881	11125	0.000000000000	3Seq	ref_AY651061	ref_JF779679
EU155286.2	true	4794	11125	0.000000000000	3Seq	ref_AY651061	ref_JF779679
EU155285.2	true	4885	11478	0.000000000000	3Seq	ref_AY651061	ref_JF779679
EU155284.2	true	4919	11478	0.000000000000	3Seq	ref_AY651061	ref_JF779679
EU155283.2	true	4849	11478	0.000000000000	3Seq	ref_AY651061	ref_JF779679
EU155282.2	true	4849	11125	0.000000000000	3Seq	ref_AY651061	ref_JF779679
EU155281.2	true	4566	11555	0.000000000000	3Seq	ref_KC248198	ref_AB677527
EU155280.2	true	4541	11558	0.000000000000	3Seq	ref_KJ439773	ref_AB677527
EU155279.2	true	183	4566	0.000000000000	3Seq	ref_AB677527	ref_KJ439772
EU155278.2	true	4789	11478	0.000000000000	3Seq	ref_AY651061	ref_JF779679
EU155277.2	true	4849	11125	0.000000000000	3Seq	ref_AY651061	ref_JF779679
EU155276.2	true	4794	11478	0.000000000000	3Seq	ref_AY651061	ref_JF779679
EU155275.2	true	4941	11478	0.000000000000	3Seq	ref_AY651061	ref_JF779679
EU155274.2	true	4794	11478	0.000000000000	3Seq	ref_AY651061	ref_JF779679
EU155272.2	true	4941	11478	0.000000000000	3Seq	ref_AY651061	ref_JF779679
EU155271.2	true	4941	11478	0.000000000000	3Seq	ref_AY651061	ref_JF779679
EU155270.2	true	4885	11478	0.000000000000	3Seq	ref_AY651061	ref_JF779679
EU155269.2	true	4794	11478	0.000000000000	3Seq	ref_AY651061	ref_JF779679
EU155268.2	true	4849	11478	0.000000000000	3Seq	ref_AY651061	ref_JF779679
EU155267.2	true	4794	11478	0.000000000000	3Seq	ref_AY651061	ref_JF779679
EU155266.2	true	4885	11478	0.000000000000	3Seq	ref_AY651061	ref_JF779679
EU155264.2	true	4540	11558	0.000000000000	3Seq	ref_KJ439777	ref_AB677527
EU155263.2	true	4567	11555	0.000000000000	3Seq	ref_KC248198	ref_AB677527
EU155262.2	true	4566	11248	0.000000000000	3Seq	ref_KC248198	ref_AB677527
EU155261.2	true	4537	11558	0.000000000000	3Seq	ref_KJ439773	ref_AB677527
EU155259.2	true	4566	11555	0.000000000000	3Seq	ref_KC248198	ref_AB677527
EU155258.2	true	4573	11555	0.000000000000	3Seq	ref_KC248198	ref_AB677527
EU155257.2	true	87	4680	0.000000000000	3Seq	ref_DQ364460	ref_KJ439772
EU155256.2	true	4566	11555	0.000000000000	3Seq	ref_KC248198	ref_AB677527
EU155255.2	true	4573	11555	0.000000000000	3Seq	ref_KC248198	ref_AB677527
EU155254.2	true	4537	11558	0.000000000000	3Seq	ref_KJ439777	ref_AB677527
EU155253.2	true	4537	11558	0.000000000000	3Seq	ref_KJ439773	ref_AB677527
EU155252.2	true	4885	11478	0.000000000000	3Seq	ref_AY651061	ref_JF779679
EU155251.2	true	4794	11478	0.000000000000	3Seq	ref_AY651061	ref_JF779679
EU155250.2	true	4794	11478	0.000000000000	3Seq	ref_AY651061	ref_JF779679
EU155249.2	true	4794	11478	0.000000000000	3Seq	ref_AY651061	ref_JF779679
EU155248.2	true	4917	11478	0.000000000000	3Seq	ref_AY651061	ref_JF779679
EU155246.2	true	4833	11478	0.000000000000	3Seq	ref_AY651061	ref_JF779679
EU155245.2	true	4885	11125	0.000000000000	3Seq	ref_AY651061	ref_JF779679
EU155244.2	true	4794	11478	0.000000000000	3Seq	ref_AY651061	ref_JF779679
EU155243.2	true	4917	11478	0.000000000000	3Seq	ref_AY651061	ref_JF779679
EU155242.2	true	4919	11478	0.000000000000	3Seq	ref_AY651061	ref_JF779679
EU155240.2	true	4933	11478	0.000000000000	3Seq	ref_AY651061	ref_JF779679
EU155239.2	true	4845	11478	0.000000000000	3Seq	ref_AY651061	ref_JF779679
EU155238.2	true	4794	11478	0.000000000000	3Seq	ref_AY651061	ref_JF779679
KC439527.1	true	4537	11521	0.000000000000	3Seq	ref_KJ439773	ref_AB677527
KC439524.1	true	4564	11521	0.000000000000	3Seq	ref_KC248198	ref_AB677527
KC439522.1	true	4537	11193	0.000000000000	3Seq	ref_KJ439777	ref_AB677527
KC439519.1	true	4566	11210	0.000000000000	3Seq	ref_KJ439777	ref_AB677527
KC439512.1	true	4623	11521	0.000000000000	3Seq	ref_KJ439773	ref_DQ364460
KC439502.1	true	4537	11521	0.000000000000	3Seq	ref_KJ439773	ref_AB677527
KC439490.1	true	4566	11521	0.000000000000	3Seq	ref_KC248198	ref_AB677527
KC439486.1	true	4596	11521	0.000000000000	3Seq	ref_KC248198	ref_AB677527
JX463641.1	true	4845	11478	0.000000000000	3Seq	ref_AY651061	ref_JF779679
JX463640.1	true	4885	11478	0.000000000000	3Seq	ref_AY651061	ref_JF779679
JX463639.1	true	4919	11478	0.000000000000	3Seq	ref_AY651061	ref_JF779679
JX463638.1	true	4849	11478	0.000000000000	3Seq	ref_AY651061	ref_JF779679
JX463637.1	true	4917	11477	0.000000000000	3Seq	ref_AY651061	ref_JF779679
JX463636.1	true	4805	11478	0.000000000000	3Seq	ref_AY651061	ref_JF779679
JX463635.1	true	4939	11478	0.000000000000	3Seq	ref_AY651061	ref_JF779679
JX463634.1	true	4941	11478	0.000000000000	3Seq	ref_AY651061	ref_JF779679
JX463633.1	true	4941	11478	0.000000000000	3Seq	ref_AY651061	ref_JF779679
JX463632.1	true	4690	11478	0.000000000000	3Seq	ref_AY651061	ref_JF779679
JX463631.1	true	4881	11478	0.000000000000	3Seq	ref_AY651061	ref_JF779679
JX463630.1	true	4941	11478	0.000000000000	3Seq	ref_AY651061	ref_JF779679
JX463629.1	true	4794	11478	0.000000000000	3Seq	ref_AY651061	ref_JF779679
JX463628.1	true	4789	11478	0.000000000000	3Seq	ref_AY651061	ref_JF779679
JX463627.1	true	4917	11478	0.000000000000	3Seq	ref_AY651061	ref_JF779679
JX463626.1	true	4822	11478	0.000000000000	3Seq	ref_AY651061	ref_JF779679
JX463625.1	true	4941	11125	0.000000000000	3Seq	ref_AY651061	ref_JF779679
JX463624.1	true	4919	11478	0.000000000000	3Seq	ref_AY651061	ref_JF779679
JX463623.1	true	4885	11113	0.000000000000	3Seq	ref_AY651061	ref_JF779679
JX463622.1	true	4885	11478	0.000000000000	3Seq	ref_AY651061	ref_JF779679
JX463621.1	true	4885	11125	0.000000000000	3Seq	ref_AY651061	ref_JF779679
JX463620.1	true	4848	11478	0.000000000000	3Seq	ref_AY651061	ref_JF779679
JX463619.1	true	4866	11478	0.000000000000	3Seq	ref_AY651061	ref_JF779679
JX463618.1	true	4941	11478	0.000000000000	3Seq	ref_AY651061	ref_JF779679
JX463617.1	true	4919	11478	0.000000000000	3Seq	ref_AY651061	ref_JF779679
JX463616.1	true	4796	11477	0.000000000000	3Seq	ref_AY651061	ref_JF779679
JX463615.1	true	4796	11478	0.000000000000	3Seq	ref_AY651061	ref_JF779679
JX463614.1	true	4919	11478	0.000000000000	3Seq	ref_AY651061	ref_JF779679
JX463613.1	true	4845	11478	0.000000000000	3Seq	ref_AY651061	ref_JF779679
JX463612.1	true	4938	11478	0.000000000000	3Seq	ref_AY651061	ref_JF779679
JX463611.1	true	4796	11478	0.000000000000	3Seq	ref_AY651061	ref_JF779679
JX463610.1	true	4794	11478	0.000000000000	3Seq	ref_AY651061	ref_JF779679
JX463609.1	true	4941	11478	0.000000000000	3Seq	ref_AY651061	ref_JF779679
JX463608.1	true	4796	11478	0.000000000000	3Seq	ref_AY651061	ref_JF779679
JX463607.1	true	4885	11478	0.000000000000	3Seq	ref_AY651061	ref_JF779679
JX463606.1	true	4881	11478	0.000000000000	3Seq	ref_AY651061	ref_JF779679
JX463605.1	true	4794	11125	0.000000000000	3Seq	ref_AY651061	ref_JF779679
JX463604.1	true	4885	11478	0.000000000000	3Seq	ref_AY651061	ref_JF779679
JX463603.1	true	4796	11478	0.000000000000	3Seq	ref_AY651061	ref_JF779679
JX463602.1	true	4796	11478	0.000000000000	3Seq	ref_AY651061	ref_JF779679
JX463601.1	true	4796	11478	0.000000000000	3Seq	ref_AY651061	ref_JF779679
JX463600.1	true	4845	11478	0.000000000000	3Seq	ref_AY651061	ref_JF779679
JX463599.1	true	4919	11478	0.000000000000	3Seq	ref_AY651061	ref_JF779679
JX463598.1	true	4919	11478	0.000000000000	3Seq	ref_AY651061	ref_JF779679
JX463597.1	true	4849	11478	0.000000000000	3Seq	ref_AY651061	ref_JF779679
JX463596.1	true	4919	11478	0.000000000000	3Seq	ref_AY651061	ref_JF779679
JX463595.1	true	4789	11478	0.000000000000	3Seq	ref_AY651061	ref_JF779679
JX463594.1	true	4919	11478	0.000000000000	3Seq	ref_AY651061	ref_JF779679
JX463593.1	true	4885	11478	0.000000000000	3Seq	ref_AY651061	ref_JF779679
JX463592.1	true	4789	11478	0.000000000000	3Seq	ref_AY651061	ref_JF779679
JX463591.1	true	4794	11113	0.000000000000	3Seq	ref_AY651061	ref_JF779679
JX463590.1	true	4849	11125	0.000000000000	3Seq	ref_AY651061	ref_JF779679
JX463589.1	true	4845	11478	0.000000000000	3Seq	ref_AY651061	ref_JF779679
JX463588.1	true	4941	11478	0.000000000000	3Seq	ref_AY651061	ref_JF779679
JX463587.1	true	4690	11478	0.000000000000	3Seq	ref_AY651061	ref_JF779679
JX463586.1	true	4845	11478	0.000000000000	3Seq	ref_AY651061	ref_JF779679
JX463585.1	true	4794	11478	0.000000000000	3Seq	ref_AY651061	ref_JF779679
JX463584.1	true	4845	11478	0.000000000000	3Seq	ref_AY651061	ref_JF779679
JX463583.1	true	4690	11478	0.000000000000	3Seq	ref_AY651061	ref_JF779679
JX463582.1	true	4794	11478	0.000000000000	3Seq	ref_AY651061	ref_JF779679
JX463581.1	true	4794	11125	0.000000000000	3Seq	ref_AY651061	ref_JF779679
JX463580.1	true	4885	11125	0.000000000000	3Seq	ref_AY651061	ref_JF779679
JX463579.1	true	4885	11478	0.000000000000	3Seq	ref_AY651061	ref_JF779679
JX463578.1	true	4885	11478	0.000000000000	3Seq	ref_AY651061	ref_JF779679
JX463577.1	true	4796	11478	0.000000000000	3Seq	ref_AY651061	ref_JF779679
JX463576.1	true	4845	11478	0.000000000000	3Seq	ref_AY651061	ref_JF779679
JX463575.1	true	4917	11478	0.000000000000	3Seq	ref_AY651061	ref_JF779679
JX463574.1	true	4939	11478	0.000000000000	3Seq	ref_AY651061	ref_JF779679
JX463573.1	true	4794	11478	0.000000000000	3Seq	ref_AY651061	ref_JF779679
JX463572.1	true	4789	11478	0.000000000000	3Seq	ref_AY651061	ref_JF779679
JX463571.1	true	4941	11125	0.000000000000	3Seq	ref_AY651061	ref_JF779679
JX463570.1	true	4789	11478	0.000000000000	3Seq	ref_AY651061	ref_JF779679
JX463569.1	true	4919	11478	0.000000000000	3Seq	ref_AY651061	ref_JF779679
JX463568.1	true	4885	11478	0.000000000000	3Seq	ref_AY651061	ref_JF779679
JX463567.1	true	4848	11478	0.000000000000	3Seq	ref_AY651061	ref_JF779679
JX463566.1	true	4941	11478	0.000000000000	3Seq	ref_AY651061	ref_JF779679
JX463565.1	true	4941	11478	0.000000000000	3Seq	ref_AY651061	ref_JF779679
JX463564.1	true	4849	11478	0.000000000000	3Seq	ref_AY651061	ref_JF779679
JX463563.1	true	4796	11477	0.000000000000	3Seq	ref_AY651061	ref_JF779679
JX463562.1	true	4941	11478	0.000000000000	3Seq	ref_AY651061	ref_JF779679
JX463561.1	true	4794	11478	0.000000000000	3Seq	ref_AY651061	ref_JF779679
JX463560.1	true	4794	11478	0.000000000000	3Seq	ref_AY651061	ref_JF779679
JX463559.1	true	4796	11478	0.000000000000	3Seq	ref_AY651061	ref_JF779679
JX463558.1	true	4789	11478	0.000000000000	3Seq	ref_AY651061	ref_JF779679
JX463557.1	true	4941	11478	0.000000000000	3Seq	ref_AY651061	ref_JF779679
JX463556.1	true	4845	11478	0.000000000000	3Seq	ref_AY651061	ref_JF779679
JX463555.1	true	4919	11478	0.000000000000	3Seq	ref_AY651061	ref_JF779679
JX463554.1	true	4796	11478	0.000000000000	3Seq	ref_AY651061	ref_JF779679
JX463553.1	true	4938	11478	0.000000000000	3Seq	ref_AY651061	ref_JF779679
JX463552.1	true	4794	11125	0.000000000000	3Seq	ref_AY651061	ref_JF779679
JX463550.1	true	4789	11478	0.000000000000	3Seq	ref_AY651061	ref_JF779679
JX463549.1	true	4796	11478	0.000000000000	3Seq	ref_AY651061	ref_JF779679
JX463548.1	true	4941	11478	0.000000000000	3Seq	ref_AY651061	ref_JF779679
JX463547.1	true	4794	11478	0.000000000000	3Seq	ref_AY651061	ref_JF779679
JX463546.1	true	4794	11478	0.000000000000	3Seq	ref_AY651061	ref_JF779679
JX463545.1	true	4794	11125	0.000000000000	3Seq	ref_AY651061	ref_JF779679
JX463544.1	true	4796	11478	0.000000000000	3Seq	ref_AY651061	ref_JF779679
JX463543.1	true	4796	11478	0.000000000000	3Seq	ref_AY651061	ref_JF779679
JX463542.1	true	4849	11478	0.000000000000	3Seq	ref_AY651061	ref_JF779679
JX463541.1	true	4845	11478	0.000000000000	3Seq	ref_AY651061	ref_JF779679
JX463540.1	true	4919	11478	0.000000000000	3Seq	ref_AY651061	ref_JF779679
JX463539.1	true	4941	11478	0.000000000000	3Seq	ref_AY651061	ref_JF779679
JX463538.1	true	4919	11478	0.000000000000	3Seq	ref_AY651061	ref_JF779679
JX463537.1	true	4794	11478	0.000000000000	3Seq	ref_AY651061	ref_JF779679
JX463536.1	true	4919	11478	0.000000000000	3Seq	ref_AY651061	ref_JF779679
JX463535.1	true	4885	11478	0.000000000000	3Seq	ref_AY651061	ref_JF779679
JX463534.1	true	4796	11478	0.000000000000	3Seq	ref_AY651061	ref_JF779679
JX463533.1	true	4885	11478	0.000000000000	3Seq	ref_AY651061	ref_JF779679
JX463532.1	true	4789	11478	0.000000000000	3Seq	ref_AY651061	ref_JF779679
JX463531.1	true	4881	11478	0.000000000000	3Seq	ref_AY651061	ref_JF779679
JX463530.1	true	4845	11478	0.000000000000	3Seq	ref_AY651061	ref_JF779679
JX463529.1	true	4690	11478	0.000000000000	3Seq	ref_AY651061	ref_JF779679
JX463528.1	true	4919	11478	0.000000000000	3Seq	ref_AY651061	ref_JF779679
JX463527.1	true	4919	11478	0.000000000000	3Seq	ref_AY651061	ref_JF779679
EU260396.2	true	4796	11478	0.000000000000	3Seq	ref_AY651061	ref_JF779679
EU260395.1	true	4750	11478	0.000000000000	3Seq	ref_AY651061	ref_JF779679
EU250017.2	true	4941	11478	0.000000000000	3Seq	ref_AY651061	ref_JF779679
EU239716.2	true	4794	11478	0.000000000000	3Seq	ref_AY651061	ref_JF779679
EU239715.2	true	4885	11478	0.000000000000	3Seq	ref_AY651061	ref_JF779679
EU239714.2	true	4564	11282	0.000000000000	3Seq	ref_KC248198	ref_AB677530
EU239713.2	true	4796	11478	0.000000000000	3Seq	ref_AY651061	ref_JF779679
EU234064.2	true	4796	11478	0.000000000000	3Seq	ref_AY651061	ref_JF779679
EU234063.2	true	4941	11478	0.000000000000	3Seq	ref_AY651061	ref_JF779679
EU234062.2	true	4566	11280	0.000000000000	3Seq	ref_KC248198	ref_AB677527
EU234061.2	true	4566	11555	0.000000000000	3Seq	ref_KC248198	ref_AB677527
EU155345.1	true	4833	11478	0.000000000000	3Seq	ref_AY651061	ref_JF779679
EU155294.1	true	4919	11478	0.000000000000	3Seq	ref_AY651061	ref_JF779679
EU155237.2	true	4794	11478	0.000000000000	3Seq	ref_AY651061	ref_JF779679
EU155236.2	true	4938	11478	0.000000000000	3Seq	ref_AY651061	ref_JF779679
EU155235.2	true	4592	11558	0.000000000000	3Seq	ref_KJ439773	ref_AB677527
EU155234.2	true	4566	11555	0.000000000000	3Seq	ref_KC248198	ref_AB677527
EU155233.2	true	4796	11478	0.000000000000	3Seq	ref_AY651061	ref_JF779679
EU155232.2	true	4620	11555	0.000000000000	3Seq	ref_KC248198	ref_AB677527
EU155231.2	true	4537	11558	0.000000000000	3Seq	ref_KJ439773	ref_AB677527
EU155230.2	true	4537	11558	0.000000000000	3Seq	ref_KJ439777	ref_AB677527
EU155229.2	true	4566	11248	0.000000000000	3Seq	ref_KC248198	ref_AB677527
EU155228.2	true	4580	11284	0.000000000000	3Seq	ref_KJ439773	ref_AB677530
EU155227.2	true	4541	11558	0.000000000000	3Seq	ref_KJ439773	ref_AB677527
EU155226.2	true	4537	11558	0.000000000000	3Seq	ref_KJ439777	ref_AB677527
EU155225.2	true	4567	11555	0.000000000000	3Seq	ref_KC248198	ref_AB677527
EU155224.2	true	4541	11284	0.000000000000	3Seq	ref_KJ439773	ref_AB677527
EU155223.2	true	4566	11555	0.000000000000	3Seq	ref_KC248198	ref_AB677527
EU155222.2	true	4564	11282	0.000000000000	3Seq	ref_KC248198	ref_AB677530
EU155221.2	true	4540	11558	0.000000000000	3Seq	ref_KJ439774	ref_AB677527
EU155220.2	true	4592	11558	0.000000000000	3Seq	ref_KJ439773	ref_AB677527
EU155219.2	true	183	4566	0.000000000000	3Seq	ref_AB677527	ref_KC248198
EU155218.2	true	4540	11558	0.000000000000	3Seq	ref_KJ439777	ref_AB677527
EU155217.2	true	4563	11555	0.000000000000	3Seq	ref_KC248198	ref_AB677527
EU155216.2	true	4845	11113	0.000000000000	3Seq	ref_AY651061	ref_JF779679
EU155215.2	true	4794	11478	0.000000000000	3Seq	ref_AY651061	ref_JF779679
EU155214.2	true	4919	11125	0.000000000000	3Seq	ref_AY651061	ref_JF779679
EU155213.2	true	4849	11478	0.000000000000	3Seq	ref_AY651061	ref_JF779679
KC844052.1	true	4588	11231	0.000000000000	3Seq	ref_AJ851228	ref_AB677530
KC844051.1	true	4541	11585	0.000000000000	3Seq	ref_KJ439773	ref_AB677527
KC844049.1	true	4794	11478	0.000000000000	3Seq	ref_AY651061	ref_JF779679
KC844047.1	true	4612	11057	0.000000000000	3Seq	ref_EU392174	ref_JF779679
KC283194.1	true	4919	11478	0.000000000000	3Seq	ref_AY651061	ref_JF779679
KC155254.1	true	4794	11478	0.000000000000	3Seq	ref_AY651061	ref_JF779679
JX463526.1	true	4849	11478	0.000000000000	3Seq	ref_AY651061	ref_JF779679
JX463525.1	true	4794	11478	0.000000000000	3Seq	ref_AY651061	ref_JF779679
JQ914272.1	true	4794	11478	0.000000000000	3Seq	ref_AY651061	ref_JF779679
JQ914271.1	true	4794	11478	0.000000000000	3Seq	ref_AY651061	ref_JF779679
JN120912.1	true	4537	11584	0.000000000000	3Seq	ref_KJ439773	ref_AB677527
HQ912959.1	true	4567	11231	0.000000000000	3Seq	ref_AJ851228	ref_AB677530
HQ912958.1	true	4567	11231	0.000000000000	3Seq	ref_AJ851228	ref_AB677530
HQ912956.1	true	4569	11231	0.000000000000	3Seq	ref_AJ851228	ref_AB677527
AB828704.1	true	4540	11231	0.000000000000	3Seq	ref_KJ439777	ref_AB677527
AB828703.1	true	4537	11231	0.000000000000	3Seq	ref_KJ439777	ref_AB677527
AB828702.1	true	4564	11193	0.000000000000	3Seq	ref_KC248198	ref_AB677530
AB828701.1	true	4540	11574	0.000000000000	3Seq	ref_KJ439777	ref_AB677527
AB828700.1	true	4540	11574	0.000000000000	3Seq	ref_KJ439777	ref_AB677527
AB828699.1	true	4537	11584	0.000000000000	3Seq	ref_KJ439773	ref_AB677527
HQ537007.1	true	4707	11115	0.000000000000	3Seq	ref_JX227970	ref_AB622121
HQ110091.1	true	4573	11575	0.000000000000	3Seq	ref_KC248198	ref_AB677527
GQ149768.1	true	4889	11478	0.000000000000	3Seq	ref_AY651061	ref_JF779679
FJ478453.1	true	4537	11558	0.000000000000	3Seq	ref_KJ439777	ref_AB677527
FJ410172.1	true	4794	11478	0.000000000000	3Seq	ref_AY651061	ref_JF779679
FJ390399.1	true	4794	11478	0.000000000000	3Seq	ref_AY651061	ref_JF779679
FJ390398.1	true	4537	11558	0.000000000000	3Seq	ref_KJ439773	ref_AB677527
FJ390397.1	true	4541	11558	0.000000000000	3Seq	ref_KJ439773	ref_AB677527
FJ390396.1	true	4540	11558	0.000000000000	3Seq	ref_KJ439777	ref_AB677527
FJ390395.1	true	4833	11478	0.000000000000	3Seq	ref_AY651061	ref_JF779679
FJ390394.1	true	4690	11478	0.000000000000	3Seq	ref_AY651061	ref_JF779679
FJ205869.1	true	4794	11478	0.000000000000	3Seq	ref_AY651061	ref_JF779679
FJ205868.1	true	4794	11478	0.000000000000	3Seq	ref_AY651061	ref_JF779679
FJ205867.1	true	4885	11478	0.000000000000	3Seq	ref_AY651061	ref_JF779679
FJ182001.1	true	4885	11478	0.000000000000	3Seq	ref_AY651061	ref_JF779679
FJ182000.1	true	4833	11478	0.000000000000	3Seq	ref_AY651061	ref_JF779679
FJ181999.1	true	4866	11478	0.000000000000	3Seq	ref_AY651061	ref_JF779679
FJ024282.1	true	4750	11478	0.000000000000	3Seq	ref_AY651061	ref_JF779679
FJ024281.1	true	4794	11478	0.000000000000	3Seq	ref_AY651061	ref_JF779679
FJ024280.1	true	4794	11478	0.000000000000	3Seq	ref_AY651061	ref_JF779679
FJ024279.1	true	4541	11558	0.000000000000	3Seq	ref_KJ439773	ref_AB677527
FJ024278.1	true	4796	11478	0.000000000000	3Seq	ref_AY651061	ref_JF779679
FJ024277.1	true	4541	11558	0.000000000000	3Seq	ref_KJ439773	ref_AB677527
FJ024276.1	true	4794	11478	0.000000000000	3Seq	ref_AY651061	ref_JF779679
FJ024275.1	true	4885	11478	0.000000000000	3Seq	ref_AY651061	ref_JF779679
FJ024274.1	true	4789	11478	0.000000000000	3Seq	ref_AY651061	ref_JF779679
FJ024087.1	true	4919	11478	0.000000000000	3Seq	ref_AY651061	ref_JF779679
FJ024086.1	true	4566	11558	0.000000000000	3Seq	ref_KJ439777	ref_AB677527
EU862841.1	true	4919	11125	0.000000000000	3Seq	ref_AY651061	ref_JF779679
EU862840.1	true	4794	11478	0.000000000000	3Seq	ref_AY651061	ref_JF779679
EU862839.1	true	4941	11478	0.000000000000	3Seq	ref_AY651061	ref_JF779679
EU862837.1	true	4566	11555	0.000000000000	3Seq	ref_KC248198	ref_AB677527
EU862836.1	true	4919	11478	0.000000000000	3Seq	ref_AY651061	ref_JF779679
EU862834.1	true	4789	11125	0.000000000000	3Seq	ref_AY651061	ref_JF779679
EU862832.1	true	4941	11477	0.000000000000	3Seq	ref_AY651061	ref_JF779679
EU862831.1	true	4919	11478	0.000000000000	3Seq	ref_AY651061	ref_JF779679
EU862828.1	true	4885	11478	0.000000000000	3Seq	ref_AY651061	ref_JF779679
EU862823.1	true	4941	11478	0.000000000000	3Seq	ref_AY651061	ref_JF779679
EU687195.1	true	4796	11478	0.000000000000	3Seq	ref_AY651061	ref_JF779679
EU687194.1	true	4941	11478	0.000000000000	3Seq	ref_AY651061	ref_JF779679
EU687193.1	true	4919	11478	0.000000000000	3Seq	ref_AY651061	ref_JF779679
EU660388.1	true	4566	11555	0.000000000000	3Seq	ref_KC248198	ref_AB677527
EU660387.1	true	4881	11478	0.000000000000	3Seq	ref_AY651061	ref_JF779679
EU660386.1	true	4566	11555	0.000000000000	3Seq	ref_KC248198	ref_AB677527
EU482889.1	true	4885	11478	0.000000000000	3Seq	ref_AY651061	ref_JF779679
EU482887.1	true	4794	11478	0.000000000000	3Seq	ref_AY651061	ref_JF779679
EU482879.1	true	4537	11558	0.000000000000	3Seq	ref_KJ439773	ref_AB677527
EU256086.1	true	4794	11478	0.000000000000	3Seq	ref_AY651061	ref_JF779679
EU256056.1	true	4941	11478	0.000000000000	3Seq	ref_AY651061	ref_JF779679
EU256055.1	true	4919	11478	0.000000000000	3Seq	ref_AY651061	ref_JF779679
EU256045.1	true	4541	11558	0.000000000000	3Seq	ref_KJ439773	ref_AB677527
EU256042.1	true	4885	11478	0.000000000000	3Seq	ref_AY651061	ref_JF779679
EU255967.1	true	4885	11478	0.000000000000	3Seq	ref_AY651061	ref_JF779679
EU255959.1	true	4805	11125	0.000000000000	3Seq	ref_AY651061	ref_JF779679
EU155379.1	true	4794	11113	0.000000000000	3Seq	ref_AY651061	ref_JF779679
EU155350.1	true	4805	11478	0.000000000000	3Seq	ref_AY651061	ref_JF779679
EU155312.2	true	4885	11478	0.000000000000	3Seq	ref_AY651061	ref_JF779679
EU155273.2	true	4796	11125	0.000000000000	3Seq	ref_AY651061	ref_JF779679
EU155265.2	true	4849	11125	0.000000000000	3Seq	ref_AY651061	ref_JF779679
EU155260.2	true	4573	11555	0.000000000000	3Seq	ref_KC248198	ref_AB677527
EU155247.2	true	4794	11478	0.000000000000	3Seq	ref_AY651061	ref_JF779679
EU155241.1	true	4869	11478	0.000000000000	3Seq	ref_AY651061	ref_JF779679
AB558135.2	true	4539	11577	0.000000000000	3Seq	ref_AB030907	ref_EU781827
HQ912957.1	true	4586	11222	0.000000000000	3Seq	ref_KC248198	ref_AB677530
GU451224.1	true	4569	11576	0.000000000000	3Seq	ref_AJ851228	ref_AB677527
GU451223.1	true	4569	11576	0.000000000000	3Seq	ref_AJ851228	ref_AB677527
GU451222.1	true	4572	11576	0.000000000000	3Seq	ref_KJ439773	ref_AB677527
GU451221.1	true	4545	11574	0.000000000000	3Seq	ref_KJ439777	ref_AB677527
GU451220.1	true	4540	11574	0.000000000000	3Seq	ref_KJ439777	ref_AB677527
GU451219.1	true	4540	11574	0.000000000000	3Seq	ref_KJ439777	ref_AB677527
GU451218.1	true	4541	11576	0.000000000000	3Seq	ref_KJ439773	ref_AB677527
FJ821465.1	true	4437	11577	0.000000000000	3Seq	ref_AB031663	ref_EU781827
EU857431.1	true	4541	11585	0.000000000000	3Seq	ref_KJ439773	ref_AB677527
PX387040.1	true	508	4042	0.000000000000	3Seq	ref_KC844042	ref_EU643835
PX386991.1	true	3999	10873	0.000000000000	3Seq	ref_AM408911	ref_AB661388
PX386990.1	true	4029	10920	0.000000000000	3Seq	ref_EU643835	ref_D00944
PX386989.1	true	536	4041	0.000000000000	3Seq	ref_JF735117	ref_EU643835
PX386988.1	true	523	4080	0.000000000000	3Seq	ref_FN666428	ref_EU643835
PX386987.1	true	573	4042	0.000000000000	3Seq	ref_D50409	ref_EU643835
PX386956.1	true	4041	11157	0.000000000000	3Seq	ref_EU643835	ref_FN666429
PX386926.1	true	3872	11231	0.000000000000	3Seq	ref_AY587845	ref_KC197240
PX386868.1	true	508	4046	0.000000000000	3Seq	ref_KC844042	ref_EU643835
PX386866.1	true	4041	10939	0.000000000000	3Seq	ref_EU643835	ref_JF735117
PX386846.1	true	536	4041	0.000000000000	3Seq	ref_JF735117	ref_EU643835
PX386826.1	true	4035	10806	0.000000000000	3Seq	ref_EU643835	ref_KC197237
PX386801.1	true	508	4042	0.000000000000	3Seq	ref_KC844042	ref_EU643835
PX386800.1	true	3999	10881	0.000000000000	3Seq	ref_AM408911	ref_AB661388
PX386755.1	true	508	4046	0.000000000000	3Seq	ref_KC844042	ref_EU643835
PX386728.1	true	4137	11016	0.000000000000	3Seq	ref_EU643835	ref_KC197238
PX386726.1	true	523	4035	0.000000000000	3Seq	ref_FN666428	ref_EU643835
PV555119.1	true	174	4033	0.000000000000	3Seq	ref_KC197240	ref_DQ155560
PP372686.1	true	174	4036	0.000000000000	3Seq	ref_KC197240	ref_DQ155560
OR498072.1	true	4041	10938	0.000000000000	3Seq	ref_DQ155560	ref_AB661388
OR497958.1	true	4092	10873	0.000000000000	3Seq	ref_AM408911	ref_D10988
OR497957.1	true	3977	10873	0.000000000000	3Seq	ref_AM408911	ref_AB661388
OR497955.1	true	4004	10796	0.000000000000	3Seq	ref_AM408911	ref_KC197240
OM525910.1	true	3964	10866	0.000000000000	3Seq	ref_AM408911	ref_AB661388
OM525908.1	true	4000	10866	0.000000000000	3Seq	ref_AM408911	ref_AB661388
OM525907.1	true	4000	10866	0.000000000000	3Seq	ref_AM408911	ref_AB661388
OM525905.1	true	3977	10873	0.000000000000	3Seq	ref_AM408911	ref_AB661388
OM525904.1	true	3870	11221	0.000000000000	3Seq	ref_AY587845	ref_AB661388
OM525903.1	true	3870	11221	0.000000000000	3Seq	ref_AY587845	ref_AB661388
OM525901.1	true	4000	10830	0.000000000000	3Seq	ref_AM408911	ref_AB661388
OM525900.1	true	3821	11221	0.000000000000	3Seq	ref_AY587845	ref_AB661388
OM525899.1	true	780	4041	0.000000000000	3Seq	ref_JF735114	ref_EU643835
OM525898.1	true	4003	10873	0.000000000000	3Seq	ref_AM408911	ref_AB661388
OM525893.1	true	3871	10873	0.000000000000	3Seq	ref_AM408911	ref_AB661388
OM525890.1	true	3767	11221	0.000000000000	3Seq	ref_AY587845	ref_AB661388
OM525887.1	true	4000	10866	0.000000000000	3Seq	ref_AM408911	ref_AB661388
OM525886.1	true	4000	10830	0.000000000000	3Seq	ref_AM408911	ref_AB661388
OM525885.1	true	3751	11221	0.000000000000	3Seq	ref_AY587845	ref_KC197238
OM525884.1	true	3870	11221	0.000000000000	3Seq	ref_AY587845	ref_AB661388
OM525881.1	true	4000	10866	0.000000000000	3Seq	ref_AM408911	ref_AB661388
OM525880.1	true	995	4047	0.000000000000	3Seq	ref_FN666428	ref_DQ364460
OM525878.1	true	4257	10834	0.000000000000	3Seq	ref_AM408911	ref_KC197240
OM525877.1	true	3801	11221	0.000000000000	3Seq	ref_AY587845	ref_AB661388
OM525874.1	true	4000	10866	0.000000000000	3Seq	ref_AM408911	ref_AB661388
OM525870.1	true	4000	10866	0.000000000000	3Seq	ref_AM408911	ref_AB661388
OM525861.1	true	4109	10866	0.000000000000	3Seq	ref_AM408911	ref_AB661382
OM525860.1	true	4000	10866	0.000000000000	3Seq	ref_AM408911	ref_AB661388
OM525858.1	true	3870	11221	0.000000000000	3Seq	ref_AY587845	ref_AB661388
OM525857.1	true	4062	10866	0.000000000000	3Seq	ref_AM408911	ref_AB661388
OM525855.1	true	738	3770	0.000000000000	3Seq	ref_AB661388	ref_AY587845
FN666429.1	true	3714	11212	0.000000000000	3Seq	ref_AY587845	ref_D10988
FN666428.2	true	3714	11221	0.000000000000	3Seq	ref_AY587845	ref_AB661388
ON314828.1	true	3820	11221	0.000000000000	3Seq	ref_AY587845	ref_KC197236
ON314827.1	true	3820	11221	0.000000000000	3Seq	ref_AY587845	ref_KC197236
ON314826.1	true	3999	10854	0.000000000000	3Seq	ref_AM408911	ref_AB661388
ON314825.1	true	3836	11221	0.000000000000	3Seq	ref_AY587845	ref_D10988
ON314824.1	true	3836	11221	0.000000000000	3Seq	ref_AY587845	ref_D10988
ON314823.1	true	4208	10873	0.000000000000	3Seq	ref_AM408911	ref_AB661388
ON314822.1	true	3870	11221	0.000000000000	3Seq	ref_AY587845	ref_D10988
OP022921.1	true	3999	10881	0.000000000000	3Seq	ref_AM408911	ref_AB661388
OP022920.1	true	3999	10881	0.000000000000	3Seq	ref_AM408911	ref_AB661388
OP022919.1	true	4044	11221	0.000000000000	3Seq	ref_EU643835	ref_JF735114
OP022918.1	true	1059	4000	0.000000000000	3Seq	ref_AB661388	ref_AM408911
OP022917.1	true	4059	11202	0.000000000000	3Seq	ref_DQ155560	ref_AB661388
OP022916.1	true	585	4035	0.000000000000	3Seq	ref_JF735117	ref_EU643835
OP022915.1	true	508	4042	0.000000000000	3Seq	ref_KC844042	ref_EU643835
OP022914.1	true	4042	11221	0.000000000000	3Seq	ref_EU643835	ref_KC197236
OP022913.1	true	523	4041	0.000000000000	3Seq	ref_JF735114	ref_EU643835
OP022912.1	true	573	4043	0.000000000000	3Seq	ref_FN666428	ref_EU643835
OP022911.1	true	3849	11221	0.000000000000	3Seq	ref_AY587845	ref_AB661388
OP022910.1	true	3999	10881	0.000000000000	3Seq	ref_AM408911	ref_AB661388
OP022909.1	true	3834	11221	0.000000000000	3Seq	ref_AY587845	ref_AB661388
OP022908.1	true	3999	10881	0.000000000000	3Seq	ref_AM408911	ref_AB661388
OP022907.1	true	3999	10881	0.000000000000	3Seq	ref_AM408911	ref_AB661388
OP022906.1	true	523	4027	0.000000000000	3Seq	ref_D00944	ref_EU643835
OP022905.1	true	3999	10881	0.000000000000	3Seq	ref_AM408911	ref_AB661388
OP022904.1	true	523	4041	0.000000000000	3Seq	ref_JF735114	ref_EU643835
OP022903.1	true	625	4043	0.000000000000	3Seq	ref_FN666428	ref_EU643835
OP022902.1	true	3999	10881	0.000000000000	3Seq	ref_AM408911	ref_AB661388
ON314820.1	true	3790	11221	0.000000000000	3Seq	ref_AY587845	ref_AB661388
ON314819.1	true	3770	11221	0.000000000000	3Seq	ref_AY587845	ref_AB661382
ON314818.1	true	593	3767	0.000000000000	3Seq	ref_AB661382	ref_AY587845
ON314817.1	true	3770	11221	0.000000000000	3Seq	ref_AY587845	ref_AB661382
ON314815.1	true	3770	11221	0.000000000000	3Seq	ref_AY587845	ref_AB661382
ON314814.1	true	3770	11221	0.000000000000	3Seq	ref_AY587845	ref_AB661382
ON314813.1	true	3806	11221	0.000000000000	3Seq	ref_AY587845	ref_KC197240
ON314812.1	true	3768	11221	0.000000000000	3Seq	ref_AY587845	ref_AB030907
OK552996.1	true	3998	10920	0.000000000000	3Seq	ref_EU643835	ref_KC844042
OK552995.1	true	3998	10920	0.000000000000	3Seq	ref_EU643835	ref_KC844042
OK552994.1	true	4042	10920	0.000000000000	3Seq	ref_EU643835	ref_KC844042
OK552993.1	true	3998	10920	0.000000000000	3Seq	ref_EU643835	ref_KC844042
OK552992.1	true	3998	10920	0.000000000000	3Seq	ref_EU643835	ref_KC844042
OK552991.1	true	3998	10920	0.000000000000	3Seq	ref_EU643835	ref_KC844042
OK552990.1	true	3998	10920	0.000000000000	3Seq	ref_EU643835	ref_KC844042
OK552989.1	true	3998	10920	0.000000000000	3Seq	ref_EU643835	ref_KC844042
OK552988.1	true	3998	10920	0.000000000000	3Seq	ref_EU643835	ref_KC844042
OK552987.1	true	3998	10920	0.000000000000	3Seq	ref_EU643835	ref_KC844042
OK552986.1	true	3998	10920	0.000000000000	3Seq	ref_EU643835	ref_KC844042
OK552985.1	true	3998	10920	0.000000000000	3Seq	ref_EU643835	ref_KC844042
OK552984.1	true	3998	10920	0.000000000000	3Seq	ref_EU643835	ref_KC844042
OK552983.1	true	3998	10920	0.000000000000	3Seq	ref_EU643835	ref_KC844042
OK552982.1	true	3998	10920	0.000000000000	3Seq	ref_EU643835	ref_KC844042
OK552981.1	true	3998	10920	0.000000000000	3Seq	ref_EU643835	ref_KC844042
OK552980.1	true	3998	10920	0.000000000000	3Seq	ref_EU643835	ref_KC844042
OK552979.1	true	3998	10920	0.000000000000	3Seq	ref_EU643835	ref_KC844042
OK552978.1	true	3998	10920	0.000000000000	3Seq	ref_EU643835	ref_KC844042
OK552977.1	true	3998	10920	0.000000000000	3Seq	ref_EU643835	ref_KC844042
OK552976.1	true	3998	10920	0.000000000000	3Seq	ref_EU643835	ref_KC844042
OK552975.1	true	3998	10920	0.000000000000	3Seq	ref_EU643835	ref_KC844042
OK552974.1	true	3998	10920	0.000000000000	3Seq	ref_EU643835	ref_KC844042
OK552973.1	true	3998	10744	0.000000000000	3Seq	ref_EU643835	ref_KC844042
OK552972.1	true	3998	10920	0.000000000000	3Seq	ref_EU643835	ref_KC844042
OK552971.1	true	3998	10920	0.000000000000	3Seq	ref_EU643835	ref_KC844042
OK552970.1	true	3998	10920	0.000000000000	3Seq	ref_EU643835	ref_KC844042
OK552969.1	true	3998	10920	0.000000000000	3Seq	ref_EU643835	ref_KC844042
OK552968.1	true	3998	10920	0.000000000000	3Seq	ref_EU643835	ref_KC844042
OK552967.1	true	3998	10920	0.000000000000	3Seq	ref_EU643835	ref_KC844042
OK552966.1	true	3998	10920	0.000000000000	3Seq	ref_EU643835	ref_KC844042
OK552964.1	true	3998	10920	0.000000000000	3Seq	ref_EU643835	ref_KC844042
OK552963.1	true	3998	10920	0.000000000000	3Seq	ref_EU643835	ref_KC844042
OK552962.1	true	3998	10920	0.000000000000	3Seq	ref_EU643835	ref_KC844042
OK552961.1	true	3998	10920	0.000000000000	3Seq	ref_EU643835	ref_KC844042
OK552960.1	true	3998	10920	0.000000000000	3Seq	ref_EU643835	ref_KC844042
OK552959.1	true	3998	10940	0.000000000000	3Seq	ref_EU643835	ref_KC844042
OK552958.1	true	4042	10940	0.000000000000	3Seq	ref_EU643835	ref_KC844042
OK552957.1	true	3998	10940	0.000000000000	3Seq	ref_EU643835	ref_KC844042
OK552956.1	true	3998	10940	0.000000000000	3Seq	ref_EU643835	ref_KC844042
OK552955.1	true	3998	10940	0.000000000000	3Seq	ref_EU643835	ref_KC844042
OK552954.1	true	4003	10940	0.000000000000	3Seq	ref_EU643835	ref_AB047639
OK552953.1	true	3998	10940	0.000000000000	3Seq	ref_EU643835	ref_KC844042
OK552952.1	true	3998	10940	0.000000000000	3Seq	ref_EU643835	ref_KC844042
OK552951.1	true	3998	10940	0.000000000000	3Seq	ref_EU643835	ref_KC844042
OK552950.1	true	4042	10940	0.000000000000	3Seq	ref_EU643835	ref_KC844042
OK552949.1	true	3998	10940	0.000000000000	3Seq	ref_EU643835	ref_KC844042
OK552948.1	true	3998	10940	0.000000000000	3Seq	ref_EU643835	ref_KC844042
OK552947.1	true	3998	10940	0.000000000000	3Seq	ref_EU643835	ref_KC844042
OK552946.1	true	3998	10940	0.000000000000	3Seq	ref_EU643835	ref_KC844042
OK552945.1	true	3998	10940	0.000000000000	3Seq	ref_EU643835	ref_KC844042
OK552944.1	true	3998	10940	0.000000000000	3Seq	ref_EU643835	ref_KC844042
OK552943.1	true	3998	10940	0.000000000000	3Seq	ref_EU643835	ref_KC844042
OK552942.1	true	3998	10940	0.000000000000	3Seq	ref_EU643835	ref_KC844042
OK552941.1	true	3998	10940	0.000000000000	3Seq	ref_EU643835	ref_KC844042
OK552940.1	true	4003	10940	0.000000000000	3Seq	ref_EU643835	ref_AB047639
OK552939.1	true	3998	10940	0.000000000000	3Seq	ref_EU643835	ref_KC844042
OK552938.1	true	3998	10940	0.000000000000	3Seq	ref_EU643835	ref_KC844042
OK552937.1	true	3998	10940	0.000000000000	3Seq	ref_EU643835	ref_KC844042
OK552936.1	true	3998	10940	0.000000000000	3Seq	ref_EU643835	ref_KC844042
OK552935.1	true	3998	10940	0.000000000000	3Seq	ref_EU643835	ref_KC844042
OK552934.1	true	4003	10940	0.000000000000	3Seq	ref_EU643835	ref_AB047639
OK552933.1	true	3998	10940	0.000000000000	3Seq	ref_EU643835	ref_KC844042
OK552932.1	true	3998	10940	0.000000000000	3Seq	ref_EU643835	ref_KC844042
OK552931.1	true	3998	10940	0.000000000000	3Seq	ref_EU643835	ref_KC844042
OK552930.1	true	3998	10940	0.000000000000	3Seq	ref_EU643835	ref_KC844042
OK552929.1	true	3998	10940	0.000000000000	3Seq	ref_EU643835	ref_KC844042
OK552928.1	true	3998	10940	0.000000000000	3Seq	ref_EU643835	ref_KC844042
OK552927.1	true	3998	10940	0.000000000000	3Seq	ref_EU643835	ref_KC844042
OK552926.1	true	4042	10940	0.000000000000	3Seq	ref_EU643835	ref_KC844042
OK552925.1	true	4003	10940	0.000000000000	3Seq	ref_EU643835	ref_AB047639
OK552924.1	true	4003	10940	0.000000000000	3Seq	ref_EU643835	ref_AB047639
OK552923.1	true	4042	10940	0.000000000000	3Seq	ref_EU643835	ref_KC844042
OK552922.1	true	4042	10940	0.000000000000	3Seq	ref_EU643835	ref_KC844042
OK552921.1	true	4003	10940	0.000000000000	3Seq	ref_EU643835	ref_AB047639
OK552920.1	true	4003	10940	0.000000000000	3Seq	ref_EU643835	ref_AB047639
OK552919.1	true	4042	10940	0.000000000000	3Seq	ref_EU643835	ref_KC844042
OK552918.1	true	4042	10940	0.000000000000	3Seq	ref_EU643835	ref_KC844042
OK552917.1	true	4042	10940	0.000000000000	3Seq	ref_EU643835	ref_KC844042
OK552916.1	true	4042	10940	0.000000000000	3Seq	ref_EU643835	ref_KC844042
OK552915.1	true	4042	10940	0.000000000000	3Seq	ref_EU643835	ref_KC844042
OK552914.1	true	4003	10940	0.000000000000	3Seq	ref_EU643835	ref_AB047639
OK552913.1	true	4042	10940	0.000000000000	3Seq	ref_EU643835	ref_KC844042
OK552912.1	true	4003	10940	0.000000000000	3Seq	ref_EU643835	ref_AB047639
OK552911.1	true	4003	10940	0.000000000000	3Seq	ref_EU643835	ref_AB047639
OK552910.1	true	4042	10940	0.000000000000	3Seq	ref_EU643835	ref_KC844042
OK552909.1	true	4042	10940	0.000000000000	3Seq	ref_EU643835	ref_KC844042
OK552908.1	true	4042	10940	0.000000000000	3Seq	ref_EU643835	ref_KC844042
OK552907.1	true	4042	10940	0.000000000000	3Seq	ref_EU643835	ref_KC844042
OK552906.1	true	4003	10940	0.000000000000	3Seq	ref_EU643835	ref_AB047639
OK552905.1	true	4003	10940	0.000000000000	3Seq	ref_EU643835	ref_AB047639
OK552904.1	true	4042	10940	0.000000000000	3Seq	ref_EU643835	ref_KC844042
OK552903.1	true	4042	10940	0.000000000000	3Seq	ref_EU643835	ref_KC844042
MW766365.1	true	3999	10881	0.000000000000	3Seq	ref_AM408911	ref_AB661388
MW629119.1	true	3999	10881	0.000000000000	3Seq	ref_AM408911	ref_AB661388
MW041296.1	true	3990	10869	0.000000000000	3Seq	ref_AM408911	ref_AB661388
MW041295.1	true	3985	10830	0.000000000000	3Seq	ref_AM408911	ref_AB661382
MW041294.1	true	3975	10871	0.000000000000	3Seq	ref_AM408911	ref_AB661388
MT995340.1	true	523	4033	0.000000000000	3Seq	ref_JF735114	ref_EU643835
MT995339.1	true	523	4033	0.000000000000	3Seq	ref_JF735114	ref_EU643835
MT995338.1	true	523	4033	0.000000000000	3Seq	ref_JF735114	ref_EU643835
MT995337.1	true	4036	10760	0.000000000000	3Seq	ref_EU643835	ref_HM777358
MT995336.1	true	523	4033	0.000000000000	3Seq	ref_JF735114	ref_EU643835
MT995315.1	true	590	4044	0.000000000000	3Seq	ref_JF735114	ref_EU643835
MT995314.1	true	590	4044	0.000000000000	3Seq	ref_JF735114	ref_EU643835
MT995313.1	true	590	4044	0.000000000000	3Seq	ref_JF735114	ref_EU643835
MT995312.1	true	588	4043	0.000000000000	3Seq	ref_FN666428	ref_EU643835
MT995311.1	true	590	4044	0.000000000000	3Seq	ref_JF735114	ref_EU643835
MT632146.1	true	4050	10866	0.000000000000	3Seq	ref_AM408911	ref_AB661388
MN385564.1	true	506	4041	0.000000000000	3Seq	ref_JF735113	ref_EU643835
MN385563.1	true	4046	10920	0.000000000000	3Seq	ref_EU643835	ref_JF735114
MH477423.1	true	3804	11221	0.000000000000	3Seq	ref_AY587845	ref_AB661388
MG406988.1	true	402	4029	0.000000000000	3Seq	ref_AB047639	ref_D00944
MG406987.1	true	402	4029	0.000000000000	3Seq	ref_AB047639	ref_D00944
KX621556.1	true	523	4041	0.000000000000	3Seq	ref_JF735114	ref_EU643835
KX621555.1	true	508	4041	0.000000000000	3Seq	ref_FN666429	ref_EU643835
KX621554.1	true	523	3996	0.000000000000	3Seq	ref_AB047639	ref_EU643835
KX621552.1	true	506	4029	0.000000000000	3Seq	ref_JF735113	ref_EU643835
KX621551.1	true	4041	10760	0.000000000000	3Seq	ref_EU643835	ref_HM777358
KX621550.1	true	523	4041	0.000000000000	3Seq	ref_JF735114	ref_EU643835
KX621549.1	true	523	4030	0.000000000000	3Seq	ref_JF735114	ref_EU643835
KX621548.1	true	508	4035	0.000000000000	3Seq	ref_KC844042	ref_EU643835
KX621547.1	true	523	4030	0.000000000000	3Seq	ref_JF735114	ref_EU643835
KX621546.1	true	506	4046	0.000000000000	3Seq	ref_JX227967	ref_EU643835
KX621545.1	true	508	4041	0.000000000000	3Seq	ref_FN666429	ref_EU643835
HM777358.1	true	3984	10760	0.000000000000	3Seq	ref_AM408911	ref_D10988
DQ430817.1	true	4038	10644	0.000000000000	3Seq	ref_EU643835	ref_HM777358
DQ430815.1	true	4038	10644	0.000000000000	3Seq	ref_EU643835	ref_HM777358
KU871278.1	true	4042	10773	0.000000000000	3Seq	ref_EU643835	ref_D50409
KU871277.1	true	523	4044	0.000000000000	3Seq	ref_JF735114	ref_EU643835
KU871276.1	true	523	3996	0.000000000000	3Seq	ref_JF735114	ref_EU643835
KM587621.1	true	4008	10868	0.000000000000	3Seq	ref_AM408911	ref_AB661388
KM587620.1	true	4000	10878	0.000000000000	3Seq	ref_AM408911	ref_AB661388
KM587619.1	true	4000	10873	0.000000000000	3Seq	ref_AM408911	ref_AB661388
KM587617.1	true	523	4035	0.000000000000	3Seq	ref_JF735114	ref_EU643835
KM587616.1	true	762	3766	0.000000000000	3Seq	ref_AB661388	ref_AY587845
KM349851.1	true	508	4047	0.000000000000	3Seq	ref_KC844042	ref_EU643835
KF700370.1	true	5445	9949	0.000000000000	3Seq	ref_HQ639944	ref_D00944
KF693783.1	true	402	4029	0.000000000000	3Seq	ref_AB047639	ref_D00944
KF693782.1	true	402	4029	0.000000000000	3Seq	ref_AB047639	ref_D00944
KF693781.1	true	402	4029	0.000000000000	3Seq	ref_AB047639	ref_D00944
KF693780.1	true	402	4029	0.000000000000	3Seq	ref_AB047639	ref_D00944
KF693779.1	true	402	4029	0.000000000000	3Seq	ref_AB047639	ref_D00944
KF693778.1	true	402	4029	0.000000000000	3Seq	ref_AB047639	ref_D00944
KF693777.1	true	402	4029	0.000000000000	3Seq	ref_AB047639	ref_D00944
KF693776.1	true	402	4029	0.000000000000	3Seq	ref_AB047639	ref_D00944
KF268446.1	true	5445	9949	0.000000000000	3Seq	ref_HQ639944	ref_D00944
KC967479.1	true	546	4029	0.000000000000	3Seq	ref_AB047639	ref_JX227949
KC967478.1	true	523	3996	0.000000000000	3Seq	ref_AB047639	ref_EU643835
KC967477.1	true	550	3996	0.000000000000	3Seq	ref_AB047639	ref_EU643835
KC844050.1	true	3977	10866	0.000000000000	3Seq	ref_AM408911	ref_AB661388
KC844048.1	true	536	4045	0.000000000000	3Seq	ref_JF735117	ref_EU643835
KC844043.1	true	3790	11221	0.000000000000	3Seq	ref_AY587845	ref_AB661388
KC844042.1	true	3990	11151	0.000000000000	3Seq	ref_AM408911	ref_AB661388
KC197240.1	true	4480	10543	0.000000000000	3Seq	ref_AM408911	ref_EF407457
KC197239.1	true	4004	10818	0.000000000000	3Seq	ref_AM408911	ref_KC197240
KC197238.1	true	4065	11017	0.000000000000	3Seq	ref_EU643835	ref_KC197235
KC197237.1	true	3689	11221	0.000000000000	3Seq	ref_AY587845	ref_KC197235
KC197236.1	true	1604	4079	0.000000000000	3Seq	ref_KC197240	ref_EU643835
KC197235.1	true	4411	10543	0.000000000000	3Seq	ref_AM408911	ref_EF407457
KC197234.1	true	3849	11236	0.000000000000	3Seq	ref_AY587845	ref_D10988
KC197233.1	true	3975	10863	0.000000000000	3Seq	ref_AM408911	ref_AB661388
KC197232.1	true	4008	10868	0.000000000000	3Seq	ref_AM408911	ref_AB661388
KC197231.1	true	4041	11202	0.000000000000	3Seq	ref_DQ155560	ref_AB661388
KC197230.1	true	4038	11202	0.000000000000	3Seq	ref_DQ155560	ref_AB661388
KC197229.1	true	576	4038	0.000000000000	3Seq	ref_AB661388	ref_DQ155560
KC197228.1	true	3999	10873	0.000000000000	3Seq	ref_AM408911	ref_AB661388
KC197227.1	true	4032	10837	0.000000000000	3Seq	ref_AM408911	ref_KC197240
KC197226.1	true	585	4041	0.000000000000	3Seq	ref_JF735117	ref_EU643835
HQ852469.1	true	402	4029	0.000000000000	3Seq	ref_AB047639	ref_D00944
HQ852468.1	true	402	4029	0.000000000000	3Seq	ref_AB047639	ref_D00944
HQ852467.1	true	402	4029	0.000000000000	3Seq	ref_AB047639	ref_D00944
HQ852466.1	true	402	4029	0.000000000000	3Seq	ref_AB047639	ref_D00944
HQ852465.1	true	402	4029	0.000000000000	3Seq	ref_AB047639	ref_D00944
HQ852464.1	true	402	4029	0.000000000000	3Seq	ref_AB047639	ref_D00944
HQ852463.1	true	402	4029	0.000000000000	3Seq	ref_AB047639	ref_D00944
HQ852462.1	true	402	4029	0.000000000000	3Seq	ref_AB047639	ref_D00944
HQ852461.1	true	402	4029	0.000000000000	3Seq	ref_AB047639	ref_D00944
HQ852460.1	true	402	4029	0.000000000000	3Seq	ref_AB047639	ref_D00944
HQ852459.1	true	402	4029	0.000000000000	3Seq	ref_AB047639	ref_D00944
HQ852458.1	true	402	4029	0.000000000000	3Seq	ref_AB047639	ref_D00944
AB690461.1	true	4004	10796	0.000000000000	3Seq	ref_AM408911	ref_KC197240
AB690460.1	true	174	4046	0.000000000000	3Seq	ref_KC197240	ref_DQ155560
JF343793.1	true	402	4029	0.000000000000	3Seq	ref_AB047639	ref_D00944
JF343792.1	true	402	4029	0.000000000000	3Seq	ref_AB047639	ref_D00944
JF343791.1	true	402	4029	0.000000000000	3Seq	ref_AB047639	ref_D00944
JF343790.1	true	402	4029	0.000000000000	3Seq	ref_AB047639	ref_D00944
JF343789.1	true	402	4029	0.000000000000	3Seq	ref_AB047639	ref_D00944
JF343788.1	true	402	4029	0.000000000000	3Seq	ref_AB047639	ref_D00944
JF343787.2	true	278	4033	0.000000000000	3Seq	ref_AB047639	ref_AY859526
JF343786.2	true	117	4029	0.000000000000	3Seq	ref_AB047639	ref_AF064490
JF343785.2	true	116	4026	0.000000000000	3Seq	ref_AB047639	ref_DQ418789
JF343784.2	true	86	4028	0.000000000000	3Seq	ref_AB047639	ref_D28917
JF343783.1	true	41	3996	0.000000000000	3Seq	ref_AB047639	ref_AB622121
JF343782.1	true	402	4029	0.000000000000	3Seq	ref_AB047639	ref_D00944
JF343781.2	true	85	4025	0.000000000000	3Seq	ref_AB047639	ref_D90208
JF343780.2	true	41	4029	0.000000000000	3Seq	ref_AB047639	ref_AY651061
HQ852457.1	true	492	4028	0.000000000000	3Seq	ref_AB047639	ref_D28917
HQ852456.1	true	506	4025	0.000000000000	3Seq	ref_AB047639	ref_D90208
HQ852455.1	true	506	4025	0.000000000000	3Seq	ref_AB047639	ref_D90208
HQ852454.1	true	473	4029	0.000000000000	3Seq	ref_AB047639	ref_EF407457
HQ852453.1	true	473	4029	0.000000000000	3Seq	ref_AB047639	ref_AY651061
HM777359.1	true	4056	10809	0.000000000000	3Seq	ref_AM408911	ref_KC197238
PZ302482.1	true	4352	9987	0.000000000000	3Seq	ref_KJ470623	ref_AY587845
PX387000.1	true	4452	9926	0.000000000000	3Seq	ref_KJ470623	ref_JF779679
PX386999.1	true	3197	10014	0.000000000000	3Seq	ref_JF735121	ref_DQ364460
PX386998.1	true	3774	9987	0.000000000000	3Seq	ref_JF735126	ref_AB677530
PX386997.1	true	3732	9731	0.000000000000	3Seq	ref_JF735121	ref_AB677530
PX386996.1	true	658	3912	0.000000000000	3Seq	ref_AB622121	ref_JF735121
PX386995.1	true	4483	9987	0.000000000000	3Seq	ref_KJ470623	ref_AY587845
PX386994.1	true	817	4567	0.000000000000	3Seq	ref_AB622121	ref_KJ470623
PX386993.1	true	3759	10044	0.000000000000	3Seq	ref_JF735121	ref_AB622121
PX386983.1	true	3819	9907	0.000000000005	3Seq	ref_JF735126	ref_AY587845
PX386980.1	true	4484	9965	0.000000000000	3Seq	ref_KJ470623	ref_AB622121
PX386977.1	true	1847	9435	0.000000000000	3Seq	ref_KJ470619	ref_AB677530
PX386976.1	true	3200	10421	0.000000000000	3Seq	ref_JF735121	ref_AB622121
PX386975.1	true	4332	9963	0.000000000000	3Seq	ref_KJ470623	ref_AY587845
PX386974.1	true	3764	10421	0.000000000000	3Seq	ref_JF735121	ref_AB622121
PX386971.1	true	4483	9987	0.000000000000	3Seq	ref_KJ470623	ref_DQ364460
PX386965.1	true	3989	9743	0.000000000000	3Seq	ref_JF735126	ref_AB622121
PX386963.1	true	1712	2822	0.000000000009	3Seq	ref_KC248195	ref_KC197239
PX446232.1	true	2385	9330	0.000000000000	3Seq	ref_JF735123	ref_AB677530
PX290144.1	true	2355	9987	0.000000000003	3Seq	ref_KJ470623	ref_AB622121
PQ660859.1	true	4352	9987	0.000000000000	3Seq	ref_KJ470623	ref_AB677530
PQ660857.1	true	1009	10760	0.000000000000	3Seq	ref_EF407457	ref_DQ418789
PQ660856.1	true	4352	9987	0.000000000001	3Seq	ref_KJ470623	ref_AB677530
PQ660852.1	true	982	10643	0.000000000000	3Seq	ref_EF407457	ref_DQ988074
PQ660848.1	true	4352	9987	0.000000000001	3Seq	ref_KJ470623	ref_AB677530
PQ660847.1	true	4352	9987	0.000000000001	3Seq	ref_KJ470623	ref_AB677530
PQ660840.1	true	4365	9987	0.000000000001	3Seq	ref_KJ470623	ref_AB677530
PQ660839.1	true	4352	9987	0.000000000001	3Seq	ref_KJ470623	ref_AB677530
PQ660837.1	true	4352	9987	0.000000000007	3Seq	ref_KJ470623	ref_AB677530
PQ660830.1	true	3926	9979	0.000000000001	3Seq	ref_JF735126	ref_AB622121
OR497988.1	true	3779	9707	0.000000000000	3Seq	ref_JF735126	ref_AB677530
OR497956.1	true	3651	10017	0.000000000000	3Seq	ref_JF735126	ref_AB677527
OR497875.1	true	4458	9963	0.000000000000	3Seq	ref_KJ470623	ref_AY587845
OR497874.1	true	4341	9987	0.000000000000	3Seq	ref_KJ470623	ref_AY587845
OR497873.1	true	3819	10017	0.000000000000	3Seq	ref_JF735126	ref_AY587845
OR497871.1	true	658	3764	0.000000000000	3Seq	ref_AB622121	ref_JF735121
OR497870.1	true	3773	10421	0.000000000000	3Seq	ref_JF735126	ref_AB622121
OR497869.1	true	3732	9987	0.000000000000	3Seq	ref_JF735121	ref_AB677530
OR497868.1	true	3917	10044	0.000000000000	3Seq	ref_JF735121	ref_AB622121
OR497867.1	true	3907	10022	0.000000000000	3Seq	ref_JF735121	ref_AY587845
OR497866.1	true	3733	9987	0.000000000000	3Seq	ref_JF735126	ref_AB677530
OR497865.1	true	3733	9543	0.000000000000	3Seq	ref_JF735121	ref_AB677530
OR497864.1	true	3733	9952	0.000000000000	3Seq	ref_JF735126	ref_AB677530
OR497863.1	true	3733	9952	0.000000000000	3Seq	ref_JF735126	ref_AB677530
OR497862.1	true	3733	9987	0.000000000000	3Seq	ref_JF735126	ref_AB677530
OR497861.1	true	3733	9987	0.000000000000	3Seq	ref_JF735126	ref_AB677530
OR497860.1	true	3733	9987	0.000000000000	3Seq	ref_JF735126	ref_AB677530
OR497859.1	true	3732	9731	0.000000000000	3Seq	ref_JF735121	ref_AB677530
OR497858.1	true	3915	10095	0.000000000000	3Seq	ref_JF735126	ref_AB622121
OR497857.1	true	3681	9730	0.000000000000	3Seq	ref_JF735121	ref_AB677530
OR497856.1	true	3733	9987	0.000000000000	3Seq	ref_JF735126	ref_AB677530
OR497855.1	true	3912	9987	0.000000000000	3Seq	ref_JF735121	ref_AB622121
OR497854.1	true	3733	9987	0.000000000000	3Seq	ref_JF735126	ref_AB677530
OR497853.1	true	3733	9987	0.000000000000	3Seq	ref_JF735126	ref_AB677530
OR497852.1	true	4483	10019	0.000000000000	3Seq	ref_DQ835769	ref_AB677530
OR497851.1	true	4261	10027	0.000000000000	3Seq	ref_JF735121	ref_AY587845
OR497850.1	true	3201	9391	0.000000000000	3Seq	ref_JF735123	ref_AB677527
OR497849.1	true	3803	9731	0.000000000000	3Seq	ref_JF735121	ref_AB677530
ON630900.1	true	3733	9987	0.000000000000	3Seq	ref_JF735126	ref_AB677530
ON630899.1	true	3732	9543	0.000000000000	3Seq	ref_JF735121	ref_AB677530
ON630898.1	true	3733	10054	0.000000000000	3Seq	ref_JF735126	ref_AB622121
ON630897.1	true	3907	10090	0.000000000000	3Seq	ref_JF735121	ref_AY587845
ON630896.1	true	3732	9730	0.000000000000	3Seq	ref_JF735121	ref_AB677530
ON630895.1	true	3732	9731	0.000000000000	3Seq	ref_JF735121	ref_AB677530
ON630894.1	true	3732	9987	0.000000000000	3Seq	ref_JF735121	ref_AB677530
ON630893.1	true	3733	9993	0.000000000000	3Seq	ref_JF735126	ref_AB677530
ON630892.1	true	3733	9987	0.000000000000	3Seq	ref_JF735126	ref_AB677530
ON630891.1	true	3732	9543	0.000000000000	3Seq	ref_JF735121	ref_AB677530
ON630890.1	true	3907	10022	0.000000000000	3Seq	ref_JF735121	ref_AY587845
ON630889.1	true	3652	10054	0.000000000000	3Seq	ref_JF735126	ref_AB622121
ON630888.1	true	3912	10044	0.000000000000	3Seq	ref_JF735121	ref_AB622121
ON630887.1	true	3732	10054	0.000000000000	3Seq	ref_JF735121	ref_AB677530
ON630886.1	true	3907	10022	0.000000000000	3Seq	ref_JF735126	ref_AY587845
ON630885.1	true	3733	9987	0.000000000000	3Seq	ref_JF735126	ref_AB677530
ON630884.1	true	3733	9987	0.000000000000	3Seq	ref_JF735126	ref_AB677530
ON630883.1	true	3915	10095	0.000000000000	3Seq	ref_JF735121	ref_AB622121
ON630882.1	true	3732	9987	0.000000000000	3Seq	ref_JF735121	ref_AB677530
ON630881.1	true	658	3652	0.000000000000	3Seq	ref_AB622121	ref_JF735121
ON630880.1	true	3732	9730	0.000000000000	3Seq	ref_JF735121	ref_AB677530
ON630879.1	true	3732	9730	0.000000000000	3Seq	ref_JF735121	ref_AB677530
ON630878.1	true	3733	10054	0.000000000000	3Seq	ref_JF735126	ref_AB622121
ON630877.1	true	3912	10044	0.000000000000	3Seq	ref_JF735121	ref_AB622121
ON630876.1	true	3652	9987	0.000000000000	3Seq	ref_JF735121	ref_AB622121
ON630875.1	true	3732	10044	0.000000000000	3Seq	ref_JF735121	ref_AB677530
ON630874.1	true	3732	10044	0.000000000000	3Seq	ref_JF735121	ref_AB677530
ON630873.1	true	3732	9543	0.000000000000	3Seq	ref_JF735121	ref_AB677530
ON630872.1	true	3681	9730	0.000000000000	3Seq	ref_JF735121	ref_AB677530
ON630871.1	true	3907	10022	0.000000000000	3Seq	ref_JF735121	ref_AY587845
ON630870.1	true	3733	9987	0.000000000000	3Seq	ref_JF735126	ref_AB677530
LC773638.1	true	3771	9951	0.000000000000	3Seq	ref_JF735121	ref_AB622121
LC773637.1	true	3680	10054	0.000000000000	3Seq	ref_JF735126	ref_AB622121
OP555745.1	true	412	8758	0.000000000000	3Seq	ref_AB047639	ref_EU392172
OP555744.1	true	412	8758	0.000000000000	3Seq	ref_AB047639	ref_EU392172
OP555743.1	true	412	8758	0.000000000000	3Seq	ref_AB047639	ref_EU392172
OP555742.1	true	3912	10054	0.000000000000	3Seq	ref_JF735126	ref_AB622121
OP555741.1	true	3912	10054	0.000000000000	3Seq	ref_JF735126	ref_AB622121
OP555740.1	true	3733	9987	0.000000000000	3Seq	ref_JF735126	ref_AB677530
OP555739.1	true	3733	9987	0.000000000000	3Seq	ref_JF735126	ref_AB677530
MW715689.1	true	3907	10022	0.000000000000	3Seq	ref_JF735121	ref_AY587845
MW675800.1	true	3907	10022	0.000000000000	3Seq	ref_JF735126	ref_AY587845
MW675799.1	true	3907	10022	0.000000000000	3Seq	ref_JF735121	ref_AY587845
MW675798.1	true	3907	10022	0.000000000000	3Seq	ref_JF735126	ref_AY587845
MW675797.1	true	3907	10022	0.000000000000	3Seq	ref_JF735126	ref_AY587845
MW629118.1	true	4341	9534	0.000000000000	3Seq	ref_KJ470623	ref_AY587845
MW531222.1	true	4341	9987	0.000000000001	3Seq	ref_KJ470623	ref_AY587845
MN977329.1	true	3651	9543	0.000000000000	3Seq	ref_JF735126	ref_AB677530
MN977328.1	true	4483	9963	0.000000000000	3Seq	ref_KJ470623	ref_AB622121
MN977326.1	true	4458	9963	0.000000000000	3Seq	ref_KJ470623	ref_AB622121
MN782310.1	true	4385	8754	0.000000000000	3Seq	ref_KJ470623	ref_AY587845
MN782309.1	true	3651	9543	0.000000000000	3Seq	ref_JF735126	ref_AB677530
LC368414.1	true	809	4352	0.000000000000	3Seq	ref_AY587845	ref_KJ470623
LC368357.1	true	809	4483	0.000000000004	3Seq	ref_AB622121	ref_KJ470623
LC368356.1	true	809	4459	0.000000000000	3Seq	ref_AB622121	ref_KJ470623
LC368343.1	true	4039	10337	0.000000000000	3Seq	ref_KC248198	ref_AB677530
MK799639.1	true	3911	9948	0.000000000000	3Seq	ref_JF735126	ref_AB622121
MH743151.1	true	658	3739	0.000000000000	3Seq	ref_AB622121	ref_JF735126
MH743150.1	true	658	3648	0.000000000000	3Seq	ref_AB622121	ref_JF735126
MH743149.1	true	3774	9834	0.000000000000	3Seq	ref_JF735126	ref_JF779679
MH743148.1	true	4332	9533	0.000000000000	3Seq	ref_KJ470623	ref_AB622121
MH743147.1	true	3724	9893	0.000000000000	3Seq	ref_DQ835769	ref_AB677527
MH742371.1	true	3808	9988	0.000000000000	3Seq	ref_DQ835769	ref_AB622121
MH742370.1	true	3201	9262	0.000000000000	3Seq	ref_JF735123	ref_AB622121
MH742369.1	true	1563	2541	0.000000000001	3Seq	ref_KJ439776	ref_JF735116
MH742368.1	true	7783	8389	0.000000000000	3Seq	ref_JF735136	ref_FJ462435
MH742367.1	true	3820	9436	0.000000000002	3Seq	ref_JF735123	ref_AY587845
MH742366.1	true	1797	2890	0.000000000028	3Seq	ref_KJ439776	ref_JF735116
MH742365.1	true	4471	9993	0.000000000000	3Seq	ref_DQ835769	ref_AB677530
MH742364.1	true	4120	9988	0.000000000000	3Seq	ref_JX183558	ref_AB677530
MH742363.1	true	3739	9730	0.000000000000	3Seq	ref_JF735126	ref_AB622121
MH742362.1	true	3739	10095	0.000000000000	3Seq	ref_JF735126	ref_AB622121
MH742361.1	true	4483	10019	0.000000000000	3Seq	ref_DQ835769	ref_AY587845
MH742360.1	true	4344	9981	0.000000000000	3Seq	ref_KJ470623	ref_AB677527
MH477426.1	true	3213	10044	0.000000000000	3Seq	ref_JF735126	ref_AB622121
MH477424.1	true	3213	10054	0.000000000000	3Seq	ref_JF735126	ref_AB622121
MH477418.1	true	4452	9981	0.000000000004	3Seq	ref_KJ470623	ref_JF779679
MH477417.1	true	3680	10044	0.000000000000	3Seq	ref_JF735121	ref_AB622121
AB795432.3	true	4361	9987	0.000000000000	3Seq	ref_KJ470623	ref_AY587845
KY283130.1	true	4352	9987	0.000000000000	3Seq	ref_KJ470623	ref_AY587845
KU871293.1	true	3651	9730	0.000000000000	3Seq	ref_JF735126	ref_AB622121
KU871292.1	true	3926	9963	0.000000000000	3Seq	ref_JF735126	ref_AB622121
KU871291.1	true	4341	9987	0.000000000071	3Seq	ref_KJ470623	ref_AY587845
KU871290.1	true	4341	9987	0.000000000004	3Seq	ref_KJ470623	ref_AY587845
KU871289.1	true	3808	9963	0.000000000004	3Seq	ref_KJ470623	ref_AB622121
KU871288.1	true	2241	2532	0.000000000004	3Seq	ref_JX227957	ref_D10988
KU871287.1	true	3732	9543	0.000000000000	3Seq	ref_JF735121	ref_AB677530
KU871286.1	true	3912	10022	0.000000000000	3Seq	ref_JF735121	ref_AB622121
KU871285.1	true	3732	10021	0.000000000000	3Seq	ref_JF735121	ref_AB677527
KU871284.1	true	3732	9987	0.000000000000	3Seq	ref_JF735121	ref_AB677530
KU871283.1	true	3733	9987	0.000000000000	3Seq	ref_JF735126	ref_AB677530
DQ988079.1	true	1026	4341	0.000000000000	3Seq	ref_AY587845	ref_KJ470623
DQ988078.1	true	3651	9948	0.000000000000	3Seq	ref_JF735126	ref_AB622121
DQ988077.1	true	809	4314	0.000000000000	3Seq	ref_AY587845	ref_KJ470623
DQ988076.1	true	1614	2886	0.000000000000	3Seq	ref_KC248195	ref_JF735116
DQ988075.1	true	4335	9987	0.000000000000	3Seq	ref_KJ470623	ref_AB677530
DQ988074.1	true	4434	9534	0.000000000000	3Seq	ref_KJ470623	ref_AY587845
KT735185.1	true	4341	9987	0.000000000000	3Seq	ref_KJ470623	ref_AY587845
KM587625.1	true	3774	10044	0.000000000000	3Seq	ref_JF735126	ref_AB677530
KM587624.1	true	3651	9549	0.000000000000	3Seq	ref_JF735126	ref_AB677530
KM043284.1	true	4483	9494	0.000000000000	3Seq	ref_KJ470623	ref_AY587845
KM043283.1	true	4483	9494	0.000000000000	3Seq	ref_KJ470623	ref_AY587845
KM043282.1	true	4483	9987	0.000000000000	3Seq	ref_KJ470623	ref_AY587845
KC844045.1	true	3729	9547	0.000000000000	3Seq	ref_JF735126	ref_AB677530
HQ537009.1	true	3880	10009	0.000000000000	3Seq	ref_KJ470618	ref_AY587845
HQ537008.1	true	1587	2771	0.000000000000	3Seq	ref_KJ439776	ref_JF735116
PX386979.1	true	148	9574	0.000000000000	3Seq	ref_KM252791	ref_EU246930
PX386978.1	true	148	9565	0.000000000000	3Seq	ref_KM252791	ref_EU246930
PX386969.1	true	148	9574	0.000000000000	3Seq	ref_KM252791	ref_EU246930
PX216757.1	true	3746	10139	0.000000000001	3Seq	ref_HQ537007	ref_DQ155560
PX216756.1	true	3746	10139	0.000000000000	3Seq	ref_HQ537007	ref_DQ155560
PP101940.1	true	3906	9459	0.000000000000	3Seq	ref_KJ470623	ref_DQ155560
PP101939.1	true	3943	9459	0.000000000000	3Seq	ref_KJ470623	ref_DQ155560
PP101937.1	true	3951	10057	0.000000000000	3Seq	ref_DQ835769	ref_DQ155560
PP101936.1	true	151	3848	0.000000000000	3Seq	ref_DQ155560	ref_EU246939
PP101935.1	true	3953	10230	0.000000000000	3Seq	ref_EU798761	ref_DQ155560
PP101934.1	true	89	9540	0.000000000000	3Seq	ref_DQ155560	ref_EU246931
PP101933.1	true	3877	10262	0.000000000000	3Seq	ref_EU781828	ref_DQ155560
PP101932.1	true	9546	10258	0.000000000000	3Seq	ref_EU246931	ref_EU246930
PP101931.1	true	9546	10258	0.000000000000	3Seq	ref_EU246931	ref_EU246930
PP101930.1	true	3904	10460	0.000000000000	3Seq	ref_EF632071	ref_DQ155560
PP101929.1	true	3964	10230	0.000000000000	3Seq	ref_EU798761	ref_DQ155560
PP101928.1	true	3985	10253	0.000000000000	3Seq	ref_KC248198	ref_DQ155560
PP101927.1	true	151	3870	0.000000000000	3Seq	ref_DQ155560	ref_EU246939
PP101926.1	true	3977	10250	0.000000000000	3Seq	ref_AF064490	ref_DQ155560
PP101925.1	true	4000	10247	0.000000000000	3Seq	ref_DQ835769	ref_DQ155560
PP101924.1	true	670	3656	0.000000000000	3Seq	ref_DQ155560	ref_KJ439772
PP101923.1	true	670	3656	0.000000000000	3Seq	ref_DQ155560	ref_KJ439772
PP101922.1	true	3893	10252	0.000000000000	3Seq	ref_EU781828	ref_DQ155560
PP101921.1	true	3977	10463	0.000000000000	3Seq	ref_AF064490	ref_DQ155560
PP101920.1	true	3882	10452	0.000000000000	3Seq	ref_KC248198	ref_DQ155560
PP101919.1	true	3742	10138	0.000000000000	3Seq	ref_DQ835769	ref_DQ155560
PP101918.1	true	89	9511	0.000000000000	3Seq	ref_KJ567651	ref_EU246931
PP101917.1	true	3954	10253	0.000000000000	3Seq	ref_KC248198	ref_DQ155560
PP101916.1	true	3707	10253	0.000000000000	3Seq	ref_KJ439772	ref_DQ155560
PP101915.1	true	3962	10452	0.000000000000	3Seq	ref_KJ439776	ref_DQ155560
PP101914.1	true	151	3870	0.000000000000	3Seq	ref_DQ155560	ref_EU246939
PP101913.1	true	3904	10460	0.000000000000	3Seq	ref_EF632071	ref_DQ155560
PP101912.1	true	3870	10460	0.000000000000	3Seq	ref_EF632071	ref_DQ155560
PP101909.1	true	3951	10041	0.000000000000	3Seq	ref_D63822	ref_DQ155560
PP101908.1	true	670	3622	0.000000000000	3Seq	ref_DQ155560	ref_FJ462431
PP101905.1	true	3943	9459	0.000000000000	3Seq	ref_KJ470623	ref_DQ155560
PP101904.1	true	670	3656	0.000000000000	3Seq	ref_DQ155560	ref_KJ439772
PP101903.1	true	3744	10252	0.000000000000	3Seq	ref_EU781828	ref_DQ155560
PP101902.1	true	3877	9870	0.000000000000	3Seq	ref_DQ835761	ref_DQ155560
PP101901.1	true	3877	9870	0.000000000000	3Seq	ref_DQ835761	ref_DQ155560
PP101900.1	true	3680	10452	0.000000000000	3Seq	ref_KJ439776	ref_DQ155560
PP101899.1	true	3877	9873	0.000000000000	3Seq	ref_DQ835761	ref_DQ155560
PP101898.1	true	3877	9873	0.000000000000	3Seq	ref_DQ835761	ref_DQ155560
PP101897.1	true	3727	10251	0.000000000000	3Seq	ref_M58335	ref_DQ155560
PP101896.1	true	3727	10251	0.000000000000	3Seq	ref_M58335	ref_DQ155560
PP101895.1	true	3744	10461	0.000000000000	3Seq	ref_EU781828	ref_DQ155560
PP101894.1	true	3735	10452	0.000000000000	3Seq	ref_KC248198	ref_DQ155560
PP101893.1	true	3894	10452	0.000000000000	3Seq	ref_KC248199	ref_DQ155560
PP101892.1	true	3894	10452	0.000000000000	3Seq	ref_KC248199	ref_DQ155560
PP101891.1	true	3737	10230	0.000000000000	3Seq	ref_EU798761	ref_DQ155560
PP101890.1	true	3741	10452	0.000000000000	3Seq	ref_KC248194	ref_DQ155560
PP101889.1	true	3954	10253	0.000000000000	3Seq	ref_KC248198	ref_DQ155560
PP101888.1	true	3954	10253	0.000000000000	3Seq	ref_KC248198	ref_DQ155560
OR346001.1	true	3870	10460	0.000000000000	3Seq	ref_EF632071	ref_DQ155560
OR346000.1	true	3870	10460	0.000000000000	3Seq	ref_EF632071	ref_DQ155560
OR345999.1	true	3870	10460	0.000000000000	3Seq	ref_DQ314805	ref_DQ155560
OR345998.1	true	3870	10460	0.000000000000	3Seq	ref_DQ314805	ref_DQ155560
OR345997.1	true	9546	10258	0.000000000000	3Seq	ref_EU246931	ref_EU246930
OR345996.1	true	9546	10258	0.000000000000	3Seq	ref_EU246931	ref_EU246930
OR345995.1	true	89	9540	0.000000000000	3Seq	ref_DQ155560	ref_EU246931
OR345994.1	true	89	9540	0.000000000000	3Seq	ref_DQ155560	ref_EU246931
OR345993.1	true	9540	10248	0.000000000000	3Seq	ref_EU246931	ref_EF424629
OR345992.1	true	89	9540	0.000000000000	3Seq	ref_DQ155560	ref_EU246931
OR345991.1	true	89	9540	0.000000000000	3Seq	ref_DQ155560	ref_EU246931
OR345990.1	true	89	9540	0.000000000000	3Seq	ref_DQ155560	ref_EU246931
OQ832071.1	true	3667	10452	0.000000000000	3Seq	ref_KC248194	ref_DQ155560
MK468928.1	true	3046	10401	0.000000000000	3Seq	ref_FN666429	ref_EU643835
MK468927.1	true	507	4985	0.000000000000	3Seq	ref_EU643835	ref_DQ835761
MK468926.1	true	615	3938	0.000000000000	3Seq	ref_EU643835	ref_JX183552
MW629116.1	true	651	3707	0.000000000000	3Seq	ref_DQ155560	ref_KC248194
MZ161158.1	true	89	9565	0.000000000000	3Seq	ref_KM252791	ref_EU246930
MZ161157.1	true	89	9565	0.000000000000	3Seq	ref_KM252791	ref_EU246930
MZ504976.1	true	3716	10067	0.000000000000	3Seq	ref_KC248194	ref_DQ155560
MZ504974.1	true	3723	10067	0.000000000000	3Seq	ref_KC248194	ref_DQ155560
MZ504973.1	true	3977	10147	0.000000000000	3Seq	ref_KC248199	ref_DQ155560
MZ171134.1	true	3733	10239	0.000000000000	3Seq	ref_KC248199	ref_DQ155560
MZ171133.1	true	3814	10238	0.000000000000	3Seq	ref_KJ439774	ref_DQ155560
MZ171132.1	true	3814	10238	0.000000000000	3Seq	ref_KJ439774	ref_DQ155560
MZ171131.1	true	3814	10238	0.000000000000	3Seq	ref_KJ439774	ref_DQ155560
MZ171130.1	true	3814	10238	0.000000000000	3Seq	ref_KJ439774	ref_DQ155560
MZ171129.1	true	3814	10238	0.000000000000	3Seq	ref_KJ439774	ref_DQ155560
MZ171128.1	true	4059	10171	0.000000000000	3Seq	ref_KJ439774	ref_DQ155560
MZ171127.1	true	3977	10461	0.000000000000	3Seq	ref_AJ851228	ref_DQ155560
MZ161156.1	true	9575	10254	0.000000000000	3Seq	ref_EU246930	ref_KM252789
MZ161155.1	true	9575	10254	0.000000000000	3Seq	ref_EU246930	ref_KM252789
MZ161154.1	true	89	9565	0.000000000000	3Seq	ref_KM252791	ref_EU246930
MZ161153.1	true	89	9565	0.000000000000	3Seq	ref_KM252791	ref_EU246930
MZ161152.1	true	89	9565	0.000000000000	3Seq	ref_KM252791	ref_EU246930
MZ161151.1	true	89	9565	0.000000000000	3Seq	ref_KM252791	ref_EU246930
MZ161150.1	true	184	9535	0.000000000000	3Seq	ref_KM252789	ref_EU246930
MZ161149.1	true	89	9535	0.000000000000	3Seq	ref_KM252789	ref_EU246930
MZ161148.1	true	89	9565	0.000000000000	3Seq	ref_KM252791	ref_EU246930
MZ161147.1	true	184	9565	0.000000000000	3Seq	ref_KM252791	ref_EU246930
MZ161146.1	true	184	9565	0.000000000000	3Seq	ref_KM252791	ref_EU246930
MZ161145.1	true	89	9565	0.000000000000	3Seq	ref_KM252791	ref_EU246930
MT185686.1	true	148	9565	0.000000000000	3Seq	ref_KM252791	ref_EU246930
LC368435.1	true	4002	9325	0.000000000000	3Seq	ref_AF064490	ref_DQ155560
LC368423.1	true	4002	9325	0.000000000000	3Seq	ref_AF064490	ref_DQ155560
LC368421.1	true	641	3668	0.000000000000	3Seq	ref_DQ155560	ref_JQ065709
LC368409.1	true	4002	9325	0.000000000000	3Seq	ref_AF064490	ref_DQ155560
MN240359.1	true	3862	10460	0.000000000000	3Seq	ref_KC248198	ref_DQ155560
MK328026.1	true	651	3880	0.000000000000	3Seq	ref_EU643835	ref_KC248194
MK328024.1	true	615	3977	0.000000000000	3Seq	ref_EU643835	ref_DQ835770
MK328023.1	true	699	3032	0.000000000000	3Seq	ref_DQ155560	ref_NC_030791
MK328022.1	true	610	4432	0.000000000000	3Seq	ref_EU643835	ref_JX183558
MK328021.1	true	3747	10075	0.000000000000	3Seq	ref_KJ439781	ref_DQ155560
MK328020.1	true	670	2901	0.000000000000	3Seq	ref_EU643835	ref_JX227970
MK328019.1	true	529	3943	0.000000000000	3Seq	ref_EU643835	ref_D84265
MK328018.1	true	654	3623	0.000000000000	3Seq	ref_EU643835	ref_KC248198
MK328017.1	true	4046	10172	0.000000000000	3Seq	ref_HQ537007	ref_DQ155560
MK328016.1	true	651	3356	0.000000000000	3Seq	ref_EU643835	ref_X76918
MK328015.1	true	3299	10486	0.000000000009	3Seq	ref_KJ439780	ref_EU643835
MK328014.1	true	651	3707	0.000000000000	3Seq	ref_EU643835	ref_JX227970
MK328013.1	true	3592	10490	0.000000000000	3Seq	ref_X76918	ref_EU643835
MK328012.1	true	823	4640	0.000000000000	3Seq	ref_EU643835	ref_AF064490
MK328009.1	true	813	3997	0.000000000000	3Seq	ref_EU643835	ref_JF735135
MK328008.1	true	651	4064	0.000000000000	3Seq	ref_EU643835	ref_JF735136
MK328007.1	true	567	4234	0.000000000000	3Seq	ref_EU643835	ref_JX183558
MK328005.1	true	550	4108	0.000000000000	3Seq	ref_EU643835	ref_JX183558
MK328004.1	true	651	2899	0.000000000026	3Seq	ref_DQ155560	ref_FJ462435
MK328001.1	true	689	3011	0.000000000000	3Seq	ref_EU643835	ref_JF735126
MK328000.1	true	3929	10461	0.000000000000	3Seq	ref_KJ439774	ref_DQ155560
MK327999.1	true	568	3939	0.000000000000	3Seq	ref_EU643835	ref_DQ835769
MK327998.1	true	529	4407	0.000000000000	3Seq	ref_EU643835	ref_DQ835762
MK327997.1	true	454	4097	0.000000000000	3Seq	ref_EU643835	ref_DQ835769
MK327995.1	true	529	3939	0.000000000000	3Seq	ref_EU643835	ref_DQ835769
MK327993.1	true	3739	10087	0.000000000000	3Seq	ref_HQ537007	ref_DQ155560
MK327992.1	true	3592	10490	0.000000000000	3Seq	ref_X76918	ref_EU643835
MK327991.1	true	692	3661	0.000000000000	3Seq	ref_DQ155560	ref_JF735126
MK327990.1	true	3707	10075	0.000000000000	3Seq	ref_KJ439781	ref_DQ155560
MK327988.1	true	4008	10463	0.000000000000	3Seq	ref_AF064490	ref_DQ155560
MK327987.1	true	552	3939	0.000000000000	3Seq	ref_EU643835	ref_DQ835769
MK327986.1	true	203	9535	0.000000000000	3Seq	ref_KM252791	ref_EU246930
MK327985.1	true	568	4681	0.000000000000	3Seq	ref_EU643835	ref_DQ835769
MK327984.1	true	645	2999	0.000000000000	3Seq	ref_EU643835	ref_EU392175
MK327983.1	true	651	4138	0.000000000000	3Seq	ref_EU643835	ref_KC248193
MK327982.1	true	615	4828	0.000000000000	3Seq	ref_EU643835	ref_DQ835770
MK327981.1	true	651	3516	0.000000000000	3Seq	ref_EU643835	ref_FJ839870
MK139022.1	true	3999	10166	0.000000000000	3Seq	ref_AF064490	ref_DQ155560
MK139021.1	true	4002	10166	0.000000000000	3Seq	ref_AF064490	ref_DQ155560
MK139020.1	true	4002	10166	0.000000000000	3Seq	ref_AF064490	ref_DQ155560
MK139019.1	true	4002	10166	0.000000000000	3Seq	ref_AF064490	ref_DQ155560
MK139018.1	true	4002	10166	0.000000000000	3Seq	ref_AF064490	ref_DQ155560
MK139017.1	true	4002	10166	0.000000000000	3Seq	ref_AF064490	ref_DQ155560
MK139016.1	true	4002	10463	0.000000000000	3Seq	ref_AF064490	ref_DQ155560
MK139015.1	true	4002	10166	0.000000000000	3Seq	ref_AF064490	ref_DQ155560
MH492362.1	true	4002	10166	0.000000000000	3Seq	ref_AF064490	ref_DQ155560
MH492361.1	true	4002	10166	0.000000000000	3Seq	ref_AF064490	ref_DQ155560
MH492360.1	true	4002	10463	0.000000000000	3Seq	ref_AF064490	ref_DQ155560
MG878999.1	true	651	4039	0.000000000000	3Seq	ref_EU643835	ref_AF064490
MG437050.1	true	3978	10166	0.000000000000	3Seq	ref_AF064490	ref_DQ155560
LC435028.1	true	3880	10082	0.000000000000	3Seq	ref_EU798761	ref_DQ155560
LC435027.1	true	206	9519	0.000000000000	3Seq	ref_EF632071	ref_EU246931
LC435024.1	true	3860	10082	0.000000000000	3Seq	ref_EU798761	ref_DQ155560
LC435023.1	true	9540	10271	0.000000000000	3Seq	ref_EU246931	ref_EF632071
LC435021.1	true	89	9535	0.000000000000	3Seq	ref_KM252789	ref_EU246930
KY120330.1	true	4002	10089	0.000000000000	3Seq	ref_AF064490	ref_DQ155560
KY120329.1	true	108	9565	0.000000000000	3Seq	ref_KM252791	ref_EU246930
KY014622.1	true	3978	10166	0.000000000000	3Seq	ref_AF064490	ref_DQ155560
KU871311.1	true	9565	10188	0.000000000000	3Seq	ref_EU246930	ref_KM252791
KU871310.1	true	9565	10188	0.000000000000	3Seq	ref_EU246930	ref_KM252791
KM587630.1	true	3937	10463	0.000000000000	3Seq	ref_AF064490	ref_DQ155560
KM587629.1	true	9489	10252	0.000000000000	3Seq	ref_EU246931	ref_EF424629
KM587628.1	true	148	9533	0.000000000000	3Seq	ref_KM252789	ref_EU246930
KM587627.1	true	148	9527	0.000000000000	3Seq	ref_KM252791	ref_EU246930
KC844040.1	true	3746	10080	0.000000000000	3Seq	ref_HQ537007	ref_DQ155560
KC844039.1	true	643	3714	0.000000000000	3Seq	ref_DQ155560	ref_AY051292
KC844038.1	true	184	9561	0.000000000000	3Seq	ref_KM252791	ref_EU246930
KC844037.1	true	148	9565	0.000000000000	3Seq	ref_KM252791	ref_EU246930
KC191671.2	true	4002	10166	0.000000000000	3Seq	ref_AF064490	ref_DQ155560
HQ912955.1	true	225	9565	0.000000000000	3Seq	ref_KM252791	ref_EU246930
HQ912954.1	true	225	9565	0.000000000000	3Seq	ref_KM252791	ref_EU246930
EU158186.1	true	4002	10463	0.000000000044	3Seq	ref_AF064490	ref_DQ155560
PQ899568.1	true	3668	10131	0.000000000000	3Seq	ref_KJ439780	ref_AM408911
PP101938.1	true	604	3907	0.000000000000	3Seq	ref_DQ155560	ref_KJ470623
PP101907.1	true	3715	10446	0.000000000000	3Seq	ref_EU781828	ref_DQ155560
PP101906.1	true	3715	10446	0.000000000000	3Seq	ref_EU781828	ref_DQ155560
PP092208.1	true	549	3937	0.000000001060	3Seq	ref_EU643835	ref_JF735115
PP092207.1	true	4119	10447	0.000000000000	3Seq	ref_KJ439780	ref_DQ155560
PP092206.1	true	3627	7893	0.000000038021	3Seq	ref_FJ407092	ref_AM408911
PP092205.1	true	663	3733	0.000000000022	3Seq	ref_EU643835	ref_KJ439772
OM525859.1	true	3887	10280	0.000000000000	3Seq	ref_JX227972	ref_AY587845
MW689975.1	true	469	3909	0.000000000000	3Seq	ref_JF779679	ref_EF424625
MK328010.1	true	671	4080	0.000000000000	3Seq	ref_EU643835	ref_KC248195
MK328006.1	true	479	4081	0.000000000000	3Seq	ref_EU643835	ref_KC248195
MK328003.1	true	652	4080	0.000000000000	3Seq	ref_EU643835	ref_KC248195
MK328002.1	true	652	4081	0.000000000000	3Seq	ref_EU643835	ref_KC248195
MK327996.1	true	652	3615	0.000000000000	3Seq	ref_EU643835	ref_JF735126
MK327994.1	true	667	2722	0.000000000066	3Seq	ref_EU643835	ref_FJ407092
MK327989.1	true	652	4081	0.000000000000	3Seq	ref_EU643835	ref_KC248195
MH921830.1	true	3926	10054	0.000000000000	3Seq	ref_EU246934	ref_DQ364460
MH590701.1	true	3595	8312	0.000000000150	3Seq	ref_JX227970	ref_AB622121
MG879000.1	true	479	4081	0.000000000000	3Seq	ref_EU643835	ref_KC248195
MH590700.1	true	4331	8698	0.000000004435	3Seq	ref_JX227970	ref_AB622121
MH590699.1	true	647	2968	0.000000029376	3Seq	ref_JF779679	ref_NC_030791
MH590698.1	true	3421	8537	0.000000000252	3Seq	ref_JX227970	ref_AB677530
KU861171.1	false	0	0				
KX621517.1	true	4173	9875	0.000000000000	3Seq	ref_AY651061	ref_JF779679
KX092342.1	false	0	0				
KX172138.1	false	0	0				
PX387002.1	true	1034	3528	0.000000000000	3Seq	ref_AM408911	ref_DQ278894
PX387001.1	true	991	3527	0.000000000000	3Seq	ref_AM408911	ref_KM252792
PQ899567.1	true	982	3611	0.000000000000	3Seq	ref_AM408911	ref_EU246939
KU871282.1	true	3528	10272	0.000000000000	3Seq	ref_JX183557	ref_AM408911
KU871281.1	true	3528	10272	0.000000000000	3Seq	ref_JX183557	ref_AM408911
KU871280.1	true	3527	10272	0.000000000000	3Seq	ref_KM252792	ref_AM408911
KU871279.1	true	3527	10272	0.000000000000	3Seq	ref_KM252792	ref_AM408911
KT595242.1	true	3847	9934	0.000000000000	3Seq	ref_KJ439772	ref_AM408911
KM587626.1	true	962	3528	0.000000000000	3Seq	ref_AM408911	ref_KM252792
KF373567.1	true	1034	3528	0.000000000000	3Seq	ref_AM408911	ref_JX183557
KC844046.1	true	928	3519	0.000000000000	3Seq	ref_AM408911	ref_JX183557
KC767834.1	true	928	3528	0.000000000000	3Seq	ref_AM408911	ref_JX183557
KC767833.1	true	1045	3534	0.000000000000	3Seq	ref_AM408911	ref_KJ439781
KC767832.1	true	991	3528	0.000000000000	3Seq	ref_AM408911	ref_KM252792
KC767831.1	true	3528	10190	0.000000000000	3Seq	ref_JX183557	ref_AM408911
KC767830.1	true	928	3528	0.000000000000	3Seq	ref_AM408911	ref_JX183557
KC767829.1	true	1034	3528	0.000000000000	3Seq	ref_AM408911	ref_DQ278894
MH940291.1	true	1597	5778	0.000000790845	3Seq	ref_FJ462437	ref_EU798760
