accession_id	length	is_complete	is_annotated	isolate_collection_date	location	region	submitter_country	release_date	update_date
PZ302493.1	9285.0			2025-12-15	India	Asia	India	2026-04-28T00:00:00Z	2026-04-28T00:00:00Z
PZ302492.1	9445.0			2025-12-08	India	Asia	India	2026-04-28T00:00:00Z	2026-04-28T00:00:00Z
PZ302491.1	9433.0			2025-12-05	India	Asia	India	2026-04-28T00:00:00Z	2026-04-28T00:00:00Z
PZ302490.1	9002.0		True	2025-11-04	India	Asia	India	2026-04-28T00:00:00Z	2026-04-28T00:00:00Z
PZ302489.1	9073.0			2025-10-13	India	Asia	India	2026-04-28T00:00:00Z	2026-04-28T00:00:00Z
PZ302488.1	9444.0		True	2025-09-30	India	Asia	India	2026-04-28T00:00:00Z	2026-04-28T00:00:00Z
PZ302487.1	9217.0		True	2025-09-12	India	Asia	India	2026-04-28T00:00:00Z	2026-04-28T00:00:00Z
PZ302486.1	9442.0		True	2025-09-02	India	Asia	India	2026-04-28T00:00:00Z	2026-04-28T00:00:00Z
PZ302485.1	9463.0			2025-09-01	India	Asia	India	2026-04-28T00:00:00Z	2026-04-28T00:00:00Z
PZ302484.1	9167.0		True	2025-08-21	India	Asia	India	2026-04-28T00:00:00Z	2026-04-28T00:00:00Z
PZ302483.1	9425.0		True	2025-08-29	India	Asia	India	2026-04-28T00:00:00Z	2026-04-28T00:00:00Z
PZ302482.1	9610.0			2025-08-27	India	Asia	India	2026-04-28T00:00:00Z	2026-04-28T00:00:00Z
PZ302481.1	9421.0		True	2025-08-27	India	Asia	India	2026-04-28T00:00:00Z	2026-04-28T00:00:00Z
PZ302480.1	9514.0			2025-08-26	India	Asia	India	2026-04-28T00:00:00Z	2026-04-28T00:00:00Z
PZ302479.1	9594.0			2025-08-14	India	Asia	India	2026-04-28T00:00:00Z	2026-04-28T00:00:00Z
PZ302478.1	9348.0			2025-08-12	India	Asia	India	2026-04-28T00:00:00Z	2026-04-28T00:00:00Z
PZ302477.1	9485.0			2025-08-08	India	Asia	India	2026-04-28T00:00:00Z	2026-04-28T00:00:00Z
PZ302476.1	9340.0			2025-08-07	India	Asia	India	2026-04-28T00:00:00Z	2026-04-28T00:00:00Z
PZ302475.1	9444.0		True	2025-08-04	India	Asia	India	2026-04-28T00:00:00Z	2026-04-28T00:00:00Z
PZ302474.1	9442.0		True	2025-08-01	India	Asia	India	2026-04-28T00:00:00Z	2026-04-28T00:00:00Z
PZ302473.1	9218.0			2025-07-22	India	Asia	India	2026-04-28T00:00:00Z	2026-04-28T00:00:00Z
PZ302472.1	9599.0		True	2025-07-14	India	Asia	India	2026-04-28T00:00:00Z	2026-04-28T00:00:00Z
PZ302471.1	8972.0		True	2025-07-14	India	Asia	India	2026-04-28T00:00:00Z	2026-04-28T00:00:00Z
PZ302470.1	9482.0			2025-07-11	India	Asia	India	2026-04-28T00:00:00Z	2026-04-28T00:00:00Z
PZ302469.1	9403.0		True	2025-07-02	India	Asia	India	2026-04-28T00:00:00Z	2026-04-28T00:00:00Z
PZ302468.1	9217.0		True	2025-07-01	India	Asia	India	2026-04-28T00:00:00Z	2026-04-28T00:00:00Z
PZ302467.1	9002.0		True	2025-06-18	India	Asia	India	2026-04-28T00:00:00Z	2026-04-28T00:00:00Z
PZ302466.1	9039.0		True	2025-05-23	India	Asia	India	2026-04-28T00:00:00Z	2026-04-28T00:00:00Z
PZ302465.1	9427.0			2025-05-09	India	Asia	India	2026-04-28T00:00:00Z	2026-04-28T00:00:00Z
PZ302464.1	9075.0		True	2025-05-07	India	Asia	India	2026-04-28T00:00:00Z	2026-04-28T00:00:00Z
PZ302463.1	9442.0		True	2025-04-29	India	Asia	India	2026-04-28T00:00:00Z	2026-04-28T00:00:00Z
PZ302462.1	9442.0		True	2025-04-29	India	Asia	India	2026-04-28T00:00:00Z	2026-04-28T00:00:00Z
PZ302461.1	9403.0			2025-04-16	India	Asia	India	2026-04-28T00:00:00Z	2026-04-28T00:00:00Z
PZ302460.1	9386.0		True	2025-04-15	India	Asia	India	2026-04-28T00:00:00Z	2026-04-28T00:00:00Z
PZ302459.1	9459.0			2025-03-21	India	Asia	India	2026-04-28T00:00:00Z	2026-04-28T00:00:00Z
PZ302458.1	9002.0		True	2025-03-11	India	Asia	India	2026-04-28T00:00:00Z	2026-04-28T00:00:00Z
PZ302457.1	9426.0			2025-03-02	India	Asia	India	2026-04-28T00:00:00Z	2026-04-28T00:00:00Z
PZ302456.1	9442.0		True	2025-02-15	India	Asia	India	2026-04-28T00:00:00Z	2026-04-28T00:00:00Z
PZ302455.1	9460.0			2025-02-05	India	Asia	India	2026-04-28T00:00:00Z	2026-04-28T00:00:00Z
PZ302454.1	9386.0			2025-01-29	India	Asia	India	2026-04-28T00:00:00Z	2026-04-28T00:00:00Z
PZ098544.1	9315.0		True	2024	Russia: West Siberia, Tomsk region	Europe	Russia	2026-05-19T00:00:00Z	2026-05-19T00:00:00Z
PZ098543.1	9315.0		True	2024	Russia: West Siberia, Tomsk region	Europe	Russia	2026-05-19T00:00:00Z	2026-05-19T00:00:00Z
PZ098542.1	9315.0		True	2024	Russia: West Siberia, Tomsk region	Europe	Russia	2026-05-19T00:00:00Z	2026-05-19T00:00:00Z
PZ098541.1	9315.0		True	2024	Russia: West Siberia, Tomsk region	Europe	Russia	2026-05-19T00:00:00Z	2026-05-19T00:00:00Z
PZ098540.1	9315.0		True	2024	Russia: West Siberia, Tomsk region	Europe	Russia	2026-05-19T00:00:00Z	2026-05-19T00:00:00Z
PZ098539.1	9315.0		True	2024	Russia: West Siberia, Tomsk region	Europe	Russia	2026-05-19T00:00:00Z	2026-05-19T00:00:00Z
PZ098538.1	9315.0		True	2024	Russia: West Siberia, Tomsk region	Europe	Russia	2026-05-19T00:00:00Z	2026-05-19T00:00:00Z
PZ098537.1	9315.0		True	2024	Russia: West Siberia, Tomsk region	Europe	Russia	2026-05-19T00:00:00Z	2026-05-19T00:00:00Z
PZ098536.1	9315.0		True	2024	Russia: West Siberia, Tomsk region	Europe	Russia	2026-05-19T00:00:00Z	2026-05-19T00:00:00Z
PZ098535.1	9315.0		True	2024	Russia: West Siberia, Tomsk region	Europe	Russia	2026-05-19T00:00:00Z	2026-05-19T00:00:00Z
PZ098534.1	9315.0		True	2024	Russia: West Siberia, Tomsk region	Europe	Russia	2026-05-19T00:00:00Z	2026-05-19T00:00:00Z
PZ098533.1	9315.0		True	2024	Russia: West Siberia, Tomsk region	Europe	Russia	2026-05-19T00:00:00Z	2026-05-19T00:00:00Z
PZ098532.1	9315.0		True	2024	Russia: West Siberia, Tomsk region	Europe	Russia	2026-05-19T00:00:00Z	2026-05-19T00:00:00Z
PZ098531.1	9315.0		True	2024	Russia: West Siberia, Tomsk region	Europe	Russia	2026-05-19T00:00:00Z	2026-05-19T00:00:00Z
PZ098530.1	9315.0		True	2024	Russia: West Siberia, Tomsk region	Europe	Russia	2026-05-19T00:00:00Z	2026-05-19T00:00:00Z
PX459926.1	9298.0		True	2016	Cameroon	Africa		2025-10-20T00:00:00Z	2025-10-20T00:00:00Z
PX387040.1	9240.0		True	2017	United Kingdom	Europe	United Kingdom	2025-10-19T00:00:00Z	2025-10-19T00:00:00Z
PX387039.1	9413.0		True	2016	United Kingdom	Europe	United Kingdom	2025-10-19T00:00:00Z	2025-10-19T00:00:00Z
PX387038.1	9321.0		True	2015	United Kingdom	Europe	United Kingdom	2025-10-19T00:00:00Z	2025-10-19T00:00:00Z
PX387037.1	9393.0		True	2017	United Kingdom	Europe	United Kingdom	2025-10-19T00:00:00Z	2025-10-19T00:00:00Z
PX387036.1	9196.0		True	2013	United Kingdom	Europe	United Kingdom	2025-10-19T00:00:00Z	2025-10-19T00:00:00Z
PX387035.1	9162.0		True	2016	United Kingdom	Europe	United Kingdom	2025-10-19T00:00:00Z	2025-10-19T00:00:00Z
PX387034.1	9408.0		True	2013	United Kingdom	Europe	United Kingdom	2025-10-19T00:00:00Z	2025-10-19T00:00:00Z
PX387033.1	9237.0		True	2017	United Kingdom	Europe	United Kingdom	2025-10-19T00:00:00Z	2025-10-19T00:00:00Z
PX387032.1	9411.0		True	2016	United Kingdom	Europe	United Kingdom	2025-10-19T00:00:00Z	2025-10-19T00:00:00Z
PX387031.1	9418.0		True	2017	United Kingdom	Europe	United Kingdom	2025-10-19T00:00:00Z	2025-10-19T00:00:00Z
PX387030.1	9237.0		True	2016	United Kingdom	Europe	United Kingdom	2025-10-19T00:00:00Z	2025-10-19T00:00:00Z
PX387029.1	9157.0		True	2017	United Kingdom	Europe	United Kingdom	2025-10-19T00:00:00Z	2025-10-19T00:00:00Z
PX387028.1	9227.0		True	2017	United Kingdom	Europe	United Kingdom	2025-10-19T00:00:00Z	2025-10-19T00:00:00Z
PX387027.1	9420.0		True	2014	United Kingdom	Europe	United Kingdom	2025-10-19T00:00:00Z	2025-10-19T00:00:00Z
PX387026.1	9417.0		True	2017	United Kingdom	Europe	United Kingdom	2025-10-19T00:00:00Z	2025-10-19T00:00:00Z
PX387025.1	9392.0		True	2015	United Kingdom	Europe	United Kingdom	2025-10-19T00:00:00Z	2025-10-19T00:00:00Z
PX387024.1	9309.0		True	2016	United Kingdom	Europe	United Kingdom	2025-10-19T00:00:00Z	2025-10-19T00:00:00Z
PX387023.1	9312.0		True	2015	United Kingdom	Europe	United Kingdom	2025-10-19T00:00:00Z	2025-10-19T00:00:00Z
PX387022.1	9387.0		True	2015	United Kingdom	Europe	United Kingdom	2025-10-19T00:00:00Z	2025-10-19T00:00:00Z
PX387021.1	9306.0		True	2015	United Kingdom	Europe	United Kingdom	2025-10-19T00:00:00Z	2025-10-19T00:00:00Z
PX387020.1	9387.0		True	2015	United Kingdom	Europe	United Kingdom	2025-10-19T00:00:00Z	2025-10-19T00:00:00Z
PX387019.1	9387.0		True	2015	United Kingdom	Europe	United Kingdom	2025-10-19T00:00:00Z	2025-10-19T00:00:00Z
PX387018.1	9312.0		True	2015	United Kingdom	Europe	United Kingdom	2025-10-19T00:00:00Z	2025-10-19T00:00:00Z
PX387017.1	9416.0		True	2016	United Kingdom	Europe	United Kingdom	2025-10-19T00:00:00Z	2025-10-19T00:00:00Z
PX387016.1	9415.0		True	2016	United Kingdom	Europe	United Kingdom	2025-10-19T00:00:00Z	2025-10-19T00:00:00Z
PX387015.1	9551.0		True	2016	United Kingdom	Europe	United Kingdom	2025-10-19T00:00:00Z	2025-10-19T00:00:00Z
PX387014.1	9306.0		True	2016	United Kingdom	Europe	United Kingdom	2025-10-19T00:00:00Z	2025-10-19T00:00:00Z
PX387013.1	9410.0		True	2016	United Kingdom	Europe	United Kingdom	2025-10-19T00:00:00Z	2025-10-19T00:00:00Z
PX387012.1	9295.0		True	2015	United Kingdom	Europe	United Kingdom	2025-10-19T00:00:00Z	2025-10-19T00:00:00Z
PX387011.1	9320.0		True	2015	United Kingdom	Europe	United Kingdom	2025-10-19T00:00:00Z	2025-10-19T00:00:00Z
PX387010.1	9277.0		True	2015	United Kingdom	Europe	United Kingdom	2025-10-19T00:00:00Z	2025-10-19T00:00:00Z
PX387009.1	9328.0		True	2015	United Kingdom	Europe	United Kingdom	2025-10-19T00:00:00Z	2025-10-19T00:00:00Z
PX387008.1	9392.0		True	2016	United Kingdom	Europe	United Kingdom	2025-10-19T00:00:00Z	2025-10-19T00:00:00Z
PX387007.1	9329.0		True	2017	United Kingdom	Europe	United Kingdom	2025-10-19T00:00:00Z	2025-10-19T00:00:00Z
PX387006.1	9256.0		True	2013	United Kingdom	Europe	United Kingdom	2025-10-19T00:00:00Z	2025-10-19T00:00:00Z
PX387005.1	9421.0		True	2017	United Kingdom	Europe	United Kingdom	2025-10-19T00:00:00Z	2025-10-19T00:00:00Z
PX387004.1	9137.0		True	2017	United Kingdom	Europe	United Kingdom	2025-10-19T00:00:00Z	2025-10-19T00:00:00Z
PX387003.1	9243.0		True	2017	United Kingdom	Europe	United Kingdom	2025-10-19T00:00:00Z	2025-10-19T00:00:00Z
PX387002.1	9321.0		True	2016	United Kingdom	Europe	United Kingdom	2025-10-19T00:00:00Z	2025-10-19T00:00:00Z
PX387001.1	9345.0		True	2017	United Kingdom	Europe	United Kingdom	2025-10-19T00:00:00Z	2025-10-19T00:00:00Z
PX387000.1	9198.0		True	2014	United Kingdom	Europe	United Kingdom	2025-10-19T00:00:00Z	2025-10-19T00:00:00Z
PX386999.1	9287.0		True	2016	United Kingdom	Europe	United Kingdom	2025-10-19T00:00:00Z	2025-10-19T00:00:00Z
PX386998.1	9340.0		True	2016	United Kingdom	Europe	United Kingdom	2025-10-19T00:00:00Z	2025-10-19T00:00:00Z
PX386997.1	9186.0		True	2017	United Kingdom	Europe	United Kingdom	2025-10-19T00:00:00Z	2025-10-19T00:00:00Z
PX386996.1	9337.0		True	2017	United Kingdom	Europe	United Kingdom	2025-10-19T00:00:00Z	2025-10-19T00:00:00Z
PX386995.1	9299.0		True	2015	United Kingdom	Europe	United Kingdom	2025-10-19T00:00:00Z	2025-10-19T00:00:00Z
PX386994.1	9226.0		True	2017	United Kingdom	Europe	United Kingdom	2025-10-19T00:00:00Z	2025-10-19T00:00:00Z
PX386993.1	9236.0		True	2017	United Kingdom	Europe	United Kingdom	2025-10-19T00:00:00Z	2025-10-19T00:00:00Z
PX386992.1	9292.0		True	2017	United Kingdom	Europe	United Kingdom	2025-10-19T00:00:00Z	2025-10-19T00:00:00Z
PX386991.1	9449.0		True	2016	United Kingdom	Europe	United Kingdom	2025-10-19T00:00:00Z	2025-10-19T00:00:00Z
PX386990.1	9406.0		True	2015	United Kingdom	Europe	United Kingdom	2025-10-19T00:00:00Z	2025-10-19T00:00:00Z
PX386989.1	9246.0		True	2015	United Kingdom	Europe	United Kingdom	2025-10-19T00:00:00Z	2025-10-19T00:00:00Z
PX386988.1	9418.0		True	2015	United Kingdom	Europe	United Kingdom	2025-10-19T00:00:00Z	2025-10-19T00:00:00Z
PX386987.1	9406.0		True	2015	United Kingdom	Europe	United Kingdom	2025-10-19T00:00:00Z	2025-10-19T00:00:00Z
PX386986.1	9392.0		True	2016	United Kingdom	Europe	United Kingdom	2025-10-19T00:00:00Z	2025-10-19T00:00:00Z
PX386985.1	9371.0		True	2015	United Kingdom	Europe	United Kingdom	2025-10-19T00:00:00Z	2025-10-19T00:00:00Z
PX386984.1	9415.0		True	2015	United Kingdom	Europe	United Kingdom	2025-10-19T00:00:00Z	2025-10-19T00:00:00Z
PX386983.1	9303.0		True	2014	United Kingdom	Europe	United Kingdom	2025-10-19T00:00:00Z	2025-10-19T00:00:00Z
PX386982.1	9397.0		True	2015	United Kingdom	Europe	United Kingdom	2025-10-19T00:00:00Z	2025-10-19T00:00:00Z
PX386981.1	9398.0		True	2014	United Kingdom	Europe	United Kingdom	2025-10-19T00:00:00Z	2025-10-19T00:00:00Z
PX386980.1	9398.0		True	2014	United Kingdom	Europe	United Kingdom	2025-10-19T00:00:00Z	2025-10-19T00:00:00Z
PX386979.1	9358.0		True	2014	United Kingdom	Europe	United Kingdom	2025-10-19T00:00:00Z	2025-10-19T00:00:00Z
PX386978.1	9358.0		True	2014	United Kingdom	Europe	United Kingdom	2025-10-19T00:00:00Z	2025-10-19T00:00:00Z
PX386977.1	9296.0		True	2014	United Kingdom	Europe	United Kingdom	2025-10-19T00:00:00Z	2025-10-19T00:00:00Z
PX386976.1	9325.0		True	2014	United Kingdom	Europe	United Kingdom	2025-10-19T00:00:00Z	2025-10-19T00:00:00Z
PX386975.1	9378.0		True	2014	United Kingdom	Europe	United Kingdom	2025-10-19T00:00:00Z	2025-10-19T00:00:00Z
PX386974.1	9319.0		True	2014	United Kingdom	Europe	United Kingdom	2025-10-19T00:00:00Z	2025-10-19T00:00:00Z
PX386973.1	9420.0		True	2014	United Kingdom	Europe	United Kingdom	2025-10-19T00:00:00Z	2025-10-19T00:00:00Z
PX386972.1	9331.0		True	2014	United Kingdom	Europe	United Kingdom	2025-10-19T00:00:00Z	2025-10-19T00:00:00Z
PX386971.1	9371.0		True	2013	United Kingdom	Europe	United Kingdom	2025-10-19T00:00:00Z	2025-10-19T00:00:00Z
PX386970.1	9413.0		True	2014	United Kingdom	Europe	United Kingdom	2025-10-19T00:00:00Z	2025-10-19T00:00:00Z
PX386969.1	9367.0		True	2013	United Kingdom	Europe	United Kingdom	2025-10-19T00:00:00Z	2025-10-19T00:00:00Z
PX386968.1	9345.0		True	2013	United Kingdom	Europe	United Kingdom	2025-10-19T00:00:00Z	2025-10-19T00:00:00Z
PX386967.1	9414.0		True	2015	United Kingdom	Europe	United Kingdom	2025-10-19T00:00:00Z	2025-10-19T00:00:00Z
PX386966.1	9418.0		True	2014	United Kingdom	Europe	United Kingdom	2025-10-19T00:00:00Z	2025-10-19T00:00:00Z
PX386965.1	9323.0		True	2012	United Kingdom	Europe	United Kingdom	2025-10-19T00:00:00Z	2025-10-19T00:00:00Z
PX386964.1	9406.0		True	2013	United Kingdom	Europe	United Kingdom	2025-10-19T00:00:00Z	2025-10-19T00:00:00Z
PX386963.1	9245.0		True	2013	United Kingdom	Europe	United Kingdom	2025-10-19T00:00:00Z	2025-10-19T00:00:00Z
PX386962.1	9352.0		True	2014	United Kingdom	Europe	United Kingdom	2025-10-19T00:00:00Z	2025-10-19T00:00:00Z
PX386961.1	9329.0		True	2017	United Kingdom	Europe	United Kingdom	2025-10-19T00:00:00Z	2025-10-19T00:00:00Z
PX386960.1	9430.0		True	2017	United Kingdom	Europe	United Kingdom	2025-10-19T00:00:00Z	2025-10-19T00:00:00Z
PX386959.1	9409.0		True	2017	United Kingdom	Europe	United Kingdom	2025-10-19T00:00:00Z	2025-10-19T00:00:00Z
PX386958.1	9306.0		True	2017	United Kingdom	Europe	United Kingdom	2025-10-19T00:00:00Z	2025-10-19T00:00:00Z
PX386957.1	9420.0		True	2014	United Kingdom	Europe	United Kingdom	2025-10-19T00:00:00Z	2025-10-19T00:00:00Z
PX386956.1	9290.0		True	2016	United Kingdom	Europe	United Kingdom	2025-10-19T00:00:00Z	2025-10-19T00:00:00Z
PX386955.1	9312.0		True	2017	United Kingdom	Europe	United Kingdom	2025-10-19T00:00:00Z	2025-10-19T00:00:00Z
PX386954.1	9218.0		True	2016	United Kingdom	Europe	United Kingdom	2025-10-19T00:00:00Z	2025-10-19T00:00:00Z
PX386953.1	9317.0		True	2016	United Kingdom	Europe	United Kingdom	2025-10-19T00:00:00Z	2025-10-19T00:00:00Z
PX386952.1	9147.0		True	2017	United Kingdom	Europe	United Kingdom	2025-10-19T00:00:00Z	2025-10-19T00:00:00Z
PX386951.1	9393.0		True	2017	United Kingdom	Europe	United Kingdom	2025-10-19T00:00:00Z	2025-10-19T00:00:00Z
PX386950.1	9415.0		True	2016	United Kingdom	Europe	United Kingdom	2025-10-19T00:00:00Z	2025-10-19T00:00:00Z
PX386949.1	9233.0		True	2016	United Kingdom	Europe	United Kingdom	2025-10-19T00:00:00Z	2025-10-19T00:00:00Z
PX386948.1	9411.0		True	2017	United Kingdom	Europe	United Kingdom	2025-10-19T00:00:00Z	2025-10-19T00:00:00Z
PX386947.1	9309.0		True	2016	United Kingdom	Europe	United Kingdom	2025-10-19T00:00:00Z	2025-10-19T00:00:00Z
PX386946.1	9414.0		True	2015	United Kingdom	Europe	United Kingdom	2025-10-19T00:00:00Z	2025-10-19T00:00:00Z
PX386945.1	9315.0		True	2016	United Kingdom	Europe	United Kingdom	2025-10-19T00:00:00Z	2025-10-19T00:00:00Z
PX386944.1	9305.0		True	2017	United Kingdom	Europe	United Kingdom	2025-10-19T00:00:00Z	2025-10-19T00:00:00Z
PX386943.1	9419.0		True	2015	United Kingdom	Europe	United Kingdom	2025-10-19T00:00:00Z	2025-10-19T00:00:00Z
PX386942.1	9417.0		True	2017	United Kingdom	Europe	United Kingdom	2025-10-19T00:00:00Z	2025-10-19T00:00:00Z
PX386941.1	9342.0		True	2014	United Kingdom	Europe	United Kingdom	2025-10-19T00:00:00Z	2025-10-19T00:00:00Z
PX386940.1	9294.0		True	2017	United Kingdom	Europe	United Kingdom	2025-10-19T00:00:00Z	2025-10-19T00:00:00Z
PX386939.1	9183.0		True	2017	United Kingdom	Europe	United Kingdom	2025-10-19T00:00:00Z	2025-10-19T00:00:00Z
PX386938.1	9329.0		True	2017	United Kingdom	Europe	United Kingdom	2025-10-19T00:00:00Z	2025-10-19T00:00:00Z
PX386937.1	9329.0		True	2017	United Kingdom	Europe	United Kingdom	2025-10-19T00:00:00Z	2025-10-19T00:00:00Z
PX386936.1	9393.0		True	2017	United Kingdom	Europe	United Kingdom	2025-10-19T00:00:00Z	2025-10-19T00:00:00Z
PX386935.1	9225.0		True	2017	United Kingdom	Europe	United Kingdom	2025-10-19T00:00:00Z	2025-10-19T00:00:00Z
PX386934.1	9416.0		True	2014	United Kingdom	Europe	United Kingdom	2025-10-19T00:00:00Z	2025-10-19T00:00:00Z
PX386933.1	9419.0		True	2015	United Kingdom	Europe	United Kingdom	2025-10-19T00:00:00Z	2025-10-19T00:00:00Z
PX386932.1	9275.0		True	2016	United Kingdom	Europe	United Kingdom	2025-10-19T00:00:00Z	2025-10-19T00:00:00Z
PX386931.1	9306.0		True	2017	United Kingdom	Europe	United Kingdom	2025-10-19T00:00:00Z	2025-10-19T00:00:00Z
PX386930.1	9319.0		True	2017	United Kingdom	Europe	United Kingdom	2025-10-19T00:00:00Z	2025-10-19T00:00:00Z
PX386929.1	9397.0		True	2014	United Kingdom	Europe	United Kingdom	2025-10-19T00:00:00Z	2025-10-19T00:00:00Z
PX386928.1	9415.0		True	2015	United Kingdom	Europe	United Kingdom	2025-10-19T00:00:00Z	2025-10-19T00:00:00Z
PX386927.1	9391.0		True	2016	United Kingdom	Europe	United Kingdom	2025-10-19T00:00:00Z	2025-10-19T00:00:00Z
PX386926.1	9456.0		True	2017	United Kingdom	Europe	United Kingdom	2025-10-19T00:00:00Z	2025-10-19T00:00:00Z
PX386925.1	9422.0		True	2016	United Kingdom	Europe	United Kingdom	2025-10-19T00:00:00Z	2025-10-19T00:00:00Z
PX386924.1	9219.0		True	2017	United Kingdom	Europe	United Kingdom	2025-10-19T00:00:00Z	2025-10-19T00:00:00Z
PX386923.1	9298.0		True	2017	United Kingdom	Europe	United Kingdom	2025-10-19T00:00:00Z	2025-10-19T00:00:00Z
PX386922.1	9390.0		True	2017	United Kingdom	Europe	United Kingdom	2025-10-19T00:00:00Z	2025-10-19T00:00:00Z
PX386921.1	9422.0		True	2016	United Kingdom	Europe	United Kingdom	2025-10-19T00:00:00Z	2025-10-19T00:00:00Z
PX386920.1	9414.0		True	2013	United Kingdom	Europe	United Kingdom	2025-10-19T00:00:00Z	2025-10-19T00:00:00Z
PX386919.1	9409.0		True	2015	United Kingdom	Europe	United Kingdom	2025-10-19T00:00:00Z	2025-10-19T00:00:00Z
PX386918.1	9422.0		True	2017	United Kingdom	Europe	United Kingdom	2025-10-19T00:00:00Z	2025-10-19T00:00:00Z
PX386917.1	9252.0		True	2016	United Kingdom	Europe	United Kingdom	2025-10-19T00:00:00Z	2025-10-19T00:00:00Z
PX386916.1	9418.0		True	2014	United Kingdom	Europe	United Kingdom	2025-10-19T00:00:00Z	2025-10-19T00:00:00Z
PX386915.1	9338.0		True	2017	United Kingdom	Europe	United Kingdom	2025-10-19T00:00:00Z	2025-10-19T00:00:00Z
PX386914.1	9319.0		True	2013	United Kingdom	Europe	United Kingdom	2025-10-19T00:00:00Z	2025-10-19T00:00:00Z
PX386913.1	9287.0		True	2017	United Kingdom	Europe	United Kingdom	2025-10-19T00:00:00Z	2025-10-19T00:00:00Z
PX386912.1	9420.0		True	2016	United Kingdom	Europe	United Kingdom	2025-10-19T00:00:00Z	2025-10-19T00:00:00Z
PX386911.1	9423.0		True	2016	United Kingdom	Europe	United Kingdom	2025-10-19T00:00:00Z	2025-10-19T00:00:00Z
PX386910.1	9427.0		True	2017	United Kingdom	Europe	United Kingdom	2025-10-19T00:00:00Z	2025-10-19T00:00:00Z
PX386909.1	9262.0		True	2017	United Kingdom	Europe	United Kingdom	2025-10-19T00:00:00Z	2025-10-19T00:00:00Z
PX386908.1	9306.0		True	2017	United Kingdom	Europe	United Kingdom	2025-10-19T00:00:00Z	2025-10-19T00:00:00Z
PX386907.1	9329.0		True	2016	United Kingdom	Europe	United Kingdom	2025-10-19T00:00:00Z	2025-10-19T00:00:00Z
PX386906.1	9303.0		True	2017	United Kingdom	Europe	United Kingdom	2025-10-19T00:00:00Z	2025-10-19T00:00:00Z
PX386905.1	9409.0		True	2015	United Kingdom	Europe	United Kingdom	2025-10-19T00:00:00Z	2025-10-19T00:00:00Z
PX386904.1	9415.0		True	2016	United Kingdom	Europe	United Kingdom	2025-10-19T00:00:00Z	2025-10-19T00:00:00Z
PX386903.1	9403.0		True	2017	United Kingdom	Europe	United Kingdom	2025-10-19T00:00:00Z	2025-10-19T00:00:00Z
PX386902.1	9426.0		True	2013	United Kingdom	Europe	United Kingdom	2025-10-19T00:00:00Z	2025-10-19T00:00:00Z
PX386901.1	9411.0		True	2015	United Kingdom	Europe	United Kingdom	2025-10-19T00:00:00Z	2025-10-19T00:00:00Z
PX386900.1	9295.0		True	2017	United Kingdom	Europe	United Kingdom	2025-10-19T00:00:00Z	2025-10-19T00:00:00Z
PX386899.1	9413.0		True	2013	United Kingdom	Europe	United Kingdom	2025-10-19T00:00:00Z	2025-10-19T00:00:00Z
PQ899568.1	9481.0		True	2014	Canada: Quebec	North America	Canada	2025-04-01T00:00:00Z	2025-12-11T00:00:00Z
PQ899567.1	9431.0		True	2010	Canada: Quebec	North America	Canada	2025-04-01T00:00:00Z	2025-12-11T00:00:00Z
PX446960.1	9222.0		True	2015	Cameroon	Africa		2025-10-14T00:00:00Z	2025-10-14T00:00:00Z
PX446959.1	9255.0		True	2018	Cameroon	Africa		2025-10-14T00:00:00Z	2025-10-14T00:00:00Z
PX446232.1	9297.0		True	2018	Cameroon	Africa		2025-10-08T00:00:00Z	2025-10-08T00:00:00Z
PX446221.1	9238.0		True	2015	Cameroon	Africa		2025-10-14T00:00:00Z	2025-10-14T00:00:00Z
PX445004.1	9407.0		True	2016	Cameroon	Africa		2025-10-12T00:00:00Z	2025-10-12T00:00:00Z
PX445003.1	9324.0		True	2019	Cameroon	Africa		2025-10-12T00:00:00Z	2025-10-12T00:00:00Z
PX445002.1	9413.0		True	2016	Cameroon	Africa		2025-10-12T00:00:00Z	2025-10-12T00:00:00Z
PX445001.1	9440.0		True	2017	Cameroon	Africa		2025-10-12T00:00:00Z	2025-10-12T00:00:00Z
PX386898.1	9256.0		True	2016	United Kingdom	Europe	United Kingdom	2025-10-19T00:00:00Z	2025-10-19T00:00:00Z
PX386897.1	9297.0		True	2017	United Kingdom	Europe	United Kingdom	2025-10-19T00:00:00Z	2025-10-19T00:00:00Z
PX386896.1	9419.0		True	2015	United Kingdom	Europe	United Kingdom	2025-10-19T00:00:00Z	2025-10-19T00:00:00Z
PX386895.1	9253.0		True	2017	United Kingdom	Europe	United Kingdom	2025-10-19T00:00:00Z	2025-10-19T00:00:00Z
PX386894.1	9284.0		True	2018	United Kingdom	Europe	United Kingdom	2025-10-19T00:00:00Z	2025-10-19T00:00:00Z
PX386893.1	9432.0		True	2017	United Kingdom	Europe	United Kingdom	2025-10-19T00:00:00Z	2025-10-19T00:00:00Z
PX386892.1	9295.0		True	2015	United Kingdom	Europe	United Kingdom	2025-10-19T00:00:00Z	2025-10-19T00:00:00Z
PX386891.1	9312.0		True	2017	United Kingdom	Europe	United Kingdom	2025-10-19T00:00:00Z	2025-10-19T00:00:00Z
PX386890.1	9425.0		True	2016	United Kingdom	Europe	United Kingdom	2025-10-19T00:00:00Z	2025-10-19T00:00:00Z
PX386889.1	9239.0		True	2017	United Kingdom	Europe	United Kingdom	2025-10-19T00:00:00Z	2025-10-19T00:00:00Z
PX386888.1	9322.0		True	2014	United Kingdom	Europe	United Kingdom	2025-10-19T00:00:00Z	2025-10-19T00:00:00Z
PX386887.1	9407.0		True	2013	United Kingdom	Europe	United Kingdom	2025-10-19T00:00:00Z	2025-10-19T00:00:00Z
PX386886.1	9248.0		True	2017	United Kingdom	Europe	United Kingdom	2025-10-19T00:00:00Z	2025-10-19T00:00:00Z
PX386885.1	9242.0		True	2014	United Kingdom	Europe	United Kingdom	2025-10-19T00:00:00Z	2025-10-19T00:00:00Z
PX386884.1	9417.0		True	2014	United Kingdom	Europe	United Kingdom	2025-10-19T00:00:00Z	2025-10-19T00:00:00Z
PX386883.1	9421.0		True	2015	United Kingdom	Europe	United Kingdom	2025-10-19T00:00:00Z	2025-10-19T00:00:00Z
PX386882.1	9254.0		True	2014	United Kingdom	Europe	United Kingdom	2025-10-19T00:00:00Z	2025-10-19T00:00:00Z
PX386881.1	9251.0		True	2016	United Kingdom	Europe	United Kingdom	2025-10-19T00:00:00Z	2025-10-19T00:00:00Z
PX386880.1	9417.0		True	2013	United Kingdom	Europe	United Kingdom	2025-10-19T00:00:00Z	2025-10-19T00:00:00Z
PX386879.1	9306.0		True	2017	United Kingdom	Europe	United Kingdom	2025-10-19T00:00:00Z	2025-10-19T00:00:00Z
PX386878.1	9156.0		True	2017	United Kingdom	Europe	United Kingdom	2025-10-19T00:00:00Z	2025-10-19T00:00:00Z
PX386877.1	9133.0		True	2017	United Kingdom	Europe	United Kingdom	2025-10-19T00:00:00Z	2025-10-19T00:00:00Z
PX386876.1	9416.0		True	2015	United Kingdom	Europe	United Kingdom	2025-10-19T00:00:00Z	2025-10-19T00:00:00Z
PX386875.1	9329.0		True	2017	United Kingdom	Europe	United Kingdom	2025-10-19T00:00:00Z	2025-10-19T00:00:00Z
PX386874.1	9426.0		True	2013	United Kingdom	Europe	United Kingdom	2025-10-19T00:00:00Z	2025-10-19T00:00:00Z
PX386873.1	9411.0		True	2015	United Kingdom	Europe	United Kingdom	2025-10-19T00:00:00Z	2025-10-19T00:00:00Z
PX386872.1	9419.0		True	2015	United Kingdom	Europe	United Kingdom	2025-10-19T00:00:00Z	2025-10-19T00:00:00Z
PX386871.1	9329.0		True	2016	United Kingdom	Europe	United Kingdom	2025-10-19T00:00:00Z	2025-10-19T00:00:00Z
PX386870.1	9390.0		True	2017	United Kingdom	Europe	United Kingdom	2025-10-19T00:00:00Z	2025-10-19T00:00:00Z
PX386869.1	9298.0		True	2017	United Kingdom	Europe	United Kingdom	2025-10-19T00:00:00Z	2025-10-19T00:00:00Z
PX386868.1	9406.0		True	2018	United Kingdom	Europe	United Kingdom	2025-10-19T00:00:00Z	2025-10-19T00:00:00Z
PX386867.1	9357.0		True	2017	United Kingdom	Europe	United Kingdom	2025-10-19T00:00:00Z	2025-10-19T00:00:00Z
PX386866.1	9339.0		True	2016	United Kingdom	Europe	United Kingdom	2025-10-19T00:00:00Z	2025-10-19T00:00:00Z
PX386865.1	9417.0		True	2016	United Kingdom	Europe	United Kingdom	2025-10-19T00:00:00Z	2025-10-19T00:00:00Z
PX386864.1	9425.0		True	2017	United Kingdom	Europe	United Kingdom	2025-10-19T00:00:00Z	2025-10-19T00:00:00Z
PX386863.1	9411.0		True	2015	United Kingdom	Europe	United Kingdom	2025-10-19T00:00:00Z	2025-10-19T00:00:00Z
PX386862.1	9340.0		True	2016	United Kingdom	Europe	United Kingdom	2025-10-19T00:00:00Z	2025-10-19T00:00:00Z
PX386861.1	9284.0		True	2017	United Kingdom	Europe	United Kingdom	2025-10-19T00:00:00Z	2025-10-19T00:00:00Z
PX386860.1	9424.0		True	2014	United Kingdom	Europe	United Kingdom	2025-10-19T00:00:00Z	2025-10-19T00:00:00Z
PX386859.1	9414.0		True	2014	United Kingdom	Europe	United Kingdom	2025-10-19T00:00:00Z	2025-10-19T00:00:00Z
PX386858.1	9423.0		True	2013	United Kingdom	Europe	United Kingdom	2025-10-19T00:00:00Z	2025-10-19T00:00:00Z
PX386857.1	9248.0		True	2014	United Kingdom	Europe	United Kingdom	2025-10-19T00:00:00Z	2025-10-19T00:00:00Z
PX386856.1	9329.0		True	2016	United Kingdom	Europe	United Kingdom	2025-10-19T00:00:00Z	2025-10-19T00:00:00Z
PX386855.1	9141.0		True	2017	United Kingdom	Europe	United Kingdom	2025-10-19T00:00:00Z	2025-10-19T00:00:00Z
PX386854.1	9416.0		True	2017	United Kingdom	Europe	United Kingdom	2025-10-19T00:00:00Z	2025-10-19T00:00:00Z
PX386853.1	9204.0		True	2017	United Kingdom	Europe	United Kingdom	2025-10-19T00:00:00Z	2025-10-19T00:00:00Z
PX386852.1	9293.0		True	2017	United Kingdom	Europe	United Kingdom	2025-10-19T00:00:00Z	2025-10-19T00:00:00Z
PX386851.1	9364.0		True	2017	United Kingdom	Europe	United Kingdom	2025-10-19T00:00:00Z	2025-10-19T00:00:00Z
PX386850.1	9434.0		True	2017	United Kingdom	Europe	United Kingdom	2025-10-19T00:00:00Z	2025-10-19T00:00:00Z
PX386849.1	9255.0		True	2016	United Kingdom	Europe	United Kingdom	2025-10-19T00:00:00Z	2025-10-19T00:00:00Z
PX386848.1	9418.0		True	2017	United Kingdom	Europe	United Kingdom	2025-10-19T00:00:00Z	2025-10-19T00:00:00Z
PX386847.1	9409.0		True	2017	United Kingdom	Europe	United Kingdom	2025-10-19T00:00:00Z	2025-10-19T00:00:00Z
PX386846.1	9305.0		True	2016	United Kingdom	Europe	United Kingdom	2025-10-19T00:00:00Z	2025-10-19T00:00:00Z
PX386845.1	9297.0		True	2018	United Kingdom	Europe	United Kingdom	2025-10-19T00:00:00Z	2025-10-19T00:00:00Z
PX386844.1	9412.0		True	2015	United Kingdom	Europe	United Kingdom	2025-10-19T00:00:00Z	2025-10-19T00:00:00Z
PX386843.1	9412.0		True	2014	United Kingdom	Europe	United Kingdom	2025-10-19T00:00:00Z	2025-10-19T00:00:00Z
PX386842.1	9421.0		True	2016	United Kingdom	Europe	United Kingdom	2025-10-19T00:00:00Z	2025-10-19T00:00:00Z
PX386841.1	9314.0		True	2017	United Kingdom	Europe	United Kingdom	2025-10-19T00:00:00Z	2025-10-19T00:00:00Z
PX386840.1	9391.0		True	2017	United Kingdom	Europe	United Kingdom	2025-10-19T00:00:00Z	2025-10-19T00:00:00Z
PX386839.1	9366.0		True	2016	United Kingdom	Europe	United Kingdom	2025-10-19T00:00:00Z	2025-10-19T00:00:00Z
PX386838.1	9419.0		True	2015	United Kingdom	Europe	United Kingdom	2025-10-19T00:00:00Z	2025-10-19T00:00:00Z
PX386837.1	9418.0		True	2014	United Kingdom	Europe	United Kingdom	2025-10-19T00:00:00Z	2025-10-19T00:00:00Z
PX386836.1	9210.0		True	2017	United Kingdom	Europe	United Kingdom	2025-10-19T00:00:00Z	2025-10-19T00:00:00Z
PX386835.1	9411.0		True	2014	United Kingdom	Europe	United Kingdom	2025-10-19T00:00:00Z	2025-10-19T00:00:00Z
PX386834.1	9418.0		True	2016	United Kingdom	Europe	United Kingdom	2025-10-19T00:00:00Z	2025-10-19T00:00:00Z
PX386833.1	9227.0		True	2017	United Kingdom	Europe	United Kingdom	2025-10-19T00:00:00Z	2025-10-19T00:00:00Z
PX386832.1	9414.0		True	2014	United Kingdom	Europe	United Kingdom	2025-10-19T00:00:00Z	2025-10-19T00:00:00Z
PX386831.1	9424.0		True	2016	United Kingdom	Europe	United Kingdom	2025-10-19T00:00:00Z	2025-10-19T00:00:00Z
PX386830.1	9411.0		True	2017	United Kingdom	Europe	United Kingdom	2025-10-19T00:00:00Z	2025-10-19T00:00:00Z
PX386829.1	9274.0		True	2016	United Kingdom	Europe	United Kingdom	2025-10-19T00:00:00Z	2025-10-19T00:00:00Z
PX386828.1	9416.0		True	2014	United Kingdom	Europe	United Kingdom	2025-10-19T00:00:00Z	2025-10-19T00:00:00Z
PX386827.1	9312.0		True	2016	United Kingdom	Europe	United Kingdom	2025-10-19T00:00:00Z	2025-10-19T00:00:00Z
PX386826.1	9241.0		True	2017	United Kingdom	Europe	United Kingdom	2025-10-19T00:00:00Z	2025-10-19T00:00:00Z
PX386825.1	9306.0		True	2017	United Kingdom	Europe	United Kingdom	2025-10-19T00:00:00Z	2025-10-19T00:00:00Z
PX386824.1	9331.0		True	2017	United Kingdom	Europe	United Kingdom	2025-10-19T00:00:00Z	2025-10-19T00:00:00Z
PX386823.1	9360.0		True	2017	United Kingdom	Europe	United Kingdom	2025-10-19T00:00:00Z	2025-10-19T00:00:00Z
PX386822.1	9427.0		True	2016	United Kingdom	Europe	United Kingdom	2025-10-19T00:00:00Z	2025-10-19T00:00:00Z
PX386821.1	9416.0		True	2017	United Kingdom	Europe	United Kingdom	2025-10-19T00:00:00Z	2025-10-19T00:00:00Z
PX386820.1	9418.0		True	2015	United Kingdom	Europe	United Kingdom	2025-10-19T00:00:00Z	2025-10-19T00:00:00Z
PX386819.1	9392.0		True	2016	United Kingdom	Europe	United Kingdom	2025-10-19T00:00:00Z	2025-10-19T00:00:00Z
PX386818.1	9253.0		True	2017	United Kingdom	Europe	United Kingdom	2025-10-19T00:00:00Z	2025-10-19T00:00:00Z
PX386817.1	9415.0		True	2016	United Kingdom	Europe	United Kingdom	2025-10-19T00:00:00Z	2025-10-19T00:00:00Z
PX386816.1	9303.0		True	2017	United Kingdom	Europe	United Kingdom	2025-10-19T00:00:00Z	2025-10-19T00:00:00Z
PX386815.1	9415.0		True	2014	United Kingdom	Europe	United Kingdom	2025-10-19T00:00:00Z	2025-10-19T00:00:00Z
PX386814.1	9394.0		True	2017	United Kingdom	Europe	United Kingdom	2025-10-19T00:00:00Z	2025-10-19T00:00:00Z
PX386813.1	9426.0		True	2017	United Kingdom	Europe	United Kingdom	2025-10-19T00:00:00Z	2025-10-19T00:00:00Z
PX386812.1	9541.0		True	2016	United Kingdom	Europe	United Kingdom	2025-10-19T00:00:00Z	2025-10-19T00:00:00Z
PX386811.1	9362.0		True	2017	United Kingdom	Europe	United Kingdom	2025-10-19T00:00:00Z	2025-10-19T00:00:00Z
PX386810.1	9412.0		True	2017	United Kingdom	Europe	United Kingdom	2025-10-19T00:00:00Z	2025-10-19T00:00:00Z
PX386809.1	9429.0		True	2017	United Kingdom	Europe	United Kingdom	2025-10-19T00:00:00Z	2025-10-19T00:00:00Z
PX386808.1	9423.0		True	2014	United Kingdom	Europe	United Kingdom	2025-10-19T00:00:00Z	2025-10-19T00:00:00Z
PX386807.1	9310.0		True	2017	United Kingdom	Europe	United Kingdom	2025-10-19T00:00:00Z	2025-10-19T00:00:00Z
PX386806.1	9306.0		True	2016	United Kingdom	Europe	United Kingdom	2025-10-19T00:00:00Z	2025-10-19T00:00:00Z
PX386805.1	9231.0		True	2018	United Kingdom	Europe	United Kingdom	2025-10-19T00:00:00Z	2025-10-19T00:00:00Z
PX386804.1	9378.0		True	2017	United Kingdom	Europe	United Kingdom	2025-10-19T00:00:00Z	2025-10-19T00:00:00Z
PX386803.1	9290.0		True	2016	United Kingdom	Europe	United Kingdom	2025-10-19T00:00:00Z	2025-10-19T00:00:00Z
PX386802.1	9310.0		True	2015	United Kingdom	Europe	United Kingdom	2025-10-19T00:00:00Z	2025-10-19T00:00:00Z
PX386801.1	9406.0		True	2017	United Kingdom	Europe	United Kingdom	2025-10-19T00:00:00Z	2025-10-19T00:00:00Z
PX386800.1	9332.0		True	2016	United Kingdom	Europe	United Kingdom	2025-10-19T00:00:00Z	2025-10-19T00:00:00Z
PX386799.1	9418.0		True	2017	United Kingdom	Europe	United Kingdom	2025-10-19T00:00:00Z	2025-10-19T00:00:00Z
PX386798.1	9313.0		True	2017	United Kingdom	Europe	United Kingdom	2025-10-19T00:00:00Z	2025-10-19T00:00:00Z
PX386797.1	9410.0		True	2013	United Kingdom	Europe	United Kingdom	2025-10-19T00:00:00Z	2025-10-19T00:00:00Z
PX386796.1	9413.0		True	2017	United Kingdom	Europe	United Kingdom	2025-10-19T00:00:00Z	2025-10-19T00:00:00Z
PX386795.1	9298.0		True	2017	United Kingdom	Europe	United Kingdom	2025-10-19T00:00:00Z	2025-10-19T00:00:00Z
PX386794.1	9329.0		True	2016	United Kingdom	Europe	United Kingdom	2025-10-19T00:00:00Z	2025-10-19T00:00:00Z
PX386793.1	9373.0		True	2017	United Kingdom	Europe	United Kingdom	2025-10-19T00:00:00Z	2025-10-19T00:00:00Z
PX386792.1	9411.0		True	2017	United Kingdom	Europe	United Kingdom	2025-10-19T00:00:00Z	2025-10-19T00:00:00Z
PX386791.1	9419.0		True	2016	United Kingdom	Europe	United Kingdom	2025-10-19T00:00:00Z	2025-10-19T00:00:00Z
PX386790.1	9329.0		True	2014	United Kingdom	Europe	United Kingdom	2025-10-19T00:00:00Z	2025-10-19T00:00:00Z
PX386789.1	9306.0		True	2017	United Kingdom	Europe	United Kingdom	2025-10-19T00:00:00Z	2025-10-19T00:00:00Z
PX386788.1	9233.0		True	2017	United Kingdom	Europe	United Kingdom	2025-10-19T00:00:00Z	2025-10-19T00:00:00Z
PX386787.1	9370.0		True	2015	United Kingdom	Europe	United Kingdom	2025-10-19T00:00:00Z	2025-10-19T00:00:00Z
PX386786.1	9393.0		True	2017	United Kingdom	Europe	United Kingdom	2025-10-19T00:00:00Z	2025-10-19T00:00:00Z
PX386785.1	9157.0		True	2014	United Kingdom	Europe	United Kingdom	2025-10-19T00:00:00Z	2025-10-19T00:00:00Z
PX386784.1	9290.0		True	2017	United Kingdom	Europe	United Kingdom	2025-10-19T00:00:00Z	2025-10-19T00:00:00Z
PX386783.1	9414.0		True	2016	United Kingdom	Europe	United Kingdom	2025-10-19T00:00:00Z	2025-10-19T00:00:00Z
PX386782.1	9328.0		True	2017	United Kingdom	Europe	United Kingdom	2025-10-19T00:00:00Z	2025-10-19T00:00:00Z
PX386781.1	9416.0		True	2015	United Kingdom	Europe	United Kingdom	2025-10-19T00:00:00Z	2025-10-19T00:00:00Z
PX386780.1	9359.0		True	2017	United Kingdom	Europe	United Kingdom	2025-10-19T00:00:00Z	2025-10-19T00:00:00Z
PX386779.1	9408.0		True	2017	United Kingdom	Europe	United Kingdom	2025-10-19T00:00:00Z	2025-10-19T00:00:00Z
PX386778.1	9364.0		True	2016	United Kingdom	Europe	United Kingdom	2025-10-19T00:00:00Z	2025-10-19T00:00:00Z
PX386777.1	9329.0		True	2014	United Kingdom	Europe	United Kingdom	2025-10-19T00:00:00Z	2025-10-19T00:00:00Z
PX386776.1	9412.0		True	2016	United Kingdom	Europe	United Kingdom	2025-10-19T00:00:00Z	2025-10-19T00:00:00Z
PX386775.1	9306.0		True	2017	United Kingdom	Europe	United Kingdom	2025-10-19T00:00:00Z	2025-10-19T00:00:00Z
PX386774.1	9313.0		True	2017	United Kingdom	Europe	United Kingdom	2025-10-19T00:00:00Z	2025-10-19T00:00:00Z
PX386773.1	9422.0		True	2015	United Kingdom	Europe	United Kingdom	2025-10-19T00:00:00Z	2025-10-19T00:00:00Z
PX386772.1	9426.0		True	2017	United Kingdom	Europe	United Kingdom	2025-10-19T00:00:00Z	2025-10-19T00:00:00Z
PX386771.1	9418.0		True	2013	United Kingdom	Europe	United Kingdom	2025-10-19T00:00:00Z	2025-10-19T00:00:00Z
PX386770.1	9363.0		True	2016	United Kingdom	Europe	United Kingdom	2025-10-19T00:00:00Z	2025-10-19T00:00:00Z
PX386769.1	9314.0		True	2017	United Kingdom	Europe	United Kingdom	2025-10-19T00:00:00Z	2025-10-19T00:00:00Z
PX386768.1	9408.0		True	2014	United Kingdom	Europe	United Kingdom	2025-10-19T00:00:00Z	2025-10-19T00:00:00Z
PX386767.1	9312.0		True	2017	United Kingdom	Europe	United Kingdom	2025-10-19T00:00:00Z	2025-10-19T00:00:00Z
PX386766.1	9364.0		True	2017	United Kingdom	Europe	United Kingdom	2025-10-19T00:00:00Z	2025-10-19T00:00:00Z
PX386765.1	9393.0		True	2017	United Kingdom	Europe	United Kingdom	2025-10-19T00:00:00Z	2025-10-19T00:00:00Z
PX386764.1	9290.0		True	2016	United Kingdom	Europe	United Kingdom	2025-10-19T00:00:00Z	2025-10-19T00:00:00Z
PX386763.1	9416.0		True	2013	United Kingdom	Europe	United Kingdom	2025-10-19T00:00:00Z	2025-10-19T00:00:00Z
PX386762.1	9407.0		True	2014	United Kingdom	Europe	United Kingdom	2025-10-19T00:00:00Z	2025-10-19T00:00:00Z
PX386761.1	9411.0		True	2016	United Kingdom	Europe	United Kingdom	2025-10-19T00:00:00Z	2025-10-19T00:00:00Z
PX386760.1	9406.0		True	2013	United Kingdom	Europe	United Kingdom	2025-10-19T00:00:00Z	2025-10-19T00:00:00Z
PX386759.1	9397.0		True	2017	United Kingdom	Europe	United Kingdom	2025-10-19T00:00:00Z	2025-10-19T00:00:00Z
PX386758.1	9228.0		True	2017	United Kingdom	Europe	United Kingdom	2025-10-19T00:00:00Z	2025-10-19T00:00:00Z
PX386757.1	9139.0		True	2017	United Kingdom	Europe	United Kingdom	2025-10-19T00:00:00Z	2025-10-19T00:00:00Z
PX386756.1	9209.0		True	2017	United Kingdom	Europe	United Kingdom	2025-10-19T00:00:00Z	2025-10-19T00:00:00Z
PX386755.1	9412.0		True	2016	United Kingdom	Europe	United Kingdom	2025-10-19T00:00:00Z	2025-10-19T00:00:00Z
PX386754.1	9290.0		True	2017	United Kingdom	Europe	United Kingdom	2025-10-19T00:00:00Z	2025-10-19T00:00:00Z
PX386753.1	9417.0		True	2014	United Kingdom	Europe	United Kingdom	2025-10-19T00:00:00Z	2025-10-19T00:00:00Z
PX386752.1	9327.0		True	2015	United Kingdom	Europe	United Kingdom	2025-10-19T00:00:00Z	2025-10-19T00:00:00Z
PX386751.1	9405.0		True	2014	United Kingdom	Europe	United Kingdom	2025-10-19T00:00:00Z	2025-10-19T00:00:00Z
PX386750.1	9417.0		True	2014	United Kingdom	Europe	United Kingdom	2025-10-19T00:00:00Z	2025-10-19T00:00:00Z
PX386749.1	9411.0		True	2014	United Kingdom	Europe	United Kingdom	2025-10-19T00:00:00Z	2025-10-19T00:00:00Z
PX386748.1	9312.0		True	2017	United Kingdom	Europe	United Kingdom	2025-10-19T00:00:00Z	2025-10-19T00:00:00Z
PX386747.1	9242.0		True	2017	United Kingdom	Europe	United Kingdom	2025-10-19T00:00:00Z	2025-10-19T00:00:00Z
PX386746.1	9329.0		True	2016	United Kingdom	Europe	United Kingdom	2025-10-19T00:00:00Z	2025-10-19T00:00:00Z
PX386745.1	9124.0		True	2017	United Kingdom	Europe	United Kingdom	2025-10-19T00:00:00Z	2025-10-19T00:00:00Z
PX386744.1	9409.0		True	2014	United Kingdom	Europe	United Kingdom	2025-10-19T00:00:00Z	2025-10-19T00:00:00Z
PX386743.1	9318.0		True	2014	United Kingdom	Europe	United Kingdom	2025-10-19T00:00:00Z	2025-10-19T00:00:00Z
PX386742.1	9422.0		True	2016	United Kingdom	Europe	United Kingdom	2025-10-19T00:00:00Z	2025-10-19T00:00:00Z
PX386741.1	9413.0		True	2016	United Kingdom	Europe	United Kingdom	2025-10-19T00:00:00Z	2025-10-19T00:00:00Z
PX386740.1	9227.0		True	2017	United Kingdom	Europe	United Kingdom	2025-10-19T00:00:00Z	2025-10-19T00:00:00Z
PX386739.1	9298.0		True	2017	United Kingdom	Europe	United Kingdom	2025-10-19T00:00:00Z	2025-10-19T00:00:00Z
PX386738.1	9405.0		True	2016	United Kingdom	Europe	United Kingdom	2025-10-19T00:00:00Z	2025-10-19T00:00:00Z
PX386737.1	9145.0		True	2017	United Kingdom	Europe	United Kingdom	2025-10-19T00:00:00Z	2025-10-19T00:00:00Z
PX386736.1	9401.0		True	2016	United Kingdom	Europe	United Kingdom	2025-10-19T00:00:00Z	2025-10-19T00:00:00Z
PX386735.1	9394.0		True	2014	United Kingdom	Europe	United Kingdom	2025-10-19T00:00:00Z	2025-10-19T00:00:00Z
PX386734.1	9431.0		True	2014	United Kingdom	Europe	United Kingdom	2025-10-19T00:00:00Z	2025-10-19T00:00:00Z
PX386733.1	9385.0		True	2014	United Kingdom	Europe	United Kingdom	2025-10-19T00:00:00Z	2025-10-19T00:00:00Z
PX386732.1	9405.0		True	2017	United Kingdom	Europe	United Kingdom	2025-10-19T00:00:00Z	2025-10-19T00:00:00Z
PX386731.1	9329.0		True	2015	United Kingdom	Europe	United Kingdom	2025-10-19T00:00:00Z	2025-10-19T00:00:00Z
PX386730.1	9415.0		True	2017	United Kingdom	Europe	United Kingdom	2025-10-19T00:00:00Z	2025-10-19T00:00:00Z
PX386729.1	9410.0		True	2015	United Kingdom	Europe	United Kingdom	2025-10-19T00:00:00Z	2025-10-19T00:00:00Z
PX386728.1	9406.0		True	2017	United Kingdom	Europe	United Kingdom	2025-10-19T00:00:00Z	2025-10-19T00:00:00Z
PX386727.1	9312.0		True	2014	United Kingdom	Europe	United Kingdom	2025-10-19T00:00:00Z	2025-10-19T00:00:00Z
PX386726.1	9406.0		True	2016	United Kingdom	Europe	United Kingdom	2025-10-19T00:00:00Z	2025-10-19T00:00:00Z
PX386725.1	9329.0		True	2014	United Kingdom	Europe	United Kingdom	2025-10-19T00:00:00Z	2025-10-19T00:00:00Z
PX386724.1	9294.0		True	2017	United Kingdom	Europe	United Kingdom	2025-10-19T00:00:00Z	2025-10-19T00:00:00Z
PX386723.1	9421.0		True	2017	United Kingdom	Europe	United Kingdom	2025-10-19T00:00:00Z	2025-10-19T00:00:00Z
PX386722.1	9417.0		True	2016	United Kingdom	Europe	United Kingdom	2025-10-19T00:00:00Z	2025-10-19T00:00:00Z
PX386721.1	9329.0		True	2014	United Kingdom	Europe	United Kingdom	2025-10-19T00:00:00Z	2025-10-19T00:00:00Z
PX386720.1	9317.0		True	2014	United Kingdom	Europe	United Kingdom	2025-10-19T00:00:00Z	2025-10-19T00:00:00Z
PX386719.1	9404.0		True	2017	United Kingdom	Europe	United Kingdom	2025-10-19T00:00:00Z	2025-10-19T00:00:00Z
PX386718.1	9285.0		True	2016	United Kingdom	Europe	United Kingdom	2025-10-19T00:00:00Z	2025-10-19T00:00:00Z
PX386717.1	9410.0		True	2015	United Kingdom	Europe	United Kingdom	2025-10-19T00:00:00Z	2025-10-19T00:00:00Z
PX376059.1	9238.0		True	2014	Cameroon	Africa		2025-10-05T00:00:00Z	2025-10-05T00:00:00Z
PX376058.1	9241.0		True	2018	Cameroon	Africa		2025-10-05T00:00:00Z	2025-10-05T00:00:00Z
PX376057.1	9238.0		True	2016	Cameroon	Africa		2025-10-05T00:00:00Z	2025-10-05T00:00:00Z
PX376056.1	9238.0		True	2016	Cameroon	Africa		2025-10-05T00:00:00Z	2025-10-05T00:00:00Z
PX361034.1	9233.0		True	2015	Cameroon	Africa		2025-09-24T00:00:00Z	2025-09-24T00:00:00Z
PX290144.1	9148.0		True	2025	Cameroon	Africa		2025-09-24T00:00:00Z	2025-09-24T00:00:00Z
PX216757.1	9338.0		True	2021	India	Asia	India	2025-10-05T00:00:00Z	2025-10-05T00:00:00Z
PX216756.1	9363.0		True	2021	India	Asia	India	2025-10-05T00:00:00Z	2025-10-05T00:00:00Z
PX216755.1	9380.0		True	2022	India	Asia	India	2025-10-05T00:00:00Z	2025-10-05T00:00:00Z
PX216754.1	9386.0		True	2021	India	Asia	India	2025-10-05T00:00:00Z	2025-10-05T00:00:00Z
PV879563.1	9520.0		True	2018	China: Yunnan, Ruili	Asia	China	2025-07-12T00:00:00Z	2025-07-12T00:00:00Z
PV879562.1	9374.0		True	2018	China: Yunnan, Ruili	Asia	China	2025-07-12T00:00:00Z	2025-07-12T00:00:00Z
PV879561.1	9316.0		True	2018	China: Yunnan, Ruili	Asia	China	2025-07-12T00:00:00Z	2025-07-12T00:00:00Z
PV879560.1	9354.0		True	2018	China: Yunnan, Ruili	Asia	China	2025-07-12T00:00:00Z	2025-07-12T00:00:00Z
PV555119.1	9452.0		True	2019-09-01	China	Asia	China	2025-04-29T00:00:00Z	2025-04-29T00:00:00Z
PV289221.1	8649.0		True	2007-11-22	Australia	Oceania	Australia	2025-04-15T00:00:00Z	2025-04-15T00:00:00Z
PV289220.1	8649.0		True	2014-12-09	Australia	Oceania	Australia	2025-04-15T00:00:00Z	2025-04-15T00:00:00Z
PV289219.1	8649.0		True	2017-03-28	Australia	Oceania	Australia	2025-04-15T00:00:00Z	2025-04-15T00:00:00Z
PV289218.1	8649.0		True	2014-09-04	Australia	Oceania	Australia	2025-04-15T00:00:00Z	2025-04-15T00:00:00Z
PV289217.1	8649.0		True	2016-08-29	Australia	Oceania	Australia	2025-04-15T00:00:00Z	2025-04-15T00:00:00Z
PV289216.1	8649.0		True	2008-03-12	Australia	Oceania	Australia	2025-04-15T00:00:00Z	2025-04-15T00:00:00Z
PV289215.1	8649.0		True	2015-05-05	Australia	Oceania	Australia	2025-04-15T00:00:00Z	2025-04-15T00:00:00Z
PV289214.1	8649.0		True	2015-07-30	Australia	Oceania	Australia	2025-04-15T00:00:00Z	2025-04-15T00:00:00Z
PV289213.1	8649.0		True	2015-02-20	Australia	Oceania	Australia	2025-04-15T00:00:00Z	2025-04-15T00:00:00Z
PV289212.1	8649.0		True	2006-07-05	Australia	Oceania	Australia	2025-04-15T00:00:00Z	2025-04-15T00:00:00Z
PV289211.1	8649.0		True	2019-01-23	Australia	Oceania	Australia	2025-04-15T00:00:00Z	2025-04-15T00:00:00Z
PV289210.1	8649.0		True	2006-12-06	Australia	Oceania	Australia	2025-04-15T00:00:00Z	2025-04-15T00:00:00Z
PV289209.1	8649.0		True	2018-06-26	Australia	Oceania	Australia	2025-04-15T00:00:00Z	2025-04-15T00:00:00Z
PV289208.1	8649.0		True	2017-07-20	Australia	Oceania	Australia	2025-04-15T00:00:00Z	2025-04-15T00:00:00Z
PV289207.1	8649.0		True	2006-09-04	Australia	Oceania	Australia	2025-04-15T00:00:00Z	2025-04-15T00:00:00Z
PV289206.1	8649.0		True	2018-06-28	Australia	Oceania	Australia	2025-04-15T00:00:00Z	2025-04-15T00:00:00Z
PV289205.1	8649.0		True	2006-07-19	Australia	Oceania	Australia	2025-04-15T00:00:00Z	2025-04-15T00:00:00Z
PV289204.1	8649.0		True	2007-01-04	Australia	Oceania	Australia	2025-04-15T00:00:00Z	2025-04-15T00:00:00Z
PV289203.1	8649.0		True	2006-11-01	Australia	Oceania	Australia	2025-04-15T00:00:00Z	2025-04-15T00:00:00Z
PV289202.1	8649.0		True	2006-07-28	Australia	Oceania	Australia	2025-04-15T00:00:00Z	2025-04-15T00:00:00Z
PV289201.1	8649.0		True	2007-03-14	Australia	Oceania	Australia	2025-04-15T00:00:00Z	2025-04-15T00:00:00Z
PV289200.1	8649.0		True	2006-11-08	Australia	Oceania	Australia	2025-04-15T00:00:00Z	2025-04-15T00:00:00Z
PV289199.1	8649.0		True	2008-01-17	Australia	Oceania	Australia	2025-04-15T00:00:00Z	2025-04-15T00:00:00Z
PV289198.1	8649.0		True	2007-02-28	Australia	Oceania	Australia	2025-04-15T00:00:00Z	2025-04-15T00:00:00Z
PV289197.1	8649.0		True	2018-02-08	Australia	Oceania	Australia	2025-04-15T00:00:00Z	2025-04-15T00:00:00Z
PV289196.1	8649.0		True	2016-02-23	Australia	Oceania	Australia	2025-04-15T00:00:00Z	2025-04-15T00:00:00Z
PV289195.1	8649.0		True	2015-05-07	Australia	Oceania	Australia	2025-04-15T00:00:00Z	2025-04-15T00:00:00Z
PV289194.1	8648.0		True	2008-01-15	Australia	Oceania	Australia	2025-04-15T00:00:00Z	2025-04-15T00:00:00Z
PV289193.1	8649.0		True	2007-06-21	Australia	Oceania	Australia	2025-04-15T00:00:00Z	2025-04-15T00:00:00Z
PV289192.1	8649.0		True	2006-09-20	Australia	Oceania	Australia	2025-04-15T00:00:00Z	2025-04-15T00:00:00Z
PV289191.1	8649.0		True	2007-10-10	Australia	Oceania	Australia	2025-04-15T00:00:00Z	2025-04-15T00:00:00Z
PV289190.1	8649.0		True	2016-09-12	Australia	Oceania	Australia	2025-04-15T00:00:00Z	2025-04-15T00:00:00Z
PV289189.1	8649.0		True	2009-05-04	Australia	Oceania	Australia	2025-04-15T00:00:00Z	2025-04-15T00:00:00Z
PV289188.1	8649.0		True	2018-09-19	Australia	Oceania	Australia	2025-04-15T00:00:00Z	2025-04-15T00:00:00Z
PV289187.1	8649.0		True	2008-02-29	Australia	Oceania	Australia	2025-04-15T00:00:00Z	2025-04-15T00:00:00Z
PV289186.1	8649.0		True	2006-04-26	Australia	Oceania	Australia	2025-04-15T00:00:00Z	2025-04-15T00:00:00Z
PV289185.1	8649.0		True	2019-09-18	Australia	Oceania	Australia	2025-04-15T00:00:00Z	2025-04-15T00:00:00Z
PV289184.1	8649.0		True	2006-09-12	Australia	Oceania	Australia	2025-04-15T00:00:00Z	2025-04-15T00:00:00Z
PV289183.1	8649.0		True	2006-10-31	Australia	Oceania	Australia	2025-04-15T00:00:00Z	2025-04-15T00:00:00Z
PV289182.1	8649.0		True	2017-03-27	Australia	Oceania	Australia	2025-04-15T00:00:00Z	2025-04-15T00:00:00Z
PV289181.1	8649.0		True	2009-03-10	Australia	Oceania	Australia	2025-04-15T00:00:00Z	2025-04-15T00:00:00Z
PV289180.1	8649.0		True	2009-05-05	Australia	Oceania	Australia	2025-04-15T00:00:00Z	2025-04-15T00:00:00Z
PV289179.1	8649.0		True	2016-07-21	Australia	Oceania	Australia	2025-04-15T00:00:00Z	2025-04-15T00:00:00Z
PV289178.1	8649.0		True	2018-06-26	Australia	Oceania	Australia	2025-04-15T00:00:00Z	2025-04-15T00:00:00Z
PV289177.1	8649.0		True	2011-12-16	Australia	Oceania	Australia	2025-04-15T00:00:00Z	2025-04-15T00:00:00Z
PV289176.1	8526.0		True	2007-08-02	Australia	Oceania	Australia	2025-04-15T00:00:00Z	2025-04-15T00:00:00Z
PV289175.1	8649.0		True	2007-01-02	Australia	Oceania	Australia	2025-04-15T00:00:00Z	2025-04-15T00:00:00Z
PV289174.1	8649.0		True	2014-11-26	Australia	Oceania	Australia	2025-04-15T00:00:00Z	2025-04-15T00:00:00Z
PV289173.1	8649.0		True	2018-04-26	Australia	Oceania	Australia	2025-04-15T00:00:00Z	2025-04-15T00:00:00Z
PV289172.1	8649.0		True	2010-05-27	Australia	Oceania	Australia	2025-04-15T00:00:00Z	2025-04-15T00:00:00Z
PV289171.1	8649.0		True	2014-12-10	Australia	Oceania	Australia	2025-04-15T00:00:00Z	2025-04-15T00:00:00Z
PV289170.1	8649.0		True	2018-05-30	Australia	Oceania	Australia	2025-04-15T00:00:00Z	2025-04-15T00:00:00Z
PV289169.1	8649.0		True	2018-11-20	Australia	Oceania	Australia	2025-04-15T00:00:00Z	2025-04-15T00:00:00Z
PV289168.1	8649.0		True	2017-07-31	Australia	Oceania	Australia	2025-04-15T00:00:00Z	2025-04-15T00:00:00Z
PV289167.1	8649.0		True	2019-01-09	Australia	Oceania	Australia	2025-04-15T00:00:00Z	2025-04-15T00:00:00Z
PV289166.1	8649.0		True	2018-12-05	Australia	Oceania	Australia	2025-04-15T00:00:00Z	2025-04-15T00:00:00Z
PV289165.1	8649.0		True	2008-06-26	Australia	Oceania	Australia	2025-04-15T00:00:00Z	2025-04-15T00:00:00Z
PV289164.1	8649.0		True	2016-05-05	Australia	Oceania	Australia	2025-04-15T00:00:00Z	2025-04-15T00:00:00Z
PV289163.1	8649.0		True	2017-05-15	Australia	Oceania	Australia	2025-04-15T00:00:00Z	2025-04-15T00:00:00Z
PV289162.1	8649.0		True	2017-06-13	Australia	Oceania	Australia	2025-04-15T00:00:00Z	2025-04-15T00:00:00Z
PV289161.1	8649.0		True	2017-08-31	Australia	Oceania	Australia	2025-04-15T00:00:00Z	2025-04-15T00:00:00Z
PV289160.1	8649.0		True	2019-04-04	Australia	Oceania	Australia	2025-04-15T00:00:00Z	2025-04-15T00:00:00Z
PV289159.1	8649.0		True	2006-07-05	Australia	Oceania	Australia	2025-04-15T00:00:00Z	2025-04-15T00:00:00Z
PV289158.1	8649.0		True	2018-11-05	Australia	Oceania	Australia	2025-04-15T00:00:00Z	2025-04-15T00:00:00Z
PV289157.1	8649.0		True	2018-04-16	Australia	Oceania	Australia	2025-04-15T00:00:00Z	2025-04-15T00:00:00Z
PV289156.1	8649.0		True	2015-05-07	Australia	Oceania	Australia	2025-04-15T00:00:00Z	2025-04-15T00:00:00Z
PV289155.1	8649.0		True	2018-11-21	Australia	Oceania	Australia	2025-04-15T00:00:00Z	2025-04-15T00:00:00Z
PV289154.1	8649.0		True	2018-04-09	Australia	Oceania	Australia	2025-04-15T00:00:00Z	2025-04-15T00:00:00Z
PV289153.1	8649.0		True	2016-07-12	Australia	Oceania	Australia	2025-04-15T00:00:00Z	2025-04-15T00:00:00Z
PV289152.1	8649.0		True	2018-07-11	Australia	Oceania	Australia	2025-04-15T00:00:00Z	2025-04-15T00:00:00Z
PV289151.1	8649.0		True	2016-07-28	Australia	Oceania	Australia	2025-04-15T00:00:00Z	2025-04-15T00:00:00Z
PV289150.1	8649.0		True	2018-03-27	Australia	Oceania	Australia	2025-04-15T00:00:00Z	2025-04-15T00:00:00Z
PV289149.1	8649.0		True	2017-02-01	Australia	Oceania	Australia	2025-04-15T00:00:00Z	2025-04-15T00:00:00Z
PV289148.1	8649.0		True	2017-07-03	Australia	Oceania	Australia	2025-04-15T00:00:00Z	2025-04-15T00:00:00Z
PV289147.1	8649.0		True	2017-07-10	Australia	Oceania	Australia	2025-04-15T00:00:00Z	2025-04-15T00:00:00Z
PV289146.1	8649.0		True	2006-06-09	Australia	Oceania	Australia	2025-04-15T00:00:00Z	2025-04-15T00:00:00Z
PV289145.1	8649.0		True	2018-04-19	Australia	Oceania	Australia	2025-04-15T00:00:00Z	2025-04-15T00:00:00Z
PV289144.1	8649.0		True	2019-02-05	Australia	Oceania	Australia	2025-04-15T00:00:00Z	2025-04-15T00:00:00Z
PV289143.1	8649.0		True	2018-01-24	Australia	Oceania	Australia	2025-04-15T00:00:00Z	2025-04-15T00:00:00Z
PV289142.1	8649.0		True	2019-09-12	Australia	Oceania	Australia	2025-04-15T00:00:00Z	2025-04-15T00:00:00Z
PV289141.1	8649.0		True	2014-12-02	Australia	Oceania	Australia	2025-04-15T00:00:00Z	2025-04-15T00:00:00Z
PV289140.1	8649.0		True	2017-11-16	Australia	Oceania	Australia	2025-04-15T00:00:00Z	2025-04-15T00:00:00Z
PV289139.1	8649.0		True	2019-01-23	Australia	Oceania	Australia	2025-04-15T00:00:00Z	2025-04-15T00:00:00Z
PV289138.1	8649.0		True	2007-06-28	Australia	Oceania	Australia	2025-04-15T00:00:00Z	2025-04-15T00:00:00Z
PV289137.1	8649.0		True	2016-07-14	Australia	Oceania	Australia	2025-04-15T00:00:00Z	2025-04-15T00:00:00Z
PV289136.1	8649.0		True	2018-04-05	Australia	Oceania	Australia	2025-04-15T00:00:00Z	2025-04-15T00:00:00Z
PV289135.1	8964.0		True	2019-01-03	Australia	Oceania	Australia	2025-04-15T00:00:00Z	2025-04-15T00:00:00Z
PV289134.1	8964.0		True	2018-05-01	Australia	Oceania	Australia	2025-04-15T00:00:00Z	2025-04-15T00:00:00Z
PV289133.1	8964.0		True	2015-08-18	Australia	Oceania	Australia	2025-04-15T00:00:00Z	2025-04-15T00:00:00Z
PV289132.1	8964.0		True	2018-10-10	Australia	Oceania	Australia	2025-04-15T00:00:00Z	2025-04-15T00:00:00Z
PV289131.1	8964.0		True	2018-05-17	Australia	Oceania	Australia	2025-04-15T00:00:00Z	2025-04-15T00:00:00Z
PV289130.1	8964.0		True	2018-02-27	Australia	Oceania	Australia	2025-04-15T00:00:00Z	2025-04-15T00:00:00Z
PV289129.1	8964.0		True	2017-05-23	Australia	Oceania	Australia	2025-04-15T00:00:00Z	2025-04-15T00:00:00Z
PV289128.1	8964.0		True	2017-02-14	Australia	Oceania	Australia	2025-04-15T00:00:00Z	2025-04-15T00:00:00Z
PV289127.1	8964.0		True	2016-05-18	Australia	Oceania	Australia	2025-04-15T00:00:00Z	2025-04-15T00:00:00Z
PV289126.1	8964.0		True	2018-01-31	Australia	Oceania	Australia	2025-04-15T00:00:00Z	2025-04-15T00:00:00Z
PV289125.1	8964.0		True	2019-03-06	Australia	Oceania	Australia	2025-04-15T00:00:00Z	2025-04-15T00:00:00Z
PV289124.1	8964.0		True	2017-11-01	Australia	Oceania	Australia	2025-04-15T00:00:00Z	2025-04-15T00:00:00Z
PV289123.1	8964.0		True	2018-08-27	Australia	Oceania	Australia	2025-04-15T00:00:00Z	2025-04-15T00:00:00Z
PV289122.1	8964.0		True	2015-04-30	Australia	Oceania	Australia	2025-04-15T00:00:00Z	2025-04-15T00:00:00Z
PV289121.1	8964.0		True	2018-03-20	Australia	Oceania	Australia	2025-04-15T00:00:00Z	2025-04-15T00:00:00Z
PV289120.1	8964.0		True	2017-12-06	Australia	Oceania	Australia	2025-04-15T00:00:00Z	2025-04-15T00:00:00Z
PV289119.1	8964.0		True	2019-07-01	Australia	Oceania	Australia	2025-04-15T00:00:00Z	2025-04-15T00:00:00Z
PV289118.1	8964.0		True	2017-04-18	Australia	Oceania	Australia	2025-04-15T00:00:00Z	2025-04-15T00:00:00Z
PV289117.1	8964.0		True	2016-04-21	Australia	Oceania	Australia	2025-04-15T00:00:00Z	2025-04-15T00:00:00Z
PV289116.1	8964.0		True	2007-09-17	Australia	Oceania	Australia	2025-04-15T00:00:00Z	2025-04-15T00:00:00Z
PV289115.1	8964.0		True	2006-06-08	Australia	Oceania	Australia	2025-04-15T00:00:00Z	2025-04-15T00:00:00Z
PV289114.1	8964.0		True	2017-04-10	Australia	Oceania	Australia	2025-04-15T00:00:00Z	2025-04-15T00:00:00Z
PV289113.1	8964.0		True	2017-12-06	Australia	Oceania	Australia	2025-04-15T00:00:00Z	2025-04-15T00:00:00Z
PV289112.1	8964.0		True	2018-12-10	Australia	Oceania	Australia	2025-04-15T00:00:00Z	2025-04-15T00:00:00Z
PV289111.1	8964.0		True	2016-07-25	Australia	Oceania	Australia	2025-04-15T00:00:00Z	2025-04-15T00:00:00Z
PV289110.1	8964.0		True	2008-08-20	Australia	Oceania	Australia	2025-04-15T00:00:00Z	2025-04-15T00:00:00Z
PV289109.1	8964.0		True	2008-05-29	Australia	Oceania	Australia	2025-04-15T00:00:00Z	2025-04-15T00:00:00Z
PV289108.1	8964.0		True	2017-02-07	Australia	Oceania	Australia	2025-04-15T00:00:00Z	2025-04-15T00:00:00Z
PV289107.1	8964.0		True	2016-06-01	Australia	Oceania	Australia	2025-04-15T00:00:00Z	2025-04-15T00:00:00Z
PV289106.1	8964.0		True	2019-03-19	Australia	Oceania	Australia	2025-04-15T00:00:00Z	2025-04-15T00:00:00Z
PV289105.1	8964.0		True	2007-02-13	Australia	Oceania	Australia	2025-04-15T00:00:00Z	2025-04-15T00:00:00Z
PV289104.1	8964.0		True	2017-09-21	Australia	Oceania	Australia	2025-04-15T00:00:00Z	2025-04-15T00:00:00Z
PV289103.1	8964.0		True	2015-09-04	Australia	Oceania	Australia	2025-04-15T00:00:00Z	2025-04-15T00:00:00Z
PV289102.1	8964.0		True	2017-02-07	Australia	Oceania	Australia	2025-04-15T00:00:00Z	2025-04-15T00:00:00Z
PV289101.1	8964.0		True	2016-08-24	Australia	Oceania	Australia	2025-04-15T00:00:00Z	2025-04-15T00:00:00Z
PV289100.1	8964.0		True	2007-10-11	Australia	Oceania	Australia	2025-04-15T00:00:00Z	2025-04-15T00:00:00Z
PV289099.1	8964.0		True	2009-07-01	Australia	Oceania	Australia	2025-04-15T00:00:00Z	2025-04-15T00:00:00Z
PV289098.1	8964.0		True	2017-04-19	Australia	Oceania	Australia	2025-04-15T00:00:00Z	2025-04-15T00:00:00Z
PV289097.1	8964.0		True	2016-05-26	Australia	Oceania	Australia	2025-04-15T00:00:00Z	2025-04-15T00:00:00Z
PV289096.1	8964.0		True	2016-05-26	Australia	Oceania	Australia	2025-04-15T00:00:00Z	2025-04-15T00:00:00Z
PV289095.1	8964.0		True	2019-04-29	Australia	Oceania	Australia	2025-04-15T00:00:00Z	2025-04-15T00:00:00Z
PV289094.1	8964.0		True	2015-09-11	Australia	Oceania	Australia	2025-04-15T00:00:00Z	2025-04-15T00:00:00Z
PV289093.1	8964.0		True	2018-11-21	Australia	Oceania	Australia	2025-04-15T00:00:00Z	2025-04-15T00:00:00Z
PV289092.1	8964.0		True	2018-10-17	Australia	Oceania	Australia	2025-04-15T00:00:00Z	2025-04-15T00:00:00Z
PV289091.1	8964.0		True	2015-05-06	Australia	Oceania	Australia	2025-04-15T00:00:00Z	2025-04-15T00:00:00Z
PV289090.1	8964.0		True	2009-05-04	Australia	Oceania	Australia	2025-04-15T00:00:00Z	2025-04-15T00:00:00Z
PV289089.1	8964.0		True	2016-03-03	Australia	Oceania	Australia	2025-04-15T00:00:00Z	2025-04-15T00:00:00Z
PV289088.1	8964.0		True	2017-05-15	Australia	Oceania	Australia	2025-04-15T00:00:00Z	2025-04-15T00:00:00Z
PV289087.1	8964.0		True	2019-07-23	Australia	Oceania	Australia	2025-04-15T00:00:00Z	2025-04-15T00:00:00Z
PV289086.1	8964.0		True	2018-11-19	Australia	Oceania	Australia	2025-04-15T00:00:00Z	2025-04-15T00:00:00Z
PV289085.1	8964.0		True	2017-03-28	Australia	Oceania	Australia	2025-04-15T00:00:00Z	2025-04-15T00:00:00Z
PV289084.1	8964.0		True	2007-01-10	Australia	Oceania	Australia	2025-04-15T00:00:00Z	2025-04-15T00:00:00Z
PV289083.1	8964.0		True	2019-06-03	Australia	Oceania	Australia	2025-04-15T00:00:00Z	2025-04-15T00:00:00Z
PV289082.1	8964.0		True	2019-05-14	Australia	Oceania	Australia	2025-04-15T00:00:00Z	2025-04-15T00:00:00Z
PV289081.1	8964.0		True	2008-09-25	Australia	Oceania	Australia	2025-04-15T00:00:00Z	2025-04-15T00:00:00Z
PV289080.1	8964.0		True	2006-06-08	Australia	Oceania	Australia	2025-04-15T00:00:00Z	2025-04-15T00:00:00Z
PV289079.1	8964.0		True	2007-10-16	Australia	Oceania	Australia	2025-04-15T00:00:00Z	2025-04-15T00:00:00Z
PV289078.1	8963.0		True	2016-05-18	Australia	Oceania	Australia	2025-04-15T00:00:00Z	2025-04-15T00:00:00Z
PV289077.1	8964.0		True	2016-05-26	Australia	Oceania	Australia	2025-04-15T00:00:00Z	2025-04-15T00:00:00Z
PV289076.1	8964.0		True	2018-02-21	Australia	Oceania	Australia	2025-04-15T00:00:00Z	2025-04-15T00:00:00Z
PV289075.1	8964.0		True	2016-06-22	Australia	Oceania	Australia	2025-04-15T00:00:00Z	2025-04-15T00:00:00Z
PV289074.1	8964.0		True	2008-03-11	Australia	Oceania	Australia	2025-04-15T00:00:00Z	2025-04-15T00:00:00Z
PV289073.1	8964.0		True	2006-06-22	Australia	Oceania	Australia	2025-04-15T00:00:00Z	2025-04-15T00:00:00Z
PV289072.1	8964.0		True	2008-11-26	Australia	Oceania	Australia	2025-04-15T00:00:00Z	2025-04-15T00:00:00Z
PV289071.1	8964.0		True	2016-02-18	Australia	Oceania	Australia	2025-04-15T00:00:00Z	2025-04-15T00:00:00Z
PV289070.1	8964.0		True	2016-06-16	Australia	Oceania	Australia	2025-04-15T00:00:00Z	2025-04-15T00:00:00Z
PV289069.1	8964.0		True	2016-10-25	Australia	Oceania	Australia	2025-04-15T00:00:00Z	2025-04-15T00:00:00Z
PV289068.1	8964.0		True	2018-01-10	Australia	Oceania	Australia	2025-04-15T00:00:00Z	2025-04-15T00:00:00Z
PV289067.1	8964.0		True	2006-08-22	Australia	Oceania	Australia	2025-04-15T00:00:00Z	2025-04-15T00:00:00Z
PV289066.1	8964.0		True	2008-02-26	Australia	Oceania	Australia	2025-04-15T00:00:00Z	2025-04-15T00:00:00Z
PV289065.1	8964.0		True	2019-01-08	Australia	Oceania	Australia	2025-04-15T00:00:00Z	2025-04-15T00:00:00Z
PV289064.1	8964.0		True	2018-03-06	Australia	Oceania	Australia	2025-04-15T00:00:00Z	2025-04-15T00:00:00Z
PQ660859.1	9027.0		True	2016-06-17	Kenya	Africa	United Kingdom	2025-08-01T00:00:00Z	2025-08-01T00:00:00Z
PQ660858.1	9036.0		True	2016-06-17	Kenya	Africa	United Kingdom	2025-08-01T00:00:00Z	2025-08-01T00:00:00Z
PQ660857.1	9023.0		True	2016-06-17	Kenya	Africa	United Kingdom	2025-08-01T00:00:00Z	2025-08-01T00:00:00Z
PQ660856.1	9027.0		True	2016-06-16	Kenya	Africa	United Kingdom	2025-08-01T00:00:00Z	2025-08-01T00:00:00Z
PQ660855.1	9036.0		True	2016-06-15	Kenya	Africa	United Kingdom	2025-08-01T00:00:00Z	2025-08-01T00:00:00Z
PQ660854.1	9036.0		True	2016-06-10	Kenya	Africa	United Kingdom	2025-08-01T00:00:00Z	2025-08-01T00:00:00Z
PQ660853.1	9036.0		True	2016-06-08	Kenya	Africa	United Kingdom	2025-08-01T00:00:00Z	2025-08-01T00:00:00Z
PQ660852.1	9016.0		True	2016-06-08	Kenya	Africa	United Kingdom	2025-08-01T00:00:00Z	2025-08-01T00:00:00Z
PQ660851.1	9032.0		True	2016-06-07	Kenya	Africa	United Kingdom	2025-08-01T00:00:00Z	2025-08-01T00:00:00Z
PQ660850.1	9036.0		True	2016-06-06	Kenya	Africa	United Kingdom	2025-08-01T00:00:00Z	2025-08-01T00:00:00Z
PQ660849.1	9036.0		True	2016-06-06	Kenya	Africa	United Kingdom	2025-08-01T00:00:00Z	2025-08-01T00:00:00Z
PQ660848.1	9023.0		True	2016-01-22	Kenya	Africa	United Kingdom	2025-08-01T00:00:00Z	2025-08-01T00:00:00Z
PQ660847.1	8962.0		True	2016-01-22	Kenya	Africa	United Kingdom	2025-08-01T00:00:00Z	2025-08-01T00:00:00Z
PQ660846.1	9036.0		True	2016-01-21	Kenya	Africa	United Kingdom	2025-08-01T00:00:00Z	2025-08-01T00:00:00Z
PQ660845.1	9036.0		True	2016-01-21	Kenya	Africa	United Kingdom	2025-08-01T00:00:00Z	2025-08-01T00:00:00Z
PQ660844.1	9036.0		True	2016-01-21	Kenya	Africa	United Kingdom	2025-08-01T00:00:00Z	2025-08-01T00:00:00Z
PQ660843.1	9036.0		True	2016-01-21	Kenya	Africa	United Kingdom	2025-08-01T00:00:00Z	2025-08-01T00:00:00Z
PQ660842.1	9036.0		True	2016-01-20	Kenya	Africa	United Kingdom	2025-08-01T00:00:00Z	2025-08-01T00:00:00Z
PQ660841.1	9036.0		True	2016-01-20	Kenya	Africa	United Kingdom	2025-08-01T00:00:00Z	2025-08-01T00:00:00Z
PQ660840.1	9023.0		True	2016-01-20	Kenya	Africa	United Kingdom	2025-08-01T00:00:00Z	2025-08-01T00:00:00Z
PQ660839.1	8960.0		True	2016-01-19	Kenya	Africa	United Kingdom	2025-08-01T00:00:00Z	2025-08-01T00:00:00Z
PQ660838.1	9036.0		True	2016-01-19	Kenya	Africa	United Kingdom	2025-08-01T00:00:00Z	2025-08-01T00:00:00Z
PQ660837.1	9023.0		True	2016-01-19	Kenya	Africa	United Kingdom	2025-08-01T00:00:00Z	2025-08-01T00:00:00Z
PQ660836.1	9036.0		True	2016-01-19	Kenya	Africa	United Kingdom	2025-08-01T00:00:00Z	2025-08-01T00:00:00Z
PQ660835.1	9036.0		True	2015-12-22	Kenya	Africa	United Kingdom	2025-08-01T00:00:00Z	2025-08-01T00:00:00Z
PQ660834.1	9036.0		True	2015-12-22	Kenya	Africa	United Kingdom	2025-08-01T00:00:00Z	2025-08-01T00:00:00Z
PQ660833.1	9036.0		True	2015-12-22	Kenya	Africa	United Kingdom	2025-08-01T00:00:00Z	2025-08-01T00:00:00Z
PQ660832.1	9036.0		True	2015-12-21	Kenya	Africa	United Kingdom	2025-08-01T00:00:00Z	2025-08-01T00:00:00Z
PQ660831.1	9036.0		True	2015-12-21	Kenya	Africa	United Kingdom	2025-08-01T00:00:00Z	2025-08-01T00:00:00Z
PQ660830.1	9027.0		True	2015-12-21	Kenya	Africa	United Kingdom	2025-08-01T00:00:00Z	2025-08-01T00:00:00Z
PQ660829.1	9036.0		True	2015-12-18	Kenya	Africa	United Kingdom	2025-08-01T00:00:00Z	2025-08-01T00:00:00Z
PQ660828.1	9036.0		True	2015-12-17	Kenya	Africa	United Kingdom	2025-08-01T00:00:00Z	2025-08-01T00:00:00Z
PQ660827.1	9036.0		True	2015-12-16	Kenya	Africa	United Kingdom	2025-08-01T00:00:00Z	2025-08-01T00:00:00Z
PQ660826.1	9036.0		True	2015-12-16	Kenya	Africa	United Kingdom	2025-08-01T00:00:00Z	2025-08-01T00:00:00Z
PQ660825.1	9036.0		True	2015-12-16	Kenya	Africa	United Kingdom	2025-08-01T00:00:00Z	2025-08-01T00:00:00Z
PQ660824.1	9036.0		True	2015-12-16	Kenya	Africa	United Kingdom	2025-08-01T00:00:00Z	2025-08-01T00:00:00Z
PQ660823.1	9036.0		True	2015-12-16	Kenya	Africa	United Kingdom	2025-08-01T00:00:00Z	2025-08-01T00:00:00Z
PV289063.1	8964.0		True	2016-04-19	Australia	Oceania	Australia	2025-04-15T00:00:00Z	2025-04-15T00:00:00Z
PV289062.1	8964.0		True	2018-06-19	Australia	Oceania	Australia	2025-04-15T00:00:00Z	2025-04-15T00:00:00Z
PV289061.1	8964.0		True	2018-04-05	Australia	Oceania	Australia	2025-04-15T00:00:00Z	2025-04-15T00:00:00Z
PV289060.1	8964.0		True	2019-09-02	Australia	Oceania	Australia	2025-04-15T00:00:00Z	2025-04-15T00:00:00Z
PV289059.1	8964.0		True	2015-09-22	Australia	Oceania	Australia	2025-04-15T00:00:00Z	2025-04-15T00:00:00Z
PV289058.1	8964.0		True	2016-06-14	Australia	Oceania	Australia	2025-04-15T00:00:00Z	2025-04-15T00:00:00Z
PV289057.1	8964.0		True	2015-05-29	Australia	Oceania	Australia	2025-04-15T00:00:00Z	2025-04-15T00:00:00Z
PV289056.1	8964.0		True	2016-03-16	Australia	Oceania	Australia	2025-04-15T00:00:00Z	2025-04-15T00:00:00Z
PV289055.1	8964.0		True	2018-09-04	Australia	Oceania	Australia	2025-04-15T00:00:00Z	2025-04-15T00:00:00Z
PV289054.1	8964.0		True	2008-02-21	Australia	Oceania	Australia	2025-04-15T00:00:00Z	2025-04-15T00:00:00Z
PV289053.1	8964.0		True	2017-04-27	Australia	Oceania	Australia	2025-04-15T00:00:00Z	2025-04-15T00:00:00Z
PV289052.1	8964.0		True	2016-05-12	Australia	Oceania	Australia	2025-04-15T00:00:00Z	2025-04-15T00:00:00Z
PV289051.1	8964.0		True	2016-05-17	Australia	Oceania	Australia	2025-04-15T00:00:00Z	2025-04-15T00:00:00Z
PV289050.1	8964.0		True	2006-06-14	Australia	Oceania	Australia	2025-04-15T00:00:00Z	2025-04-15T00:00:00Z
PV289049.1	8964.0		True	2017-08-29	Australia	Oceania	Australia	2025-04-15T00:00:00Z	2025-04-15T00:00:00Z
PV289048.1	8964.0		True	2018-02-21	Australia	Oceania	Australia	2025-04-15T00:00:00Z	2025-04-15T00:00:00Z
PV289047.1	8964.0		True	2015-08-28	Australia	Oceania	Australia	2025-04-15T00:00:00Z	2025-04-15T00:00:00Z
PV289046.1	8964.0		True	2016-02-04	Australia	Oceania	Australia	2025-04-15T00:00:00Z	2025-04-15T00:00:00Z
PV289045.1	8964.0		True	2018-08-20	Australia	Oceania	Australia	2025-04-15T00:00:00Z	2025-04-15T00:00:00Z
PV289044.1	8964.0		True	2017-03-13	Australia	Oceania	Australia	2025-04-15T00:00:00Z	2025-04-15T00:00:00Z
PV289043.1	8964.0		True	2018-09-10	Australia	Oceania	Australia	2025-04-15T00:00:00Z	2025-04-15T00:00:00Z
PV289042.1	8964.0		True	2018-09-12	Australia	Oceania	Australia	2025-04-15T00:00:00Z	2025-04-15T00:00:00Z
PV289041.1	8964.0		True	2019-03-13	Australia	Oceania	Australia	2025-04-15T00:00:00Z	2025-04-15T00:00:00Z
PV289040.1	8964.0		True	2008-07-28	Australia	Oceania	Australia	2025-04-15T00:00:00Z	2025-04-15T00:00:00Z
PV184571.1	8964.0		True	2019-10-30	Australia	Oceania	Australia	2025-03-10T00:00:00Z	2025-03-10T00:00:00Z
PV184570.1	8964.0		True	2017-11-06	Australia	Oceania	Australia	2025-03-10T00:00:00Z	2025-03-10T00:00:00Z
PV184569.1	8964.0		True	2019-09-12	Australia	Oceania	Australia	2025-03-10T00:00:00Z	2025-03-10T00:00:00Z
PV184568.1	8964.0		True	2019-03-18	Australia	Oceania	Australia	2025-03-10T00:00:00Z	2025-03-10T00:00:00Z
PV184567.1	8964.0		True	2017-11-06	Australia	Oceania	Australia	2025-03-10T00:00:00Z	2025-03-10T00:00:00Z
PV184566.1	8964.0		True	2019-01-21	Australia	Oceania	Australia	2025-03-10T00:00:00Z	2025-03-10T00:00:00Z
PV184565.1	8964.0		True	2019-08-19	Australia	Oceania	Australia	2025-03-10T00:00:00Z	2025-03-10T00:00:00Z
PV184564.1	8964.0		True	2017-10-16	Australia	Oceania	Australia	2025-03-10T00:00:00Z	2025-03-10T00:00:00Z
PV184563.1	8964.0		True	2017-05-23	Australia	Oceania	Australia	2025-03-10T00:00:00Z	2025-03-10T00:00:00Z
PV184562.1	8964.0		True	2018-11-13	Australia	Oceania	Australia	2025-03-10T00:00:00Z	2025-03-10T00:00:00Z
PV184561.1	8964.0		True	2017-08-08	Australia	Oceania	Australia	2025-03-10T00:00:00Z	2025-03-10T00:00:00Z
PV184560.1	8964.0		True	2019-04-15	Australia	Oceania	Australia	2025-03-10T00:00:00Z	2025-03-10T00:00:00Z
PV184559.1	8964.0		True	2018-02-12	Australia	Oceania	Australia	2025-03-10T00:00:00Z	2025-03-10T00:00:00Z
PV184558.1	8964.0		True	2017-08-07	Australia	Oceania	Australia	2025-03-10T00:00:00Z	2025-03-10T00:00:00Z
PV184557.1	8964.0		True	2017-01-23	Australia	Oceania	Australia	2025-03-10T00:00:00Z	2025-03-10T00:00:00Z
PV184556.1	8964.0		True	2018-08-13	Australia	Oceania	Australia	2025-03-10T00:00:00Z	2025-03-10T00:00:00Z
PV184555.1	8964.0		True	2019-10-17	Australia	Oceania	Australia	2025-03-10T00:00:00Z	2025-03-10T00:00:00Z
PV184554.1	8964.0		True	2019-05-16	Australia	Oceania	Australia	2025-03-10T00:00:00Z	2025-03-10T00:00:00Z
PV184553.1	8964.0		True	2019-07-23	Australia	Oceania	Australia	2025-03-10T00:00:00Z	2025-03-10T00:00:00Z
PV184552.1	8964.0		True	2019-04-03	Australia	Oceania	Australia	2025-03-10T00:00:00Z	2025-03-10T00:00:00Z
PV184551.1	8964.0		True	2019-11-25	Australia	Oceania	Australia	2025-03-10T00:00:00Z	2025-03-10T00:00:00Z
PV184550.1	8964.0		True	2018-11-06	Australia	Oceania	Australia	2025-03-10T00:00:00Z	2025-03-10T00:00:00Z
PV184549.1	8964.0		True	2018-02-26	Australia	Oceania	Australia	2025-03-10T00:00:00Z	2025-03-10T00:00:00Z
PV184548.1	8964.0		True	2018-06-26	Australia	Oceania	Australia	2025-03-10T00:00:00Z	2025-03-10T00:00:00Z
PV184547.1	8964.0		True	2018-02-28	Australia	Oceania	Australia	2025-03-10T00:00:00Z	2025-03-10T00:00:00Z
PV184546.1	8964.0		True	2018-03-19	Australia	Oceania	Australia	2025-03-10T00:00:00Z	2025-03-10T00:00:00Z
PV184545.1	8964.0		True	2016-11-22	Australia	Oceania	Australia	2025-03-10T00:00:00Z	2025-03-10T00:00:00Z
PV184544.1	8964.0		True	2016-05-11	Australia	Oceania	Australia	2025-03-10T00:00:00Z	2025-03-10T00:00:00Z
PV184543.1	8964.0		True	2017-02-21	Australia	Oceania	Australia	2025-03-10T00:00:00Z	2025-03-10T00:00:00Z
PV184542.1	8964.0		True	2017-05-24	Australia	Oceania	Australia	2025-03-10T00:00:00Z	2025-03-10T00:00:00Z
PV184541.1	8964.0		True	2016-08-30	Australia	Oceania	Australia	2025-03-10T00:00:00Z	2025-03-10T00:00:00Z
PV184540.1	8964.0		True	2016-05-26	Australia	Oceania	Australia	2025-03-10T00:00:00Z	2025-03-10T00:00:00Z
PV184539.1	8964.0		True	2015-02-18	Australia	Oceania	Australia	2025-03-10T00:00:00Z	2025-03-10T00:00:00Z
PV184538.1	8964.0		True	2015-07-30	Australia	Oceania	Australia	2025-03-10T00:00:00Z	2025-03-10T00:00:00Z
PV184537.1	8964.0		True	2016-05-11	Australia	Oceania	Australia	2025-03-10T00:00:00Z	2025-03-10T00:00:00Z
PV184536.1	8964.0		True	2015-02-12	Australia	Oceania	Australia	2025-03-10T00:00:00Z	2025-03-10T00:00:00Z
PV184535.1	8964.0		True	2018-11-27	Australia	Oceania	Australia	2025-03-10T00:00:00Z	2025-03-10T00:00:00Z
PV184534.1	8964.0		True	2018-07-26	Australia	Oceania	Australia	2025-03-10T00:00:00Z	2025-03-10T00:00:00Z
PV184533.1	8964.0		True	2019-04-02	Australia	Oceania	Australia	2025-03-10T00:00:00Z	2025-03-10T00:00:00Z
PV184532.1	8964.0		True	2019-05-16	Australia	Oceania	Australia	2025-03-10T00:00:00Z	2025-03-10T00:00:00Z
PV184531.1	8964.0		True	2019-03-20	Australia	Oceania	Australia	2025-03-10T00:00:00Z	2025-03-10T00:00:00Z
PV184530.1	8964.0		True	2018-04-12	Australia	Oceania	Australia	2025-03-10T00:00:00Z	2025-03-10T00:00:00Z
PV184529.1	8964.0		True	2017-05-24	Australia	Oceania	Australia	2025-03-10T00:00:00Z	2025-03-10T00:00:00Z
PV184528.1	8964.0		True	2017-12-11	Australia	Oceania	Australia	2025-03-10T00:00:00Z	2025-03-10T00:00:00Z
PV184527.1	8964.0		True	2017-11-07	Australia	Oceania	Australia	2025-03-10T00:00:00Z	2025-03-10T00:00:00Z
PV184526.1	8964.0		True	2017-10-24	Australia	Oceania	Australia	2025-03-10T00:00:00Z	2025-03-10T00:00:00Z
PV184525.1	8964.0		True	2016-10-18	Australia	Oceania	Australia	2025-03-10T00:00:00Z	2025-03-10T00:00:00Z
PV184524.1	8964.0		True	2019-05-16	Australia	Oceania	Australia	2025-03-10T00:00:00Z	2025-03-10T00:00:00Z
PV184523.1	8964.0		True	2017-04-06	Australia	Oceania	Australia	2025-03-10T00:00:00Z	2025-03-10T00:00:00Z
PV184522.1	8964.0		True	2019-06-06	Australia	Oceania	Australia	2025-03-10T00:00:00Z	2025-03-10T00:00:00Z
PV184521.1	8964.0		True	2018-06-13	Australia	Oceania	Australia	2025-03-10T00:00:00Z	2025-03-10T00:00:00Z
PV184520.1	8964.0		True	2017-07-17	Australia	Oceania	Australia	2025-03-10T00:00:00Z	2025-03-10T00:00:00Z
PV184519.1	8964.0		True	2018-02-20	Australia	Oceania	Australia	2025-03-10T00:00:00Z	2025-03-10T00:00:00Z
PV184518.1	8964.0		True	2016-05-17	Australia	Oceania	Australia	2025-03-10T00:00:00Z	2025-03-10T00:00:00Z
PV184517.1	8964.0		True	2014-06-23	Australia	Oceania	Australia	2025-03-10T00:00:00Z	2025-03-10T00:00:00Z
PV184516.1	8964.0		True	2014-09-22	Australia	Oceania	Australia	2025-03-10T00:00:00Z	2025-03-10T00:00:00Z
PV184515.1	8964.0		True	2013-05-16	Australia	Oceania	Australia	2025-03-10T00:00:00Z	2025-03-10T00:00:00Z
PV184514.1	8964.0		True	2014-02-25	Australia	Oceania	Australia	2025-03-10T00:00:00Z	2025-03-10T00:00:00Z
PV184513.1	8964.0		True	2013-08-20	Australia	Oceania	Australia	2025-03-10T00:00:00Z	2025-03-10T00:00:00Z
PV184512.1	8964.0		True	2013-03-14	Australia	Oceania	Australia	2025-03-10T00:00:00Z	2025-03-10T00:00:00Z
PV184511.1	8964.0		True	2013-05-03	Australia	Oceania	Australia	2025-03-10T00:00:00Z	2025-03-10T00:00:00Z
PV184510.1	8964.0		True	2009-11-04	Australia	Oceania	Australia	2025-03-10T00:00:00Z	2025-03-10T00:00:00Z
PV184509.1	8964.0		True	2010-05-17	Australia	Oceania	Australia	2025-03-10T00:00:00Z	2025-03-10T00:00:00Z
PV184508.1	8964.0		True	2012-03-30	Australia	Oceania	Australia	2025-03-10T00:00:00Z	2025-03-10T00:00:00Z
PV184507.1	8964.0		True	2008-07-31	Australia	Oceania	Australia	2025-03-10T00:00:00Z	2025-03-10T00:00:00Z
PV184506.1	8964.0		True	2014-04-04	Australia	Oceania	Australia	2025-03-10T00:00:00Z	2025-03-10T00:00:00Z
PV184505.1	8964.0		True	2010-04-01	Australia	Oceania	Australia	2025-03-10T00:00:00Z	2025-03-10T00:00:00Z
PV184504.1	8964.0		True	2012-01-09	Australia	Oceania	Australia	2025-03-10T00:00:00Z	2025-03-10T00:00:00Z
PV184503.1	8964.0		True	2009-04-14	Australia	Oceania	Australia	2025-03-10T00:00:00Z	2025-03-10T00:00:00Z
PV184502.1	8964.0		True	2013-01-24	Australia	Oceania	Australia	2025-03-10T00:00:00Z	2025-03-10T00:00:00Z
PV184501.1	8964.0		True	2012-11-09	Australia	Oceania	Australia	2025-03-10T00:00:00Z	2025-03-10T00:00:00Z
PV184500.1	8964.0		True	2013-05-29	Australia	Oceania	Australia	2025-03-10T00:00:00Z	2025-03-10T00:00:00Z
PV184499.1	8964.0		True	2012-08-20	Australia	Oceania	Australia	2025-03-10T00:00:00Z	2025-03-10T00:00:00Z
PV184498.1	8964.0		True	2012-08-15	Australia	Oceania	Australia	2025-03-10T00:00:00Z	2025-03-10T00:00:00Z
PV184497.1	8964.0		True	2009-10-08	Australia	Oceania	Australia	2025-03-10T00:00:00Z	2025-03-10T00:00:00Z
PV184496.1	8964.0		True	2014-06-18	Australia	Oceania	Australia	2025-03-10T00:00:00Z	2025-03-10T00:00:00Z
PV184495.1	8964.0		True	2014-06-05	Australia	Oceania	Australia	2025-03-10T00:00:00Z	2025-03-10T00:00:00Z
PV184494.1	8964.0		True	2011-10-28	Australia	Oceania	Australia	2025-03-10T00:00:00Z	2025-03-10T00:00:00Z
PV184493.1	8964.0		True	2012-12-06	Australia	Oceania	Australia	2025-03-10T00:00:00Z	2025-03-10T00:00:00Z
PV184492.1	8964.0		True	2008-10-16	Australia	Oceania	Australia	2025-03-10T00:00:00Z	2025-03-10T00:00:00Z
PV184491.1	8964.0		True	2012-10-19	Australia	Oceania	Australia	2025-03-10T00:00:00Z	2025-03-10T00:00:00Z
PV184490.1	8964.0		True	2008-01-15	Australia	Oceania	Australia	2025-03-10T00:00:00Z	2025-03-10T00:00:00Z
PV184489.1	8964.0		True	2012-02-28	Australia	Oceania	Australia	2025-03-10T00:00:00Z	2025-03-10T00:00:00Z
PV184488.1	8964.0		True	2007-11-30	Australia	Oceania	Australia	2025-03-10T00:00:00Z	2025-03-10T00:00:00Z
PV184487.1	8964.0		True	2012-05-28	Australia	Oceania	Australia	2025-03-10T00:00:00Z	2025-03-10T00:00:00Z
PV184486.1	8964.0		True	2009-01-20	Australia	Oceania	Australia	2025-03-10T00:00:00Z	2025-03-10T00:00:00Z
PV184485.1	8964.0		True	2010-02-25	Australia	Oceania	Australia	2025-03-10T00:00:00Z	2025-03-10T00:00:00Z
PV184484.1	8964.0		True	2013-03-05	Australia	Oceania	Australia	2025-03-10T00:00:00Z	2025-03-10T00:00:00Z
PV184483.1	8964.0		True	2012-08-08	Australia	Oceania	Australia	2025-03-10T00:00:00Z	2025-03-10T00:00:00Z
PV184482.1	8964.0		True	2007-08-16	Australia	Oceania	Australia	2025-03-10T00:00:00Z	2025-03-10T00:00:00Z
PV184481.1	8964.0		True	2011-06-23	Australia	Oceania	Australia	2025-03-10T00:00:00Z	2025-03-10T00:00:00Z
PV184480.1	8964.0		True	2011-02-10	Australia	Oceania	Australia	2025-03-10T00:00:00Z	2025-03-10T00:00:00Z
PV184479.1	8964.0		True	2008-06-19	Australia	Oceania	Australia	2025-03-10T00:00:00Z	2025-03-10T00:00:00Z
PV184478.1	8964.0		True	2009-07-30	Australia	Oceania	Australia	2025-03-10T00:00:00Z	2025-03-10T00:00:00Z
PV184477.1	8964.0		True	2012-05-28	Australia	Oceania	Australia	2025-03-10T00:00:00Z	2025-03-10T00:00:00Z
PV184476.1	8964.0		True	2012-02-28	Australia	Oceania	Australia	2025-03-10T00:00:00Z	2025-03-10T00:00:00Z
PV184475.1	8964.0		True	2011-11-07	Australia	Oceania	Australia	2025-03-10T00:00:00Z	2025-03-10T00:00:00Z
PV184474.1	8964.0		True	2008-09-11	Australia	Oceania	Australia	2025-03-10T00:00:00Z	2025-03-10T00:00:00Z
PV184473.1	8964.0		True	2011-01-14	Australia	Oceania	Australia	2025-03-10T00:00:00Z	2025-03-10T00:00:00Z
PV184472.1	8964.0		True	2011-03-11	Australia	Oceania	Australia	2025-03-10T00:00:00Z	2025-03-10T00:00:00Z
PV184471.1	8964.0		True	2006-07-26	Australia	Oceania	Australia	2025-03-10T00:00:00Z	2025-03-10T00:00:00Z
PQ862235.1	9501.0		True	2024	USA	North America	USA	2025-02-26T00:00:00Z	2025-02-26T00:00:00Z
PQ365540.1	9256.0		True	2024-02-26	Nepal	Asia	Nepal	2025-03-05T00:00:00Z	2025-03-05T00:00:00Z
PQ365539.1	9330.0		True	2023-12-04	Nepal	Asia	Nepal	2025-03-05T00:00:00Z	2025-03-05T00:00:00Z
PQ365538.1	9407.0		True	2023-11-08	Nepal	Asia	Nepal	2025-03-05T00:00:00Z	2025-03-05T00:00:00Z
PQ365537.1	9392.0		True	2023-10-03	Nepal	Asia	Nepal	2025-03-05T00:00:00Z	2025-03-05T00:00:00Z
PQ365536.1	9414.0		True	2023-10-03	Nepal	Asia	Nepal	2025-03-05T00:00:00Z	2025-03-05T00:00:00Z
PQ365535.1	9373.0		True	2023-09-17	Nepal	Asia	Nepal	2025-03-05T00:00:00Z	2025-03-05T00:00:00Z
PQ365534.1	9384.0		True	2023-04-13	Nepal	Asia	Nepal	2025-03-05T00:00:00Z	2025-03-05T00:00:00Z
PQ365533.1	9384.0		True	2023-02-16	Nepal	Asia	Nepal	2025-03-05T00:00:00Z	2025-03-05T00:00:00Z
PQ365532.1	9431.0		True	2023-01-12	Nepal	Asia	Nepal	2025-03-05T00:00:00Z	2025-03-05T00:00:00Z
PQ365531.1	9413.0		True	2022-10-19	Nepal	Asia	Nepal	2025-03-05T00:00:00Z	2025-03-05T00:00:00Z
PQ365530.1	9396.0		True	2022-08-24	Nepal	Asia	Nepal	2025-03-05T00:00:00Z	2025-03-05T00:00:00Z
PQ365529.1	9378.0		True	2022-08-13	Nepal	Asia	Nepal	2025-03-05T00:00:00Z	2025-03-05T00:00:00Z
PQ365528.1	9399.0		True	2022-08-02	Nepal	Asia	Nepal	2025-03-05T00:00:00Z	2025-03-05T00:00:00Z
PQ365527.1	9340.0		True	2022-04-10	Nepal	Asia	Nepal	2025-03-05T00:00:00Z	2025-03-05T00:00:00Z
PQ365526.1	9412.0		True	2022-02-06	Nepal	Asia	Nepal	2025-03-05T00:00:00Z	2025-03-05T00:00:00Z
PQ365525.1	9376.0		True	2020-01-14	Nepal	Asia	Nepal	2025-03-05T00:00:00Z	2025-03-05T00:00:00Z
PQ365524.1	9421.0		True	2022-09-14	Nepal	Asia	Nepal	2025-03-05T00:00:00Z	2025-03-05T00:00:00Z
PQ365523.1	9385.0		True	2022-08-04	Nepal	Asia	Nepal	2025-03-05T00:00:00Z	2025-03-05T00:00:00Z
PQ365522.1	9417.0		True	2022-05-31	Nepal	Asia	Nepal	2025-03-05T00:00:00Z	2025-03-05T00:00:00Z
PQ365521.1	9386.0		True	2022-04-26	Nepal	Asia	Nepal	2025-03-05T00:00:00Z	2025-03-05T00:00:00Z
PQ365520.1	9363.0		True	2022-02-22	Nepal	Asia	Nepal	2025-03-05T00:00:00Z	2025-03-05T00:00:00Z
PQ365519.1	9423.0		True	2021-12-27	Nepal	Asia	Nepal	2025-03-05T00:00:00Z	2025-03-05T00:00:00Z
PQ365518.1	9412.0		True	2021-11-29	Nepal	Asia	Nepal	2025-03-05T00:00:00Z	2025-03-05T00:00:00Z
PQ365517.1	9419.0		True	2021-11-29	Nepal	Asia	Nepal	2025-03-05T00:00:00Z	2025-03-05T00:00:00Z
PQ365516.1	9204.0		True	2021-11-08	Nepal	Asia	Nepal	2025-03-05T00:00:00Z	2025-03-05T00:00:00Z
PQ365515.1	9405.0		True	2021-03-23	Nepal	Asia	Nepal	2025-03-05T00:00:00Z	2025-03-05T00:00:00Z
PQ365514.1	9409.0		True	2021-03-23	Nepal	Asia	Nepal	2025-03-05T00:00:00Z	2025-03-05T00:00:00Z
PQ365513.1	9406.0		True	2021-02-19	Nepal	Asia	Nepal	2025-03-05T00:00:00Z	2025-03-05T00:00:00Z
PQ365512.1	9433.0		True	2021-02-17	Nepal	Asia	Nepal	2025-03-05T00:00:00Z	2025-03-05T00:00:00Z
PQ365511.1	9386.0		True	2020-01-23	Nepal	Asia	Nepal	2025-03-05T00:00:00Z	2025-03-05T00:00:00Z
PQ365510.1	9309.0		True	2022-12-21	Nepal	Asia	Nepal	2025-03-05T00:00:00Z	2025-03-05T00:00:00Z
PQ365509.1	9386.0		True	2021-03-19	Nepal	Asia	Nepal	2025-03-05T00:00:00Z	2025-03-05T00:00:00Z
PQ365508.1	9374.0		True	2024-02-07	Nepal	Asia	Nepal	2025-03-05T00:00:00Z	2025-03-05T00:00:00Z
PQ365507.1	9222.0		True	2024-01-29	Nepal	Asia	Nepal	2025-03-05T00:00:00Z	2025-03-05T00:00:00Z
PQ365506.1	9419.0		True	2023-12-31	Nepal	Asia	Nepal	2025-03-05T00:00:00Z	2025-03-05T00:00:00Z
PQ365505.1	9418.0		True	2023-12-02	Nepal	Asia	Nepal	2025-03-05T00:00:00Z	2025-03-05T00:00:00Z
PQ365504.1	9337.0		True	2023-11-26	Nepal	Asia	Nepal	2025-03-05T00:00:00Z	2025-03-05T00:00:00Z
PQ365503.1	9225.0		True	2023-06-05	Nepal	Asia	Nepal	2025-03-05T00:00:00Z	2025-03-05T00:00:00Z
PQ365502.1	9410.0		True	2023-05-18	Nepal	Asia	Nepal	2025-03-05T00:00:00Z	2025-03-05T00:00:00Z
PQ365501.1	9419.0		True	2022-08-28	Nepal	Asia	Nepal	2025-03-05T00:00:00Z	2025-03-05T00:00:00Z
PQ365500.1	9394.0		True	2022-06-28	Nepal	Asia	Nepal	2025-03-05T00:00:00Z	2025-03-05T00:00:00Z
PQ365499.1	9394.0		True	2022-04-10	Nepal	Asia	Nepal	2025-03-05T00:00:00Z	2025-03-05T00:00:00Z
PQ365498.1	9418.0		True	2021-03-19	Nepal	Asia	Nepal	2025-03-05T00:00:00Z	2025-03-05T00:00:00Z
PQ365497.1	9204.0		True	2021-03-02	Nepal	Asia	Nepal	2025-03-05T00:00:00Z	2025-03-05T00:00:00Z
PP445048.1	9114.0		True	2021-08-05	Senegal: Bounkiling	Africa	USA	2024-04-10T00:00:00Z	2024-08-15T00:00:00Z
PP372686.1	9429.0		True	2021-05-21	China	Asia	China	2024-08-31T00:00:00Z	2024-08-31T00:00:00Z
PP101940.1	9466.0		True	2017-08-08	Cambodia	Asia	France	2024-07-15T00:00:00Z	2024-07-15T00:00:00Z
PP101939.1	9500.0		True	2017-08-31	Cambodia	Asia	France	2024-07-15T00:00:00Z	2024-07-15T00:00:00Z
PP101938.1	9418.0		True	2017-08-29	Cambodia	Asia	France	2024-07-15T00:00:00Z	2024-07-15T00:00:00Z
PP101937.1	9383.0		True	2017-08-28	Cambodia	Asia	France	2024-07-15T00:00:00Z	2024-07-15T00:00:00Z
PP101936.1	9422.0		True	2017-08-17	Cambodia	Asia	France	2024-07-15T00:00:00Z	2024-07-15T00:00:00Z
PP101935.1	9470.0		True	2017-08-17	Cambodia	Asia	France	2024-07-15T00:00:00Z	2024-07-15T00:00:00Z
PP101934.1	9464.0		True	2017-08-17	Cambodia	Asia	France	2024-07-15T00:00:00Z	2024-07-15T00:00:00Z
PP101933.1	9448.0		True	2017-08-16	Cambodia	Asia	France	2024-07-15T00:00:00Z	2024-07-15T00:00:00Z
PP101932.1	9467.0		True	2017-08-16	Cambodia	Asia	France	2024-07-15T00:00:00Z	2024-07-15T00:00:00Z
PP101931.1	9467.0		True	2017-08-15	Cambodia	Asia	France	2024-07-15T00:00:00Z	2024-07-15T00:00:00Z
PP101930.1	9404.0		True	2017-08-14	Cambodia	Asia	France	2024-07-15T00:00:00Z	2024-07-15T00:00:00Z
PP101929.1	9464.0		True	2017-08-11	Cambodia	Asia	France	2024-07-15T00:00:00Z	2024-07-15T00:00:00Z
PP101928.1	9454.0		True	2017-08-10	Cambodia	Asia	France	2024-07-15T00:00:00Z	2024-07-15T00:00:00Z
PP101927.1	9534.0		True	2017-08-09	Cambodia	Asia	France	2024-07-15T00:00:00Z	2024-07-15T00:00:00Z
PP101926.1	9339.0		True	2017-08-09	Cambodia	Asia	France	2024-07-15T00:00:00Z	2024-07-15T00:00:00Z
PP101925.1	9402.0		True	2017-08-03	Cambodia	Asia	France	2024-07-15T00:00:00Z	2024-07-15T00:00:00Z
PP101924.1	9421.0		True	2017-08-08	Cambodia	Asia	France	2024-07-15T00:00:00Z	2024-07-15T00:00:00Z
PP101923.1	9443.0		True	2017-08-08	Cambodia	Asia	France	2024-07-15T00:00:00Z	2024-07-15T00:00:00Z
PP101922.1	9450.0		True	2017-08-08	Cambodia	Asia	France	2024-07-15T00:00:00Z	2024-07-15T00:00:00Z
PP101921.1	9400.0		True	2017-08-07	Cambodia	Asia	France	2024-07-15T00:00:00Z	2024-07-15T00:00:00Z
PP101920.1	9449.0		True	2017-08-07	Cambodia	Asia	France	2024-07-15T00:00:00Z	2024-07-15T00:00:00Z
PP101919.1	9446.0		True	2017-08-04	Cambodia	Asia	France	2024-07-15T00:00:00Z	2024-07-15T00:00:00Z
PP101918.1	9407.0		True	2017-08-03	Cambodia	Asia	France	2024-07-15T00:00:00Z	2024-07-15T00:00:00Z
PP101917.1	9403.0		True	2017-08-03	Cambodia	Asia	France	2024-07-15T00:00:00Z	2024-07-15T00:00:00Z
PP101916.1	9472.0		True	2017-08-03	Cambodia	Asia	France	2024-07-15T00:00:00Z	2024-07-15T00:00:00Z
PP101915.1	9449.0		True	2017-08-02	Cambodia	Asia	France	2024-07-15T00:00:00Z	2024-07-15T00:00:00Z
PP101914.1	9434.0		True	2017-08-02	Cambodia	Asia	France	2024-07-15T00:00:00Z	2024-07-15T00:00:00Z
PP101913.1	9535.0		True	2017-08-02	Cambodia	Asia	France	2024-07-15T00:00:00Z	2024-07-15T00:00:00Z
PP101912.1	9535.0		True	2017-07-26	Cambodia	Asia	France	2024-07-15T00:00:00Z	2024-07-15T00:00:00Z
PP101911.1	9469.0		True	2017-12-07	Cambodia	Asia	France	2024-07-15T00:00:00Z	2024-07-15T00:00:00Z
PP101910.1	9469.0		True	2017-05-23	Cambodia	Asia	France	2024-07-15T00:00:00Z	2024-07-15T00:00:00Z
PP101909.1	9474.0		True	2018-01-26	Cambodia	Asia	France	2024-07-15T00:00:00Z	2024-07-15T00:00:00Z
PP101908.1	9474.0		True	2017-05-04	Cambodia	Asia	France	2024-07-15T00:00:00Z	2024-07-15T00:00:00Z
PP101907.1	9447.0		True	2017-11-17	Cambodia	Asia	France	2024-07-15T00:00:00Z	2024-07-15T00:00:00Z
PP101906.1	9447.0		True	2017-05-03	Cambodia	Asia	France	2024-07-15T00:00:00Z	2024-07-15T00:00:00Z
PP101905.1	9444.0		True	2017-06-12	Cambodia	Asia	France	2024-07-15T00:00:00Z	2024-07-15T00:00:00Z
PP101904.1	9391.0		True	2016-12-08	Cambodia	Asia	France	2024-07-15T00:00:00Z	2024-07-15T00:00:00Z
PP101903.1	9402.0		True	2017-06-29	Cambodia	Asia	France	2024-07-15T00:00:00Z	2024-07-15T00:00:00Z
PP101902.1	9392.0		True	2018-01-04	Cambodia	Asia	France	2024-07-15T00:00:00Z	2024-07-15T00:00:00Z
PP101901.1	9391.0		True	2017-06-21	Cambodia	Asia	France	2024-07-15T00:00:00Z	2024-07-15T00:00:00Z
PP101900.1	9453.0		True	2017-12-14	Cambodia	Asia	France	2024-07-15T00:00:00Z	2024-07-15T00:00:00Z
PP101899.1	9452.0		True	2018-01-02	Cambodia	Asia	France	2024-07-15T00:00:00Z	2024-07-15T00:00:00Z
PP101898.1	9453.0		True	2017-06-20	Cambodia	Asia	France	2024-07-15T00:00:00Z	2024-07-15T00:00:00Z
PP101897.1	9453.0		True	2017-12-20	Cambodia	Asia	France	2024-07-15T00:00:00Z	2024-07-15T00:00:00Z
PP101896.1	9453.0		True	2017-06-07	Cambodia	Asia	France	2024-07-15T00:00:00Z	2024-07-15T00:00:00Z
PP101895.1	9453.0		True	2017-07-27	Cambodia	Asia	France	2024-07-15T00:00:00Z	2024-07-15T00:00:00Z
PP101894.1	9453.0		True	2017-02-08	Cambodia	Asia	France	2024-07-15T00:00:00Z	2024-07-15T00:00:00Z
PP101893.1	9446.0		True	2017-07-28	Cambodia	Asia	France	2024-07-15T00:00:00Z	2024-07-15T00:00:00Z
PP101892.1	9446.0		True	2016-10-19	Cambodia	Asia	France	2024-07-15T00:00:00Z	2024-07-15T00:00:00Z
PP101891.1	9429.0		True	2017-07-28	Cambodia	Asia	France	2024-07-15T00:00:00Z	2024-07-15T00:00:00Z
PP101890.1	9429.0		True	2016-10-26	Cambodia	Asia	France	2024-07-15T00:00:00Z	2024-07-15T00:00:00Z
PP101889.1	9461.0		True	2017-10-25	Cambodia	Asia	France	2024-07-15T00:00:00Z	2024-07-15T00:00:00Z
PP101888.1	9461.0		True	2017-04-27	Cambodia	Asia	France	2024-07-15T00:00:00Z	2024-07-15T00:00:00Z
PP092208.1	9413.0		True	2021	United Kingdom	Europe	United Kingdom	2024-01-22T00:00:00Z	2024-01-22T00:00:00Z
PP092207.1	9411.0		True	2018	United Kingdom	Europe	United Kingdom	2024-01-22T00:00:00Z	2024-01-22T00:00:00Z
PP092206.1	9424.0		True	2022	United Kingdom	Europe	United Kingdom	2024-01-22T00:00:00Z	2024-01-22T00:00:00Z
PP092205.1	9421.0		True	2021	United Kingdom	Europe	United Kingdom	2024-01-22T00:00:00Z	2024-01-22T00:00:00Z
OR498072.1	9141.0		True	2015	Belgium	Europe	Belgium	2023-12-18T00:00:00Z	2023-12-18T00:00:00Z
OR498071.1	9033.0		True	2017	Belgium	Europe	Belgium	2023-12-18T00:00:00Z	2023-12-18T00:00:00Z
OR498070.1	9033.0		True	2017	Belgium	Europe	Belgium	2023-12-18T00:00:00Z	2023-12-18T00:00:00Z
OR498069.1	9033.0		True	2017	Belgium	Europe	Belgium	2023-12-18T00:00:00Z	2023-12-18T00:00:00Z
OR498068.1	9033.0		True	2017	Belgium	Europe	Belgium	2023-12-18T00:00:00Z	2023-12-18T00:00:00Z
OR498067.1	9036.0		True	2017	Belgium	Europe	Belgium	2023-12-18T00:00:00Z	2023-12-18T00:00:00Z
OR498066.1	9036.0		True	2017	Belgium	Europe	Belgium	2023-12-18T00:00:00Z	2023-12-18T00:00:00Z
OR498065.1	9033.0		True	2016	Belgium	Europe	Belgium	2023-12-18T00:00:00Z	2023-12-18T00:00:00Z
OR498064.1	9039.0		True	2016	Belgium	Europe	Belgium	2023-12-18T00:00:00Z	2023-12-18T00:00:00Z
OR498063.1	9033.0		True	2016	Belgium	Europe	Belgium	2023-12-18T00:00:00Z	2023-12-18T00:00:00Z
OR498062.1	9033.0		True	2016	Belgium	Europe	Belgium	2023-12-18T00:00:00Z	2023-12-18T00:00:00Z
OR498061.1	9033.0		True	2016	Belgium	Europe	Belgium	2023-12-18T00:00:00Z	2023-12-18T00:00:00Z
OR498060.1	9033.0		True	2016	Belgium	Europe	Belgium	2023-12-18T00:00:00Z	2023-12-18T00:00:00Z
OR498059.1	9033.0		True	2016	Belgium	Europe	Belgium	2023-12-18T00:00:00Z	2023-12-18T00:00:00Z
OR498058.1	9033.0		True	2016	Belgium	Europe	Belgium	2023-12-18T00:00:00Z	2023-12-18T00:00:00Z
OR498057.1	9036.0		True	2016	Belgium	Europe	Belgium	2023-12-18T00:00:00Z	2023-12-18T00:00:00Z
OR498056.1	9033.0		True	2015	Belgium	Europe	Belgium	2023-12-18T00:00:00Z	2023-12-18T00:00:00Z
OR498055.1	9036.0		True	2015	Belgium	Europe	Belgium	2023-12-18T00:00:00Z	2023-12-18T00:00:00Z
OR498054.1	9033.0		True	2015	Belgium	Europe	Belgium	2023-12-18T00:00:00Z	2023-12-18T00:00:00Z
OR498053.1	9033.0		True	2015	Belgium	Europe	Belgium	2023-12-18T00:00:00Z	2023-12-18T00:00:00Z
OR498052.1	9033.0		True	2015	Belgium	Europe	Belgium	2023-12-18T00:00:00Z	2023-12-18T00:00:00Z
OR498051.1	9033.0		True	2015	Belgium	Europe	Belgium	2023-12-18T00:00:00Z	2023-12-18T00:00:00Z
OR498050.1	9036.0		True	2015	Belgium	Europe	Belgium	2023-12-18T00:00:00Z	2023-12-18T00:00:00Z
OR498049.1	9033.0		True	2015	Belgium	Europe	Belgium	2023-12-18T00:00:00Z	2023-12-18T00:00:00Z
OR498048.1	9036.0		True	2015	Belgium	Europe	Belgium	2023-12-18T00:00:00Z	2023-12-18T00:00:00Z
OR498047.1	9033.0		True	2015	Belgium	Europe	Belgium	2023-12-18T00:00:00Z	2023-12-18T00:00:00Z
OR498046.1	9036.0		True	2015	Belgium	Europe	Belgium	2023-12-18T00:00:00Z	2023-12-18T00:00:00Z
OR498045.1	9033.0		True	2015	Belgium	Europe	Belgium	2023-12-18T00:00:00Z	2023-12-18T00:00:00Z
OR498044.1	9033.0		True	2015	Belgium	Europe	Belgium	2023-12-18T00:00:00Z	2023-12-18T00:00:00Z
OR498043.1	9033.0		True	2015	Belgium	Europe	Belgium	2023-12-18T00:00:00Z	2023-12-18T00:00:00Z
OR498042.1	9039.0		True	2015	Belgium	Europe	Belgium	2023-12-18T00:00:00Z	2023-12-18T00:00:00Z
OR498041.1	9033.0		True	2015	Belgium	Europe	Belgium	2023-12-18T00:00:00Z	2023-12-18T00:00:00Z
OR498040.1	9033.0		True	2015	Belgium	Europe	Belgium	2023-12-18T00:00:00Z	2023-12-18T00:00:00Z
OR498039.1	9033.0		True	2015	Belgium	Europe	Belgium	2023-12-18T00:00:00Z	2023-12-18T00:00:00Z
OR498038.1	9036.0		True	2015	Belgium	Europe	Belgium	2023-12-18T00:00:00Z	2023-12-18T00:00:00Z
OR498037.1	9033.0		True	2014	Belgium	Europe	Belgium	2023-12-18T00:00:00Z	2023-12-18T00:00:00Z
OR498036.1	9033.0		True	2014	Belgium	Europe	Belgium	2023-12-18T00:00:00Z	2023-12-18T00:00:00Z
OR498035.1	9033.0		True	2014	Belgium	Europe	Belgium	2023-12-18T00:00:00Z	2023-12-18T00:00:00Z
OR498034.1	9033.0		True	2014	Belgium	Europe	Belgium	2023-12-18T00:00:00Z	2023-12-18T00:00:00Z
OR498033.1	9033.0		True	2014	Belgium	Europe	Belgium	2023-12-18T00:00:00Z	2023-12-18T00:00:00Z
OR498032.1	9038.0		True	2014	Belgium	Europe	Belgium	2023-12-18T00:00:00Z	2023-12-18T00:00:00Z
OR498031.1	9045.0		True	2014	Belgium	Europe	Belgium	2023-12-18T00:00:00Z	2023-12-18T00:00:00Z
OR498030.1	9033.0		True	2014	Belgium	Europe	Belgium	2023-12-18T00:00:00Z	2023-12-18T00:00:00Z
OR498029.1	9033.0		True	2014	Belgium	Europe	Belgium	2023-12-18T00:00:00Z	2023-12-18T00:00:00Z
OR498028.1	9033.0		True	2014	Belgium	Europe	Belgium	2023-12-18T00:00:00Z	2023-12-18T00:00:00Z
OR498027.1	9033.0		True	2014	Belgium	Europe	Belgium	2023-12-18T00:00:00Z	2023-12-18T00:00:00Z
OR498026.1	9033.0		True	2016	Belgium	Europe	Belgium	2023-12-18T00:00:00Z	2023-12-18T00:00:00Z
OR498025.1	9045.0		True	2014	Belgium	Europe	Belgium	2023-12-18T00:00:00Z	2023-12-18T00:00:00Z
OR498024.1	9045.0		True	2010	Belgium	Europe	Belgium	2023-12-18T00:00:00Z	2023-12-18T00:00:00Z
OR498023.1	9033.0		True	2010	Belgium	Europe	Belgium	2023-12-18T00:00:00Z	2023-12-18T00:00:00Z
OR498022.1	9033.0		True	2010	Belgium	Europe	Belgium	2023-12-18T00:00:00Z	2023-12-18T00:00:00Z
OR498021.1	9036.0		True	2008	Belgium	Europe	Belgium	2023-12-18T00:00:00Z	2023-12-18T00:00:00Z
OR498020.1	9036.0		True	2017	Belgium	Europe	Belgium	2023-12-18T00:00:00Z	2023-12-18T00:00:00Z
OR498019.1	9036.0		True	2017	Belgium	Europe	Belgium	2023-12-18T00:00:00Z	2023-12-18T00:00:00Z
OR498018.1	9033.0		True	2017	Belgium	Europe	Belgium	2023-12-18T00:00:00Z	2023-12-18T00:00:00Z
OR498017.1	9033.0		True	2017	Belgium	Europe	Belgium	2023-12-18T00:00:00Z	2023-12-18T00:00:00Z
OR498016.1	9050.0		True	2016	Belgium	Europe	Belgium	2023-12-18T00:00:00Z	2023-12-18T00:00:00Z
OR498015.1	9033.0		True	2016	Belgium	Europe	Belgium	2023-12-18T00:00:00Z	2023-12-18T00:00:00Z
OR498014.1	9033.0		True	2016	Belgium	Europe	Belgium	2023-12-18T00:00:00Z	2023-12-18T00:00:00Z
OR498013.1	9033.0		True	2016	Belgium	Europe	Belgium	2023-12-18T00:00:00Z	2023-12-18T00:00:00Z
OR498012.1	9033.0		True	2014	Belgium	Europe	Belgium	2023-12-18T00:00:00Z	2023-12-18T00:00:00Z
OR498011.1	9048.0		True	2014	Belgium	Europe	Belgium	2023-12-18T00:00:00Z	2023-12-18T00:00:00Z
OR498010.1	9045.0		True	2018	Belgium	Europe	Belgium	2023-12-18T00:00:00Z	2023-12-18T00:00:00Z
OR498009.1	9045.0		True	2017	Belgium	Europe	Belgium	2023-12-18T00:00:00Z	2023-12-18T00:00:00Z
OR498008.1	9033.0		True	2017	Belgium	Europe	Belgium	2023-12-18T00:00:00Z	2023-12-18T00:00:00Z
OR498007.1	9039.0		True	2015	Belgium	Europe	Belgium	2023-12-18T00:00:00Z	2023-12-18T00:00:00Z
OR498006.1	9039.0		True	2015	Belgium	Europe	Belgium	2023-12-18T00:00:00Z	2023-12-18T00:00:00Z
OR498005.1	9036.0		True	2015	Belgium	Europe	Belgium	2023-12-18T00:00:00Z	2023-12-18T00:00:00Z
OR498004.1	9033.0		True	2017	Belgium	Europe	Belgium	2023-12-18T00:00:00Z	2023-12-18T00:00:00Z
OR498003.1	9294.0		True	2015	Belgium	Europe	Belgium	2023-12-18T00:00:00Z	2023-12-18T00:00:00Z
OR498002.1	9054.0		True	2015	Belgium	Europe	Belgium	2023-12-18T00:00:00Z	2023-12-18T00:00:00Z
OR498001.1	9051.0		True	2015	Belgium	Europe	Belgium	2023-12-18T00:00:00Z	2023-12-18T00:00:00Z
OR498000.1	9033.0		True	2014	Belgium	Europe	Belgium	2023-12-18T00:00:00Z	2023-12-18T00:00:00Z
OR497999.1	9033.0		True	2014	Belgium	Europe	Belgium	2023-12-18T00:00:00Z	2023-12-18T00:00:00Z
OR497998.1	9039.0		True	2013	Belgium	Europe	Belgium	2023-12-18T00:00:00Z	2023-12-18T00:00:00Z
OR497997.1	9033.0		True	2013	Belgium	Europe	Belgium	2023-12-18T00:00:00Z	2023-12-18T00:00:00Z
OR497996.1	9033.0		True	2013	Belgium	Europe	Belgium	2023-12-18T00:00:00Z	2023-12-18T00:00:00Z
OR497995.1	9033.0		True	2012	Belgium	Europe	Belgium	2023-12-18T00:00:00Z	2023-12-18T00:00:00Z
OR497994.1	9033.0		True	2012	Belgium	Europe	Belgium	2023-12-18T00:00:00Z	2023-12-18T00:00:00Z
OR497993.1	9042.0		True	2011	Belgium	Europe	Belgium	2023-12-18T00:00:00Z	2023-12-18T00:00:00Z
OR497992.1	9033.0		True	2011	Belgium	Europe	Belgium	2023-12-18T00:00:00Z	2023-12-18T00:00:00Z
OR497991.1	9039.0		True	2011	Belgium	Europe	Belgium	2023-12-18T00:00:00Z	2023-12-18T00:00:00Z
OR497990.1	9036.0		True	2011	Belgium	Europe	Belgium	2023-12-18T00:00:00Z	2023-12-18T00:00:00Z
OR497989.1	9033.0		True	2009	Belgium	Europe	Belgium	2023-12-18T00:00:00Z	2023-12-18T00:00:00Z
OR497988.1	9048.0		True	2017	Belgium	Europe	Belgium	2023-12-18T00:00:00Z	2023-12-18T00:00:00Z
OR497987.1	9069.0		True	2017	Belgium	Europe	Belgium	2023-12-18T00:00:00Z	2023-12-18T00:00:00Z
OR497986.1	9075.0		True	2016	Belgium	Europe	Belgium	2023-12-18T00:00:00Z	2023-12-18T00:00:00Z
OR497985.1	9069.0		True	2014	Belgium	Europe	Belgium	2023-12-18T00:00:00Z	2023-12-18T00:00:00Z
OR497984.1	9075.0		True	2017	Belgium	Europe	Belgium	2023-12-18T00:00:00Z	2023-12-18T00:00:00Z
OR497983.1	9072.0		True	2017	Belgium	Europe	Belgium	2023-12-18T00:00:00Z	2023-12-18T00:00:00Z
OR497982.1	9081.0		True	2016	Belgium	Europe	Belgium	2023-12-18T00:00:00Z	2023-12-18T00:00:00Z
OR497981.1	9069.0		True	2015	Belgium	Europe	Belgium	2023-12-18T00:00:00Z	2023-12-18T00:00:00Z
OR497980.1	9075.0		True	2015	Belgium	Europe	Belgium	2023-12-18T00:00:00Z	2023-12-18T00:00:00Z
OR497979.1	9066.0		True	2017	Belgium	Europe	Belgium	2023-12-18T00:00:00Z	2023-12-18T00:00:00Z
OR497978.1	9075.0		True	2014	Belgium	Europe	Belgium	2023-12-18T00:00:00Z	2023-12-18T00:00:00Z
OR497977.1	9072.0		True	2017	Belgium	Europe	Belgium	2023-12-18T00:00:00Z	2023-12-18T00:00:00Z
OR497976.1	9062.0		True	2017	Belgium	Europe	Belgium	2023-12-18T00:00:00Z	2023-12-18T00:00:00Z
OR497975.1	9069.0		True	2016	Belgium	Europe	Belgium	2023-12-18T00:00:00Z	2023-12-18T00:00:00Z
OR497974.1	9075.0		True	2016	Belgium	Europe	Belgium	2023-12-18T00:00:00Z	2023-12-18T00:00:00Z
OR497973.1	9066.0		True	2014	Belgium	Europe	Belgium	2023-12-18T00:00:00Z	2023-12-18T00:00:00Z
OR497972.1	9075.0		True	2014	Belgium	Europe	Belgium	2023-12-18T00:00:00Z	2023-12-18T00:00:00Z
OR497971.1	9069.0		True	2014	Belgium	Europe	Belgium	2023-12-18T00:00:00Z	2023-12-18T00:00:00Z
OR497970.1	9069.0		True	2008	Belgium	Europe	Belgium	2023-12-18T00:00:00Z	2023-12-18T00:00:00Z
OR497969.1	9072.0		True	2017	Belgium	Europe	Belgium	2023-12-18T00:00:00Z	2023-12-18T00:00:00Z
OR497968.1	9069.0		True	2017	Belgium	Europe	Belgium	2023-12-18T00:00:00Z	2023-12-18T00:00:00Z
OR497967.1	9070.0		True	2015	Belgium	Europe	Belgium	2023-12-18T00:00:00Z	2023-12-18T00:00:00Z
OR497966.1	9075.0		True	2014	Belgium	Europe	Belgium	2023-12-18T00:00:00Z	2023-12-18T00:00:00Z
OR497965.1	9069.0		True	2017	Belgium	Europe	Belgium	2023-12-18T00:00:00Z	2023-12-18T00:00:00Z
OR497964.1	9121.0		True	2014	Belgium	Europe	Belgium	2023-12-18T00:00:00Z	2023-12-18T00:00:00Z
OR497963.1	9069.0		True	2014	Belgium	Europe	Belgium	2023-12-18T00:00:00Z	2023-12-18T00:00:00Z
OR497962.1	9072.0		True	2014	Belgium	Europe	Belgium	2023-12-18T00:00:00Z	2023-12-18T00:00:00Z
OR497961.1	9078.0		True	2016	Belgium	Europe	Belgium	2023-12-18T00:00:00Z	2023-12-18T00:00:00Z
OR497960.1	9075.0		True	2012	Belgium	Europe	Belgium	2023-12-18T00:00:00Z	2023-12-18T00:00:00Z
OR497959.1	9072.0		True	2011	Belgium	Europe	Belgium	2023-12-18T00:00:00Z	2023-12-18T00:00:00Z
OR497958.1	9117.0		True	2015	Belgium	Europe	Belgium	2023-12-18T00:00:00Z	2023-12-18T00:00:00Z
OR497957.1	9120.0		True	2006	Belgium	Europe	Belgium	2023-12-18T00:00:00Z	2023-12-18T00:00:00Z
OR497956.1	9045.0		True	2016	Belgium	Europe	Belgium	2023-12-18T00:00:00Z	2023-12-18T00:00:00Z
OR497955.1	9120.0		True	2015	Belgium	Europe	Belgium	2023-12-18T00:00:00Z	2023-12-18T00:00:00Z
OR497954.1	9036.0		True	2015	Belgium	Europe	Belgium	2023-12-18T00:00:00Z	2023-12-18T00:00:00Z
OR497953.1	9036.0		True	2015	Belgium	Europe	Belgium	2023-12-18T00:00:00Z	2023-12-18T00:00:00Z
OR497952.1	9036.0		True	2015	Belgium	Europe	Belgium	2023-12-18T00:00:00Z	2023-12-18T00:00:00Z
OR497951.1	9036.0		True	2017	Belgium	Europe	Belgium	2023-12-18T00:00:00Z	2023-12-18T00:00:00Z
OR497950.1	9036.0		True	2016	Belgium	Europe	Belgium	2023-12-18T00:00:00Z	2023-12-18T00:00:00Z
OR497949.1	9036.0		True	2016	Belgium	Europe	Belgium	2023-12-18T00:00:00Z	2023-12-18T00:00:00Z
OR497948.1	9036.0		True	2015	Belgium	Europe	Belgium	2023-12-18T00:00:00Z	2023-12-18T00:00:00Z
OR497947.1	9036.0		True	2015	Belgium	Europe	Belgium	2023-12-18T00:00:00Z	2023-12-18T00:00:00Z
OR497946.1	9036.0		True	2015	Belgium	Europe	Belgium	2023-12-18T00:00:00Z	2023-12-18T00:00:00Z
OR497945.1	9036.0		True	2015	Belgium	Europe	Belgium	2023-12-18T00:00:00Z	2023-12-18T00:00:00Z
OR497944.1	9042.0		True	2015	Belgium	Europe	Belgium	2023-12-18T00:00:00Z	2023-12-18T00:00:00Z
OR497943.1	9039.0		True	2015	Belgium	Europe	Belgium	2023-12-18T00:00:00Z	2023-12-18T00:00:00Z
OR497942.1	9036.0		True	2014	Belgium	Europe	Belgium	2023-12-18T00:00:00Z	2023-12-18T00:00:00Z
OR497941.1	9036.0		True	2014	Belgium	Europe	Belgium	2023-12-18T00:00:00Z	2023-12-18T00:00:00Z
OR346001.1	9454.0		True	2018-03-12	Cambodia	Asia	France	2024-06-30T00:00:00Z	2024-06-30T00:00:00Z
OR346000.1	9453.0		True	2017-06-15	Cambodia	Asia	France	2024-06-30T00:00:00Z	2024-06-30T00:00:00Z
OR345999.1	9462.0		True	2018-01-18	Cambodia	Asia	France	2024-06-30T00:00:00Z	2024-06-30T00:00:00Z
OR345998.1	9462.0		True	2017-04-21	Cambodia	Asia	France	2024-06-30T00:00:00Z	2024-06-30T00:00:00Z
OR345997.1	9468.0		True	2018-01-05	Cambodia	Asia	France	2024-06-30T00:00:00Z	2024-06-30T00:00:00Z
OR345996.1	9468.0		True	2017-06-23	Cambodia	Asia	France	2024-06-30T00:00:00Z	2024-06-30T00:00:00Z
OR345995.1	9469.0		True	2017-12-27	Cambodia	Asia	France	2024-06-30T00:00:00Z	2024-06-30T00:00:00Z
OR345994.1	9469.0		True	2017-06-14	Cambodia	Asia	France	2024-06-30T00:00:00Z	2024-06-30T00:00:00Z
OR345993.1	9440.0		True	2017-07-27	Cambodia	Asia	France	2024-06-30T00:00:00Z	2024-06-30T00:00:00Z
OR345992.1	9440.0		True	2017-02-08	Cambodia	Asia	France	2024-06-30T00:00:00Z	2024-06-30T00:00:00Z
OR345991.1	9438.0		True	2017-11-13	Cambodia	Asia	France	2024-06-30T00:00:00Z	2024-06-30T00:00:00Z
OR345990.1	9438.0		True	2017-04-27	Cambodia	Asia	France	2024-06-30T00:00:00Z	2024-06-30T00:00:00Z
OM513955.1	9456.0		True	2018-12-15	India	Asia	India	2024-03-09T00:00:00Z	2024-03-09T00:00:00Z
OM513954.1	9456.0		True	2018-09-07	India	Asia	India	2024-03-09T00:00:00Z	2024-03-09T00:00:00Z
OM513953.1	9646.0		True	2018-08-20	India	Asia	India	2024-03-09T00:00:00Z	2024-03-09T00:00:00Z
OM513952.1	9646.0		True	2018-05-19	India	Asia	India	2024-03-09T00:00:00Z	2024-03-09T00:00:00Z
OM513951.1	9456.0		True	2018-07-21	India	Asia	India	2024-03-09T00:00:00Z	2024-03-09T00:00:00Z
OM513950.1	9456.0		True	2018-03-05	India	Asia	India	2024-03-09T00:00:00Z	2024-03-09T00:00:00Z
OM513949.1	9456.0		True	2018-04-02	India	Asia	India	2024-03-09T00:00:00Z	2024-03-09T00:00:00Z
OM513948.1	9456.0		True	2018-03-01	India	Asia	India	2024-03-09T00:00:00Z	2024-03-09T00:00:00Z
OM513947.1	9456.0		True	2018-02-24	India	Asia	India	2024-03-09T00:00:00Z	2024-03-09T00:00:00Z
OM513946.1	9456.0		True	2018-02-24	India	Asia	India	2024-03-09T00:00:00Z	2024-03-09T00:00:00Z
OM513945.1	9456.0		True	2018-02-06	India	Asia	India	2024-03-09T00:00:00Z	2024-03-09T00:00:00Z
OM513944.1	9456.0		True	2018-02-17	India	Asia	India	2024-03-09T00:00:00Z	2024-03-09T00:00:00Z
OM513943.1	9456.0		True	2018-02-06	India	Asia	India	2024-03-09T00:00:00Z	2024-03-09T00:00:00Z
OM513942.1	9456.0		True	2017-12-18	India	Asia	India	2024-03-09T00:00:00Z	2024-03-09T00:00:00Z
OM513941.1	9456.0		True	2018-02-06	India	Asia	India	2024-03-09T00:00:00Z	2024-03-09T00:00:00Z
OM513940.1	9646.0		True	2017-09-16	India	Asia	India	2024-03-09T00:00:00Z	2024-03-09T00:00:00Z
OM513939.1	9646.0		True	2017-11-06	India	Asia	India	2024-03-09T00:00:00Z	2024-03-09T00:00:00Z
OM513938.1	9456.0		True	2017-07-15	India	Asia	India	2024-03-09T00:00:00Z	2024-03-09T00:00:00Z
OM513937.1	9456.0		True	2017-03-25	India	Asia	India	2024-03-09T00:00:00Z	2024-03-09T00:00:00Z
OM513936.1	9456.0		True	2017-05-08	India	Asia	India	2024-03-09T00:00:00Z	2024-03-09T00:00:00Z
OM513935.1	9456.0		True	2017-07-15	India	Asia	India	2024-03-09T00:00:00Z	2024-03-09T00:00:00Z
OM513934.1	9456.0		True	2017-06-01	India	Asia	India	2024-03-09T00:00:00Z	2024-03-09T00:00:00Z
OR860301.1	9265.0		True	2018-07-13	Mexico	North America	Mexico	2023-12-06T00:00:00Z	2023-12-06T00:00:00Z
OR860300.1	9252.0		True	2015-05-15	Mexico	North America	Mexico	2023-12-06T00:00:00Z	2023-12-06T00:00:00Z
OR594285.1	9378.0		True	2022	Saudi Arabia	Asia	United Kingdom	2023-10-23T00:00:00Z	2023-10-23T00:00:00Z
OR497940.1	9036.0		True	2013	Belgium	Europe	Belgium	2023-12-18T00:00:00Z	2023-12-18T00:00:00Z
OR497939.1	9036.0		True	2013	Belgium	Europe	Belgium	2023-12-18T00:00:00Z	2023-12-18T00:00:00Z
OR497938.1	9036.0		True	2013	Belgium	Europe	Belgium	2023-12-18T00:00:00Z	2023-12-18T00:00:00Z
OR497937.1	9036.0		True	2013	Belgium	Europe	Belgium	2023-12-18T00:00:00Z	2023-12-18T00:00:00Z
OR497936.1	9036.0		True	2017	Belgium	Europe	Belgium	2023-12-18T00:00:00Z	2023-12-18T00:00:00Z
OR497935.1	9036.0		True	2016	Belgium	Europe	Belgium	2023-12-18T00:00:00Z	2023-12-18T00:00:00Z
OR497934.1	9036.0		True	2016	Belgium	Europe	Belgium	2023-12-18T00:00:00Z	2023-12-18T00:00:00Z
OR497933.1	9036.0		True	2016	Belgium	Europe	Belgium	2023-12-18T00:00:00Z	2023-12-18T00:00:00Z
OR497932.1	9036.0		True	2015	Belgium	Europe	Belgium	2023-12-18T00:00:00Z	2023-12-18T00:00:00Z
OR497931.1	9036.0		True	2015	Belgium	Europe	Belgium	2023-12-18T00:00:00Z	2023-12-18T00:00:00Z
OR497930.1	9036.0		True	2014	Belgium	Europe	Belgium	2023-12-18T00:00:00Z	2023-12-18T00:00:00Z
OR497929.1	9036.0		True	2012	Belgium	Europe	Belgium	2023-12-18T00:00:00Z	2023-12-18T00:00:00Z
OR497928.1	9036.0		True	2011	Belgium	Europe	Belgium	2023-12-18T00:00:00Z	2023-12-18T00:00:00Z
OR497927.1	9036.0		True	2016	Belgium	Europe	Belgium	2023-12-18T00:00:00Z	2023-12-18T00:00:00Z
OR497926.1	9036.0		True	2016	Belgium	Europe	Belgium	2023-12-18T00:00:00Z	2023-12-18T00:00:00Z
OR497925.1	9036.0		True	2015	Belgium	Europe	Belgium	2023-12-18T00:00:00Z	2023-12-18T00:00:00Z
OR497924.1	9036.0		True	2014	Belgium	Europe	Belgium	2023-12-18T00:00:00Z	2023-12-18T00:00:00Z
OR497923.1	9036.0		True	2014	Belgium	Europe	Belgium	2023-12-18T00:00:00Z	2023-12-18T00:00:00Z
OR497922.1	9048.0		True	2014	Belgium	Europe	Belgium	2023-12-18T00:00:00Z	2023-12-18T00:00:00Z
OR497921.1	9036.0		True	2017	Belgium	Europe	Belgium	2023-12-18T00:00:00Z	2023-12-18T00:00:00Z
OR497920.1	9039.0		True	2017	Belgium	Europe	Belgium	2023-12-18T00:00:00Z	2023-12-18T00:00:00Z
OR497919.1	9036.0		True	2015	Belgium	Europe	Belgium	2023-12-18T00:00:00Z	2023-12-18T00:00:00Z
OR497918.1	9036.0		True	2015	Belgium	Europe	Belgium	2023-12-18T00:00:00Z	2023-12-18T00:00:00Z
OR497917.1	9036.0		True	2015	Belgium	Europe	Belgium	2023-12-18T00:00:00Z	2023-12-18T00:00:00Z
OR497916.1	9036.0		True	2015	Belgium	Europe	Belgium	2023-12-18T00:00:00Z	2023-12-18T00:00:00Z
OR497915.1	9036.0		True	2015	Belgium	Europe	Belgium	2023-12-18T00:00:00Z	2023-12-18T00:00:00Z
OR497914.1	9036.0		True	2014	Belgium	Europe	Belgium	2023-12-18T00:00:00Z	2023-12-18T00:00:00Z
OR497913.1	9036.0		True	2014	Belgium	Europe	Belgium	2023-12-18T00:00:00Z	2023-12-18T00:00:00Z
OR497912.1	9036.0		True	2013	Belgium	Europe	Belgium	2023-12-18T00:00:00Z	2023-12-18T00:00:00Z
OR497911.1	9036.0		True	2012	Belgium	Europe	Belgium	2023-12-18T00:00:00Z	2023-12-18T00:00:00Z
OR497910.1	9036.0		True	2011	Belgium	Europe	Belgium	2023-12-18T00:00:00Z	2023-12-18T00:00:00Z
OR497909.1	9036.0		True	2011	Belgium	Europe	Belgium	2023-12-18T00:00:00Z	2023-12-18T00:00:00Z
OR497908.1	9042.0		True	2015	Belgium	Europe	Belgium	2023-12-18T00:00:00Z	2023-12-18T00:00:00Z
OR497907.1	9051.0		True	2014	Belgium	Europe	Belgium	2023-12-18T00:00:00Z	2023-12-18T00:00:00Z
OR497906.1	9036.0		True	2013	Belgium	Europe	Belgium	2023-12-18T00:00:00Z	2023-12-18T00:00:00Z
OR497905.1	9036.0		True	2013	Belgium	Europe	Belgium	2023-12-18T00:00:00Z	2023-12-18T00:00:00Z
OR497904.1	9036.0		True	2012	Belgium	Europe	Belgium	2023-12-18T00:00:00Z	2023-12-18T00:00:00Z
OR497903.1	9036.0		True	2011	Belgium	Europe	Belgium	2023-12-18T00:00:00Z	2023-12-18T00:00:00Z
OR497902.1	9045.0		True	2010	Belgium	Europe	Belgium	2023-12-18T00:00:00Z	2023-12-18T00:00:00Z
OR497901.1	9051.0		True	2010	Belgium	Europe	Belgium	2023-12-18T00:00:00Z	2023-12-18T00:00:00Z
OR497900.1	8965.0		True	2009	Belgium	Europe	Belgium	2023-12-18T00:00:00Z	2023-12-18T00:00:00Z
OR497899.1	9036.0		True	2009	Belgium	Europe	Belgium	2023-12-18T00:00:00Z	2023-12-18T00:00:00Z
OR497898.1	9036.0		True	2009	Belgium	Europe	Belgium	2023-12-18T00:00:00Z	2023-12-18T00:00:00Z
OR497897.1	9036.0		True	2009	Belgium	Europe	Belgium	2023-12-18T00:00:00Z	2023-12-18T00:00:00Z
OR497896.1	9036.0		True	2009	Belgium	Europe	Belgium	2023-12-18T00:00:00Z	2023-12-18T00:00:00Z
OR497895.1	9036.0		True	2015	Belgium	Europe	Belgium	2023-12-18T00:00:00Z	2023-12-18T00:00:00Z
OR497894.1	9036.0		True	2014	Belgium	Europe	Belgium	2023-12-18T00:00:00Z	2023-12-18T00:00:00Z
OR497893.1	9036.0		True	2014	Belgium	Europe	Belgium	2023-12-18T00:00:00Z	2023-12-18T00:00:00Z
OR497892.1	9036.0		True	2013	Belgium	Europe	Belgium	2023-12-18T00:00:00Z	2023-12-18T00:00:00Z
OR497891.1	9036.0		True	2013	Belgium	Europe	Belgium	2023-12-18T00:00:00Z	2023-12-18T00:00:00Z
OR497890.1	9036.0		True	2013	Belgium	Europe	Belgium	2023-12-18T00:00:00Z	2023-12-18T00:00:00Z
OR497889.1	9036.0		True	2013	Belgium	Europe	Belgium	2023-12-18T00:00:00Z	2023-12-18T00:00:00Z
OR497888.1	9039.0		True	2012	Belgium	Europe	Belgium	2023-12-18T00:00:00Z	2023-12-18T00:00:00Z
OR497887.1	9036.0		True	2011	Belgium	Europe	Belgium	2023-12-18T00:00:00Z	2023-12-18T00:00:00Z
OR497886.1	9042.0		True	2011	Belgium	Europe	Belgium	2023-12-18T00:00:00Z	2023-12-18T00:00:00Z
OR497885.1	9036.0		True	2010	Belgium	Europe	Belgium	2023-12-18T00:00:00Z	2023-12-18T00:00:00Z
OR497884.1	9036.0		True	2010	Belgium	Europe	Belgium	2023-12-18T00:00:00Z	2023-12-18T00:00:00Z
OR497883.1	9036.0		True	2009	Belgium	Europe	Belgium	2023-12-18T00:00:00Z	2023-12-18T00:00:00Z
OR497882.1	9036.0		True	2009	Belgium	Europe	Belgium	2023-12-18T00:00:00Z	2023-12-18T00:00:00Z
OR497881.1	9036.0		True	2009	Belgium	Europe	Belgium	2023-12-18T00:00:00Z	2023-12-18T00:00:00Z
OR497880.1	9036.0		True	2009	Belgium	Europe	Belgium	2023-12-18T00:00:00Z	2023-12-18T00:00:00Z
OR497879.1	9036.0		True	2008	Belgium	Europe	Belgium	2023-12-18T00:00:00Z	2023-12-18T00:00:00Z
OR497878.1	9036.0		True	2008	Belgium	Europe	Belgium	2023-12-18T00:00:00Z	2023-12-18T00:00:00Z
OR497877.1	9036.0		True	2008	Belgium	Europe	Belgium	2023-12-18T00:00:00Z	2023-12-18T00:00:00Z
OR497876.1	9048.0		True	2006	Belgium	Europe	Belgium	2023-12-18T00:00:00Z	2023-12-18T00:00:00Z
OR497875.1	8980.0		True	2012	Belgium	Europe	Belgium	2023-12-18T00:00:00Z	2023-12-18T00:00:00Z
OR497874.1	9022.0		True	2008	Belgium	Europe	Belgium	2023-12-18T00:00:00Z	2023-12-18T00:00:00Z
OR497873.1	9048.0		True	2010	Belgium	Europe	Belgium	2023-12-18T00:00:00Z	2023-12-18T00:00:00Z
OR497872.1	9036.0		True	2013	Belgium	Europe	Belgium	2023-12-18T00:00:00Z	2023-12-18T00:00:00Z
OR497871.1	9039.0		True	2016	Belgium	Europe	Belgium	2023-12-18T00:00:00Z	2023-12-18T00:00:00Z
OR497870.1	9042.0		True	2017	Belgium	Europe	Belgium	2023-12-18T00:00:00Z	2023-12-18T00:00:00Z
OR497869.1	9021.0		True	2015	Belgium	Europe	Belgium	2023-12-18T00:00:00Z	2023-12-18T00:00:00Z
OR497868.1	9024.0		True	2017	Belgium	Europe	Belgium	2023-12-18T00:00:00Z	2023-12-18T00:00:00Z
OR497867.1	9021.0		True	2017	Belgium	Europe	Belgium	2023-12-18T00:00:00Z	2023-12-18T00:00:00Z
OR497866.1	9021.0		True	2014	Belgium	Europe	Belgium	2023-12-18T00:00:00Z	2023-12-18T00:00:00Z
OR497865.1	9021.0		True	2013	Belgium	Europe	Belgium	2023-12-18T00:00:00Z	2023-12-18T00:00:00Z
OR497864.1	9021.0		True	2012	Belgium	Europe	Belgium	2023-12-18T00:00:00Z	2023-12-18T00:00:00Z
OR497863.1	9021.0		True	2011	Belgium	Europe	Belgium	2023-12-18T00:00:00Z	2023-12-18T00:00:00Z
OR497862.1	9021.0		True	2010	Belgium	Europe	Belgium	2023-12-18T00:00:00Z	2023-12-18T00:00:00Z
OR497861.1	9021.0		True	2010	Belgium	Europe	Belgium	2023-12-18T00:00:00Z	2023-12-18T00:00:00Z
OR497860.1	9021.0		True	2008	Belgium	Europe	Belgium	2023-12-18T00:00:00Z	2023-12-18T00:00:00Z
OR497859.1	9042.0		True	2017	Belgium	Europe	Belgium	2023-12-18T00:00:00Z	2023-12-18T00:00:00Z
OR497858.1	9024.0		True	2011	Belgium	Europe	Belgium	2023-12-18T00:00:00Z	2023-12-18T00:00:00Z
OR497857.1	9021.0		True	2018	Belgium	Europe	Belgium	2023-12-18T00:00:00Z	2023-12-18T00:00:00Z
OR497856.1	9021.0		True	2017	Belgium	Europe	Belgium	2023-12-18T00:00:00Z	2023-12-18T00:00:00Z
OR497855.1	9021.0		True	2015	Belgium	Europe	Belgium	2023-12-18T00:00:00Z	2023-12-18T00:00:00Z
OR497854.1	9021.0		True	2011	Belgium	Europe	Belgium	2023-12-18T00:00:00Z	2023-12-18T00:00:00Z
OR497853.1	9021.0		True	2011	Belgium	Europe	Belgium	2023-12-18T00:00:00Z	2023-12-18T00:00:00Z
OR497852.1	9033.0		True	2015	Belgium	Europe	Belgium	2023-12-18T00:00:00Z	2023-12-18T00:00:00Z
OR497851.1	9036.0		True	2015	Belgium	Europe	Belgium	2023-12-18T00:00:00Z	2023-12-18T00:00:00Z
OR497850.1	9060.0		True	2016	Belgium	Europe	Belgium	2023-12-18T00:00:00Z	2023-12-18T00:00:00Z
OR497849.1	9036.0		True	2013	Belgium	Europe	Belgium	2023-12-18T00:00:00Z	2023-12-18T00:00:00Z
OQ873161.1	9620.0		True	2013	Denmark	Europe	Denmark	2023-11-16T00:00:00Z	2023-11-16T00:00:00Z
OQ873160.1	9602.0		True	2020	Denmark	Europe	Denmark	2023-11-16T00:00:00Z	2023-11-16T00:00:00Z
OQ873159.1	9622.0		True	2017	Denmark	Europe	Denmark	2023-11-16T00:00:00Z	2023-11-16T00:00:00Z
ON630900.1	9134.0		True	2018-11-29	Germany	Europe	Netherlands	2023-06-21T00:00:00Z	2023-06-21T00:00:00Z
ON630899.1	9134.0		True	2019-03-27	Netherlands	Europe	Netherlands	2023-06-21T00:00:00Z	2023-06-21T00:00:00Z
ON630898.1	9134.0		True	2019-09-30	Germany	Europe	Netherlands	2023-06-21T00:00:00Z	2023-06-21T00:00:00Z
ON630897.1	9134.0		True	2018-01-15	Australia	Oceania	Netherlands	2023-06-21T00:00:00Z	2023-06-21T00:00:00Z
ON630896.1	9134.0		True	2019-04-26	Germany	Europe	Netherlands	2023-06-21T00:00:00Z	2023-06-21T00:00:00Z
ON630895.1	9134.0		True	2019-02-05	Germany	Europe	Netherlands	2023-06-21T00:00:00Z	2023-06-21T00:00:00Z
ON630894.1	9134.0		True	2018-10-30	Germany	Europe	Netherlands	2023-06-21T00:00:00Z	2023-06-21T00:00:00Z
ON630893.1	9134.0		True	2019-04-15	Germany	Europe	Netherlands	2023-06-21T00:00:00Z	2023-06-21T00:00:00Z
ON630892.1	9134.0		True	2018-04-04	Germany	Europe	Netherlands	2023-06-21T00:00:00Z	2023-06-21T00:00:00Z
ON630891.1	9134.0		True	2019-06-11	Germany	Europe	Netherlands	2023-06-21T00:00:00Z	2023-06-21T00:00:00Z
ON630890.1	9134.0		True	2019-05-29	Germany	Europe	Netherlands	2023-06-21T00:00:00Z	2023-06-21T00:00:00Z
ON630889.1	9134.0		True	2019-04-09	Germany	Europe	Netherlands	2023-06-21T00:00:00Z	2023-06-21T00:00:00Z
ON630888.1	9134.0		True	2018-11-08	Germany	Europe	Netherlands	2023-06-21T00:00:00Z	2023-06-21T00:00:00Z
ON630887.1	9134.0		True	2018-04-11	Germany	Europe	Netherlands	2023-06-21T00:00:00Z	2023-06-21T00:00:00Z
ON630886.1	9133.0		True	2017-12-05	Germany	Europe	Netherlands	2023-06-21T00:00:00Z	2023-06-21T00:00:00Z
ON630885.1	9134.0		True	2017-11-23	Germany	Europe	Netherlands	2023-06-21T00:00:00Z	2023-06-21T00:00:00Z
ON630884.1	9134.0		True	2017-09-20	Germany	Europe	Netherlands	2023-06-21T00:00:00Z	2023-06-21T00:00:00Z
ON630883.1	9134.0		True	2017-07-24	Germany	Europe	Netherlands	2023-06-21T00:00:00Z	2023-06-21T00:00:00Z
ON630882.1	9134.0		True	2019-01-28	United Kingdom	Europe	Netherlands	2023-06-21T00:00:00Z	2023-06-21T00:00:00Z
ON630881.1	9134.0		True	2018-08-20	United Kingdom	Europe	Netherlands	2023-06-21T00:00:00Z	2023-06-21T00:00:00Z
ON630880.1	9134.0		True	2018-05-25	United Kingdom	Europe	Netherlands	2023-06-21T00:00:00Z	2023-06-21T00:00:00Z
ON630879.1	9134.0		True	2018-04-25	United Kingdom	Europe	Netherlands	2023-06-21T00:00:00Z	2023-06-21T00:00:00Z
ON630878.1	9134.0		True	2018-02-23	Canada	North America	Netherlands	2023-06-21T00:00:00Z	2023-06-21T00:00:00Z
ON630877.1	9134.0		True	2018-01-08	Canada	North America	Netherlands	2023-06-21T00:00:00Z	2023-06-21T00:00:00Z
ON630876.1	9134.0		True	2017-11-02	Canada	North America	Netherlands	2023-06-21T00:00:00Z	2023-06-21T00:00:00Z
ON630875.1	9134.0		True	2019-05-09	Canada	North America	Netherlands	2023-06-21T00:00:00Z	2023-06-21T00:00:00Z
ON630874.1	9134.0		True	2018-11-27	Netherlands	Europe	Netherlands	2023-06-21T00:00:00Z	2023-06-21T00:00:00Z
ON630873.1	9134.0		True	2017-11-01	Netherlands	Europe	Netherlands	2023-06-21T00:00:00Z	2023-06-21T00:00:00Z
ON630872.1	9134.0		True	2017-09-19	United Kingdom	Europe	Netherlands	2023-06-21T00:00:00Z	2023-06-21T00:00:00Z
ON630871.1	9134.0		True	2017-08-17	United Kingdom	Europe	Netherlands	2023-06-21T00:00:00Z	2023-06-21T00:00:00Z
ON630870.1	9134.0		True	2017-06-29	United Kingdom	Europe	Netherlands	2023-06-21T00:00:00Z	2023-06-21T00:00:00Z
ON630869.1	9158.0		True	2018-08-02	Germany	Europe	Netherlands	2023-06-21T00:00:00Z	2023-06-21T00:00:00Z
ON630868.1	9158.0		True	2019-03-18	Germany	Europe	Netherlands	2023-06-21T00:00:00Z	2023-06-21T00:00:00Z
ON630867.1	9158.0		True	2019-05-20	Netherlands	Europe	Netherlands	2023-06-21T00:00:00Z	2023-06-21T00:00:00Z
ON630866.1	9158.0		True	2018-07-25	Netherlands	Europe	Netherlands	2023-06-21T00:00:00Z	2023-06-21T00:00:00Z
ON630865.1	9158.0		True	2019-05-16	Germany	Europe	Netherlands	2023-06-21T00:00:00Z	2023-06-21T00:00:00Z
ON630864.1	9158.0		True	2018-05-15	Netherlands	Europe	Netherlands	2023-06-21T00:00:00Z	2023-06-21T00:00:00Z
ON630863.1	9158.0		True	2019-03-22	USA	North America	Netherlands	2023-06-21T00:00:00Z	2023-06-21T00:00:00Z
OM525910.1	9102.0		True	2019-09-03	Benin	Africa	Uganda	2023-08-05T00:00:00Z	2023-08-05T00:00:00Z
OM525909.1	9033.0		True	2019-09-03	Benin	Africa	Uganda	2023-08-05T00:00:00Z	2023-08-05T00:00:00Z
OM525908.1	9102.0		True	2019-09-03	Benin	Africa	Uganda	2023-08-05T00:00:00Z	2023-08-05T00:00:00Z
OM525907.1	9102.0		True	2019-09-03	Benin	Africa	Uganda	2023-08-05T00:00:00Z	2023-08-05T00:00:00Z
OM525906.1	9033.0		True	2019-08-09	Benin	Africa	Uganda	2023-08-05T00:00:00Z	2023-08-05T00:00:00Z
OM525905.1	9102.0		True	2019-09-03	Benin	Africa	Uganda	2023-08-05T00:00:00Z	2023-08-05T00:00:00Z
OM525904.1	9102.0		True	2019-09-03	Benin	Africa	Uganda	2023-08-05T00:00:00Z	2023-08-05T00:00:00Z
OM525903.1	9102.0		True	2019-09-03	Benin	Africa	Uganda	2023-08-05T00:00:00Z	2023-08-05T00:00:00Z
OM525902.1	9033.0		True	2019-09-03	Benin	Africa	Uganda	2023-08-05T00:00:00Z	2023-08-05T00:00:00Z
OM525901.1	9114.0		True	2019-08-30	Benin	Africa	Uganda	2023-08-05T00:00:00Z	2023-08-05T00:00:00Z
OM525900.1	9102.0		True	2019-08-30	Benin	Africa	Uganda	2023-08-05T00:00:00Z	2023-08-05T00:00:00Z
OM525899.1	9102.0		True	2019-08-30	Benin	Africa	Uganda	2023-08-05T00:00:00Z	2023-08-05T00:00:00Z
OM525898.1	9102.0		True	2019-08-09	Benin	Africa	Uganda	2023-08-05T00:00:00Z	2023-08-05T00:00:00Z
OM525897.1	9027.0		True	2019-08-30	Benin	Africa	Uganda	2023-08-05T00:00:00Z	2023-08-05T00:00:00Z
OM525896.1	9039.0		True	2019-08-30	Benin	Africa	Uganda	2023-08-05T00:00:00Z	2023-08-05T00:00:00Z
OM525895.1	9009.0		True	2019-08-30	Benin	Africa	Uganda	2023-08-05T00:00:00Z	2023-08-05T00:00:00Z
OM525894.1	9036.0		True	2019-08-30	Benin	Africa	Uganda	2023-08-05T00:00:00Z	2023-08-05T00:00:00Z
OM525893.1	9105.0		True	2019-08-30	Benin	Africa	Uganda	2023-08-05T00:00:00Z	2023-08-05T00:00:00Z
OM525892.1	9033.0		True	2019-08-09	Benin	Africa	Uganda	2023-08-05T00:00:00Z	2023-08-05T00:00:00Z
OM525891.1	9036.0		True	2019-08-28	Benin	Africa	Uganda	2023-08-05T00:00:00Z	2023-08-05T00:00:00Z
OM525890.1	9102.0		True	2019-08-20	Benin	Africa	Uganda	2023-08-05T00:00:00Z	2023-08-05T00:00:00Z
OM525889.1	9033.0		True	2019-08-20	Benin	Africa	Uganda	2023-08-05T00:00:00Z	2023-08-05T00:00:00Z
OM525888.1	9033.0		True	2019-08-20	Benin	Africa	Uganda	2023-08-05T00:00:00Z	2023-08-05T00:00:00Z
OM525887.1	9102.0		True	2019-08-20	Benin	Africa	Uganda	2023-08-05T00:00:00Z	2023-08-05T00:00:00Z
OM525886.1	9102.0		True	2019-08-09	Benin	Africa	Uganda	2023-08-05T00:00:00Z	2023-08-05T00:00:00Z
OM525885.1	9102.0		True	2019-08-16	Benin	Africa	Uganda	2023-08-05T00:00:00Z	2023-08-05T00:00:00Z
OM525884.1	9102.0		True	2019-08-16	Benin	Africa	Uganda	2023-08-05T00:00:00Z	2023-08-05T00:00:00Z
OM525883.1	9036.0		True	2019-08-09	Benin	Africa	Uganda	2023-08-05T00:00:00Z	2023-08-05T00:00:00Z
OM525882.1	9033.0		True	2019-08-16	Benin	Africa	Uganda	2023-08-05T00:00:00Z	2023-08-05T00:00:00Z
OM525881.1	9102.0		True	2019-08-16	Benin	Africa	Uganda	2023-08-05T00:00:00Z	2023-08-05T00:00:00Z
OM525880.1	9102.0		True	2019-08-16	Benin	Africa	Uganda	2023-08-05T00:00:00Z	2023-08-05T00:00:00Z
OM525879.1	9105.0		True	2019-08-16	Benin	Africa	Uganda	2023-08-05T00:00:00Z	2023-08-05T00:00:00Z
OM525878.1	9102.0		True	2019-08-16	Benin	Africa	Uganda	2023-08-05T00:00:00Z	2023-08-05T00:00:00Z
OM525877.1	9102.0		True	2019-08-13	Benin	Africa	Uganda	2023-08-05T00:00:00Z	2023-08-05T00:00:00Z
OM525876.1	9033.0		True	2019-08-09	Benin	Africa	Uganda	2023-08-05T00:00:00Z	2023-08-05T00:00:00Z
OM525875.1	9033.0		True	2019-08-13	Benin	Africa	Uganda	2023-08-05T00:00:00Z	2023-08-05T00:00:00Z
OM525874.1	9102.0		True	2019-08-13	Benin	Africa	Uganda	2023-08-05T00:00:00Z	2023-08-05T00:00:00Z
OM525873.1	9033.0		True	2019-08-13	Benin	Africa	Uganda	2023-08-05T00:00:00Z	2023-08-05T00:00:00Z
OM525872.1	9033.0		True	2019-08-13	Benin	Africa	Uganda	2023-08-05T00:00:00Z	2023-08-05T00:00:00Z
OM525871.1	9033.0		True	2019-08-13	Benin	Africa	Uganda	2023-08-05T00:00:00Z	2023-08-05T00:00:00Z
OM525870.1	9102.0		True	2019-08-13	Benin	Africa	Uganda	2023-08-05T00:00:00Z	2023-08-05T00:00:00Z
OM525869.1	9033.0		True	2019-08-13	Benin	Africa	Uganda	2023-08-05T00:00:00Z	2023-08-05T00:00:00Z
OM525868.1	9033.0		True	2019-08-09	Benin	Africa	Uganda	2023-08-05T00:00:00Z	2023-08-05T00:00:00Z
OM525867.1	9033.0		True	2019-08-09	Benin	Africa	Uganda	2023-08-05T00:00:00Z	2023-08-05T00:00:00Z
OM525866.1	9036.0		True	2019-08-09	Benin	Africa	Uganda	2023-08-05T00:00:00Z	2023-08-05T00:00:00Z
OM525865.1	9036.0		True	2019-08-09	Benin	Africa	Uganda	2023-08-05T00:00:00Z	2023-08-05T00:00:00Z
OM525864.1	9033.0		True	2019-08-09	Benin	Africa	Uganda	2023-08-05T00:00:00Z	2023-08-05T00:00:00Z
OM525863.1	9033.0		True	2019-08-09	Benin	Africa	Uganda	2023-08-05T00:00:00Z	2023-08-05T00:00:00Z
OM525862.1	9033.0		True	2019-08-09	Benin	Africa	Uganda	2023-08-05T00:00:00Z	2023-08-05T00:00:00Z
OM525861.1	9102.0		True	2019-08-09	Benin	Africa	Uganda	2023-08-05T00:00:00Z	2023-08-05T00:00:00Z
OM525860.1	9102.0		True	2019-08-09	Benin	Africa	Uganda	2023-08-05T00:00:00Z	2023-08-05T00:00:00Z
OM525859.1	9033.0		True	2019-08-09	Benin	Africa	Uganda	2023-08-05T00:00:00Z	2023-08-05T00:00:00Z
OM525858.1	9102.0		True	2019-08-09	Benin	Africa	Uganda	2023-08-05T00:00:00Z	2023-08-05T00:00:00Z
OM525857.1	9102.0		True	2019-08-09	Benin	Africa	Uganda	2023-08-05T00:00:00Z	2023-08-05T00:00:00Z
OM525856.1	9033.0		True	2019-08-09	Benin	Africa	Uganda	2023-08-05T00:00:00Z	2023-08-05T00:00:00Z
OM525855.1	9102.0		True	2019-08-09	Benin	Africa	Uganda	2023-08-05T00:00:00Z	2023-08-05T00:00:00Z
OM525854.1	9033.0		True	2019-08-09	Benin	Africa	Uganda	2023-08-05T00:00:00Z	2023-08-05T00:00:00Z
LC773640.1	9268.0		True	2016-07	Gabon:Lambarene	Africa	Japan	2023-07-15T00:00:00Z	2023-07-15T00:00:00Z
LC773639.1	9294.0		True	2016-07	Gabon:Lambarene	Africa	Japan	2023-07-15T00:00:00Z	2023-07-15T00:00:00Z
LC773638.1	9275.0		True	2016-10	Gabon:Lambarene	Africa	Japan	2023-07-15T00:00:00Z	2023-07-15T00:00:00Z
LC773637.1	9244.0		True	2017-05	Gabon:Lambarene	Africa	Japan	2023-07-15T00:00:00Z	2023-07-15T00:00:00Z
FN666429.1	9398.0		True	2001	Spain:Barcelona	Europe	Spain	2011-01-10T00:00:00Z	2023-07-14T00:00:00Z
FN666428.2	9566.0		True	2002	Spain:Barcelona	Europe	Spain	2011-01-10T00:00:00Z	2023-07-14T00:00:00Z
OQ979445.1	8711.0			2020-08-19	Ukraine: Odesa	Europe	United Kingdom	2023-06-18T00:00:00Z	2023-06-18T00:00:00Z
OQ979444.1	8967.0			2020-08-10	Ukraine: Odesa	Europe	United Kingdom	2023-06-18T00:00:00Z	2023-06-18T00:00:00Z
OQ979443.1	8885.0			2020-08-07	Ukraine: Odesa	Europe	United Kingdom	2023-06-18T00:00:00Z	2023-06-18T00:00:00Z
OQ979441.1	8354.0			2020-07-15	Ukraine: Odesa	Europe	United Kingdom	2023-06-18T00:00:00Z	2023-06-18T00:00:00Z
OQ979438.1	8347.0			2020-07-16	Ukraine: Odesa	Europe	United Kingdom	2023-06-18T00:00:00Z	2023-06-18T00:00:00Z
OQ979437.1	8810.0			2020-09-03	Ukraine: Odesa	Europe	United Kingdom	2023-06-18T00:00:00Z	2023-06-18T00:00:00Z
OQ979436.1	8327.0			2020-06-22	Ukraine: Odesa	Europe	United Kingdom	2023-06-18T00:00:00Z	2023-06-18T00:00:00Z
OQ979435.1	8796.0			2020-08-21	Ukraine: Odesa	Europe	United Kingdom	2023-06-18T00:00:00Z	2023-06-18T00:00:00Z
OQ979433.1	9044.0			2020-08-12	Ukraine: Odesa	Europe	United Kingdom	2023-06-18T00:00:00Z	2023-06-18T00:00:00Z
OQ979432.1	8424.0			2020-07-31	Ukraine: Odesa	Europe	United Kingdom	2023-06-18T00:00:00Z	2023-06-18T00:00:00Z
OQ979431.1	8797.0			2020-07-29	Ukraine: Odesa	Europe	United Kingdom	2023-06-18T00:00:00Z	2023-06-18T00:00:00Z
OQ979430.1	8326.0			2020-07-23	Ukraine: Odesa	Europe	United Kingdom	2023-06-18T00:00:00Z	2023-06-18T00:00:00Z
OQ979429.1	8482.0			2020-07-23	Ukraine: Odesa	Europe	United Kingdom	2023-06-18T00:00:00Z	2023-06-18T00:00:00Z
OQ979428.1	8584.0			2020-07-07	Ukraine: Odesa	Europe	United Kingdom	2023-06-18T00:00:00Z	2023-06-18T00:00:00Z
OQ979427.1	8252.0			2020-08-11	Ukraine: Odesa	Europe	United Kingdom	2023-06-18T00:00:00Z	2023-06-18T00:00:00Z
OQ979426.1	9177.0			2020-08-11	Ukraine: Odesa	Europe	United Kingdom	2023-06-18T00:00:00Z	2023-06-18T00:00:00Z
OQ979425.1	8500.0			2020-09-02	Ukraine: Odesa	Europe	United Kingdom	2023-06-18T00:00:00Z	2023-06-18T00:00:00Z
OQ979424.1	8737.0			2020-07-30	Ukraine: Odesa	Europe	United Kingdom	2023-06-18T00:00:00Z	2023-06-18T00:00:00Z
OQ979423.1	8720.0			2020-07-15	Ukraine: Odesa	Europe	United Kingdom	2023-06-18T00:00:00Z	2023-06-18T00:00:00Z
OQ979422.1	8470.0			2020-07-29	Ukraine: Odesa	Europe	United Kingdom	2023-06-18T00:00:00Z	2023-06-18T00:00:00Z
OQ979421.1	8299.0			2020-08-11	Ukraine: Odesa	Europe	United Kingdom	2023-06-18T00:00:00Z	2023-06-18T00:00:00Z
OQ979420.1	8997.0			2020-07-27	Ukraine: Odesa	Europe	United Kingdom	2023-06-18T00:00:00Z	2023-06-18T00:00:00Z
OQ979419.1	8963.0			2020-08-06	Ukraine: Odesa	Europe	United Kingdom	2023-06-18T00:00:00Z	2023-06-18T00:00:00Z
OQ979418.1	8809.0			2020-08-18	Ukraine: Odesa	Europe	United Kingdom	2023-06-18T00:00:00Z	2023-06-18T00:00:00Z
OQ979417.1	8864.0			2020-07-22	Ukraine: Odesa	Europe	United Kingdom	2023-06-18T00:00:00Z	2023-06-18T00:00:00Z
OQ979416.1	8439.0			2020-07-08	Ukraine: Odesa	Europe	United Kingdom	2023-06-18T00:00:00Z	2023-06-18T00:00:00Z
OQ979415.1	8350.0			2020-08-20	Ukraine: Odesa	Europe	United Kingdom	2023-06-18T00:00:00Z	2023-06-18T00:00:00Z
OQ979413.1	9209.0		True	2020-08-11	Ukraine: Odesa	Europe	United Kingdom	2023-06-18T00:00:00Z	2023-06-18T00:00:00Z
OQ979412.1	9183.0		True	2020-08-04	Ukraine: Odesa	Europe	United Kingdom	2023-06-18T00:00:00Z	2023-06-18T00:00:00Z
OQ979411.1	9196.0		True	2020-06-18	Ukraine: Odesa	Europe	United Kingdom	2023-06-18T00:00:00Z	2023-06-18T00:00:00Z
OQ979410.1	9218.0		True	2020-06-24	Ukraine: Odesa	Europe	United Kingdom	2023-06-18T00:00:00Z	2023-06-18T00:00:00Z
OQ979409.1	9219.0		True	2020-06-21	Ukraine: Odesa	Europe	United Kingdom	2023-06-18T00:00:00Z	2023-06-18T00:00:00Z
OQ979408.1	9216.0		True	2020-07-14	Ukraine: Odesa	Europe	United Kingdom	2023-06-18T00:00:00Z	2023-06-18T00:00:00Z
OQ832071.1	9438.0		True	2016	China: Yunnan	Asia	China	2023-05-01T00:00:00Z	2023-05-01T00:00:00Z
OQ181382.1	8974.0		True	2020-08-10	Mexico	North America	Mexico	2023-06-14T00:00:00Z	2023-06-14T00:00:00Z
OQ181381.1	8973.0		True	2017-11-15	Mexico	North America	Mexico	2023-06-14T00:00:00Z	2023-06-14T00:00:00Z
OQ181380.1	8349.0		True	2017-09-05	Mexico	North America	Mexico	2023-06-14T00:00:00Z	2023-06-14T00:00:00Z
OQ181379.1	8970.0		True	2017-02-21	Mexico	North America	Mexico	2023-06-14T00:00:00Z	2023-06-14T00:00:00Z
OQ181378.1	8970.0		True	2017-02-02	Mexico	North America	Mexico	2023-06-14T00:00:00Z	2023-06-14T00:00:00Z
OQ181377.1	8965.0		True	2016-02-16	Mexico	North America	Mexico	2023-06-14T00:00:00Z	2023-06-14T00:00:00Z
OQ181376.1	8971.0		True	2016-05-19	Mexico	North America	Mexico	2023-06-14T00:00:00Z	2023-06-14T00:00:00Z
OP555745.1	9597.0		True	2022-09-27	Denmark	Europe	Denmark	2023-05-01T00:00:00Z	2023-05-01T00:00:00Z
OP555744.1	9597.0		True	2022-09-27	Denmark	Europe	Denmark	2023-05-01T00:00:00Z	2023-05-01T00:00:00Z
OP555743.1	9597.0		True	2022-09-27	Denmark	Europe	Denmark	2023-05-01T00:00:00Z	2023-05-01T00:00:00Z
OP555742.1	9573.0		True	2022-09-27	Denmark	Europe	Denmark	2023-05-01T00:00:00Z	2023-05-01T00:00:00Z
OP555741.1	9545.0		True	2022-09-27	Denmark	Europe	Denmark	2023-05-01T00:00:00Z	2023-05-01T00:00:00Z
OP555740.1	9021.0		True	2022-09-27	Denmark	Europe	Denmark	2023-05-01T00:00:00Z	2023-05-01T00:00:00Z
OP555739.1	9021.0		True	2022-09-27	Denmark	Europe	Denmark	2023-05-01T00:00:00Z	2023-05-01T00:00:00Z
ON630862.1	9158.0		True	2018-03-29	United Kingdom	Europe	Netherlands	2023-06-21T00:00:00Z	2023-06-21T00:00:00Z
ON630861.1	9158.0		True	2018-11-27	Netherlands	Europe	Netherlands	2023-06-21T00:00:00Z	2023-06-21T00:00:00Z
ON630860.1	9158.0		True	2017-06-07	Netherlands	Europe	Netherlands	2023-06-21T00:00:00Z	2023-06-21T00:00:00Z
ON630859.1	9158.0		True	2019-03-08	New Zealand	Oceania	Netherlands	2023-06-21T00:00:00Z	2023-06-21T00:00:00Z
ON630858.1	9158.0		True	2018-10-30	Australia	Oceania	Netherlands	2023-06-21T00:00:00Z	2023-06-21T00:00:00Z
ON630857.1	9158.0		True	2017-12-08	Australia	Oceania	Netherlands	2023-06-21T00:00:00Z	2023-06-21T00:00:00Z
ON630856.1	9158.0		True	2017-04-04	Australia	Oceania	Netherlands	2023-06-21T00:00:00Z	2023-06-21T00:00:00Z
ON630855.1	9158.0		True	2018-10-10	Australia	Oceania	Netherlands	2023-06-21T00:00:00Z	2023-06-21T00:00:00Z
ON630854.1	9158.0		True	2019-06-26	Germany	Europe	Netherlands	2023-06-21T00:00:00Z	2023-06-21T00:00:00Z
ON630853.1	9158.0		True	2019-04-02	Germany	Europe	Netherlands	2023-06-21T00:00:00Z	2023-06-21T00:00:00Z
ON630852.1	9158.0		True	2019-01-08	Germany	Europe	Netherlands	2023-06-21T00:00:00Z	2023-06-21T00:00:00Z
ON630851.1	9158.0		True	2018-10-18	Germany	Europe	Netherlands	2023-06-21T00:00:00Z	2023-06-21T00:00:00Z
ON630850.1	9158.0		True	2018-10-04	Germany	Europe	Netherlands	2023-06-21T00:00:00Z	2023-06-21T00:00:00Z
ON630849.1	9158.0		True	2019-07-01	Germany	Europe	Netherlands	2023-06-21T00:00:00Z	2023-06-21T00:00:00Z
ON630848.1	9158.0		True	2019-04-24	Germany	Europe	Netherlands	2023-06-21T00:00:00Z	2023-06-21T00:00:00Z
ON630847.1	9158.0		True	2019-04-05	Germany	Europe	Netherlands	2023-06-21T00:00:00Z	2023-06-21T00:00:00Z
ON630846.1	9158.0		True	2019-06-24	Germany	Europe	Netherlands	2023-06-21T00:00:00Z	2023-06-21T00:00:00Z
ON630845.1	9158.0		True	2019-06-12	Germany	Europe	Netherlands	2023-06-21T00:00:00Z	2023-06-21T00:00:00Z
ON630844.1	9158.0		True	2019-03-29	Germany	Europe	Netherlands	2023-06-21T00:00:00Z	2023-06-21T00:00:00Z
ON630843.1	9158.0		True	2019-01-03	Germany	Europe	Netherlands	2023-06-21T00:00:00Z	2023-06-21T00:00:00Z
ON630842.1	9158.0		True	2018-10-19	Germany	Europe	Netherlands	2023-06-21T00:00:00Z	2023-06-21T00:00:00Z
ON630841.1	9158.0		True	2018-09-28	Germany	Europe	Netherlands	2023-06-21T00:00:00Z	2023-06-21T00:00:00Z
ON630840.1	9158.0		True	2018-09-07	Germany	Europe	Netherlands	2023-06-21T00:00:00Z	2023-06-21T00:00:00Z
ON630839.1	9158.0		True	2019-02-11	Germany	Europe	Netherlands	2023-06-21T00:00:00Z	2023-06-21T00:00:00Z
ON630838.1	9158.0		True	2018-07-02	Germany	Europe	Netherlands	2023-06-21T00:00:00Z	2023-06-21T00:00:00Z
ON630837.1	9158.0		True	2018-02-28	Germany	Europe	Netherlands	2023-06-21T00:00:00Z	2023-06-21T00:00:00Z
ON630836.1	9158.0		True	2017-10-27	Germany	Europe	Netherlands	2023-06-21T00:00:00Z	2023-06-21T00:00:00Z
ON630835.1	9158.0		True	2017-10-11	Germany	Europe	Netherlands	2023-06-21T00:00:00Z	2023-06-21T00:00:00Z
ON630834.1	9158.0		True	2017-08-24	Germany	Europe	Netherlands	2023-06-21T00:00:00Z	2023-06-21T00:00:00Z
ON630833.1	9158.0		True	2017-07-18	Germany	Europe	Netherlands	2023-06-21T00:00:00Z	2023-06-21T00:00:00Z
ON630832.1	9158.0		True	2019-06-24	United Kingdom	Europe	Netherlands	2023-06-21T00:00:00Z	2023-06-21T00:00:00Z
ON630831.1	9158.0		True	2019-05-29	United Kingdom	Europe	Netherlands	2023-06-21T00:00:00Z	2023-06-21T00:00:00Z
ON630830.1	9158.0		True	2019-03-13	United Kingdom	Europe	Netherlands	2023-06-21T00:00:00Z	2023-06-21T00:00:00Z
ON630829.1	9158.0		True	2019-02-13	United Kingdom	Europe	Netherlands	2023-06-21T00:00:00Z	2023-06-21T00:00:00Z
ON630828.1	9158.0		True	2018-11-05	United Kingdom	Europe	Netherlands	2023-06-21T00:00:00Z	2023-06-21T00:00:00Z
ON630827.1	9158.0		True	2018-08-14	United Kingdom	Europe	Netherlands	2023-06-21T00:00:00Z	2023-06-21T00:00:00Z
ON630826.1	9158.0		True	2018-05-16	United Kingdom	Europe	Netherlands	2023-06-21T00:00:00Z	2023-06-21T00:00:00Z
ON630825.1	9158.0		True	2018-07-26	United Kingdom	Europe	Netherlands	2023-06-21T00:00:00Z	2023-06-21T00:00:00Z
ON630824.1	9158.0		True	2018-07-24	United Kingdom	Europe	Netherlands	2023-06-21T00:00:00Z	2023-06-21T00:00:00Z
ON630823.1	9158.0		True	2018-02-08	United Kingdom	Europe	Netherlands	2023-06-21T00:00:00Z	2023-06-21T00:00:00Z
ON630822.1	9158.0		True	2018-01-08	United Kingdom	Europe	Netherlands	2023-06-21T00:00:00Z	2023-06-21T00:00:00Z
ON630821.1	9158.0		True	2018-01-05	United Kingdom	Europe	Netherlands	2023-06-21T00:00:00Z	2023-06-21T00:00:00Z
ON630820.1	9158.0		True	2017-12-05	United Kingdom	Europe	Netherlands	2023-06-21T00:00:00Z	2023-06-21T00:00:00Z
ON630819.1	9158.0		True	2017-10-16	United Kingdom	Europe	Netherlands	2023-06-21T00:00:00Z	2023-06-21T00:00:00Z
ON630818.1	9158.0		True	2017-09-19	United Kingdom	Europe	Netherlands	2023-06-21T00:00:00Z	2023-06-21T00:00:00Z
ON630817.1	9158.0		True	2017-06-29	United Kingdom	Europe	Netherlands	2023-06-21T00:00:00Z	2023-06-21T00:00:00Z
ON630816.1	9158.0		True	2019-04-12	United Kingdom	Europe	Netherlands	2023-06-21T00:00:00Z	2023-06-21T00:00:00Z
ON630815.1	9158.0		True	2019-01-04	United Kingdom	Europe	Netherlands	2023-06-21T00:00:00Z	2023-06-21T00:00:00Z
ON630814.1	9158.0		True	2018-11-23	United Kingdom	Europe	Netherlands	2023-06-21T00:00:00Z	2023-06-21T00:00:00Z
ON630813.1	9158.0		True	2018-10-10	United Kingdom	Europe	Netherlands	2023-06-21T00:00:00Z	2023-06-21T00:00:00Z
ON630812.1	9158.0		True	2018-10-05	United Kingdom	Europe	Netherlands	2023-06-21T00:00:00Z	2023-06-21T00:00:00Z
ON630811.1	9158.0		True	2018-08-20	United Kingdom	Europe	Netherlands	2023-06-21T00:00:00Z	2023-06-21T00:00:00Z
ON630810.1	9158.0		True	2018-07-17	United Kingdom	Europe	Netherlands	2023-06-21T00:00:00Z	2023-06-21T00:00:00Z
ON630809.1	9158.0		True	2018-06-11	United Kingdom	Europe	Netherlands	2023-06-21T00:00:00Z	2023-06-21T00:00:00Z
ON630808.1	9158.0		True	2018-04-26	United Kingdom	Europe	Netherlands	2023-06-21T00:00:00Z	2023-06-21T00:00:00Z
ON630807.1	9158.0		True	2018-02-14	United Kingdom	Europe	Netherlands	2023-06-21T00:00:00Z	2023-06-21T00:00:00Z
ON630806.1	9158.0		True	2018-02-14	United Kingdom	Europe	Netherlands	2023-06-21T00:00:00Z	2023-06-21T00:00:00Z
ON630805.1	9158.0		True	2018-02-07	United Kingdom	Europe	Netherlands	2023-06-21T00:00:00Z	2023-06-21T00:00:00Z
ON630804.1	9158.0		True	2017-12-05	United Kingdom	Europe	Netherlands	2023-06-21T00:00:00Z	2023-06-21T00:00:00Z
ON630803.1	9158.0		True	2017-11-16	United Kingdom	Europe	Netherlands	2023-06-21T00:00:00Z	2023-06-21T00:00:00Z
ON630802.1	9158.0		True	2017-09-07	United Kingdom	Europe	Netherlands	2023-06-21T00:00:00Z	2023-06-21T00:00:00Z
ON630801.1	9158.0		True	2017-09-01	United Kingdom	Europe	Netherlands	2023-06-21T00:00:00Z	2023-06-21T00:00:00Z
ON630800.1	9158.0		True	2017-08-25	United Kingdom	Europe	Netherlands	2023-06-21T00:00:00Z	2023-06-21T00:00:00Z
ON630799.1	9158.0		True	2017-07-03	United Kingdom	Europe	Netherlands	2023-06-21T00:00:00Z	2023-06-21T00:00:00Z
ON630798.1	9158.0		True	2017-07-03	United Kingdom	Europe	Netherlands	2023-06-21T00:00:00Z	2023-06-21T00:00:00Z
ON630797.1	9158.0		True	2017-07-26	United Kingdom	Europe	Netherlands	2023-06-21T00:00:00Z	2023-06-21T00:00:00Z
ON630796.1	9158.0		True	2017-05-22	United Kingdom	Europe	Netherlands	2023-06-21T00:00:00Z	2023-06-21T00:00:00Z
ON630795.1	9158.0		True	2019-02-01	Switzerland	Europe	Netherlands	2023-06-21T00:00:00Z	2023-06-21T00:00:00Z
ON630794.1	9158.0		True	2018-06-06	Switzerland	Europe	Netherlands	2023-06-21T00:00:00Z	2023-06-21T00:00:00Z
ON630793.1	9158.0		True	2018-07-02	Switzerland	Europe	Netherlands	2023-06-21T00:00:00Z	2023-06-21T00:00:00Z
ON630792.1	9158.0		True	2019-04-24	Switzerland	Europe	Netherlands	2023-06-21T00:00:00Z	2023-06-21T00:00:00Z
ON630791.1	9158.0		True	2018-09-21	Switzerland	Europe	Netherlands	2023-06-21T00:00:00Z	2023-06-21T00:00:00Z
ON630790.1	9158.0		True	2018-07-05	Switzerland	Europe	Netherlands	2023-06-21T00:00:00Z	2023-06-21T00:00:00Z
ON630789.1	9158.0		True	2019-05-07	Netherlands	Europe	Netherlands	2023-06-21T00:00:00Z	2023-06-21T00:00:00Z
ON630788.1	9158.0		True	2019-04-25	Netherlands	Europe	Netherlands	2023-06-21T00:00:00Z	2023-06-21T00:00:00Z
ON630787.1	9158.0		True	2019-02-04	Netherlands	Europe	Netherlands	2023-06-21T00:00:00Z	2023-06-21T00:00:00Z
ON630786.1	9158.0		True	2018-05-30	Netherlands	Europe	Netherlands	2023-06-21T00:00:00Z	2023-06-21T00:00:00Z
ON630785.1	9158.0		True	2018-05-09	Netherlands	Europe	Netherlands	2023-06-21T00:00:00Z	2023-06-21T00:00:00Z
ON630784.1	9158.0		True	2018-04-26	Netherlands	Europe	Netherlands	2023-06-21T00:00:00Z	2023-06-21T00:00:00Z
ON630783.1	9158.0		True	2018-04-12	Netherlands	Europe	Netherlands	2023-06-21T00:00:00Z	2023-06-21T00:00:00Z
ON630782.1	9158.0		True	2018-03-06	Netherlands	Europe	Netherlands	2023-06-21T00:00:00Z	2023-06-21T00:00:00Z
ON630781.1	9158.0		True	2018-02-20	Netherlands	Europe	Netherlands	2023-06-21T00:00:00Z	2023-06-21T00:00:00Z
ON630780.1	9158.0		True	2018-01-03	Netherlands	Europe	Netherlands	2023-06-21T00:00:00Z	2023-06-21T00:00:00Z
ON630779.1	9158.0		True	2017-11-16	Netherlands	Europe	Netherlands	2023-06-21T00:00:00Z	2023-06-21T00:00:00Z
ON630778.1	9158.0		True	2017-09-26	Netherlands	Europe	Netherlands	2023-06-21T00:00:00Z	2023-06-21T00:00:00Z
ON630777.1	9158.0		True	2017-08-29	Netherlands	Europe	Netherlands	2023-06-21T00:00:00Z	2023-06-21T00:00:00Z
ON630776.1	9158.0		True	2017-05-10	Netherlands	Europe	Netherlands	2023-06-21T00:00:00Z	2023-06-21T00:00:00Z
ON630775.1	9158.0		True	2017-05-09	Netherlands	Europe	Netherlands	2023-06-21T00:00:00Z	2023-06-21T00:00:00Z
ON630774.1	9158.0		True	2017-10-26	Canada	North America	Netherlands	2023-06-21T00:00:00Z	2023-06-21T00:00:00Z
ON630773.1	9158.0		True	2018-04-09	Canada	North America	Netherlands	2023-06-21T00:00:00Z	2023-06-21T00:00:00Z
ON630772.1	9158.0		True	2018-09-27	Canada	North America	Netherlands	2023-06-21T00:00:00Z	2023-06-21T00:00:00Z
ON630771.1	9158.0		True	2018-10-25	Canada	North America	Netherlands	2023-06-21T00:00:00Z	2023-06-21T00:00:00Z
ON630770.1	9158.0		True	2019-07-05	USA	North America	Netherlands	2023-06-21T00:00:00Z	2023-06-21T00:00:00Z
ON630769.1	9158.0		True	2019-05-09	USA	North America	Netherlands	2023-06-21T00:00:00Z	2023-06-21T00:00:00Z
ON630768.1	9158.0		True	2019-04-26	USA	North America	Netherlands	2023-06-21T00:00:00Z	2023-06-21T00:00:00Z
ON630767.1	9158.0		True	2019-04-17	USA	North America	Netherlands	2023-06-21T00:00:00Z	2023-06-21T00:00:00Z
ON630766.1	9158.0		True	2019-03-14	USA	North America	Netherlands	2023-06-21T00:00:00Z	2023-06-21T00:00:00Z
ON630765.1	9158.0		True	2019-03-01	USA	North America	Netherlands	2023-06-21T00:00:00Z	2023-06-21T00:00:00Z
ON630764.1	9158.0		True	2019-02-08	USA	North America	Netherlands	2023-06-21T00:00:00Z	2023-06-21T00:00:00Z
ON630763.1	9158.0		True	2018-07-09	USA	North America	Netherlands	2023-06-21T00:00:00Z	2023-06-21T00:00:00Z
ON314828.1	9460.0		True	2014-01-01	Guinea	Africa	Germany	2023-01-26T00:00:00Z	2023-01-26T00:00:00Z
ON314827.1	9428.0		True	2014-01-01	Guinea	Africa	Germany	2023-01-26T00:00:00Z	2023-01-26T00:00:00Z
ON314826.1	9422.0		True	2004-01-01	Guinea	Africa	Germany	2023-01-26T00:00:00Z	2023-01-26T00:00:00Z
ON314825.1	9415.0		True	2004-01-01	Guinea	Africa	Germany	2023-01-26T00:00:00Z	2023-01-26T00:00:00Z
ON314824.1	9383.0		True	2014-01-01	Guinea	Africa	Germany	2023-01-26T00:00:00Z	2023-01-26T00:00:00Z
ON314823.1	9367.0		True	2014-01-01	Guinea	Africa	Germany	2023-01-26T00:00:00Z	2023-01-26T00:00:00Z
ON314822.1	9364.0		True	2014-01-01	Guinea	Africa	Germany	2023-01-26T00:00:00Z	2023-01-26T00:00:00Z
LC650200.1	9448.0		True	2020-12-08	Japan:Gunma	Asia	Japan	2022-05-19T00:00:00Z	2023-06-14T00:00:00Z
LC462122.1	9033.0		True	2017-01-14	Japan	Asia	Japan	2019-02-08T00:00:00Z	2023-06-10T00:00:00Z
LC150893.1	9448.0		True	2008-08-26	Japan:Mito	Asia	Japan	2016-10-29T00:00:00Z	2023-06-10T00:00:00Z
AB677533.1	9471.0		True	2011-01-12	Japan:Saitama, Tokorozawa	Asia	Japan	2012-04-25T00:00:00Z	2023-06-10T00:00:00Z
AB677532.1	9392.0		True	2010-04-12	Japan:Saitama, Tokorozawa	Asia	Japan	2012-04-25T00:00:00Z	2023-06-10T00:00:00Z
AB677531.1	9321.0		True	2003-05-19	Japan:Saitama, Tokorozawa	Asia	Japan	2012-04-25T00:00:00Z	2023-06-10T00:00:00Z
AB677530.1	9321.0		True	1998-08-22	Japan:Saitama, Tokorozawa	Asia	Japan	2012-04-25T00:00:00Z	2023-06-10T00:00:00Z
AB677529.1	9321.0		True	1997-09-03	Japan:Saitama, Tokorozawa	Asia	Japan	2012-04-25T00:00:00Z	2023-06-10T00:00:00Z
AB677528.1	9471.0		True	2010-05-12	Japan:Saitama, Tokorozawa	Asia	Japan	2012-04-25T00:00:00Z	2023-06-10T00:00:00Z
AB677527.1	9471.0		True	1993-11-16	Japan: Saitama, Tokorozawa	Asia	Japan	2012-04-25T00:00:00Z	2023-06-10T00:00:00Z
AB622121.1	9452.0		True	2010-08-05	Japan:Ibaraki	Asia	Japan	2011-09-10T00:00:00Z	2023-06-10T00:00:00Z
AB429050.1	9374.0		True	1991-03-18	Japan: Niigata	Asia	Japan	2008-05-08T00:00:00Z	2023-06-10T00:00:00Z
OP894660.1	9427.0			2016-02-10	France: Paris	Europe	France	2022-12-03T00:00:00Z	2022-12-03T00:00:00Z
OP894659.1	9413.0			2017-06-19	France: Creteil	Europe	France	2022-12-03T00:00:00Z	2022-12-03T00:00:00Z
OP894658.1	9406.0			2017-08-28	France: Paris	Europe	France	2022-12-03T00:00:00Z	2022-12-03T00:00:00Z
OP894657.1	9322.0			2017-04-20	France: Creteil	Europe	France	2022-12-03T00:00:00Z	2022-12-03T00:00:00Z
OP894656.1	9433.0			2012-09-06	France: Rouen	Europe	France	2022-12-03T00:00:00Z	2022-12-03T00:00:00Z
OP894655.1	9433.0			2017-10-31	France: Saint-Denis	Europe	France	2022-12-03T00:00:00Z	2022-12-03T00:00:00Z
OP894654.1	9433.0			2017-09-19	France	Europe	France	2022-12-03T00:00:00Z	2022-12-03T00:00:00Z
OP894653.1	9433.0			2017-10-24	France: Rouen	Europe	France	2022-12-03T00:00:00Z	2022-12-03T00:00:00Z
OP894652.1	9433.0			2017-09-26	France	Europe	France	2022-12-03T00:00:00Z	2022-12-03T00:00:00Z
OP894651.1	9407.0			2018-08-07	France: Paris	Europe	France	2022-12-03T00:00:00Z	2022-12-03T00:00:00Z
OP894650.1	9330.0			2018-07-26	France: Poissy	Europe	France	2022-12-03T00:00:00Z	2022-12-03T00:00:00Z
OP894649.1	9033.0			2018-03-20	France: Corbeil	Europe	France	2022-12-03T00:00:00Z	2022-12-03T00:00:00Z
OP894648.1	9489.0			2018-02-13	France: Paris	Europe	France	2022-12-03T00:00:00Z	2022-12-03T00:00:00Z
OP894647.1	9400.0			2018-01-22	France: Aulnay-Sous-Bois	Europe	France	2022-12-03T00:00:00Z	2022-12-03T00:00:00Z
OP894646.1	9300.0			2018-01-11	France: Paris	Europe	France	2022-12-03T00:00:00Z	2022-12-03T00:00:00Z
OP894645.1	9401.0			2017-11-13	France: Creteil	Europe	France	2022-12-03T00:00:00Z	2022-12-03T00:00:00Z
OP894644.1	9402.0			2017-09-29	France: Poitiers	Europe	France	2022-12-03T00:00:00Z	2022-12-03T00:00:00Z
OP894643.1	9409.0			2017-09-14	France: Creteil	Europe	France	2022-12-03T00:00:00Z	2022-12-03T00:00:00Z
OP894642.1	9397.0			2017-08-03	France	Europe	France	2022-12-03T00:00:00Z	2022-12-03T00:00:00Z
OP894641.1	9402.0			2017-08-03	France: Nice	Europe	France	2022-12-03T00:00:00Z	2022-12-03T00:00:00Z
OP894640.1	9394.0			2017-05-22	France: Paris	Europe	France	2022-12-03T00:00:00Z	2022-12-03T00:00:00Z
OP894639.1	9401.0			2017-08-07	France: Paris	Europe	France	2022-12-03T00:00:00Z	2022-12-03T00:00:00Z
OP894638.1	9400.0			2017-02-20	France: Paris	Europe	France	2022-12-03T00:00:00Z	2022-12-03T00:00:00Z
OP894637.1	9372.0			2017-04-10	France: Paris	Europe	France	2022-12-03T00:00:00Z	2022-12-03T00:00:00Z
OP894636.1	9373.0			2016-08-09	France: Rabat	Europe	France	2022-12-03T00:00:00Z	2022-12-03T00:00:00Z
OP894635.1	9642.0			2016-06-28	France: Saint-Denis	Europe	France	2022-12-03T00:00:00Z	2022-12-03T00:00:00Z
OP894634.1	9338.0			2016-06-07	France: Creteil	Europe	France	2022-12-03T00:00:00Z	2022-12-03T00:00:00Z
OP894633.1	9394.0			2016-03-09	France: Toulouse	Europe	France	2022-12-03T00:00:00Z	2022-12-03T00:00:00Z
OP894632.1	9407.0			2015-12-07	France: Nice	Europe	France	2022-12-03T00:00:00Z	2022-12-03T00:00:00Z
OP894631.1	9410.0			2015-08-19	France: Paris	Europe	France	2022-12-03T00:00:00Z	2022-12-03T00:00:00Z
OP022921.1	9102.0		True	2019	United Kingdom	Europe	United Kingdom	2022-09-17T00:00:00Z	2022-09-17T00:00:00Z
OP022920.1	9102.0		True	2019	United Kingdom	Europe	United Kingdom	2022-09-17T00:00:00Z	2022-09-17T00:00:00Z
OP022919.1	9102.0		True	2019	United Kingdom	Europe	United Kingdom	2022-09-17T00:00:00Z	2022-09-17T00:00:00Z
OP022918.1	9102.0		True	2018	United Kingdom	Europe	United Kingdom	2022-09-17T00:00:00Z	2022-09-17T00:00:00Z
OP022917.1	9102.0		True	2019	United Kingdom	Europe	United Kingdom	2022-09-17T00:00:00Z	2022-09-17T00:00:00Z
OP022916.1	9102.0		True	2019	United Kingdom	Europe	United Kingdom	2022-09-17T00:00:00Z	2022-09-17T00:00:00Z
OP022915.1	9102.0		True	2019	United Kingdom	Europe	United Kingdom	2022-09-17T00:00:00Z	2022-09-17T00:00:00Z
OP022914.1	9102.0		True	2018	United Kingdom	Europe	United Kingdom	2022-09-17T00:00:00Z	2022-09-17T00:00:00Z
OP022913.1	9102.0		True	2019	United Kingdom	Europe	United Kingdom	2022-09-17T00:00:00Z	2022-09-17T00:00:00Z
OP022912.1	9102.0		True	2018	United Kingdom	Europe	United Kingdom	2022-09-17T00:00:00Z	2022-09-17T00:00:00Z
OP022911.1	9102.0		True	2019	United Kingdom	Europe	United Kingdom	2022-09-17T00:00:00Z	2022-09-17T00:00:00Z
OP022910.1	9102.0		True	2019	United Kingdom	Europe	United Kingdom	2022-09-17T00:00:00Z	2022-09-17T00:00:00Z
OP022909.1	9102.0		True	2019	United Kingdom	Europe	United Kingdom	2022-09-17T00:00:00Z	2022-09-17T00:00:00Z
OP022908.1	9102.0		True	2019	United Kingdom	Europe	United Kingdom	2022-09-17T00:00:00Z	2022-09-17T00:00:00Z
OP022907.1	9102.0		True	2019	United Kingdom	Europe	United Kingdom	2022-09-17T00:00:00Z	2022-09-17T00:00:00Z
OP022906.1	9102.0		True	2018	United Kingdom	Europe	United Kingdom	2022-09-17T00:00:00Z	2022-09-17T00:00:00Z
OP022905.1	9102.0		True	2019	United Kingdom	Europe	United Kingdom	2022-09-17T00:00:00Z	2022-09-17T00:00:00Z
OP022904.1	9102.0		True	2019	United Kingdom	Europe	United Kingdom	2022-09-17T00:00:00Z	2022-09-17T00:00:00Z
OP022903.1	9102.0		True	2018	United Kingdom	Europe	United Kingdom	2022-09-17T00:00:00Z	2022-09-17T00:00:00Z
OP022902.1	9102.0		True	2015	United Kingdom	Europe	United Kingdom	2022-09-17T00:00:00Z	2022-09-17T00:00:00Z
ON314821.1	9176.0		True	2014-01-01	Guinea	Africa	Germany	2023-01-26T00:00:00Z	2023-01-26T00:00:00Z
ON314820.1	9170.0		True	2004-01-01	Guinea	Africa	Germany	2023-01-26T00:00:00Z	2023-01-26T00:00:00Z
ON314819.1	9168.0		True	2014-01-01	Guinea	Africa	Germany	2023-01-26T00:00:00Z	2023-01-26T00:00:00Z
ON314818.1	9168.0		True	2014-01-01	Guinea	Africa	Germany	2023-01-26T00:00:00Z	2023-01-26T00:00:00Z
ON314817.1	9167.0		True	2014-01-01	Guinea	Africa	Germany	2023-01-26T00:00:00Z	2023-01-26T00:00:00Z
ON314816.1	9167.0		True	2014-01-01	Guinea	Africa	Germany	2023-01-26T00:00:00Z	2023-01-26T00:00:00Z
ON314815.1	9166.0		True	2014-01-01	Guinea	Africa	Germany	2023-01-26T00:00:00Z	2023-01-26T00:00:00Z
ON314814.1	9165.0		True	2014-01-01	Guinea	Africa	Germany	2023-01-26T00:00:00Z	2023-01-26T00:00:00Z
ON314813.1	9165.0		True	2014-01-01	Guinea	Africa	Germany	2023-01-26T00:00:00Z	2023-01-26T00:00:00Z
ON314812.1	9165.0		True	2004-01-01	Guinea	Africa	Germany	2023-01-26T00:00:00Z	2023-01-26T00:00:00Z
OK553098.1	8793.0		True	2007-11-27	USA	North America	USA	2022-09-13T00:00:00Z	2022-09-13T00:00:00Z
OK553097.1	8793.0		True	2007-11-27	USA	North America	USA	2022-09-13T00:00:00Z	2022-09-13T00:00:00Z
OK553096.1	8793.0		True	2007-11-27	USA	North America	USA	2022-09-13T00:00:00Z	2022-09-13T00:00:00Z
OK553095.1	8793.0		True	2007-11-27	USA	North America	USA	2022-09-13T00:00:00Z	2022-09-13T00:00:00Z
OK553094.1	8793.0		True	2007-11-27	USA	North America	USA	2022-09-13T00:00:00Z	2022-09-13T00:00:00Z
OK553093.1	8793.0		True	2007-11-27	USA	North America	USA	2022-09-13T00:00:00Z	2022-09-13T00:00:00Z
OK553092.1	8793.0		True	2007-11-27	USA	North America	USA	2022-09-13T00:00:00Z	2022-09-13T00:00:00Z
OK553091.1	8793.0		True	2007-02-21	USA	North America	USA	2022-09-13T00:00:00Z	2022-09-13T00:00:00Z
OK553090.1	8793.0		True	2007-02-21	USA	North America	USA	2022-09-13T00:00:00Z	2022-09-13T00:00:00Z
OK553089.1	8793.0		True	2007-02-21	USA	North America	USA	2022-09-13T00:00:00Z	2022-09-13T00:00:00Z
OK553088.1	8793.0		True	2007-02-21	USA	North America	USA	2022-09-13T00:00:00Z	2022-09-13T00:00:00Z
OK553087.1	8793.0		True	2007-02-21	USA	North America	USA	2022-09-13T00:00:00Z	2022-09-13T00:00:00Z
OK553086.1	8793.0		True	2007-02-21	USA	North America	USA	2022-09-13T00:00:00Z	2022-09-13T00:00:00Z
OK553085.1	8793.0		True	2007-02-21	USA	North America	USA	2022-09-13T00:00:00Z	2022-09-13T00:00:00Z
OK553084.1	8793.0		True	2007-02-21	USA	North America	USA	2022-09-13T00:00:00Z	2022-09-13T00:00:00Z
OK553083.1	8793.0		True	2007-02-21	USA	North America	USA	2022-09-13T00:00:00Z	2022-09-13T00:00:00Z
OK553082.1	8793.0		True	2007-02-21	USA	North America	USA	2022-09-13T00:00:00Z	2022-09-13T00:00:00Z
OK553081.1	8793.0		True	2007-02-21	USA	North America	USA	2022-09-13T00:00:00Z	2022-09-13T00:00:00Z
OK553080.1	8793.0		True	2007-02-21	USA	North America	USA	2022-09-13T00:00:00Z	2022-09-13T00:00:00Z
OK553079.1	8793.0		True	2007-02-21	USA	North America	USA	2022-09-13T00:00:00Z	2022-09-13T00:00:00Z
OK553078.1	8793.0		True	2007-02-21	USA	North America	USA	2022-09-13T00:00:00Z	2022-09-13T00:00:00Z
OK553077.1	8793.0		True	2007-02-21	USA	North America	USA	2022-09-13T00:00:00Z	2022-09-13T00:00:00Z
OK553076.1	8793.0		True	2007-02-21	USA	North America	USA	2022-09-13T00:00:00Z	2022-09-13T00:00:00Z
OK553075.1	8793.0		True	2007-02-21	USA	North America	USA	2022-09-13T00:00:00Z	2022-09-13T00:00:00Z
OK553074.1	8793.0		True	2007-02-21	USA	North America	USA	2022-09-13T00:00:00Z	2022-09-13T00:00:00Z
OK553073.1	8793.0		True	2007-02-21	USA	North America	USA	2022-09-13T00:00:00Z	2022-09-13T00:00:00Z
OK553072.1	8793.0		True	2007-02-21	USA	North America	USA	2022-09-13T00:00:00Z	2022-09-13T00:00:00Z
OK553071.1	8793.0		True	2007-02-21	USA	North America	USA	2022-09-13T00:00:00Z	2022-09-13T00:00:00Z
OK553070.1	8793.0		True	2007-02-21	USA	North America	USA	2022-09-13T00:00:00Z	2022-09-13T00:00:00Z
OK553069.1	8793.0		True	2007-02-21	USA	North America	USA	2022-09-13T00:00:00Z	2022-09-13T00:00:00Z
OK553068.1	8793.0		True	2007-02-21	USA	North America	USA	2022-09-13T00:00:00Z	2022-09-13T00:00:00Z
OK553067.1	8793.0		True	2007-02-21	USA	North America	USA	2022-09-13T00:00:00Z	2022-09-13T00:00:00Z
OK553066.1	8793.0		True	2007-02-21	USA	North America	USA	2022-09-13T00:00:00Z	2022-09-13T00:00:00Z
OK553065.1	8793.0		True	2007-02-21	USA	North America	USA	2022-09-13T00:00:00Z	2022-09-13T00:00:00Z
OK553064.1	8793.0		True	2006-11-28	USA	North America	USA	2022-09-13T00:00:00Z	2022-09-13T00:00:00Z
OK553063.1	8793.0		True	2006-11-28	USA	North America	USA	2022-09-13T00:00:00Z	2022-09-13T00:00:00Z
OK553062.1	8793.0		True	2006-11-28	USA	North America	USA	2022-09-13T00:00:00Z	2022-09-13T00:00:00Z
OK553061.1	8793.0		True	2006-11-28	USA	North America	USA	2022-09-13T00:00:00Z	2022-09-13T00:00:00Z
OK553060.1	8793.0		True	2006-11-28	USA	North America	USA	2022-09-13T00:00:00Z	2022-09-13T00:00:00Z
OK553059.1	8793.0		True	2006-11-28	USA	North America	USA	2022-09-13T00:00:00Z	2022-09-13T00:00:00Z
OK553058.1	8793.0		True	2006-11-28	USA	North America	USA	2022-09-13T00:00:00Z	2022-09-13T00:00:00Z
OK553057.1	8793.0		True	2006-11-28	USA	North America	USA	2022-09-13T00:00:00Z	2022-09-13T00:00:00Z
OK553056.1	8793.0		True	2006-11-28	USA	North America	USA	2022-09-13T00:00:00Z	2022-09-13T00:00:00Z
OK553055.1	8793.0		True	2006-11-28	USA	North America	USA	2022-09-13T00:00:00Z	2022-09-13T00:00:00Z
OK553054.1	8793.0		True	2006-11-28	USA	North America	USA	2022-09-13T00:00:00Z	2022-09-13T00:00:00Z
OK553053.1	8793.0		True	2006-11-28	USA	North America	USA	2022-09-13T00:00:00Z	2022-09-13T00:00:00Z
OK553052.1	8793.0		True	2006-11-28	USA	North America	USA	2022-09-13T00:00:00Z	2022-09-13T00:00:00Z
OK553051.1	8499.0		True	2006-11-28	USA	North America	USA	2022-09-13T00:00:00Z	2022-09-13T00:00:00Z
OK553050.1	8793.0		True	2006-11-28	USA	North America	USA	2022-09-13T00:00:00Z	2022-09-13T00:00:00Z
OK553049.1	8793.0		True	2006-11-28	USA	North America	USA	2022-09-13T00:00:00Z	2022-09-13T00:00:00Z
OK553047.1	8793.0		True	2006-11-28	USA	North America	USA	2022-09-13T00:00:00Z	2022-09-13T00:00:00Z
OK553046.1	8793.0		True	2006-11-28	USA	North America	USA	2022-09-13T00:00:00Z	2022-09-13T00:00:00Z
OK553045.1	8793.0		True	2006-11-28	USA	North America	USA	2022-09-13T00:00:00Z	2022-09-13T00:00:00Z
OK553044.1	8793.0		True	2006-11-28	USA	North America	USA	2022-09-13T00:00:00Z	2022-09-13T00:00:00Z
OK553043.1	8793.0		True	2006-11-28	USA	North America	USA	2022-09-13T00:00:00Z	2022-09-13T00:00:00Z
OK553042.1	8793.0		True	2006-11-28	USA	North America	USA	2022-09-13T00:00:00Z	2022-09-13T00:00:00Z
OK553041.1	8793.0		True	2006-11-28	USA	North America	USA	2022-09-13T00:00:00Z	2022-09-13T00:00:00Z
OK553040.1	8793.0		True	2006-11-28	USA	North America	USA	2022-09-13T00:00:00Z	2022-09-13T00:00:00Z
OK553039.1	8793.0		True	2006-11-28	USA	North America	USA	2022-09-13T00:00:00Z	2022-09-13T00:00:00Z
OK553038.1	8793.0		True	2006-11-28	USA	North America	USA	2022-09-13T00:00:00Z	2022-09-13T00:00:00Z
OK553037.1	8793.0		True	2006-11-28	USA	North America	USA	2022-09-13T00:00:00Z	2022-09-13T00:00:00Z
OK553036.1	8793.0		True	2006-11-28	USA	North America	USA	2022-09-13T00:00:00Z	2022-09-13T00:00:00Z
OK553035.1	8793.0		True	2006-11-28	USA	North America	USA	2022-09-13T00:00:00Z	2022-09-13T00:00:00Z
OK553034.1	8793.0		True	2006-11-28	USA	North America	USA	2022-09-13T00:00:00Z	2022-09-13T00:00:00Z
OK553033.1	8793.0		True	2006-11-28	USA	North America	USA	2022-09-13T00:00:00Z	2022-09-13T00:00:00Z
OK553032.1	8793.0		True	2006-11-28	USA	North America	USA	2022-09-13T00:00:00Z	2022-09-13T00:00:00Z
OK553031.1	8793.0		True	2006-11-28	USA	North America	USA	2022-09-13T00:00:00Z	2022-09-13T00:00:00Z
OK553029.1	8793.0		True	2006-10-27	USA	North America	USA	2022-09-13T00:00:00Z	2022-09-13T00:00:00Z
OK553028.1	8793.0		True	2006-10-27	USA	North America	USA	2022-09-13T00:00:00Z	2022-09-13T00:00:00Z
OK553027.1	8793.0		True	2006-10-27	USA	North America	USA	2022-09-13T00:00:00Z	2022-09-13T00:00:00Z
OK553026.1	8793.0		True	2006-10-27	USA	North America	USA	2022-09-13T00:00:00Z	2022-09-13T00:00:00Z
OK553025.1	8793.0		True	2006-10-27	USA	North America	USA	2022-09-13T00:00:00Z	2022-09-13T00:00:00Z
OK553024.1	8793.0		True	2006-10-27	USA	North America	USA	2022-09-13T00:00:00Z	2022-09-13T00:00:00Z
OK553023.1	8793.0		True	2006-10-27	USA	North America	USA	2022-09-13T00:00:00Z	2022-09-13T00:00:00Z
OK553022.1	8793.0		True	2006-10-27	USA	North America	USA	2022-09-13T00:00:00Z	2022-09-13T00:00:00Z
OK553021.1	8793.0		True	2006-10-27	USA	North America	USA	2022-09-13T00:00:00Z	2022-09-13T00:00:00Z
OK553020.1	8793.0		True	2006-10-27	USA	North America	USA	2022-09-13T00:00:00Z	2022-09-13T00:00:00Z
OK553019.1	8793.0		True	2006-10-27	USA	North America	USA	2022-09-13T00:00:00Z	2022-09-13T00:00:00Z
OK553018.1	8793.0		True	2006-10-27	USA	North America	USA	2022-09-13T00:00:00Z	2022-09-13T00:00:00Z
OK553017.1	8793.0		True	2006-10-27	USA	North America	USA	2022-09-13T00:00:00Z	2022-09-13T00:00:00Z
OK553016.1	8793.0		True	2006-10-27	USA	North America	USA	2022-09-13T00:00:00Z	2022-09-13T00:00:00Z
OK553015.1	8793.0		True	2006-10-27	USA	North America	USA	2022-09-13T00:00:00Z	2022-09-13T00:00:00Z
OK553014.1	8793.0		True	2006-10-27	USA	North America	USA	2022-09-13T00:00:00Z	2022-09-13T00:00:00Z
OK553013.1	8793.0		True	2006-10-27	USA	North America	USA	2022-09-13T00:00:00Z	2022-09-13T00:00:00Z
OK553012.1	8793.0		True	2006-10-27	USA	North America	USA	2022-09-13T00:00:00Z	2022-09-13T00:00:00Z
OK553011.1	8793.0		True	2006-10-27	USA	North America	USA	2022-09-13T00:00:00Z	2022-09-13T00:00:00Z
OK553010.1	8793.0		True	2006-10-27	USA	North America	USA	2022-09-13T00:00:00Z	2022-09-13T00:00:00Z
OK553009.1	8793.0		True	2006-10-27	USA	North America	USA	2022-09-13T00:00:00Z	2022-09-13T00:00:00Z
OK553008.1	8793.0		True	2006-10-27	USA	North America	USA	2022-09-13T00:00:00Z	2022-09-13T00:00:00Z
OK553007.1	8793.0		True	2006-10-27	USA	North America	USA	2022-09-13T00:00:00Z	2022-09-13T00:00:00Z
OK553006.1	8793.0		True	2006-10-27	USA	North America	USA	2022-09-13T00:00:00Z	2022-09-13T00:00:00Z
OK553005.1	8793.0		True	2006-10-27	USA	North America	USA	2022-09-13T00:00:00Z	2022-09-13T00:00:00Z
OK553004.1	8793.0		True	2006-10-27	USA	North America	USA	2022-09-13T00:00:00Z	2022-09-13T00:00:00Z
OK553003.1	8793.0		True	2006-10-27	USA	North America	USA	2022-09-13T00:00:00Z	2022-09-13T00:00:00Z
OK553002.1	8793.0		True	2006-10-27	USA	North America	USA	2022-09-13T00:00:00Z	2022-09-13T00:00:00Z
OK553001.1	8793.0		True	2006-10-27	USA	North America	USA	2022-09-13T00:00:00Z	2022-09-13T00:00:00Z
OK553000.1	8793.0		True	2006-10-27	USA	North America	USA	2022-09-13T00:00:00Z	2022-09-13T00:00:00Z
OK552999.1	8793.0		True	2006-10-27	USA	North America	USA	2022-09-13T00:00:00Z	2022-09-13T00:00:00Z
OK552998.1	8793.0		True	2006-10-27	USA	North America	USA	2022-09-13T00:00:00Z	2022-09-13T00:00:00Z
OK552997.1	8793.0		True	2006-10-27	USA	North America	USA	2022-09-13T00:00:00Z	2022-09-13T00:00:00Z
OK552996.1	8943.0		True	2017-01-23	USA	North America	USA	2022-09-13T00:00:00Z	2022-09-13T00:00:00Z
OK552995.1	8943.0		True	2017-01-23	USA	North America	USA	2022-09-13T00:00:00Z	2022-09-13T00:00:00Z
OK552994.1	8943.0		True	2017-01-23	USA	North America	USA	2022-09-13T00:00:00Z	2022-09-13T00:00:00Z
OK552993.1	8943.0		True	2017-01-23	USA	North America	USA	2022-09-13T00:00:00Z	2022-09-13T00:00:00Z
OK552992.1	8733.0		True	2017-01-23	USA	North America	USA	2022-09-13T00:00:00Z	2022-09-13T00:00:00Z
OK552991.1	8514.0		True	2017-01-23	USA	North America	USA	2022-09-13T00:00:00Z	2022-09-13T00:00:00Z
OK552990.1	8943.0		True	2017-01-23	USA	North America	USA	2022-09-13T00:00:00Z	2022-09-13T00:00:00Z
OK552989.1	8943.0		True	2017-01-23	USA	North America	USA	2022-09-13T00:00:00Z	2022-09-13T00:00:00Z
OK552988.1	8514.0		True	2017-01-23	USA	North America	USA	2022-09-13T00:00:00Z	2022-09-13T00:00:00Z
OK552987.1	8943.0		True	2017-01-23	USA	North America	USA	2022-09-13T00:00:00Z	2022-09-13T00:00:00Z
OK552986.1	8943.0		True	2017-01-23	USA	North America	USA	2022-09-13T00:00:00Z	2022-09-13T00:00:00Z
OK552985.1	8733.0		True	2017-01-23	USA	North America	USA	2022-09-13T00:00:00Z	2022-09-13T00:00:00Z
OK552984.1	8514.0		True	2017-01-23	USA	North America	USA	2022-09-13T00:00:00Z	2022-09-13T00:00:00Z
OK552983.1	8943.0		True	2017-01-23	USA	North America	USA	2022-09-13T00:00:00Z	2022-09-13T00:00:00Z
OK552982.1	8943.0		True	2017-01-23	USA	North America	USA	2022-09-13T00:00:00Z	2022-09-13T00:00:00Z
OK552981.1	8514.0		True	2017-01-23	USA	North America	USA	2022-09-13T00:00:00Z	2022-09-13T00:00:00Z
OK552980.1	8943.0		True	2017-01-23	USA	North America	USA	2022-09-13T00:00:00Z	2022-09-13T00:00:00Z
OK552979.1	8945.0		True	2017-01-23	USA	North America	USA	2022-09-13T00:00:00Z	2022-09-13T00:00:00Z
OK552978.1	8943.0		True	2017-01-23	USA	North America	USA	2022-09-13T00:00:00Z	2022-09-13T00:00:00Z
OK552977.1	8514.0		True	2017-01-23	USA	North America	USA	2022-09-13T00:00:00Z	2022-09-13T00:00:00Z
OK552976.1	8943.0		True	2017-01-23	USA	North America	USA	2022-09-13T00:00:00Z	2022-09-13T00:00:00Z
OK552975.1	8733.0		True	2017-01-23	USA	North America	USA	2022-09-13T00:00:00Z	2022-09-13T00:00:00Z
OK552974.1	8733.0		True	2017-01-23	USA	North America	USA	2022-09-13T00:00:00Z	2022-09-13T00:00:00Z
OK552973.1	8768.0		True	2017-01-23	USA	North America	USA	2022-09-13T00:00:00Z	2022-09-13T00:00:00Z
OK552972.1	8943.0		True	2017-01-23	USA	North America	USA	2022-09-13T00:00:00Z	2022-09-13T00:00:00Z
OK552971.1	8514.0		True	2017-01-23	USA	North America	USA	2022-09-13T00:00:00Z	2022-09-13T00:00:00Z
OK552970.1	8943.0		True	2017-01-23	USA	North America	USA	2022-09-13T00:00:00Z	2022-09-13T00:00:00Z
OK552969.1	8943.0		True	2017-01-23	USA	North America	USA	2022-09-13T00:00:00Z	2022-09-13T00:00:00Z
OK552968.1	8733.0		True	2017-01-23	USA	North America	USA	2022-09-13T00:00:00Z	2022-09-13T00:00:00Z
OK552967.1	8943.0		True	2017-01-23	USA	North America	USA	2022-09-13T00:00:00Z	2022-09-13T00:00:00Z
OK552966.1	8514.0		True	2017-01-23	USA	North America	USA	2022-09-13T00:00:00Z	2022-09-13T00:00:00Z
OK552964.1	8943.0		True	2017-01-23	USA	North America	USA	2022-09-13T00:00:00Z	2022-09-13T00:00:00Z
OK552963.1	8943.0		True	2017-01-23	USA	North America	USA	2022-09-13T00:00:00Z	2022-09-13T00:00:00Z
OK552962.1	8943.0		True	2017-01-23	USA	North America	USA	2022-09-13T00:00:00Z	2022-09-13T00:00:00Z
OK552961.1	8484.0		True	2017-01-23	USA	North America	USA	2022-09-13T00:00:00Z	2022-09-13T00:00:00Z
OK552960.1	8514.0		True	2017-01-23	USA	North America	USA	2022-09-13T00:00:00Z	2022-09-13T00:00:00Z
OK552959.1	8964.0		True	2016-07-29	USA	North America	USA	2022-09-13T00:00:00Z	2022-09-13T00:00:00Z
MK468928.1	9113.0		True	2018-07-02	Taiwan	Asia	Taiwan	2023-01-22T00:00:00Z	2023-01-22T00:00:00Z
MK468927.1	9110.0		True	2018-07-02	Taiwan	Asia	Taiwan	2023-01-22T00:00:00Z	2023-01-22T00:00:00Z
MK468926.1	9110.0		True	2018-07-02	Taiwan	Asia	Taiwan	2023-01-22T00:00:00Z	2023-01-22T00:00:00Z
OK552958.1	8964.0		True	2016-07-29	USA	North America	USA	2022-09-13T00:00:00Z	2022-09-13T00:00:00Z
OK552957.1	8964.0		True	2016-07-29	USA	North America	USA	2022-09-13T00:00:00Z	2022-09-13T00:00:00Z
OK552956.1	8535.0		True	2016-07-29	USA	North America	USA	2022-09-13T00:00:00Z	2022-09-13T00:00:00Z
OK552955.1	8964.0		True	2016-07-29	USA	North America	USA	2022-09-13T00:00:00Z	2022-09-13T00:00:00Z
OK552954.1	8964.0		True	2016-07-29	USA	North America	USA	2022-09-13T00:00:00Z	2022-09-13T00:00:00Z
OK552953.1	8964.0		True	2016-07-29	USA	North America	USA	2022-09-13T00:00:00Z	2022-09-13T00:00:00Z
OK552952.1	8964.0		True	2016-07-29	USA	North America	USA	2022-09-13T00:00:00Z	2022-09-13T00:00:00Z
OK552951.1	8964.0		True	2016-07-29	USA	North America	USA	2022-09-13T00:00:00Z	2022-09-13T00:00:00Z
OK552950.1	8964.0		True	2016-07-29	USA	North America	USA	2022-09-13T00:00:00Z	2022-09-13T00:00:00Z
OK552949.1	8964.0		True	2016-07-29	USA	North America	USA	2022-09-13T00:00:00Z	2022-09-13T00:00:00Z
OK552948.1	8964.0		True	2016-07-29	USA	North America	USA	2022-09-13T00:00:00Z	2022-09-13T00:00:00Z
OK552947.1	8535.0		True	2016-07-29	USA	North America	USA	2022-09-13T00:00:00Z	2022-09-13T00:00:00Z
OK552946.1	8535.0		True	2016-07-29	USA	North America	USA	2022-09-13T00:00:00Z	2022-09-13T00:00:00Z
OK552945.1	8964.0		True	2016-07-29	USA	North America	USA	2022-09-13T00:00:00Z	2022-09-13T00:00:00Z
OK552944.1	8964.0		True	2016-07-29	USA	North America	USA	2022-09-13T00:00:00Z	2022-09-13T00:00:00Z
OK552943.1	8535.0		True	2016-07-29	USA	North America	USA	2022-09-13T00:00:00Z	2022-09-13T00:00:00Z
OK552942.1	8964.0		True	2016-07-29	USA	North America	USA	2022-09-13T00:00:00Z	2022-09-13T00:00:00Z
OK552941.1	8964.0		True	2016-07-29	USA	North America	USA	2022-09-13T00:00:00Z	2022-09-13T00:00:00Z
OK552940.1	8535.0		True	2016-07-29	USA	North America	USA	2022-09-13T00:00:00Z	2022-09-13T00:00:00Z
OK552939.1	8535.0		True	2016-07-29	USA	North America	USA	2022-09-13T00:00:00Z	2022-09-13T00:00:00Z
OK552938.1	8535.0		True	2016-07-29	USA	North America	USA	2022-09-13T00:00:00Z	2022-09-13T00:00:00Z
OK552937.1	8964.0		True	2016-07-29	USA	North America	USA	2022-09-13T00:00:00Z	2022-09-13T00:00:00Z
OK552936.1	8754.0		True	2016-07-29	USA	North America	USA	2022-09-13T00:00:00Z	2022-09-13T00:00:00Z
OK552935.1	8964.0		True	2016-07-29	USA	North America	USA	2022-09-13T00:00:00Z	2022-09-13T00:00:00Z
OK552934.1	8535.0		True	2016-07-29	USA	North America	USA	2022-09-13T00:00:00Z	2022-09-13T00:00:00Z
OK552933.1	8535.0		True	2016-07-29	USA	North America	USA	2022-09-13T00:00:00Z	2022-09-13T00:00:00Z
OK552932.1	8964.0		True	2016-07-29	USA	North America	USA	2022-09-13T00:00:00Z	2022-09-13T00:00:00Z
OK552931.1	8964.0		True	2016-07-29	USA	North America	USA	2022-09-13T00:00:00Z	2022-09-13T00:00:00Z
OK552930.1	8964.0		True	2016-07-29	USA	North America	USA	2022-09-13T00:00:00Z	2022-09-13T00:00:00Z
OK552929.1	8535.0		True	2016-07-29	USA	North America	USA	2022-09-13T00:00:00Z	2022-09-13T00:00:00Z
OK552928.1	8754.0		True	2016-07-29	USA	North America	USA	2022-09-13T00:00:00Z	2022-09-13T00:00:00Z
OK552927.1	8964.0		True	2016-07-29	USA	North America	USA	2022-09-13T00:00:00Z	2022-09-13T00:00:00Z
OK552926.1	8967.0		True	2015-02-12	USA	North America	USA	2022-09-13T00:00:00Z	2022-09-13T00:00:00Z
OK552925.1	8967.0		True	2015-02-12	USA	North America	USA	2022-09-13T00:00:00Z	2022-09-13T00:00:00Z
OK552924.1	8538.0		True	2015-02-12	USA	North America	USA	2022-09-13T00:00:00Z	2022-09-13T00:00:00Z
OK552923.1	8967.0		True	2015-02-12	USA	North America	USA	2022-09-13T00:00:00Z	2022-09-13T00:00:00Z
OK552922.1	8967.0		True	2015-02-12	USA	North America	USA	2022-09-13T00:00:00Z	2022-09-13T00:00:00Z
OK552921.1	8967.0		True	2015-02-12	USA	North America	USA	2022-09-13T00:00:00Z	2022-09-13T00:00:00Z
OK552920.1	8967.0		True	2015-02-12	USA	North America	USA	2022-09-13T00:00:00Z	2022-09-13T00:00:00Z
OK552919.1	8757.0		True	2015-02-12	USA	North America	USA	2022-09-13T00:00:00Z	2022-09-13T00:00:00Z
OK552918.1	8967.0		True	2015-02-12	USA	North America	USA	2022-09-13T00:00:00Z	2022-09-13T00:00:00Z
OK552917.1	8967.0		True	2015-02-12	USA	North America	USA	2022-09-13T00:00:00Z	2022-09-13T00:00:00Z
OK552916.1	8967.0		True	2015-02-12	USA	North America	USA	2022-09-13T00:00:00Z	2022-09-13T00:00:00Z
OK552915.1	8967.0		True	2015-02-12	USA	North America	USA	2022-09-13T00:00:00Z	2022-09-13T00:00:00Z
OK552914.1	8538.0		True	2015-02-12	USA	North America	USA	2022-09-13T00:00:00Z	2022-09-13T00:00:00Z
OK552913.1	8757.0		True	2015-02-12	USA	North America	USA	2022-09-13T00:00:00Z	2022-09-13T00:00:00Z
OK552912.1	8967.0		True	2015-02-12	USA	North America	USA	2022-09-13T00:00:00Z	2022-09-13T00:00:00Z
OK552911.1	8538.0		True	2015-02-12	USA	North America	USA	2022-09-13T00:00:00Z	2022-09-13T00:00:00Z
OK552910.1	8757.0		True	2015-02-12	USA	North America	USA	2022-09-13T00:00:00Z	2022-09-13T00:00:00Z
OK552909.1	8967.0		True	2015-02-12	USA	North America	USA	2022-09-13T00:00:00Z	2022-09-13T00:00:00Z
OK552908.1	8967.0		True	2015-02-12	USA	North America	USA	2022-09-13T00:00:00Z	2022-09-13T00:00:00Z
OK552907.1	8967.0		True	2015-02-12	USA	North America	USA	2022-09-13T00:00:00Z	2022-09-13T00:00:00Z
OK552906.1	8538.0		True	2015-02-12	USA	North America	USA	2022-09-13T00:00:00Z	2022-09-13T00:00:00Z
OK552905.1	8967.0		True	2015-02-12	USA	North America	USA	2022-09-13T00:00:00Z	2022-09-13T00:00:00Z
OK552904.1	8967.0		True	2015-02-12	USA	North America	USA	2022-09-13T00:00:00Z	2022-09-13T00:00:00Z
OK552903.1	8757.0		True	2015-02-12	USA	North America	USA	2022-09-13T00:00:00Z	2022-09-13T00:00:00Z
OK552902.1	8949.0		True	2013-11-05	USA	North America	USA	2022-09-13T00:00:00Z	2022-09-13T00:00:00Z
OK552901.1	8949.0		True	2013-11-05	USA	North America	USA	2022-09-13T00:00:00Z	2022-09-13T00:00:00Z
OK552900.1	8949.0		True	2013-11-05	USA	North America	USA	2022-09-13T00:00:00Z	2022-09-13T00:00:00Z
OK552899.1	8949.0		True	2013-11-05	USA	North America	USA	2022-09-13T00:00:00Z	2022-09-13T00:00:00Z
OK552898.1	8949.0		True	2013-11-05	USA	North America	USA	2022-09-13T00:00:00Z	2022-09-13T00:00:00Z
OK552897.1	8949.0		True	2013-11-05	USA	North America	USA	2022-09-13T00:00:00Z	2022-09-13T00:00:00Z
OK552896.1	8949.0		True	2013-11-05	USA	North America	USA	2022-09-13T00:00:00Z	2022-09-13T00:00:00Z
OK552895.1	8949.0		True	2013-11-05	USA	North America	USA	2022-09-13T00:00:00Z	2022-09-13T00:00:00Z
OK552894.1	8949.0		True	2013-11-05	USA	North America	USA	2022-09-13T00:00:00Z	2022-09-13T00:00:00Z
OK552893.1	8949.0		True	2013-11-05	USA	North America	USA	2022-09-13T00:00:00Z	2022-09-13T00:00:00Z
OK552892.1	8949.0		True	2013-11-05	USA	North America	USA	2022-09-13T00:00:00Z	2022-09-13T00:00:00Z
OK552891.1	8949.0		True	2013-11-05	USA	North America	USA	2022-09-13T00:00:00Z	2022-09-13T00:00:00Z
OK552890.1	8949.0		True	2013-11-05	USA	North America	USA	2022-09-13T00:00:00Z	2022-09-13T00:00:00Z
OK552889.1	8949.0		True	2013-11-05	USA	North America	USA	2022-09-13T00:00:00Z	2022-09-13T00:00:00Z
OK552888.1	8949.0		True	2013-11-05	USA	North America	USA	2022-09-13T00:00:00Z	2022-09-13T00:00:00Z
OK552887.1	8949.0		True	2013-11-05	USA	North America	USA	2022-09-13T00:00:00Z	2022-09-13T00:00:00Z
OK552886.1	8949.0		True	2013-11-05	USA	North America	USA	2022-09-13T00:00:00Z	2022-09-13T00:00:00Z
OK552885.1	8949.0		True	2013-11-05	USA	North America	USA	2022-09-13T00:00:00Z	2022-09-13T00:00:00Z
OK552884.1	8949.0		True	2013-11-05	USA	North America	USA	2022-09-13T00:00:00Z	2022-09-13T00:00:00Z
OK552883.1	8949.0		True	2013-11-05	USA	North America	USA	2022-09-13T00:00:00Z	2022-09-13T00:00:00Z
OK552882.1	8949.0		True	2013-11-05	USA	North America	USA	2022-09-13T00:00:00Z	2022-09-13T00:00:00Z
OK552881.1	8949.0		True	2013-11-05	USA	North America	USA	2022-09-13T00:00:00Z	2022-09-13T00:00:00Z
OK552880.1	8949.0		True	2013-11-05	USA	North America	USA	2022-09-13T00:00:00Z	2022-09-13T00:00:00Z
OK552879.1	8949.0		True	2013-11-05	USA	North America	USA	2022-09-13T00:00:00Z	2022-09-13T00:00:00Z
OK552878.1	8949.0		True	2013-11-05	USA	North America	USA	2022-09-13T00:00:00Z	2022-09-13T00:00:00Z
OK552877.1	8949.0		True	2013-11-05	USA	North America	USA	2022-09-13T00:00:00Z	2022-09-13T00:00:00Z
OK552876.1	8949.0		True	2013-11-05	USA	North America	USA	2022-09-13T00:00:00Z	2022-09-13T00:00:00Z
OK552875.1	8949.0		True	2013-11-05	USA	North America	USA	2022-09-13T00:00:00Z	2022-09-13T00:00:00Z
OK552874.1	8949.0		True	2013-11-05	USA	North America	USA	2022-09-13T00:00:00Z	2022-09-13T00:00:00Z
OK552873.1	8949.0		True	2013-11-05	USA	North America	USA	2022-09-13T00:00:00Z	2022-09-13T00:00:00Z
OK552872.1	8949.0		True	2013-11-05	USA	North America	USA	2022-09-13T00:00:00Z	2022-09-13T00:00:00Z
OK552871.1	8949.0		True	2013-11-05	USA	North America	USA	2022-09-13T00:00:00Z	2022-09-13T00:00:00Z
OK552870.1	8949.0		True	2013-11-05	USA	North America	USA	2022-09-13T00:00:00Z	2022-09-13T00:00:00Z
OK552869.1	8949.0		True	2013-11-05	USA	North America	USA	2022-09-13T00:00:00Z	2022-09-13T00:00:00Z
OK552868.1	8949.0		True	2013-11-05	USA	North America	USA	2022-09-13T00:00:00Z	2022-09-13T00:00:00Z
OK552867.1	8949.0		True	2013-11-05	USA	North America	USA	2022-09-13T00:00:00Z	2022-09-13T00:00:00Z
OK552866.1	8949.0		True	2013-11-05	USA	North America	USA	2022-09-13T00:00:00Z	2022-09-13T00:00:00Z
OK552865.1	8949.0		True	2013-11-05	USA	North America	USA	2022-09-13T00:00:00Z	2022-09-13T00:00:00Z
OK552864.1	8949.0		True	2013-11-05	USA	North America	USA	2022-09-13T00:00:00Z	2022-09-13T00:00:00Z
OK552863.1	8949.0		True	2013-11-05	USA	North America	USA	2022-09-13T00:00:00Z	2022-09-13T00:00:00Z
OK552862.1	9015.0		True	2013-08-22	USA	North America	USA	2022-09-13T00:00:00Z	2022-09-13T00:00:00Z
OK552861.1	9015.0		True	2013-08-22	USA	North America	USA	2022-09-13T00:00:00Z	2022-09-13T00:00:00Z
OK552860.1	9015.0		True	2013-08-22	USA	North America	USA	2022-09-13T00:00:00Z	2022-09-13T00:00:00Z
OK552859.1	9015.0		True	2013-08-22	USA	North America	USA	2022-09-13T00:00:00Z	2022-09-13T00:00:00Z
OK552858.1	9015.0		True	2013-08-22	USA	North America	USA	2022-09-13T00:00:00Z	2022-09-13T00:00:00Z
OK552857.1	9015.0		True	2013-08-22	USA	North America	USA	2022-09-13T00:00:00Z	2022-09-13T00:00:00Z
OK552856.1	9015.0		True	2013-08-22	USA	North America	USA	2022-09-13T00:00:00Z	2022-09-13T00:00:00Z
OK552855.1	9015.0		True	2013-08-22	USA	North America	USA	2022-09-13T00:00:00Z	2022-09-13T00:00:00Z
OK552854.1	9015.0		True	2013-08-22	USA	North America	USA	2022-09-13T00:00:00Z	2022-09-13T00:00:00Z
OK552853.1	9015.0		True	2013-08-22	USA	North America	USA	2022-09-13T00:00:00Z	2022-09-13T00:00:00Z
OK552852.1	9015.0		True	2013-08-22	USA	North America	USA	2022-09-13T00:00:00Z	2022-09-13T00:00:00Z
OK552851.1	9015.0		True	2013-08-22	USA	North America	USA	2022-09-13T00:00:00Z	2022-09-13T00:00:00Z
OK552850.1	9015.0		True	2013-08-22	USA	North America	USA	2022-09-13T00:00:00Z	2022-09-13T00:00:00Z
OK552849.1	9015.0		True	2013-08-22	USA	North America	USA	2022-09-13T00:00:00Z	2022-09-13T00:00:00Z
OK552848.1	9015.0		True	2013-08-22	USA	North America	USA	2022-09-13T00:00:00Z	2022-09-13T00:00:00Z
OK552847.1	9015.0		True	2013-08-22	USA	North America	USA	2022-09-13T00:00:00Z	2022-09-13T00:00:00Z
OK552846.1	9015.0		True	2013-08-22	USA	North America	USA	2022-09-13T00:00:00Z	2022-09-13T00:00:00Z
OK552845.1	9015.0		True	2013-08-22	USA	North America	USA	2022-09-13T00:00:00Z	2022-09-13T00:00:00Z
OK552844.1	9015.0		True	2013-08-22	USA	North America	USA	2022-09-13T00:00:00Z	2022-09-13T00:00:00Z
OK552843.1	9015.0		True	2013-08-22	USA	North America	USA	2022-09-13T00:00:00Z	2022-09-13T00:00:00Z
OK552842.1	9015.0		True	2013-08-22	USA	North America	USA	2022-09-13T00:00:00Z	2022-09-13T00:00:00Z
OK552841.1	9015.0		True	2013-08-22	USA	North America	USA	2022-09-13T00:00:00Z	2022-09-13T00:00:00Z
OK552840.1	9015.0		True	2013-08-22	USA	North America	USA	2022-09-13T00:00:00Z	2022-09-13T00:00:00Z
OK552839.1	9015.0		True	2013-08-22	USA	North America	USA	2022-09-13T00:00:00Z	2022-09-13T00:00:00Z
OK552838.1	9015.0		True	2013-08-22	USA	North America	USA	2022-09-13T00:00:00Z	2022-09-13T00:00:00Z
OK552837.1	9015.0		True	2013-08-22	USA	North America	USA	2022-09-13T00:00:00Z	2022-09-13T00:00:00Z
OK552836.1	9015.0		True	2013-08-22	USA	North America	USA	2022-09-13T00:00:00Z	2022-09-13T00:00:00Z
OK552835.1	9015.0		True	2013-08-22	USA	North America	USA	2022-09-13T00:00:00Z	2022-09-13T00:00:00Z
OK552834.1	9015.0		True	2013-08-22	USA	North America	USA	2022-09-13T00:00:00Z	2022-09-13T00:00:00Z
OK552833.1	9015.0		True	2013-08-22	USA	North America	USA	2022-09-13T00:00:00Z	2022-09-13T00:00:00Z
OK552832.1	9015.0		True	2013-08-22	USA	North America	USA	2022-09-13T00:00:00Z	2022-09-13T00:00:00Z
OK552831.1	9015.0		True	2013-05-30	USA	North America	USA	2022-09-13T00:00:00Z	2022-09-13T00:00:00Z
OK552830.1	9015.0		True	2013-05-30	USA	North America	USA	2022-09-13T00:00:00Z	2022-09-13T00:00:00Z
OK552829.1	9015.0		True	2013-05-30	USA	North America	USA	2022-09-13T00:00:00Z	2022-09-13T00:00:00Z
OK552828.1	9015.0		True	2013-05-30	USA	North America	USA	2022-09-13T00:00:00Z	2022-09-13T00:00:00Z
OK552827.1	9015.0		True	2013-05-30	USA	North America	USA	2022-09-13T00:00:00Z	2022-09-13T00:00:00Z
OK552826.1	9015.0		True	2013-05-30	USA	North America	USA	2022-09-13T00:00:00Z	2022-09-13T00:00:00Z
OK552825.1	9015.0		True	2013-05-30	USA	North America	USA	2022-09-13T00:00:00Z	2022-09-13T00:00:00Z
OK552824.1	9015.0		True	2013-01-22	USA	North America	USA	2022-09-13T00:00:00Z	2022-09-13T00:00:00Z
OK552823.1	9015.0		True	2013-01-22	USA	North America	USA	2022-09-13T00:00:00Z	2022-09-13T00:00:00Z
OK552822.1	9015.0		True	2013-01-22	USA	North America	USA	2022-09-13T00:00:00Z	2022-09-13T00:00:00Z
OK552821.1	9015.0		True	2013-01-22	USA	North America	USA	2022-09-13T00:00:00Z	2022-09-13T00:00:00Z
OK552820.1	9015.0		True	2013-01-22	USA	North America	USA	2022-09-13T00:00:00Z	2022-09-13T00:00:00Z
OK552819.1	9015.0		True	2013-01-22	USA	North America	USA	2022-09-13T00:00:00Z	2022-09-13T00:00:00Z
OK552818.1	9015.0		True	2013-01-22	USA	North America	USA	2022-09-13T00:00:00Z	2022-09-13T00:00:00Z
OK552817.1	9015.0		True	2013-01-22	USA	North America	USA	2022-09-13T00:00:00Z	2022-09-13T00:00:00Z
OK552816.1	9015.0		True	2013-01-22	USA	North America	USA	2022-09-13T00:00:00Z	2022-09-13T00:00:00Z
OK552815.1	9015.0		True	2013-01-22	USA	North America	USA	2022-09-13T00:00:00Z	2022-09-13T00:00:00Z
OK552814.1	9015.0		True	2013-01-22	USA	North America	USA	2022-09-13T00:00:00Z	2022-09-13T00:00:00Z
OK552813.1	9015.0		True	2013-01-22	USA	North America	USA	2022-09-13T00:00:00Z	2022-09-13T00:00:00Z
OK552812.1	9015.0		True	2013-01-22	USA	North America	USA	2022-09-13T00:00:00Z	2022-09-13T00:00:00Z
OK552811.1	9015.0		True	2013-01-22	USA	North America	USA	2022-09-13T00:00:00Z	2022-09-13T00:00:00Z
OK552810.1	9015.0		True	2013-01-22	USA	North America	USA	2022-09-13T00:00:00Z	2022-09-13T00:00:00Z
OK552809.1	9015.0		True	2013-01-22	USA	North America	USA	2022-09-13T00:00:00Z	2022-09-13T00:00:00Z
OK552808.1	9015.0		True	2013-01-22	USA	North America	USA	2022-09-13T00:00:00Z	2022-09-13T00:00:00Z
OK552807.1	9015.0		True	2013-01-22	USA	North America	USA	2022-09-13T00:00:00Z	2022-09-13T00:00:00Z
OK552806.1	9015.0		True	2013-01-22	USA	North America	USA	2022-09-13T00:00:00Z	2022-09-13T00:00:00Z
OK552805.1	9015.0		True	2013-01-22	USA	North America	USA	2022-09-13T00:00:00Z	2022-09-13T00:00:00Z
OK552804.1	9015.0		True	2013-01-22	USA	North America	USA	2022-09-13T00:00:00Z	2022-09-13T00:00:00Z
OK552803.1	9015.0		True	2013-01-22	USA	North America	USA	2022-09-13T00:00:00Z	2022-09-13T00:00:00Z
OK552802.1	9015.0		True	2013-01-22	USA	North America	USA	2022-09-13T00:00:00Z	2022-09-13T00:00:00Z
OK552801.1	9015.0		True	2013-01-22	USA	North America	USA	2022-09-13T00:00:00Z	2022-09-13T00:00:00Z
OK552800.1	9015.0		True	2013-01-22	USA	North America	USA	2022-09-13T00:00:00Z	2022-09-13T00:00:00Z
OK552799.1	9015.0		True	2013-01-22	USA	North America	USA	2022-09-13T00:00:00Z	2022-09-13T00:00:00Z
OK552798.1	9015.0		True	2013-01-22	USA	North America	USA	2022-09-13T00:00:00Z	2022-09-13T00:00:00Z
OK552797.1	9015.0		True	2013-01-22	USA	North America	USA	2022-09-13T00:00:00Z	2022-09-13T00:00:00Z
OK552796.1	9015.0		True	2013-01-22	USA	North America	USA	2022-09-13T00:00:00Z	2022-09-13T00:00:00Z
OK552795.1	9015.0		True	2013-01-22	USA	North America	USA	2022-09-13T00:00:00Z	2022-09-13T00:00:00Z
OK552794.1	9015.0		True	2013-01-22	USA	North America	USA	2022-09-13T00:00:00Z	2022-09-13T00:00:00Z
OK552793.1	9015.0		True	2013-01-22	USA	North America	USA	2022-09-13T00:00:00Z	2022-09-13T00:00:00Z
OK552792.1	9015.0		True	2013-01-22	USA	North America	USA	2022-09-13T00:00:00Z	2022-09-13T00:00:00Z
OK552791.1	9015.0		True	2013-01-22	USA	North America	USA	2022-09-13T00:00:00Z	2022-09-13T00:00:00Z
OK552790.1	9015.0		True	2013-01-22	USA	North America	USA	2022-09-13T00:00:00Z	2022-09-13T00:00:00Z
OK552789.1	8946.0		True	2012-08-22	USA	North America	USA	2022-09-13T00:00:00Z	2022-09-13T00:00:00Z
OK552788.1	8946.0		True	2012-08-22	USA	North America	USA	2022-09-13T00:00:00Z	2022-09-13T00:00:00Z
OK552787.1	8946.0		True	2012-08-22	USA	North America	USA	2022-09-13T00:00:00Z	2022-09-13T00:00:00Z
OK552786.1	8946.0		True	2012-08-22	USA	North America	USA	2022-09-13T00:00:00Z	2022-09-13T00:00:00Z
OK552785.1	8946.0		True	2012-08-22	USA	North America	USA	2022-09-13T00:00:00Z	2022-09-13T00:00:00Z
OK552784.1	8946.0		True	2012-08-22	USA	North America	USA	2022-09-13T00:00:00Z	2022-09-13T00:00:00Z
OK552783.1	8946.0		True	2012-08-22	USA	North America	USA	2022-09-13T00:00:00Z	2022-09-13T00:00:00Z
OK552782.1	8946.0		True	2012-08-22	USA	North America	USA	2022-09-13T00:00:00Z	2022-09-13T00:00:00Z
OK552781.1	8946.0		True	2012-08-22	USA	North America	USA	2022-09-13T00:00:00Z	2022-09-13T00:00:00Z
OK552780.1	8946.0		True	2012-08-22	USA	North America	USA	2022-09-13T00:00:00Z	2022-09-13T00:00:00Z
OK552779.1	8946.0		True	2012-08-22	USA	North America	USA	2022-09-13T00:00:00Z	2022-09-13T00:00:00Z
OK552778.1	8946.0		True	2012-08-22	USA	North America	USA	2022-09-13T00:00:00Z	2022-09-13T00:00:00Z
OK552777.1	8946.0		True	2012-08-22	USA	North America	USA	2022-09-13T00:00:00Z	2022-09-13T00:00:00Z
OK552776.1	8946.0		True	2012-08-22	USA	North America	USA	2022-09-13T00:00:00Z	2022-09-13T00:00:00Z
OK552775.1	8946.0		True	2012-08-22	USA	North America	USA	2022-09-13T00:00:00Z	2022-09-13T00:00:00Z
OK552774.1	8946.0		True	2012-08-22	USA	North America	USA	2022-09-13T00:00:00Z	2022-09-13T00:00:00Z
OK552773.1	8946.0		True	2012-08-22	USA	North America	USA	2022-09-13T00:00:00Z	2022-09-13T00:00:00Z
OK552772.1	8946.0		True	2012-08-22	USA	North America	USA	2022-09-13T00:00:00Z	2022-09-13T00:00:00Z
OK552771.1	8946.0		True	2012-08-22	USA	North America	USA	2022-09-13T00:00:00Z	2022-09-13T00:00:00Z
OK552770.1	8946.0		True	2012-08-22	USA	North America	USA	2022-09-13T00:00:00Z	2022-09-13T00:00:00Z
OK552769.1	8946.0		True	2012-08-22	USA	North America	USA	2022-09-13T00:00:00Z	2022-09-13T00:00:00Z
OK552768.1	8946.0		True	2012-08-22	USA	North America	USA	2022-09-13T00:00:00Z	2022-09-13T00:00:00Z
OK552767.1	8946.0		True	2012-08-22	USA	North America	USA	2022-09-13T00:00:00Z	2022-09-13T00:00:00Z
OK552766.1	8946.0		True	2012-08-22	USA	North America	USA	2022-09-13T00:00:00Z	2022-09-13T00:00:00Z
OK552765.1	8946.0		True	2012-08-22	USA	North America	USA	2022-09-13T00:00:00Z	2022-09-13T00:00:00Z
OK552764.1	8946.0		True	2012-08-22	USA	North America	USA	2022-09-13T00:00:00Z	2022-09-13T00:00:00Z
OK552763.1	8946.0		True	2012-08-22	USA	North America	USA	2022-09-13T00:00:00Z	2022-09-13T00:00:00Z
OK552762.1	8946.0		True	2012-08-22	USA	North America	USA	2022-09-13T00:00:00Z	2022-09-13T00:00:00Z
OK552761.1	8946.0		True	2012-08-22	USA	North America	USA	2022-09-13T00:00:00Z	2022-09-13T00:00:00Z
OK552760.1	8946.0		True	2012-08-22	USA	North America	USA	2022-09-13T00:00:00Z	2022-09-13T00:00:00Z
OK552759.1	8946.0		True	2012-08-22	USA	North America	USA	2022-09-13T00:00:00Z	2022-09-13T00:00:00Z
OL332203.1	8922.0		True	2005-05-12	USA	North America	USA	2022-09-07T00:00:00Z	2022-09-07T00:00:00Z
OL332202.1	8922.0		True	2005-05-12	USA	North America	USA	2022-09-07T00:00:00Z	2022-09-07T00:00:00Z
OL332201.1	8922.0		True	2005-05-12	USA	North America	USA	2022-09-07T00:00:00Z	2022-09-07T00:00:00Z
OL332200.1	8922.0		True	2005-05-12	USA	North America	USA	2022-09-07T00:00:00Z	2022-09-07T00:00:00Z
OL332199.1	8922.0		True	2005-05-12	USA	North America	USA	2022-09-07T00:00:00Z	2022-09-07T00:00:00Z
OL332198.1	8922.0		True	2005-05-12	USA	North America	USA	2022-09-07T00:00:00Z	2022-09-07T00:00:00Z
OL332197.1	8922.0		True	2005-05-12	USA	North America	USA	2022-09-07T00:00:00Z	2022-09-07T00:00:00Z
OL332196.1	8922.0		True	2005-05-12	USA	North America	USA	2022-09-07T00:00:00Z	2022-09-07T00:00:00Z
OL332195.1	8922.0		True	2005-05-12	USA	North America	USA	2022-09-07T00:00:00Z	2022-09-07T00:00:00Z
OL332194.1	8922.0		True	2005-05-12	USA	North America	USA	2022-09-07T00:00:00Z	2022-09-07T00:00:00Z
OL332193.1	8922.0		True	2005-05-12	USA	North America	USA	2022-09-07T00:00:00Z	2022-09-07T00:00:00Z
OL332192.1	8922.0		True	2005-05-12	USA	North America	USA	2022-09-07T00:00:00Z	2022-09-07T00:00:00Z
OL332191.1	8922.0		True	2005-05-12	USA	North America	USA	2022-09-07T00:00:00Z	2022-09-07T00:00:00Z
OL332190.1	8922.0		True	2005-05-12	USA	North America	USA	2022-09-07T00:00:00Z	2022-09-07T00:00:00Z
OL332189.1	8922.0		True	2005-05-12	USA	North America	USA	2022-09-07T00:00:00Z	2022-09-07T00:00:00Z
OL332188.1	8922.0		True	2005-05-12	USA	North America	USA	2022-09-07T00:00:00Z	2022-09-07T00:00:00Z
OL332187.1	8922.0		True	2005-05-12	USA	North America	USA	2022-09-07T00:00:00Z	2022-09-07T00:00:00Z
OL332186.1	8922.0		True	2005-05-12	USA	North America	USA	2022-09-07T00:00:00Z	2022-09-07T00:00:00Z
OL332185.1	8922.0		True	2005-05-12	USA	North America	USA	2022-09-07T00:00:00Z	2022-09-07T00:00:00Z
OL332184.1	8922.0		True	2005-05-12	USA	North America	USA	2022-09-07T00:00:00Z	2022-09-07T00:00:00Z
OL332183.1	8922.0		True	2005-05-12	USA	North America	USA	2022-09-07T00:00:00Z	2022-09-07T00:00:00Z
OL332182.1	8922.0		True	2005-05-12	USA	North America	USA	2022-09-07T00:00:00Z	2022-09-07T00:00:00Z
OL332181.1	8922.0		True	2005-05-12	USA	North America	USA	2022-09-07T00:00:00Z	2022-09-07T00:00:00Z
OL332180.1	8922.0		True	2005-05-12	USA	North America	USA	2022-09-07T00:00:00Z	2022-09-07T00:00:00Z
OL332179.1	8922.0		True	2005-05-12	USA	North America	USA	2022-09-07T00:00:00Z	2022-09-07T00:00:00Z
OL332178.1	8922.0		True	2005-05-12	USA	North America	USA	2022-09-07T00:00:00Z	2022-09-07T00:00:00Z
OL332177.1	8922.0		True	2005-05-12	USA	North America	USA	2022-09-07T00:00:00Z	2022-09-07T00:00:00Z
OL332176.1	8922.0		True	2005-05-12	USA	North America	USA	2022-09-07T00:00:00Z	2022-09-07T00:00:00Z
OL332175.1	8922.0		True	2005-05-12	USA	North America	USA	2022-09-07T00:00:00Z	2022-09-07T00:00:00Z
OL332174.1	8922.0		True	2005-05-12	USA	North America	USA	2022-09-07T00:00:00Z	2022-09-07T00:00:00Z
OL332173.1	8922.0		True	2005-05-12	USA	North America	USA	2022-09-07T00:00:00Z	2022-09-07T00:00:00Z
OL332172.1	8922.0		True	2005-05-12	USA	North America	USA	2022-09-07T00:00:00Z	2022-09-07T00:00:00Z
OL332171.1	8922.0		True	2005-05-12	USA	North America	USA	2022-09-07T00:00:00Z	2022-09-07T00:00:00Z
OL332170.1	8922.0		True	2005-05-12	USA	North America	USA	2022-09-07T00:00:00Z	2022-09-07T00:00:00Z
OL332169.1	8922.0		True	2005-05-12	USA	North America	USA	2022-09-07T00:00:00Z	2022-09-07T00:00:00Z
OL332168.1	8922.0		True	2005-02-10	USA	North America	USA	2022-09-07T00:00:00Z	2022-09-07T00:00:00Z
OL332167.1	8922.0		True	2005-02-10	USA	North America	USA	2022-09-07T00:00:00Z	2022-09-07T00:00:00Z
OL332166.1	8922.0		True	2005-02-10	USA	North America	USA	2022-09-07T00:00:00Z	2022-09-07T00:00:00Z
OL332165.1	8922.0		True	2005-02-10	USA	North America	USA	2022-09-07T00:00:00Z	2022-09-07T00:00:00Z
OL332164.1	8922.0		True	2005-02-10	USA	North America	USA	2022-09-07T00:00:00Z	2022-09-07T00:00:00Z
OL332163.1	8922.0		True	2005-02-10	USA	North America	USA	2022-09-07T00:00:00Z	2022-09-07T00:00:00Z
OL332162.1	8922.0		True	2005-02-10	USA	North America	USA	2022-09-07T00:00:00Z	2022-09-07T00:00:00Z
OL332161.1	8922.0		True	2005-02-10	USA	North America	USA	2022-09-07T00:00:00Z	2022-09-07T00:00:00Z
OL332160.1	8922.0		True	2005-02-10	USA	North America	USA	2022-09-07T00:00:00Z	2022-09-07T00:00:00Z
OL332159.1	8922.0		True	2005-02-10	USA	North America	USA	2022-09-07T00:00:00Z	2022-09-07T00:00:00Z
OL332158.1	8922.0		True	2005-02-10	USA	North America	USA	2022-09-07T00:00:00Z	2022-09-07T00:00:00Z
OL332157.1	8922.0		True	2005-02-10	USA	North America	USA	2022-09-07T00:00:00Z	2022-09-07T00:00:00Z
OL332156.1	8922.0		True	2005-02-10	USA	North America	USA	2022-09-07T00:00:00Z	2022-09-07T00:00:00Z
OL332155.1	8922.0		True	2005-02-10	USA	North America	USA	2022-09-07T00:00:00Z	2022-09-07T00:00:00Z
OL332154.1	8922.0		True	2005-02-10	USA	North America	USA	2022-09-07T00:00:00Z	2022-09-07T00:00:00Z
OL332153.1	8922.0		True	2005-02-10	USA	North America	USA	2022-09-07T00:00:00Z	2022-09-07T00:00:00Z
OL332152.1	8922.0		True	2005-02-10	USA	North America	USA	2022-09-07T00:00:00Z	2022-09-07T00:00:00Z
OL332151.1	8922.0		True	2005-02-10	USA	North America	USA	2022-09-07T00:00:00Z	2022-09-07T00:00:00Z
OL332150.1	8922.0		True	2005-02-10	USA	North America	USA	2022-09-07T00:00:00Z	2022-09-07T00:00:00Z
OL332149.1	8922.0		True	2005-02-10	USA	North America	USA	2022-09-07T00:00:00Z	2022-09-07T00:00:00Z
OL332148.1	8922.0		True	2005-02-10	USA	North America	USA	2022-09-07T00:00:00Z	2022-09-07T00:00:00Z
OL332147.1	8922.0		True	2005-02-10	USA	North America	USA	2022-09-07T00:00:00Z	2022-09-07T00:00:00Z
OL332146.1	8922.0		True	2005-02-10	USA	North America	USA	2022-09-07T00:00:00Z	2022-09-07T00:00:00Z
OL332145.1	8922.0		True	2005-02-10	USA	North America	USA	2022-09-07T00:00:00Z	2022-09-07T00:00:00Z
OL332144.1	8922.0		True	2005-02-10	USA	North America	USA	2022-09-07T00:00:00Z	2022-09-07T00:00:00Z
OL332143.1	8922.0		True	2005-02-10	USA	North America	USA	2022-09-07T00:00:00Z	2022-09-07T00:00:00Z
OL332142.1	8922.0		True	2005-02-10	USA	North America	USA	2022-09-07T00:00:00Z	2022-09-07T00:00:00Z
OL332141.1	8922.0		True	2005-02-10	USA	North America	USA	2022-09-07T00:00:00Z	2022-09-07T00:00:00Z
OL332140.1	8922.0		True	2005-02-10	USA	North America	USA	2022-09-07T00:00:00Z	2022-09-07T00:00:00Z
OL332139.1	8922.0		True	2005-02-10	USA	North America	USA	2022-09-07T00:00:00Z	2022-09-07T00:00:00Z
OL332138.1	8922.0		True	2005-02-10	USA	North America	USA	2022-09-07T00:00:00Z	2022-09-07T00:00:00Z
OL332137.1	8922.0		True	2005-02-10	USA	North America	USA	2022-09-07T00:00:00Z	2022-09-07T00:00:00Z
OL332136.1	8922.0		True	2005-02-10	USA	North America	USA	2022-09-07T00:00:00Z	2022-09-07T00:00:00Z
OL332135.1	8922.0		True	2005-02-10	USA	North America	USA	2022-09-07T00:00:00Z	2022-09-07T00:00:00Z
OL332134.1	8922.0		True	2005-02-10	USA	North America	USA	2022-09-07T00:00:00Z	2022-09-07T00:00:00Z
OL332133.1	8922.0		True	2005-02-10	USA	North America	USA	2022-09-07T00:00:00Z	2022-09-07T00:00:00Z
OL332132.1	8922.0		True	2005-02-10	USA	North America	USA	2022-09-07T00:00:00Z	2022-09-07T00:00:00Z
OL332131.1	8922.0		True	2004-11-18	USA	North America	USA	2022-09-07T00:00:00Z	2022-09-07T00:00:00Z
OL332130.1	8922.0		True	2004-11-18	USA	North America	USA	2022-09-07T00:00:00Z	2022-09-07T00:00:00Z
OL332129.1	8922.0		True	2004-11-18	USA	North America	USA	2022-09-07T00:00:00Z	2022-09-07T00:00:00Z
OL332128.1	8922.0		True	2004-11-18	USA	North America	USA	2022-09-07T00:00:00Z	2022-09-07T00:00:00Z
OL332127.1	8922.0		True	2004-11-18	USA	North America	USA	2022-09-07T00:00:00Z	2022-09-07T00:00:00Z
OL332126.1	8922.0		True	2004-11-18	USA	North America	USA	2022-09-07T00:00:00Z	2022-09-07T00:00:00Z
OL332125.1	8922.0		True	2004-11-18	USA	North America	USA	2022-09-07T00:00:00Z	2022-09-07T00:00:00Z
OL332124.1	8922.0		True	2004-11-18	USA	North America	USA	2022-09-07T00:00:00Z	2022-09-07T00:00:00Z
OL332123.1	8922.0		True	2004-11-18	USA	North America	USA	2022-09-07T00:00:00Z	2022-09-07T00:00:00Z
OL332122.1	8922.0		True	2004-11-18	USA	North America	USA	2022-09-07T00:00:00Z	2022-09-07T00:00:00Z
OL332121.1	8922.0		True	2004-11-18	USA	North America	USA	2022-09-07T00:00:00Z	2022-09-07T00:00:00Z
OL332120.1	8922.0		True	2004-11-18	USA	North America	USA	2022-09-07T00:00:00Z	2022-09-07T00:00:00Z
OL332119.1	8922.0		True	2004-11-18	USA	North America	USA	2022-09-07T00:00:00Z	2022-09-07T00:00:00Z
OL332118.1	8922.0		True	2004-11-18	USA	North America	USA	2022-09-07T00:00:00Z	2022-09-07T00:00:00Z
OL332117.1	8922.0		True	2004-11-18	USA	North America	USA	2022-09-07T00:00:00Z	2022-09-07T00:00:00Z
OL332116.1	8922.0		True	2004-11-18	USA	North America	USA	2022-09-07T00:00:00Z	2022-09-07T00:00:00Z
OL332115.1	8922.0		True	2004-11-18	USA	North America	USA	2022-09-07T00:00:00Z	2022-09-07T00:00:00Z
OL332114.1	8922.0		True	2004-11-18	USA	North America	USA	2022-09-07T00:00:00Z	2022-09-07T00:00:00Z
OL332113.1	8922.0		True	2004-11-18	USA	North America	USA	2022-09-07T00:00:00Z	2022-09-07T00:00:00Z
OL332112.1	8922.0		True	2004-11-18	USA	North America	USA	2022-09-07T00:00:00Z	2022-09-07T00:00:00Z
OL332111.1	8922.0		True	2004-11-18	USA	North America	USA	2022-09-07T00:00:00Z	2022-09-07T00:00:00Z
OL332110.1	8922.0		True	2004-09-15	USA	North America	USA	2022-09-07T00:00:00Z	2022-09-07T00:00:00Z
OL332109.1	8922.0		True	2004-09-15	USA	North America	USA	2022-09-07T00:00:00Z	2022-09-07T00:00:00Z
OL332108.1	8922.0		True	2004-09-15	USA	North America	USA	2022-09-07T00:00:00Z	2022-09-07T00:00:00Z
OL332107.1	8922.0		True	2004-09-15	USA	North America	USA	2022-09-07T00:00:00Z	2022-09-07T00:00:00Z
OL332106.1	8922.0		True	2004-09-15	USA	North America	USA	2022-09-07T00:00:00Z	2022-09-07T00:00:00Z
OL332105.1	8922.0		True	2004-09-15	USA	North America	USA	2022-09-07T00:00:00Z	2022-09-07T00:00:00Z
OL332104.1	8922.0		True	2004-09-15	USA	North America	USA	2022-09-07T00:00:00Z	2022-09-07T00:00:00Z
OL332103.1	8922.0		True	2004-09-15	USA	North America	USA	2022-09-07T00:00:00Z	2022-09-07T00:00:00Z
OL332102.1	8922.0		True	2004-09-15	USA	North America	USA	2022-09-07T00:00:00Z	2022-09-07T00:00:00Z
OL332101.1	8922.0		True	2004-09-15	USA	North America	USA	2022-09-07T00:00:00Z	2022-09-07T00:00:00Z
OL332100.1	8922.0		True	2004-09-15	USA	North America	USA	2022-09-07T00:00:00Z	2022-09-07T00:00:00Z
OL332099.1	8922.0		True	2004-09-15	USA	North America	USA	2022-09-07T00:00:00Z	2022-09-07T00:00:00Z
OL332098.1	8922.0		True	2004-09-15	USA	North America	USA	2022-09-07T00:00:00Z	2022-09-07T00:00:00Z
OL332097.1	8922.0		True	2004-09-15	USA	North America	USA	2022-09-07T00:00:00Z	2022-09-07T00:00:00Z
OL332096.1	8922.0		True	2004-09-15	USA	North America	USA	2022-09-07T00:00:00Z	2022-09-07T00:00:00Z
OL332095.1	8922.0		True	2004-09-15	USA	North America	USA	2022-09-07T00:00:00Z	2022-09-07T00:00:00Z
OL332094.1	8922.0		True	2004-09-15	USA	North America	USA	2022-09-07T00:00:00Z	2022-09-07T00:00:00Z
OL332093.1	8922.0		True	2004-09-15	USA	North America	USA	2022-09-07T00:00:00Z	2022-09-07T00:00:00Z
OL332092.1	8922.0		True	2004-09-15	USA	North America	USA	2022-09-07T00:00:00Z	2022-09-07T00:00:00Z
OL332091.1	8922.0		True	2004-09-15	USA	North America	USA	2022-09-07T00:00:00Z	2022-09-07T00:00:00Z
OL332090.1	8922.0		True	2004-09-15	USA	North America	USA	2022-09-07T00:00:00Z	2022-09-07T00:00:00Z
OL332089.1	8922.0		True	2004-09-15	USA	North America	USA	2022-09-07T00:00:00Z	2022-09-07T00:00:00Z
OL332088.1	8922.0		True	2004-09-15	USA	North America	USA	2022-09-07T00:00:00Z	2022-09-07T00:00:00Z
OL332087.1	8922.0		True	2004-09-15	USA	North America	USA	2022-09-07T00:00:00Z	2022-09-07T00:00:00Z
OL332086.1	8922.0		True	2004-09-15	USA	North America	USA	2022-09-07T00:00:00Z	2022-09-07T00:00:00Z
OL332085.1	8922.0		True	2004-09-15	USA	North America	USA	2022-09-07T00:00:00Z	2022-09-07T00:00:00Z
OL332084.1	8922.0		True	2004-09-15	USA	North America	USA	2022-09-07T00:00:00Z	2022-09-07T00:00:00Z
OL332083.1	8922.0		True	2004-09-15	USA	North America	USA	2022-09-07T00:00:00Z	2022-09-07T00:00:00Z
OL332082.1	8922.0		True	2004-09-15	USA	North America	USA	2022-09-07T00:00:00Z	2022-09-07T00:00:00Z
OL332081.1	8922.0		True	2004-09-15	USA	North America	USA	2022-09-07T00:00:00Z	2022-09-07T00:00:00Z
OK552758.1	8946.0		True	2012-08-22	USA	North America	USA	2022-09-13T00:00:00Z	2022-09-13T00:00:00Z
OK552757.1	8946.0		True	2012-08-22	USA	North America	USA	2022-09-13T00:00:00Z	2022-09-13T00:00:00Z
OK552756.1	8946.0		True	2012-08-22	USA	North America	USA	2022-09-13T00:00:00Z	2022-09-13T00:00:00Z
OK552755.1	8946.0		True	2012-08-22	USA	North America	USA	2022-09-13T00:00:00Z	2022-09-13T00:00:00Z
OK552754.1	8946.0		True	2012-08-22	USA	North America	USA	2022-09-13T00:00:00Z	2022-09-13T00:00:00Z
OK552753.1	8946.0		True	2012-08-22	USA	North America	USA	2022-09-13T00:00:00Z	2022-09-13T00:00:00Z
OK552752.1	8946.0		True	2012-08-22	USA	North America	USA	2022-09-13T00:00:00Z	2022-09-13T00:00:00Z
OK552751.1	8946.0		True	2012-08-22	USA	North America	USA	2022-09-13T00:00:00Z	2022-09-13T00:00:00Z
OK552750.1	8946.0		True	2012-08-22	USA	North America	USA	2022-09-13T00:00:00Z	2022-09-13T00:00:00Z
OK552749.1	8946.0		True	2012-08-22	USA	North America	USA	2022-09-13T00:00:00Z	2022-09-13T00:00:00Z
OK552748.1	8946.0		True	2012-08-22	USA	North America	USA	2022-09-13T00:00:00Z	2022-09-13T00:00:00Z
OK552747.1	8946.0		True	2012-08-22	USA	North America	USA	2022-09-13T00:00:00Z	2022-09-13T00:00:00Z
OK552746.1	8946.0		True	2012-08-22	USA	North America	USA	2022-09-13T00:00:00Z	2022-09-13T00:00:00Z
OK552745.1	8946.0		True	2012-08-22	USA	North America	USA	2022-09-13T00:00:00Z	2022-09-13T00:00:00Z
OK552744.1	8946.0		True	2012-08-22	USA	North America	USA	2022-09-13T00:00:00Z	2022-09-13T00:00:00Z
OK552743.1	8946.0		True	2012-08-22	USA	North America	USA	2022-09-13T00:00:00Z	2022-09-13T00:00:00Z
OK552742.1	8946.0		True	2012-08-22	USA	North America	USA	2022-09-13T00:00:00Z	2022-09-13T00:00:00Z
OK552741.1	8277.0		True	2012-03-14	USA	North America	USA	2022-09-13T00:00:00Z	2022-09-13T00:00:00Z
OK552740.1	8946.0		True	2012-03-14	USA	North America	USA	2022-09-13T00:00:00Z	2022-09-13T00:00:00Z
OK552739.1	8946.0		True	2012-03-14	USA	North America	USA	2022-09-13T00:00:00Z	2022-09-13T00:00:00Z
OK552738.1	8946.0		True	2012-03-14	USA	North America	USA	2022-09-13T00:00:00Z	2022-09-13T00:00:00Z
OK552737.1	8946.0		True	2012-03-14	USA	North America	USA	2022-09-13T00:00:00Z	2022-09-13T00:00:00Z
OK552736.1	8946.0		True	2012-03-14	USA	North America	USA	2022-09-13T00:00:00Z	2022-09-13T00:00:00Z
OK552735.1	8946.0		True	2012-03-14	USA	North America	USA	2022-09-13T00:00:00Z	2022-09-13T00:00:00Z
OK552734.1	8946.0		True	2012-03-14	USA	North America	USA	2022-09-13T00:00:00Z	2022-09-13T00:00:00Z
OK552733.1	8946.0		True	2012-03-14	USA	North America	USA	2022-09-13T00:00:00Z	2022-09-13T00:00:00Z
OK552732.1	8946.0		True	2012-03-14	USA	North America	USA	2022-09-13T00:00:00Z	2022-09-13T00:00:00Z
OK552731.1	8946.0		True	2012-03-14	USA	North America	USA	2022-09-13T00:00:00Z	2022-09-13T00:00:00Z
OK552730.1	8946.0		True	2012-03-14	USA	North America	USA	2022-09-13T00:00:00Z	2022-09-13T00:00:00Z
OK552729.1	8946.0		True	2012-03-14	USA	North America	USA	2022-09-13T00:00:00Z	2022-09-13T00:00:00Z
OK552728.1	8946.0		True	2012-03-14	USA	North America	USA	2022-09-13T00:00:00Z	2022-09-13T00:00:00Z
OK552727.1	8946.0		True	2012-03-14	USA	North America	USA	2022-09-13T00:00:00Z	2022-09-13T00:00:00Z
OK552726.1	8946.0		True	2012-03-14	USA	North America	USA	2022-09-13T00:00:00Z	2022-09-13T00:00:00Z
OK552725.1	8946.0		True	2012-03-14	USA	North America	USA	2022-09-13T00:00:00Z	2022-09-13T00:00:00Z
OK552724.1	8946.0		True	2012-03-14	USA	North America	USA	2022-09-13T00:00:00Z	2022-09-13T00:00:00Z
OK552723.1	8946.0		True	2012-03-14	USA	North America	USA	2022-09-13T00:00:00Z	2022-09-13T00:00:00Z
OK552722.1	8946.0		True	2012-03-14	USA	North America	USA	2022-09-13T00:00:00Z	2022-09-13T00:00:00Z
OK552721.1	8946.0		True	2012-03-14	USA	North America	USA	2022-09-13T00:00:00Z	2022-09-13T00:00:00Z
OK552720.1	8946.0		True	2012-03-14	USA	North America	USA	2022-09-13T00:00:00Z	2022-09-13T00:00:00Z
OK552719.1	8946.0		True	2012-03-14	USA	North America	USA	2022-09-13T00:00:00Z	2022-09-13T00:00:00Z
OK552718.1	8946.0		True	2012-03-14	USA	North America	USA	2022-09-13T00:00:00Z	2022-09-13T00:00:00Z
OK552717.1	8946.0		True	2012-03-14	USA	North America	USA	2022-09-13T00:00:00Z	2022-09-13T00:00:00Z
OK552716.1	8946.0		True	2012-03-14	USA	North America	USA	2022-09-13T00:00:00Z	2022-09-13T00:00:00Z
OK552715.1	8946.0		True	2012-03-14	USA	North America	USA	2022-09-13T00:00:00Z	2022-09-13T00:00:00Z
OK552714.1	8946.0		True	2012-03-14	USA	North America	USA	2022-09-13T00:00:00Z	2022-09-13T00:00:00Z
OK552713.1	8946.0		True	2012-03-14	USA	North America	USA	2022-09-13T00:00:00Z	2022-09-13T00:00:00Z
OK552712.1	8946.0		True	2012-03-14	USA	North America	USA	2022-09-13T00:00:00Z	2022-09-13T00:00:00Z
OK552711.1	8946.0		True	2012-03-14	USA	North America	USA	2022-09-13T00:00:00Z	2022-09-13T00:00:00Z
OK552710.1	8976.0		True	2009-04-08	USA	North America	USA	2022-09-13T00:00:00Z	2022-09-13T00:00:00Z
OK552709.1	8976.0		True	2009-04-08	USA	North America	USA	2022-09-13T00:00:00Z	2022-09-13T00:00:00Z
OK552708.1	8976.0		True	2009-04-08	USA	North America	USA	2022-09-13T00:00:00Z	2022-09-13T00:00:00Z
OK552707.1	8976.0		True	2009-04-08	USA	North America	USA	2022-09-13T00:00:00Z	2022-09-13T00:00:00Z
OK552706.1	8976.0		True	2009-04-08	USA	North America	USA	2022-09-13T00:00:00Z	2022-09-13T00:00:00Z
OK552705.1	8631.0		True	2009-04-08	USA	North America	USA	2022-09-13T00:00:00Z	2022-09-13T00:00:00Z
OK552704.1	8976.0		True	2009-04-08	USA	North America	USA	2022-09-13T00:00:00Z	2022-09-13T00:00:00Z
OK552703.1	8976.0		True	2009-04-08	USA	North America	USA	2022-09-13T00:00:00Z	2022-09-13T00:00:00Z
OK552702.1	8976.0		True	2009-04-08	USA	North America	USA	2022-09-13T00:00:00Z	2022-09-13T00:00:00Z
OK552701.1	8976.0		True	2009-04-08	USA	North America	USA	2022-09-13T00:00:00Z	2022-09-13T00:00:00Z
OK552700.1	8976.0		True	2009-04-08	USA	North America	USA	2022-09-13T00:00:00Z	2022-09-13T00:00:00Z
OK552699.1	8976.0		True	2009-04-08	USA	North America	USA	2022-09-13T00:00:00Z	2022-09-13T00:00:00Z
OK552698.1	8976.0		True	2009-04-08	USA	North America	USA	2022-09-13T00:00:00Z	2022-09-13T00:00:00Z
OK552697.1	8976.0		True	2009-04-08	USA	North America	USA	2022-09-13T00:00:00Z	2022-09-13T00:00:00Z
OK552696.1	8976.0		True	2009-04-08	USA	North America	USA	2022-09-13T00:00:00Z	2022-09-13T00:00:00Z
OK552695.1	8976.0		True	2009-04-08	USA	North America	USA	2022-09-13T00:00:00Z	2022-09-13T00:00:00Z
OK552694.1	8976.0		True	2009-04-08	USA	North America	USA	2022-09-13T00:00:00Z	2022-09-13T00:00:00Z
OK552693.1	8976.0		True	2009-04-08	USA	North America	USA	2022-09-13T00:00:00Z	2022-09-13T00:00:00Z
OK552692.1	8976.0		True	2009-04-08	USA	North America	USA	2022-09-13T00:00:00Z	2022-09-13T00:00:00Z
OK552691.1	8976.0		True	2009-04-08	USA	North America	USA	2022-09-13T00:00:00Z	2022-09-13T00:00:00Z
OK552690.1	8976.0		True	2009-04-08	USA	North America	USA	2022-09-13T00:00:00Z	2022-09-13T00:00:00Z
OK552689.1	8976.0		True	2009-04-08	USA	North America	USA	2022-09-13T00:00:00Z	2022-09-13T00:00:00Z
OK552688.1	8976.0		True	2009-04-08	USA	North America	USA	2022-09-13T00:00:00Z	2022-09-13T00:00:00Z
OK552687.1	8976.0		True	2009-04-08	USA	North America	USA	2022-09-13T00:00:00Z	2022-09-13T00:00:00Z
OK552686.1	8976.0		True	2009-04-08	USA	North America	USA	2022-09-13T00:00:00Z	2022-09-13T00:00:00Z
OK552685.1	8976.0		True	2009-04-08	USA	North America	USA	2022-09-13T00:00:00Z	2022-09-13T00:00:00Z
OK552684.1	8976.0		True	2009-04-08	USA	North America	USA	2022-09-13T00:00:00Z	2022-09-13T00:00:00Z
OK552683.1	8976.0		True	2009-04-08	USA	North America	USA	2022-09-13T00:00:00Z	2022-09-13T00:00:00Z
OK552682.1	8976.0		True	2009-04-08	USA	North America	USA	2022-09-13T00:00:00Z	2022-09-13T00:00:00Z
ON676559.1	9264.0		True	2020-08-20	Mexico	North America	Mexico	2022-06-14T00:00:00Z	2022-06-14T00:00:00Z
OM897000.1	9345.0		True	2011	China	Asia	China	2022-03-15T00:00:00Z	2022-03-15T00:00:00Z
OM896999.1	9345.0		True	2011	China	Asia	China	2022-03-15T00:00:00Z	2022-03-15T00:00:00Z
OM896998.1	9345.0		True	2011	China	Asia	China	2022-03-15T00:00:00Z	2022-03-15T00:00:00Z
OM896997.1	9345.0		True	2011	China	Asia	China	2022-03-15T00:00:00Z	2022-03-15T00:00:00Z
OM896996.1	9345.0		True	2011	China	Asia	China	2022-03-15T00:00:00Z	2022-03-15T00:00:00Z
OM896995.1	9345.0		True	2011	China	Asia	China	2022-03-15T00:00:00Z	2022-03-15T00:00:00Z
OM896994.1	9345.0		True	2011	China	Asia	China	2022-03-15T00:00:00Z	2022-03-15T00:00:00Z
OM896993.1	9345.0		True	2011	China	Asia	China	2022-03-15T00:00:00Z	2022-03-15T00:00:00Z
OM896992.1	9345.0		True	2011	China	Asia	China	2022-03-15T00:00:00Z	2022-03-15T00:00:00Z
OM896991.1	9345.0		True	2011	China	Asia	China	2022-03-15T00:00:00Z	2022-03-15T00:00:00Z
OM896990.1	9345.0		True	2011	China	Asia	China	2022-03-15T00:00:00Z	2022-03-15T00:00:00Z
OM896989.1	9345.0		True	2011	China	Asia	China	2022-03-15T00:00:00Z	2022-03-15T00:00:00Z
OM896988.1	9103.0		True	2011	China	Asia	China	2022-03-15T00:00:00Z	2022-03-15T00:00:00Z
OM896987.1	9342.0		True	2011	China	Asia	China	2022-03-15T00:00:00Z	2022-03-15T00:00:00Z
OM896986.1	9285.0		True	2010	China	Asia	China	2022-03-15T00:00:00Z	2022-03-15T00:00:00Z
OM896985.1	9345.0		True	2010	China	Asia	China	2022-03-15T00:00:00Z	2022-03-15T00:00:00Z
OM896984.1	9345.0		True	2010	China	Asia	China	2022-03-15T00:00:00Z	2022-03-15T00:00:00Z
OM896983.1	9345.0		True	2010	China	Asia	China	2022-03-15T00:00:00Z	2022-03-15T00:00:00Z
OM896982.1	9345.0		True	2010	China	Asia	China	2022-03-15T00:00:00Z	2022-03-15T00:00:00Z
OM896981.1	9345.0		True	2010	China	Asia	China	2022-03-15T00:00:00Z	2022-03-15T00:00:00Z
OM896980.1	9339.0		True	2011	China	Asia	China	2022-03-15T00:00:00Z	2022-03-15T00:00:00Z
OM896979.1	9336.0		True	2011	China	Asia	China	2022-03-15T00:00:00Z	2022-03-15T00:00:00Z
OM896978.1	9342.0		True	2011	China	Asia	China	2022-03-15T00:00:00Z	2022-03-15T00:00:00Z
OM896977.1	9345.0		True	2011	China	Asia	China	2022-03-15T00:00:00Z	2022-03-15T00:00:00Z
OM896976.1	9345.0		True	2011	China	Asia	China	2022-03-15T00:00:00Z	2022-03-15T00:00:00Z
OM896975.1	9345.0		True	2011	China	Asia	China	2022-03-15T00:00:00Z	2022-03-15T00:00:00Z
OM896974.1	9345.0		True	2011	China	Asia	China	2022-03-15T00:00:00Z	2022-03-15T00:00:00Z
OM896973.1	9339.0		True	2011	China	Asia	China	2022-03-15T00:00:00Z	2022-03-15T00:00:00Z
OM896972.1	9345.0		True	2011	China	Asia	China	2022-03-15T00:00:00Z	2022-03-15T00:00:00Z
OM896971.1	9336.0		True	2011	China	Asia	China	2022-03-15T00:00:00Z	2022-03-15T00:00:00Z
OM896970.1	9345.0		True	2011	China	Asia	China	2022-03-15T00:00:00Z	2022-03-15T00:00:00Z
OM896969.1	9336.0		True	2011	China	Asia	China	2022-03-15T00:00:00Z	2022-03-15T00:00:00Z
OM896968.1	9345.0		True	2011	China	Asia	China	2022-03-15T00:00:00Z	2022-03-15T00:00:00Z
OM896967.1	9345.0		True	2011	China	Asia	China	2022-03-15T00:00:00Z	2022-03-15T00:00:00Z
OM896966.1	9345.0		True	2011	China	Asia	China	2022-03-15T00:00:00Z	2022-03-15T00:00:00Z
OM896965.1	9345.0		True	2011	China	Asia	China	2022-03-15T00:00:00Z	2022-03-15T00:00:00Z
OM896964.1	9351.0		True	2011	China	Asia	China	2022-03-15T00:00:00Z	2022-03-15T00:00:00Z
OM896963.1	9336.0		True	2010	China	Asia	China	2022-03-15T00:00:00Z	2022-03-15T00:00:00Z
OM896962.1	9339.0		True	2010	China	Asia	China	2022-03-15T00:00:00Z	2022-03-15T00:00:00Z
OM896961.1	9339.0		True	2010	China	Asia	China	2022-03-15T00:00:00Z	2022-03-15T00:00:00Z
OM896960.1	9345.0		True	2010	China	Asia	China	2022-03-15T00:00:00Z	2022-03-15T00:00:00Z
OM896959.1	9339.0		True	2010	China	Asia	China	2022-03-15T00:00:00Z	2022-03-15T00:00:00Z
OM896958.1	9345.0		True	2010	China	Asia	China	2022-03-15T00:00:00Z	2022-03-15T00:00:00Z
OM222703.1	9586.0		True	2021-02-01	Germany	Europe	Germany	2022-06-06T00:00:00Z	2022-06-06T00:00:00Z
OM222702.1	9586.0		True	2014-11-11	Germany	Europe	Germany	2022-06-06T00:00:00Z	2022-06-06T00:00:00Z
OL332080.1	8922.0		True	2004-09-15	USA	North America	USA	2022-09-07T00:00:00Z	2022-09-07T00:00:00Z
OL332079.1	8922.0		True	2004-09-15	USA	North America	USA	2022-09-07T00:00:00Z	2022-09-07T00:00:00Z
OL332078.1	8922.0		True	2004-09-15	USA	North America	USA	2022-09-07T00:00:00Z	2022-09-07T00:00:00Z
OL332077.1	8922.0		True	2004-08-17	USA	North America	USA	2022-09-07T00:00:00Z	2022-09-07T00:00:00Z
OL332076.1	8922.0		True	2004-08-17	USA	North America	USA	2022-09-07T00:00:00Z	2022-09-07T00:00:00Z
OL332075.1	8922.0		True	2004-08-17	USA	North America	USA	2022-09-07T00:00:00Z	2022-09-07T00:00:00Z
OL332074.1	8922.0		True	2004-08-17	USA	North America	USA	2022-09-07T00:00:00Z	2022-09-07T00:00:00Z
OL332073.1	8922.0		True	2004-08-17	USA	North America	USA	2022-09-07T00:00:00Z	2022-09-07T00:00:00Z
OL332072.1	8922.0		True	2004-08-17	USA	North America	USA	2022-09-07T00:00:00Z	2022-09-07T00:00:00Z
OL332071.1	8922.0		True	2004-08-17	USA	North America	USA	2022-09-07T00:00:00Z	2022-09-07T00:00:00Z
OL332070.1	8922.0		True	2004-08-17	USA	North America	USA	2022-09-07T00:00:00Z	2022-09-07T00:00:00Z
OL332069.1	8922.0		True	2004-08-17	USA	North America	USA	2022-09-07T00:00:00Z	2022-09-07T00:00:00Z
OL332068.1	8922.0		True	2004-08-17	USA	North America	USA	2022-09-07T00:00:00Z	2022-09-07T00:00:00Z
OL332067.1	8922.0		True	2004-08-17	USA	North America	USA	2022-09-07T00:00:00Z	2022-09-07T00:00:00Z
OL332066.1	8922.0		True	2004-08-17	USA	North America	USA	2022-09-07T00:00:00Z	2022-09-07T00:00:00Z
OL332065.1	8922.0		True	2004-08-17	USA	North America	USA	2022-09-07T00:00:00Z	2022-09-07T00:00:00Z
OL332064.1	8922.0		True	2004-08-17	USA	North America	USA	2022-09-07T00:00:00Z	2022-09-07T00:00:00Z
OL332063.1	8922.0		True	2004-08-17	USA	North America	USA	2022-09-07T00:00:00Z	2022-09-07T00:00:00Z
OL332062.1	8922.0		True	2004-08-17	USA	North America	USA	2022-09-07T00:00:00Z	2022-09-07T00:00:00Z
OL332061.1	8922.0		True	2004-08-17	USA	North America	USA	2022-09-07T00:00:00Z	2022-09-07T00:00:00Z
OL332060.1	8922.0		True	2004-08-17	USA	North America	USA	2022-09-07T00:00:00Z	2022-09-07T00:00:00Z
OL332059.1	8922.0		True	2004-08-17	USA	North America	USA	2022-09-07T00:00:00Z	2022-09-07T00:00:00Z
OL332058.1	8922.0		True	2004-08-17	USA	North America	USA	2022-09-07T00:00:00Z	2022-09-07T00:00:00Z
OL332057.1	8922.0		True	2004-08-17	USA	North America	USA	2022-09-07T00:00:00Z	2022-09-07T00:00:00Z
OL332056.1	8922.0		True	2004-08-17	USA	North America	USA	2022-09-07T00:00:00Z	2022-09-07T00:00:00Z
OL332055.1	8922.0		True	2004-08-17	USA	North America	USA	2022-09-07T00:00:00Z	2022-09-07T00:00:00Z
OL332054.1	8922.0		True	2004-08-17	USA	North America	USA	2022-09-07T00:00:00Z	2022-09-07T00:00:00Z
OL332053.1	8922.0		True	2004-08-17	USA	North America	USA	2022-09-07T00:00:00Z	2022-09-07T00:00:00Z
OL332052.1	8922.0		True	2004-08-17	USA	North America	USA	2022-09-07T00:00:00Z	2022-09-07T00:00:00Z
OL332051.1	8922.0		True	2004-08-17	USA	North America	USA	2022-09-07T00:00:00Z	2022-09-07T00:00:00Z
OL332050.1	8922.0		True	2004-08-17	USA	North America	USA	2022-09-07T00:00:00Z	2022-09-07T00:00:00Z
OL332049.1	8922.0		True	2004-08-17	USA	North America	USA	2022-09-07T00:00:00Z	2022-09-07T00:00:00Z
OL332048.1	8922.0		True	2004-08-17	USA	North America	USA	2022-09-07T00:00:00Z	2022-09-07T00:00:00Z
OL332047.1	8922.0		True	2004-08-17	USA	North America	USA	2022-09-07T00:00:00Z	2022-09-07T00:00:00Z
MZ556936.1	8975.0		True	2007-11-26	USA	North America	USA	2022-07-01T00:00:00Z	2022-07-01T00:00:00Z
MZ556935.1	8975.0		True	2007-11-26	USA	North America	USA	2022-07-01T00:00:00Z	2022-07-01T00:00:00Z
MZ556934.1	8975.0		True	2007-11-26	USA	North America	USA	2022-07-01T00:00:00Z	2022-07-01T00:00:00Z
MZ556933.1	8975.0		True	2007-11-26	USA	North America	USA	2022-07-01T00:00:00Z	2022-07-01T00:00:00Z
MZ556932.1	8975.0		True	2007-11-26	USA	North America	USA	2022-07-01T00:00:00Z	2022-07-01T00:00:00Z
MZ556931.1	8975.0		True	2007-11-26	USA	North America	USA	2022-07-01T00:00:00Z	2022-07-01T00:00:00Z
MZ556930.1	8975.0		True	2007-11-26	USA	North America	USA	2022-07-01T00:00:00Z	2022-07-01T00:00:00Z
MZ556929.1	8975.0		True	2007-11-26	USA	North America	USA	2022-07-01T00:00:00Z	2022-07-01T00:00:00Z
MZ556928.1	8975.0		True	2007-11-26	USA	North America	USA	2022-07-01T00:00:00Z	2022-07-01T00:00:00Z
MZ556927.1	8975.0		True	2007-11-26	USA	North America	USA	2022-07-01T00:00:00Z	2022-07-01T00:00:00Z
MZ556926.1	8975.0		True	2007-11-26	USA	North America	USA	2022-07-01T00:00:00Z	2022-07-01T00:00:00Z
MZ556925.1	8975.0		True	2007-11-26	USA	North America	USA	2022-07-01T00:00:00Z	2022-07-01T00:00:00Z
MZ556924.1	8975.0		True	2007-11-26	USA	North America	USA	2022-07-01T00:00:00Z	2022-07-01T00:00:00Z
MZ556923.1	8975.0		True	2007-11-26	USA	North America	USA	2022-07-01T00:00:00Z	2022-07-01T00:00:00Z
MZ556922.1	8975.0		True	2007-11-26	USA	North America	USA	2022-07-01T00:00:00Z	2022-07-01T00:00:00Z
MZ556921.1	8975.0		True	2007-11-26	USA	North America	USA	2022-07-01T00:00:00Z	2022-07-01T00:00:00Z
MZ556920.1	8975.0		True	2007-11-26	USA	North America	USA	2022-07-01T00:00:00Z	2022-07-01T00:00:00Z
MZ556919.1	8975.0		True	2007-11-26	USA	North America	USA	2022-07-01T00:00:00Z	2022-07-01T00:00:00Z
MZ556918.1	8975.0		True	2007-11-26	USA	North America	USA	2022-07-01T00:00:00Z	2022-07-01T00:00:00Z
MZ556917.1	8975.0		True	2007-11-26	USA	North America	USA	2022-07-01T00:00:00Z	2022-07-01T00:00:00Z
MZ556916.1	8975.0		True	2007-11-26	USA	North America	USA	2022-07-01T00:00:00Z	2022-07-01T00:00:00Z
MZ556915.1	8975.0		True	2007-11-26	USA	North America	USA	2022-07-01T00:00:00Z	2022-07-01T00:00:00Z
MZ556914.1	8975.0		True	2007-11-26	USA	North America	USA	2022-07-01T00:00:00Z	2022-07-01T00:00:00Z
MZ556913.1	8975.0		True	2007-11-26	USA	North America	USA	2022-07-01T00:00:00Z	2022-07-01T00:00:00Z
MZ556912.1	8975.0		True	2007-11-26	USA	North America	USA	2022-07-01T00:00:00Z	2022-07-01T00:00:00Z
MZ556911.1	8975.0		True	2007-11-26	USA	North America	USA	2022-07-01T00:00:00Z	2022-07-01T00:00:00Z
MZ556910.1	8975.0		True	2007-11-26	USA	North America	USA	2022-07-01T00:00:00Z	2022-07-01T00:00:00Z
MZ556909.1	8975.0		True	2007-11-26	USA	North America	USA	2022-07-01T00:00:00Z	2022-07-01T00:00:00Z
MZ556908.1	8975.0		True	2007-11-26	USA	North America	USA	2022-07-01T00:00:00Z	2022-07-01T00:00:00Z
MZ556907.1	8975.0		True	2007-11-26	USA	North America	USA	2022-07-01T00:00:00Z	2022-07-01T00:00:00Z
MZ556906.1	8975.0		True	2007-11-26	USA	North America	USA	2022-07-01T00:00:00Z	2022-07-01T00:00:00Z
MZ556905.1	8975.0		True	2007-11-26	USA	North America	USA	2022-07-01T00:00:00Z	2022-07-01T00:00:00Z
MZ556904.1	8975.0		True	2007-11-26	USA	North America	USA	2022-07-01T00:00:00Z	2022-07-01T00:00:00Z
MZ556903.1	8975.0		True	2007-11-26	USA	North America	USA	2022-07-01T00:00:00Z	2022-07-01T00:00:00Z
MZ556902.1	8975.0		True	2007-11-26	USA	North America	USA	2022-07-01T00:00:00Z	2022-07-01T00:00:00Z
MZ556901.1	8796.0		True	2006-11-20	USA	North America	USA	2022-07-01T00:00:00Z	2022-07-01T00:00:00Z
MZ556900.1	8796.0		True	2006-11-20	USA	North America	USA	2022-07-01T00:00:00Z	2022-07-01T00:00:00Z
MZ556899.1	8796.0		True	2006-11-20	USA	North America	USA	2022-07-01T00:00:00Z	2022-07-01T00:00:00Z
MZ556898.1	8796.0		True	2006-11-20	USA	North America	USA	2022-07-01T00:00:00Z	2022-07-01T00:00:00Z
MZ556897.1	8796.0		True	2006-11-20	USA	North America	USA	2022-07-01T00:00:00Z	2022-07-01T00:00:00Z
MZ556896.1	8796.0		True	2006-11-20	USA	North America	USA	2022-07-01T00:00:00Z	2022-07-01T00:00:00Z
MZ556895.1	8796.0		True	2006-11-20	USA	North America	USA	2022-07-01T00:00:00Z	2022-07-01T00:00:00Z
MZ556894.1	8796.0		True	2006-11-20	USA	North America	USA	2022-07-01T00:00:00Z	2022-07-01T00:00:00Z
MZ556893.1	8796.0		True	2006-11-20	USA	North America	USA	2022-07-01T00:00:00Z	2022-07-01T00:00:00Z
MZ556892.1	8796.0		True	2006-11-20	USA	North America	USA	2022-07-01T00:00:00Z	2022-07-01T00:00:00Z
MZ556891.1	8796.0		True	2006-11-20	USA	North America	USA	2022-07-01T00:00:00Z	2022-07-01T00:00:00Z
MZ556890.1	8796.0		True	2006-11-20	USA	North America	USA	2022-07-01T00:00:00Z	2022-07-01T00:00:00Z
MZ556889.1	8796.0		True	2006-11-20	USA	North America	USA	2022-07-01T00:00:00Z	2022-07-01T00:00:00Z
MZ556888.1	8796.0		True	2006-11-20	USA	North America	USA	2022-07-01T00:00:00Z	2022-07-01T00:00:00Z
MZ556887.1	8796.0		True	2006-11-20	USA	North America	USA	2022-07-01T00:00:00Z	2022-07-01T00:00:00Z
MZ556886.1	8796.0		True	2006-11-20	USA	North America	USA	2022-07-01T00:00:00Z	2022-07-01T00:00:00Z
MZ556885.1	8796.0		True	2006-11-20	USA	North America	USA	2022-07-01T00:00:00Z	2022-07-01T00:00:00Z
MZ556884.1	8796.0		True	2006-11-20	USA	North America	USA	2022-07-01T00:00:00Z	2022-07-01T00:00:00Z
MZ556883.1	8796.0		True	2006-11-20	USA	North America	USA	2022-07-01T00:00:00Z	2022-07-01T00:00:00Z
MZ556882.1	8796.0		True	2006-11-20	USA	North America	USA	2022-07-01T00:00:00Z	2022-07-01T00:00:00Z
MZ556881.1	8796.0		True	2006-11-20	USA	North America	USA	2022-07-01T00:00:00Z	2022-07-01T00:00:00Z
MZ556880.1	8796.0		True	2006-11-20	USA	North America	USA	2022-07-01T00:00:00Z	2022-07-01T00:00:00Z
MZ556879.1	8796.0		True	2006-11-20	USA	North America	USA	2022-07-01T00:00:00Z	2022-07-01T00:00:00Z
MZ556878.1	8796.0		True	2006-11-20	USA	North America	USA	2022-07-01T00:00:00Z	2022-07-01T00:00:00Z
MZ556877.1	8796.0		True	2006-11-20	USA	North America	USA	2022-07-01T00:00:00Z	2022-07-01T00:00:00Z
MZ556876.1	8796.0		True	2006-11-20	USA	North America	USA	2022-07-01T00:00:00Z	2022-07-01T00:00:00Z
MZ556875.1	8796.0		True	2006-11-20	USA	North America	USA	2022-07-01T00:00:00Z	2022-07-01T00:00:00Z
MZ556874.1	8796.0		True	2006-11-20	USA	North America	USA	2022-07-01T00:00:00Z	2022-07-01T00:00:00Z
MZ556873.1	8796.0		True	2006-11-20	USA	North America	USA	2022-07-01T00:00:00Z	2022-07-01T00:00:00Z
MZ556872.1	8796.0		True	2006-11-20	USA	North America	USA	2022-07-01T00:00:00Z	2022-07-01T00:00:00Z
MZ556871.1	8796.0		True	2006-11-20	USA	North America	USA	2022-07-01T00:00:00Z	2022-07-01T00:00:00Z
MZ556870.1	8796.0		True	2006-10-20	USA	North America	USA	2022-07-01T00:00:00Z	2022-07-01T00:00:00Z
MZ556869.1	8796.0		True	2006-10-20	USA	North America	USA	2022-07-01T00:00:00Z	2022-07-01T00:00:00Z
MZ556868.1	8796.0		True	2006-10-20	USA	North America	USA	2022-07-01T00:00:00Z	2022-07-01T00:00:00Z
MZ556867.1	8796.0		True	2006-10-20	USA	North America	USA	2022-07-01T00:00:00Z	2022-07-01T00:00:00Z
MZ556866.1	8796.0		True	2006-10-20	USA	North America	USA	2022-07-01T00:00:00Z	2022-07-01T00:00:00Z
MZ556865.1	8796.0		True	2006-10-20	USA	North America	USA	2022-07-01T00:00:00Z	2022-07-01T00:00:00Z
MZ556864.1	8796.0		True	2006-10-20	USA	North America	USA	2022-07-01T00:00:00Z	2022-07-01T00:00:00Z
MZ556863.1	8796.0		True	2006-10-20	USA	North America	USA	2022-07-01T00:00:00Z	2022-07-01T00:00:00Z
MZ556862.1	8796.0		True	2006-10-20	USA	North America	USA	2022-07-01T00:00:00Z	2022-07-01T00:00:00Z
MZ556861.1	8796.0		True	2006-10-20	USA	North America	USA	2022-07-01T00:00:00Z	2022-07-01T00:00:00Z
MZ556860.1	8796.0		True	2006-10-20	USA	North America	USA	2022-07-01T00:00:00Z	2022-07-01T00:00:00Z
MZ556859.1	8796.0		True	2006-10-20	USA	North America	USA	2022-07-01T00:00:00Z	2022-07-01T00:00:00Z
MZ556858.1	8796.0		True	2006-10-20	USA	North America	USA	2022-07-01T00:00:00Z	2022-07-01T00:00:00Z
MZ556857.1	8796.0		True	2006-10-20	USA	North America	USA	2022-07-01T00:00:00Z	2022-07-01T00:00:00Z
MZ556856.1	8796.0		True	2006-10-20	USA	North America	USA	2022-07-01T00:00:00Z	2022-07-01T00:00:00Z
MZ556855.1	8796.0		True	2006-10-20	USA	North America	USA	2022-07-01T00:00:00Z	2022-07-01T00:00:00Z
MZ556854.1	8796.0		True	2006-10-20	USA	North America	USA	2022-07-01T00:00:00Z	2022-07-01T00:00:00Z
MZ556853.1	8796.0		True	2006-10-20	USA	North America	USA	2022-07-01T00:00:00Z	2022-07-01T00:00:00Z
MZ556852.1	8796.0		True	2006-10-20	USA	North America	USA	2022-07-01T00:00:00Z	2022-07-01T00:00:00Z
MZ556851.1	8796.0		True	2006-10-20	USA	North America	USA	2022-07-01T00:00:00Z	2022-07-01T00:00:00Z
MZ556850.1	8796.0		True	2006-10-20	USA	North America	USA	2022-07-01T00:00:00Z	2022-07-01T00:00:00Z
MZ556849.1	8796.0		True	2006-10-20	USA	North America	USA	2022-07-01T00:00:00Z	2022-07-01T00:00:00Z
MZ556848.1	8796.0		True	2006-10-20	USA	North America	USA	2022-07-01T00:00:00Z	2022-07-01T00:00:00Z
MZ556847.1	8796.0		True	2006-10-20	USA	North America	USA	2022-07-01T00:00:00Z	2022-07-01T00:00:00Z
MZ556846.1	8796.0		True	2006-10-20	USA	North America	USA	2022-07-01T00:00:00Z	2022-07-01T00:00:00Z
MZ556845.1	8796.0		True	2006-10-20	USA	North America	USA	2022-07-01T00:00:00Z	2022-07-01T00:00:00Z
MZ556844.1	8796.0		True	2006-10-20	USA	North America	USA	2022-07-01T00:00:00Z	2022-07-01T00:00:00Z
MZ556843.1	8796.0		True	2006-10-20	USA	North America	USA	2022-07-01T00:00:00Z	2022-07-01T00:00:00Z
MZ556842.1	8796.0		True	2006-10-20	USA	North America	USA	2022-07-01T00:00:00Z	2022-07-01T00:00:00Z
MZ556841.1	8796.0		True	2006-10-20	USA	North America	USA	2022-07-01T00:00:00Z	2022-07-01T00:00:00Z
MW766365.1	9423.0		True	2019	China	Asia	China	2022-08-01T00:00:00Z	2022-08-01T00:00:00Z
MW715689.1	9018.0		True	2018-05-16	United Kingdom	Europe	United Kingdom	2022-07-12T00:00:00Z	2022-07-12T00:00:00Z
MW715688.1	9033.0		True	2018-05-04	United Kingdom	Europe	United Kingdom	2022-07-12T00:00:00Z	2022-07-12T00:00:00Z
MW715687.1	9033.0		True	2017-04-25	United Kingdom	Europe	United Kingdom	2022-07-12T00:00:00Z	2022-07-12T00:00:00Z
MW715686.1	9033.0		True	2015-04-02	United Kingdom	Europe	United Kingdom	2022-07-12T00:00:00Z	2022-07-12T00:00:00Z
MW715685.1	9033.0		True	2016-01-14	United Kingdom	Europe	United Kingdom	2022-07-12T00:00:00Z	2022-07-12T00:00:00Z
MW675800.1	9018.0		True	2011-10-24	United Kingdom	Europe	United Kingdom	2022-06-21T00:00:00Z	2022-06-21T00:00:00Z
MW675799.1	9018.0		True	2010-04-22	United Kingdom	Europe	United Kingdom	2022-06-21T00:00:00Z	2022-06-21T00:00:00Z
MW675798.1	9018.0		True	2010-01-21	United Kingdom	Europe	United Kingdom	2022-06-21T00:00:00Z	2022-06-21T00:00:00Z
MW675797.1	9018.0		True	2009-12-18	United Kingdom	Europe	United Kingdom	2022-06-21T00:00:00Z	2022-06-21T00:00:00Z
MW675796.1	9000.0		True	2011-01-06	United Kingdom	Europe	United Kingdom	2022-06-21T00:00:00Z	2022-06-21T00:00:00Z
MW675795.1	9033.0		True	2010-12-03	United Kingdom	Europe	United Kingdom	2022-06-21T00:00:00Z	2022-06-21T00:00:00Z
MW675794.1	9000.0		True	2009-09-26	United Kingdom	Europe	United Kingdom	2022-06-21T00:00:00Z	2022-06-21T00:00:00Z
MW675793.1	9000.0		True	2008-06-26	United Kingdom	Europe	United Kingdom	2022-06-21T00:00:00Z	2022-06-21T00:00:00Z
MW675792.1	9033.0		True	2008-10-16	United Kingdom	Europe	United Kingdom	2022-06-21T00:00:00Z	2022-06-21T00:00:00Z
MW675791.1	9033.0		True	2010-11-09	United Kingdom	Europe	United Kingdom	2022-06-21T00:00:00Z	2022-06-21T00:00:00Z
MW675790.1	9000.0		True	2008-08-21	United Kingdom	Europe	United Kingdom	2022-06-21T00:00:00Z	2022-06-21T00:00:00Z
MW675789.1	9033.0		True	2009-06-11	United Kingdom	Europe	United Kingdom	2022-06-21T00:00:00Z	2022-06-21T00:00:00Z
MW675788.1	9033.0		True	2008-10-02	United Kingdom	Europe	United Kingdom	2022-06-21T00:00:00Z	2022-06-21T00:00:00Z
MW629120.1	8973.0		True	2002-03-25	USA	North America	Australia	2022-06-14T00:00:00Z	2022-06-14T00:00:00Z
MW629119.1	9096.0		True	2006-04-25	USA	North America	Australia	2022-06-14T00:00:00Z	2022-06-14T00:00:00Z
MW629118.1	8919.0		True	2011-11-16	USA	North America	Australia	2022-06-14T00:00:00Z	2022-06-14T00:00:00Z
MW629117.1	8978.0		True	2006-10-05	Australia	Oceania	Australia	2022-06-14T00:00:00Z	2022-06-14T00:00:00Z
MW629116.1	8975.0		True	2005-10-24	Australia	Oceania	Australia	2022-06-14T00:00:00Z	2022-06-14T00:00:00Z
OM896957.1	9345.0		True	2010	China	Asia	China	2022-03-15T00:00:00Z	2022-03-15T00:00:00Z
OM896956.1	9345.0		True	2010	China	Asia	China	2022-03-15T00:00:00Z	2022-03-15T00:00:00Z
OM896955.1	9336.0		True	2010	China	Asia	China	2022-03-15T00:00:00Z	2022-03-15T00:00:00Z
OM896954.1	9339.0		True	2010	China	Asia	China	2022-03-15T00:00:00Z	2022-03-15T00:00:00Z
OM896953.1	9336.0		True	2010	China	Asia	China	2022-03-15T00:00:00Z	2022-03-15T00:00:00Z
OM896952.1	9345.0		True	2009	China	Asia	China	2022-03-15T00:00:00Z	2022-03-15T00:00:00Z
OM896951.1	9345.0		True	2009	China	Asia	China	2022-03-15T00:00:00Z	2022-03-15T00:00:00Z
OM896950.1	9345.0		True	2009	China	Asia	China	2022-03-15T00:00:00Z	2022-03-15T00:00:00Z
OM896949.1	9344.0		True	2009	China	Asia	China	2022-03-15T00:00:00Z	2022-03-15T00:00:00Z
OM896948.1	9346.0		True	2009	China	Asia	China	2022-03-15T00:00:00Z	2022-03-15T00:00:00Z
OM896947.1	9336.0		True	2008	China	Asia	China	2022-03-15T00:00:00Z	2022-03-15T00:00:00Z
OM896946.1	9345.0		True	2008	China	Asia	China	2022-03-15T00:00:00Z	2022-03-15T00:00:00Z
OM896945.1	9336.0		True	2009	China	Asia	China	2022-03-15T00:00:00Z	2022-03-15T00:00:00Z
OM896944.1	9348.0		True	2010	China	Asia	China	2022-03-15T00:00:00Z	2022-03-15T00:00:00Z
OM896943.1	9348.0		True	2010	China	Asia	China	2022-03-15T00:00:00Z	2022-03-15T00:00:00Z
OM896942.1	9345.0		True	2011	China	Asia	China	2022-03-15T00:00:00Z	2022-03-15T00:00:00Z
OM896941.1	9348.0		True	2011	China	Asia	China	2022-03-15T00:00:00Z	2022-03-15T00:00:00Z
OM896940.1	9282.0		True	2011	China	Asia	China	2022-03-15T00:00:00Z	2022-03-15T00:00:00Z
OM896939.1	9348.0		True	2011	China	Asia	China	2022-03-15T00:00:00Z	2022-03-15T00:00:00Z
OM896938.1	9333.0		True	2011	China	Asia	China	2022-03-15T00:00:00Z	2022-03-15T00:00:00Z
OM896937.1	9348.0		True	2011	China	Asia	China	2022-03-15T00:00:00Z	2022-03-15T00:00:00Z
OM896936.1	9348.0		True	2011	China	Asia	China	2022-03-15T00:00:00Z	2022-03-15T00:00:00Z
OM896935.1	9348.0		True	2011	China	Asia	China	2022-03-15T00:00:00Z	2022-03-15T00:00:00Z
OM896934.1	9348.0		True	2011	China	Asia	China	2022-03-15T00:00:00Z	2022-03-15T00:00:00Z
OM896933.1	9345.0		True	2011	China	Asia	China	2022-03-15T00:00:00Z	2022-03-15T00:00:00Z
OM896932.1	9348.0		True	2011	China	Asia	China	2022-03-15T00:00:00Z	2022-03-15T00:00:00Z
OM896931.1	9201.0		True	2011	China	Asia	China	2022-03-15T00:00:00Z	2022-03-15T00:00:00Z
OM896930.1	9348.0		True	2011	China	Asia	China	2022-03-15T00:00:00Z	2022-03-15T00:00:00Z
OM896929.1	9348.0		True	2011	China	Asia	China	2022-03-15T00:00:00Z	2022-03-15T00:00:00Z
OM896928.1	9348.0		True	2011	China	Asia	China	2022-03-15T00:00:00Z	2022-03-15T00:00:00Z
OM896927.1	9342.0		True	2011	China	Asia	China	2022-03-15T00:00:00Z	2022-03-15T00:00:00Z
OM896926.1	9348.0		True	2011	China	Asia	China	2022-03-15T00:00:00Z	2022-03-15T00:00:00Z
OM896925.1	9279.0		True	2011	China	Asia	China	2022-03-15T00:00:00Z	2022-03-15T00:00:00Z
OM896924.1	9336.0		True	2011	China	Asia	China	2022-03-15T00:00:00Z	2022-03-15T00:00:00Z
OM896923.1	9348.0		True	2011	China	Asia	China	2022-03-15T00:00:00Z	2022-03-15T00:00:00Z
OM896922.1	9348.0		True	2011	China	Asia	China	2022-03-15T00:00:00Z	2022-03-15T00:00:00Z
OM896921.1	9343.0		True	2011	China	Asia	China	2022-03-15T00:00:00Z	2022-03-15T00:00:00Z
OM896920.1	9342.0		True	2011	China	Asia	China	2022-03-15T00:00:00Z	2022-03-15T00:00:00Z
OM896919.1	9345.0		True	2011	China	Asia	China	2022-03-15T00:00:00Z	2022-03-15T00:00:00Z
OM896918.1	9342.0		True	2011	China	Asia	China	2022-03-15T00:00:00Z	2022-03-15T00:00:00Z
OM896917.1	9348.0		True	2011	China	Asia	China	2022-03-15T00:00:00Z	2022-03-15T00:00:00Z
OM896916.1	9342.0		True	2011	China	Asia	China	2022-03-15T00:00:00Z	2022-03-15T00:00:00Z
OM896915.1	9342.0		True	2011	China	Asia	China	2022-03-15T00:00:00Z	2022-03-15T00:00:00Z
OM896914.1	9348.0		True	2011	China	Asia	China	2022-03-15T00:00:00Z	2022-03-15T00:00:00Z
OM896913.1	9345.0		True	2011	China	Asia	China	2022-03-15T00:00:00Z	2022-03-15T00:00:00Z
OM896912.1	9348.0		True	2011	China	Asia	China	2022-03-15T00:00:00Z	2022-03-15T00:00:00Z
OM896911.1	9348.0		True	2011	China	Asia	China	2022-03-15T00:00:00Z	2022-03-15T00:00:00Z
OM896910.1	9348.0		True	2011	China	Asia	China	2022-03-15T00:00:00Z	2022-03-15T00:00:00Z
OM896909.1	9348.0		True	2011	China	Asia	China	2022-03-15T00:00:00Z	2022-03-15T00:00:00Z
OM896908.1	9348.0		True	2011	China	Asia	China	2022-03-15T00:00:00Z	2022-03-15T00:00:00Z
OM896907.1	9348.0		True	2011	China	Asia	China	2022-03-15T00:00:00Z	2022-03-15T00:00:00Z
OM896906.1	9342.0		True	2011	China	Asia	China	2022-03-15T00:00:00Z	2022-03-15T00:00:00Z
OM896905.1	9348.0		True	2011	China	Asia	China	2022-03-15T00:00:00Z	2022-03-15T00:00:00Z
OM896904.1	9348.0		True	2011	China	Asia	China	2022-03-15T00:00:00Z	2022-03-15T00:00:00Z
OM896903.1	9282.0		True	2011	China	Asia	China	2022-03-15T00:00:00Z	2022-03-15T00:00:00Z
OM896902.1	9348.0		True	2010	China	Asia	China	2022-03-15T00:00:00Z	2022-03-15T00:00:00Z
OM896901.1	9313.0		True	2010	China	Asia	China	2022-03-15T00:00:00Z	2022-03-15T00:00:00Z
OM896900.1	9348.0		True	2010	China	Asia	China	2022-03-15T00:00:00Z	2022-03-15T00:00:00Z
OM896899.1	9348.0		True	2010	China	Asia	China	2022-03-15T00:00:00Z	2022-03-15T00:00:00Z
OM896898.1	9348.0		True	2010	China	Asia	China	2022-03-15T00:00:00Z	2022-03-15T00:00:00Z
OM896897.1	9348.0		True	2009	China	Asia	China	2022-03-15T00:00:00Z	2022-03-15T00:00:00Z
OM896896.1	9345.0		True	2010	China	Asia	China	2022-03-15T00:00:00Z	2022-03-15T00:00:00Z
OM896895.1	9345.0		True	2010	China	Asia	China	2022-03-15T00:00:00Z	2022-03-15T00:00:00Z
OM896894.1	9348.0		True	2011	China	Asia	China	2022-03-15T00:00:00Z	2022-03-15T00:00:00Z
OM896893.1	9348.0		True	2011	China	Asia	China	2022-03-15T00:00:00Z	2022-03-15T00:00:00Z
OM896892.1	9348.0		True	2011	China	Asia	China	2022-03-15T00:00:00Z	2022-03-15T00:00:00Z
OM896891.1	9345.0		True	2011	China	Asia	China	2022-03-15T00:00:00Z	2022-03-15T00:00:00Z
OM896890.1	9348.0		True	2010	China	Asia	China	2022-03-15T00:00:00Z	2022-03-15T00:00:00Z
OM896889.1	9348.0		True	2010	China	Asia	China	2022-03-15T00:00:00Z	2022-03-15T00:00:00Z
OM896888.1	9348.0		True	2010	China	Asia	China	2022-03-15T00:00:00Z	2022-03-15T00:00:00Z
OM896887.1	9345.0		True	2010	China	Asia	China	2022-03-15T00:00:00Z	2022-03-15T00:00:00Z
OM896886.1	9342.0		True	2010	China	Asia	China	2022-03-15T00:00:00Z	2022-03-15T00:00:00Z
OM896885.1	9348.0		True	2010	China	Asia	China	2022-03-15T00:00:00Z	2022-03-15T00:00:00Z
OM896884.1	9348.0		True	2009	China	Asia	China	2022-03-15T00:00:00Z	2022-03-15T00:00:00Z
OM896883.1	9345.0		True	2009	China	Asia	China	2022-03-15T00:00:00Z	2022-03-15T00:00:00Z
OM896882.1	9348.0		True	2011	China	Asia	China	2022-03-15T00:00:00Z	2022-03-15T00:00:00Z
OM896881.1	9348.0		True	2011	China	Asia	China	2022-03-15T00:00:00Z	2022-03-15T00:00:00Z
MZ325444.1	9594.0		True	2015	China	Asia	China	2021-11-03T00:00:00Z	2021-11-03T00:00:00Z
MZ325443.1	9605.0		True	2015	China	Asia	China	2021-11-03T00:00:00Z	2021-11-03T00:00:00Z
MZ161158.1	9342.0		True	2011-08-16	China	Asia	China	2021-08-23T00:00:00Z	2021-08-23T00:00:00Z
MZ161157.1	9315.0		True	2011-08-16	China	Asia	China	2021-08-23T00:00:00Z	2021-08-23T00:00:00Z
LC368412.1	8433.0		True	2011	Myanmar	Asia	Japan	2020-04-02T00:00:00Z	2021-12-23T00:00:00Z
LC368404.1	8430.0		True	2010	India	Asia	Japan	2020-04-02T00:00:00Z	2021-12-23T00:00:00Z
LC368391.1	8435.0		True	2007	Indonesia	Asia	Japan	2020-04-02T00:00:00Z	2021-12-23T00:00:00Z
LC368374.1	8430.0		True	2003	Australia	Oceania	Japan	2020-04-02T00:00:00Z	2021-12-23T00:00:00Z
LC368351.1	8434.0		True	2011	Japan	Asia	Japan	2020-04-02T00:00:00Z	2021-12-23T00:00:00Z
LC368347.1	8430.0		True	2008	Japan	Asia	Japan	2020-04-02T00:00:00Z	2021-12-23T00:00:00Z
LC368332.1	8429.0		True	2015	Japan	Asia	Japan	2020-04-02T00:00:00Z	2021-12-23T00:00:00Z
LC368331.1	8434.0		True	2014	Japan	Asia	Japan	2020-04-02T00:00:00Z	2021-12-23T00:00:00Z
LC368329.1	8429.0		True	2014	Japan	Asia	Japan	2020-04-02T00:00:00Z	2021-12-23T00:00:00Z
LC368328.1	8430.0		True	2014	Japan	Asia	Japan	2020-04-02T00:00:00Z	2021-12-23T00:00:00Z
LC368327.1	8430.0		True	2011	Japan	Asia	Japan	2020-04-02T00:00:00Z	2021-12-23T00:00:00Z
LC368326.1	8431.0		True	2011	Japan	Asia	Japan	2020-04-02T00:00:00Z	2021-12-23T00:00:00Z
LC368324.1	8428.0		True	2009	Japan	Asia	Japan	2020-04-02T00:00:00Z	2021-12-23T00:00:00Z
LC368321.1	8434.0		True	2008	Japan	Asia	Japan	2020-04-02T00:00:00Z	2021-12-23T00:00:00Z
LC368320.1	8430.0		True	2008	Japan	Asia	Japan	2020-04-02T00:00:00Z	2021-12-23T00:00:00Z
LC368317.1	8429.0		True	2006	Japan	Asia	Japan	2020-04-02T00:00:00Z	2021-12-23T00:00:00Z
LC368316.1	8429.0		True	2006	Japan	Asia	Japan	2020-04-02T00:00:00Z	2021-12-23T00:00:00Z
LC368315.1	8429.0		True	2006	Japan	Asia	Japan	2020-04-02T00:00:00Z	2021-12-23T00:00:00Z
LC368313.1	8429.0		True	2006	Japan	Asia	Japan	2020-04-02T00:00:00Z	2021-12-23T00:00:00Z
LC368312.1	8425.0		True	2004	Japan	Asia	Japan	2020-04-02T00:00:00Z	2021-12-23T00:00:00Z
LC368311.1	8434.0		True	2003	Japan	Asia	Japan	2020-04-02T00:00:00Z	2021-12-23T00:00:00Z
LC209888.1	8840.0		True	2016	Japan: Okinawa	Asia	Japan	2018-05-31T00:00:00Z	2021-12-23T00:00:00Z
LC209887.1	8840.0		True	2015	Japan: Okinawa	Asia	Japan	2018-05-31T00:00:00Z	2021-12-23T00:00:00Z
LC209886.1	8840.0		True	2016	Japan: Okinawa	Asia	Japan	2018-05-31T00:00:00Z	2021-12-23T00:00:00Z
LC209885.1	8840.0		True	2014	Japan: Okinawa	Asia	Japan	2018-05-31T00:00:00Z	2021-12-23T00:00:00Z
LC209884.1	8840.0		True	2016	Japan: Okinawa	Asia	Japan	2018-05-31T00:00:00Z	2021-12-23T00:00:00Z
LC209883.1	8840.0		True	2016	Japan: Okinawa	Asia	Japan	2018-05-31T00:00:00Z	2021-12-23T00:00:00Z
LC209882.1	8840.0		True	2016	Japan: Okinawa	Asia	Japan	2018-05-31T00:00:00Z	2021-12-23T00:00:00Z
LC209881.1	8840.0		True	2015	Japan: Okinawa	Asia	Japan	2018-05-31T00:00:00Z	2021-12-23T00:00:00Z
LC209880.1	8840.0		True	2016	Japan: Okinawa	Asia	Japan	2018-05-31T00:00:00Z	2021-12-23T00:00:00Z
LC209879.1	8840.0		True	2015	Japan: Okinawa	Asia	Japan	2018-05-31T00:00:00Z	2021-12-23T00:00:00Z
LC209878.1	8840.0		True	2015	Japan: Okinawa	Asia	Japan	2018-05-31T00:00:00Z	2021-12-23T00:00:00Z
LC209877.1	8840.0		True	2011	Japan: Okinawa	Asia	Japan	2018-05-31T00:00:00Z	2021-12-23T00:00:00Z
LC209876.1	8840.0		True	2014	Japan: Okinawa	Asia	Japan	2018-05-31T00:00:00Z	2021-12-23T00:00:00Z
LC209875.1	8840.0		True	2015	Japan: Okinawa	Asia	Japan	2018-05-31T00:00:00Z	2021-12-23T00:00:00Z
LC209874.1	8840.0		True	2016	Japan: Okinawa	Asia	Japan	2018-05-31T00:00:00Z	2021-12-23T00:00:00Z
LC209873.1	8840.0		True	2016	Japan: Okinawa	Asia	Japan	2018-05-31T00:00:00Z	2021-12-23T00:00:00Z
LC209872.1	8840.0		True	2015	Japan: Okinawa	Asia	Japan	2018-05-31T00:00:00Z	2021-12-23T00:00:00Z
LC209871.1	8840.0		True	2016	Japan: Okinawa	Asia	Japan	2018-05-31T00:00:00Z	2021-12-23T00:00:00Z
LC209870.1	8840.0		True	2015	Japan: Okinawa	Asia	Japan	2018-05-31T00:00:00Z	2021-12-23T00:00:00Z
LC209869.1	8840.0		True	2015	Japan: Okinawa	Asia	Japan	2018-05-31T00:00:00Z	2021-12-23T00:00:00Z
LC209868.1	8840.0		True	2015	Japan: Okinawa	Asia	Japan	2018-05-31T00:00:00Z	2021-12-23T00:00:00Z
LC209867.1	8840.0		True	2015	Japan: Okinawa	Asia	Japan	2018-05-31T00:00:00Z	2021-12-23T00:00:00Z
LC209866.1	8840.0		True	2015	Japan: Okinawa	Asia	Japan	2018-05-31T00:00:00Z	2021-12-23T00:00:00Z
LC209865.1	8840.0		True	2014	Japan: Okinawa	Asia	Japan	2018-05-31T00:00:00Z	2021-12-23T00:00:00Z
LC209864.1	8840.0		True	2015	Japan: Okinawa	Asia	Japan	2018-05-31T00:00:00Z	2021-12-23T00:00:00Z
LC209863.1	8840.0		True	2016	Japan: Okinawa	Asia	Japan	2018-05-31T00:00:00Z	2021-12-23T00:00:00Z
MZ541884.1	9036.0		True	2018-05	Denmark	Europe	Denmark	2021-08-09T00:00:00Z	2021-08-09T00:00:00Z
MZ541883.1	9036.0		True	2018-05	Denmark	Europe	Denmark	2021-08-09T00:00:00Z	2021-08-09T00:00:00Z
MZ504976.1	9361.0		True	2019	China: Yunnan	Asia	China	2021-08-16T00:00:00Z	2021-08-16T00:00:00Z
MZ504975.1	9361.0		True	2019	China: Yunnan	Asia	China	2021-08-16T00:00:00Z	2021-08-16T00:00:00Z
MZ504974.1	9361.0		True	2018	China: Yunnan	Asia	China	2021-08-16T00:00:00Z	2021-08-16T00:00:00Z
MZ504973.1	9361.0		True	2018	China: Yunnan	Asia	China	2021-08-16T00:00:00Z	2021-08-16T00:00:00Z
MZ171134.1	9396.0		True	2018	China: Yunnan	Asia	China	2021-08-16T00:00:00Z	2021-08-16T00:00:00Z
MZ171133.1	9396.0		True	2018	China: Yunnan	Asia	China	2021-08-16T00:00:00Z	2021-08-16T00:00:00Z
MZ171132.1	9396.0		True	2018	China: Yunnan	Asia	China	2021-08-16T00:00:00Z	2021-08-16T00:00:00Z
MZ171131.1	9396.0		True	2018	China: Yunnan	Asia	China	2021-08-16T00:00:00Z	2021-08-16T00:00:00Z
MZ171130.1	9396.0		True	2018	China: Yunnan	Asia	China	2021-08-16T00:00:00Z	2021-08-16T00:00:00Z
MZ171129.1	9393.0		True	2018	China: Yunnan	Asia	China	2021-08-16T00:00:00Z	2021-08-16T00:00:00Z
MZ171128.1	9396.0		True	2018	China: Yunnan	Asia	China	2021-08-16T00:00:00Z	2021-08-16T00:00:00Z
MZ171127.1	9393.0		True	2018	China: Yunnan	Asia	China	2021-08-16T00:00:00Z	2021-08-16T00:00:00Z
MZ161156.1	9339.0		True	2011-07-22	China	Asia	China	2021-08-23T00:00:00Z	2021-08-23T00:00:00Z
MZ161155.1	9315.0		True	2011-07-21	China	Asia	China	2021-08-23T00:00:00Z	2021-08-23T00:00:00Z
MZ161154.1	9342.0		True	2011-07-21	China	Asia	China	2021-08-23T00:00:00Z	2021-08-23T00:00:00Z
MZ161153.1	9315.0		True	2011-07-19	China	Asia	China	2021-08-23T00:00:00Z	2021-08-23T00:00:00Z
MZ161152.1	9315.0		True	2011-07-15	China	Asia	China	2021-08-23T00:00:00Z	2021-08-23T00:00:00Z
MZ161151.1	9315.0		True	2011-07-15	China	Asia	China	2021-08-23T00:00:00Z	2021-08-23T00:00:00Z
MZ161150.1	9315.0		True	2011-07-04	China	Asia	China	2021-08-23T00:00:00Z	2021-08-23T00:00:00Z
MZ161149.1	9315.0		True	2011-06-30	China	Asia	China	2021-08-23T00:00:00Z	2021-08-23T00:00:00Z
MZ161148.1	9315.0		True	2011-06-29	China	Asia	China	2021-08-23T00:00:00Z	2021-08-23T00:00:00Z
MZ161147.1	9315.0		True	2011-06-29	China	Asia	China	2021-08-23T00:00:00Z	2021-08-23T00:00:00Z
MZ161146.1	9315.0		True	2011-06-29	China	Asia	China	2021-08-23T00:00:00Z	2021-08-23T00:00:00Z
MZ161145.1	9342.0		True	2010-12-01	China	Asia	China	2021-08-23T00:00:00Z	2021-08-23T00:00:00Z
MW690020.1	9612.0		True	2013-05-16	United Kingdom	Europe		2021-03-30T00:00:00Z	2021-03-30T00:00:00Z
MW690019.1	9226.0		True	2014-05-20	United Kingdom	Europe		2021-03-30T00:00:00Z	2021-03-30T00:00:00Z
MW690018.1	9226.0		True	2014-09-02	United Kingdom	Europe		2021-03-30T00:00:00Z	2021-03-30T00:00:00Z
MW690017.1	9226.0		True	2012-11-21	United Kingdom	Europe		2021-03-30T00:00:00Z	2021-03-30T00:00:00Z
MW690016.1	9407.0			2013-07-04	United Kingdom	Europe		2021-03-30T00:00:00Z	2021-03-30T00:00:00Z
MW690015.1	9536.0			2013-10-29	United Kingdom	Europe		2021-03-30T00:00:00Z	2021-03-30T00:00:00Z
MW690014.1	9401.0			2012-07-16	United Kingdom	Europe		2021-03-30T00:00:00Z	2021-03-30T00:00:00Z
MW690013.1	9405.0		True	2014-06-25	United Kingdom	Europe		2021-03-30T00:00:00Z	2021-03-30T00:00:00Z
MW690012.1	9402.0		True	2014-05-07	United Kingdom	Europe		2021-03-30T00:00:00Z	2021-03-30T00:00:00Z
MW690011.1	9515.0			2014-07-17	United Kingdom	Europe		2021-03-30T00:00:00Z	2021-03-30T00:00:00Z
MW690010.1	9416.0			2015-08-25	United Kingdom	Europe		2021-03-30T00:00:00Z	2021-03-30T00:00:00Z
MW690009.1	9226.0		True	2015-10-07	United Kingdom	Europe		2021-03-30T00:00:00Z	2021-03-30T00:00:00Z
MW690008.1	9392.0		True	2015-09-15	United Kingdom	Europe		2021-03-30T00:00:00Z	2021-03-30T00:00:00Z
MW690007.1	9490.0		True	2014-08-12	United Kingdom	Europe		2021-03-30T00:00:00Z	2021-03-30T00:00:00Z
MW690006.1	9226.0		True	2014-05-23	United Kingdom	Europe		2021-03-30T00:00:00Z	2021-03-30T00:00:00Z
MW690005.1	9226.0		True	2014-06-12	United Kingdom	Europe		2021-03-30T00:00:00Z	2021-03-30T00:00:00Z
MW690004.1	9226.0		True	2012-10-08	United Kingdom	Europe		2021-03-30T00:00:00Z	2021-03-30T00:00:00Z
MW690003.1	9226.0		True	2015-11-05	United Kingdom	Europe		2021-03-30T00:00:00Z	2021-03-30T00:00:00Z
MW690002.1	9226.0		True	2013-09-19	United Kingdom	Europe		2021-03-30T00:00:00Z	2021-03-30T00:00:00Z
MW690001.1	9226.0		True	2013-05-23	United Kingdom	Europe		2021-03-30T00:00:00Z	2021-03-30T00:00:00Z
MW690000.1	9226.0		True	2013-03-19	United Kingdom	Europe		2021-03-30T00:00:00Z	2021-03-30T00:00:00Z
MW689999.1	9383.0			2013-03-19	United Kingdom	Europe		2021-03-30T00:00:00Z	2021-03-30T00:00:00Z
MW689998.1	9226.0		True	2014-10-13	United Kingdom	Europe		2021-03-30T00:00:00Z	2021-03-30T00:00:00Z
MW689997.1	9382.0			2016-05-20	United Kingdom	Europe		2021-03-30T00:00:00Z	2021-03-30T00:00:00Z
MW689996.1	9226.0		True	2013-02-14	United Kingdom	Europe		2021-03-30T00:00:00Z	2021-03-30T00:00:00Z
MW689995.1	9226.0		True	2016-04-26	United Kingdom	Europe		2021-03-30T00:00:00Z	2021-03-30T00:00:00Z
MW689994.1	9191.0		True	2012-12-07	United Kingdom	Europe		2021-03-30T00:00:00Z	2021-03-30T00:00:00Z
MW689993.1	9226.0		True	2012-10-04	United Kingdom	Europe		2021-03-30T00:00:00Z	2021-03-30T00:00:00Z
MW689992.1	9374.0			2014-08-31	United Kingdom	Europe		2021-03-30T00:00:00Z	2021-03-30T00:00:00Z
MW689991.1	9390.0			2014-08-28	United Kingdom	Europe		2021-03-30T00:00:00Z	2021-03-30T00:00:00Z
MW689990.1	9226.0		True	2014-02-20	United Kingdom	Europe		2021-03-30T00:00:00Z	2021-03-30T00:00:00Z
MW689989.1	9226.0		True	2014-01-23	United Kingdom	Europe		2021-03-30T00:00:00Z	2021-03-30T00:00:00Z
MW689988.1	9226.0		True	2014-01-23	United Kingdom	Europe		2021-03-30T00:00:00Z	2021-03-30T00:00:00Z
MW689987.1	9226.0		True	2013-06-11	United Kingdom	Europe		2021-03-30T00:00:00Z	2021-03-30T00:00:00Z
MW689986.1	9226.0		True	2012-12-10	United Kingdom	Europe		2021-03-30T00:00:00Z	2021-03-30T00:00:00Z
MW689985.1	9226.0		True	2012-11-23	United Kingdom	Europe		2021-03-30T00:00:00Z	2021-03-30T00:00:00Z
MW689984.1	9400.0		True	2013-09-02	United Kingdom	Europe		2021-03-30T00:00:00Z	2021-03-30T00:00:00Z
MW689983.1	9423.0		True	2013-09-16	United Kingdom	Europe		2021-03-30T00:00:00Z	2021-03-30T00:00:00Z
MW689982.1	9252.0		True	2013-04-09	United Kingdom	Europe		2021-03-30T00:00:00Z	2021-03-30T00:00:00Z
MW689981.1	9221.0		True	2016-06-22	United Kingdom	Europe		2021-03-30T00:00:00Z	2021-03-30T00:00:00Z
MW689980.1	9212.0		True	2015-08-21	United Kingdom	Europe		2021-03-30T00:00:00Z	2021-03-30T00:00:00Z
MW689979.1	9226.0		True	2014-09-17	United Kingdom	Europe		2021-03-30T00:00:00Z	2021-03-30T00:00:00Z
MW689977.1	9226.0		True	2014-07-30	United Kingdom	Europe		2021-03-30T00:00:00Z	2021-03-30T00:00:00Z
MW689976.1	9359.0		True	2014-05-22	United Kingdom	Europe		2021-03-30T00:00:00Z	2021-03-30T00:00:00Z
MW689975.1	9405.0		True	2013-11-21	United Kingdom	Europe		2021-03-30T00:00:00Z	2021-03-30T00:00:00Z
MW689974.1	9226.0		True	2013-05-08	United Kingdom	Europe		2021-03-30T00:00:00Z	2021-03-30T00:00:00Z
MW689973.1	9407.0			2013-01-31	United Kingdom	Europe		2021-03-30T00:00:00Z	2021-03-30T00:00:00Z
MW689972.1	9226.0		True	2013-01-28	United Kingdom	Europe		2021-03-30T00:00:00Z	2021-03-30T00:00:00Z
MW689971.1	9359.0		True	2017-06-01	United Kingdom	Europe		2021-03-30T00:00:00Z	2021-03-30T00:00:00Z
MW689970.1	9226.0		True	2012-11-14	United Kingdom	Europe		2021-03-30T00:00:00Z	2021-03-30T00:00:00Z
MW689969.1	9226.0		True	2012-09-05	United Kingdom	Europe		2021-03-30T00:00:00Z	2021-03-30T00:00:00Z
MW689968.1	9378.0			2012-09-05	United Kingdom	Europe		2021-03-30T00:00:00Z	2021-03-30T00:00:00Z
MW689967.1	9407.0			2014-06-12	United Kingdom	Europe		2021-03-30T00:00:00Z	2021-03-30T00:00:00Z
MW689964.1	9422.0		True	2012-07-19	United Kingdom	Europe		2021-03-30T00:00:00Z	2021-03-30T00:00:00Z
MW689963.1	9181.0		True	2014-08-06	United Kingdom	Europe		2021-03-30T00:00:00Z	2021-03-30T00:00:00Z
MW689962.1	9236.0		True	2014-06-25	United Kingdom	Europe		2021-03-30T00:00:00Z	2021-03-30T00:00:00Z
MW689961.1	9226.0		True	2014-07-04	United Kingdom	Europe		2021-03-30T00:00:00Z	2021-03-30T00:00:00Z
MW689960.1	9226.0		True	2014-07-01	United Kingdom	Europe		2021-03-30T00:00:00Z	2021-03-30T00:00:00Z
MW689959.1	9226.0		True	2014-06-16	United Kingdom	Europe		2021-03-30T00:00:00Z	2021-03-30T00:00:00Z
MW689958.1	9226.0		True	2014-03-12	United Kingdom	Europe		2021-03-30T00:00:00Z	2021-03-30T00:00:00Z
MW689957.1	9286.0		True	2012-07-10	United Kingdom	Europe		2021-03-30T00:00:00Z	2021-03-30T00:00:00Z
MW689956.1	9226.0		True	2014-03-04	United Kingdom	Europe		2021-03-30T00:00:00Z	2021-03-30T00:00:00Z
MW689955.1	9226.0		True	2013-09-19	United Kingdom	Europe		2021-03-30T00:00:00Z	2021-03-30T00:00:00Z
MW689954.1	9316.0		True	2013-11-25	United Kingdom	Europe		2021-03-30T00:00:00Z	2021-03-30T00:00:00Z
MW689953.1	9226.0		True	2013-11-07	United Kingdom	Europe		2021-03-30T00:00:00Z	2021-03-30T00:00:00Z
MW689952.1	9390.0			2013-08-07	United Kingdom	Europe		2021-03-30T00:00:00Z	2021-03-30T00:00:00Z
MW689951.1	9226.0		True	2013-09-19	United Kingdom	Europe		2021-03-30T00:00:00Z	2021-03-30T00:00:00Z
MW689950.1	9226.0		True	2013-05-22	United Kingdom	Europe		2021-03-30T00:00:00Z	2021-03-30T00:00:00Z
MW689949.1	9226.0		True	2014-09-08	United Kingdom	Europe		2021-03-30T00:00:00Z	2021-03-30T00:00:00Z
MW689948.1	9226.0		True	2014-06-03	United Kingdom	Europe		2021-03-30T00:00:00Z	2021-03-30T00:00:00Z
MW531222.1	9577.0		True	2021	Denmark	Europe	Denmark	2021-04-21T00:00:00Z	2021-04-21T00:00:00Z
MW041299.1	9472.0		True	2005	Tunisia	Africa	Tunisia	2021-03-18T00:00:00Z	2021-03-18T00:00:00Z
MW041298.1	9419.0		True	2008	Tunisia	Africa	Tunisia	2021-03-18T00:00:00Z	2021-03-18T00:00:00Z
MW041297.1	9464.0		True	2007	Tunisia	Africa	Tunisia	2021-03-18T00:00:00Z	2021-03-18T00:00:00Z
MW041296.1	9403.0		True	2005	Tunisia	Africa	Tunisia	2021-03-18T00:00:00Z	2021-03-18T00:00:00Z
MW041295.1	9403.0		True	2005	Tunisia	Africa	Tunisia	2021-03-18T00:00:00Z	2021-03-18T00:00:00Z
MW041294.1	9416.0		True	2004	Tunisia	Africa	Tunisia	2021-03-18T00:00:00Z	2021-03-18T00:00:00Z
MT995355.1	9036.0		True	2018	Denmark	Europe	Denmark	2020-10-12T00:00:00Z	2020-10-12T00:00:00Z
MT995354.1	9036.0		True	2018	Denmark	Europe	Denmark	2020-10-12T00:00:00Z	2020-10-12T00:00:00Z
MT995353.1	9036.0		True	2018	Denmark	Europe	Denmark	2020-10-12T00:00:00Z	2020-10-12T00:00:00Z
MT995352.1	9036.0		True	2018	Denmark	Europe	Denmark	2020-10-12T00:00:00Z	2020-10-12T00:00:00Z
MT995351.1	9036.0		True	2018	Denmark	Europe	Denmark	2020-10-12T00:00:00Z	2020-10-12T00:00:00Z
MT995350.1	9072.0		True	2018	Denmark	Europe	Denmark	2020-10-12T00:00:00Z	2020-10-12T00:00:00Z
MT995349.1	9072.0		True	2018	Denmark	Europe	Denmark	2020-10-12T00:00:00Z	2020-10-12T00:00:00Z
MT995348.1	9072.0		True	2018	Denmark	Europe	Denmark	2020-10-12T00:00:00Z	2020-10-12T00:00:00Z
MT995347.1	9072.0		True	2018	Denmark	Europe	Denmark	2020-10-12T00:00:00Z	2020-10-12T00:00:00Z
MT995346.1	9072.0		True	2018	Denmark	Europe	Denmark	2020-10-12T00:00:00Z	2020-10-12T00:00:00Z
MT995345.1	9033.0		True	2018	Denmark	Europe	Denmark	2020-10-12T00:00:00Z	2020-10-12T00:00:00Z
MT995344.1	9033.0		True	2018	Denmark	Europe	Denmark	2020-10-12T00:00:00Z	2020-10-12T00:00:00Z
MT995343.1	9033.0		True	2018	Denmark	Europe	Denmark	2020-10-12T00:00:00Z	2020-10-12T00:00:00Z
MT995342.1	9033.0		True	2018	Denmark	Europe	Denmark	2020-10-12T00:00:00Z	2020-10-12T00:00:00Z
MT995341.1	9033.0		True	2018	Denmark	Europe	Denmark	2020-10-12T00:00:00Z	2020-10-12T00:00:00Z
MT995340.1	9102.0		True	2018	Denmark	Europe	Denmark	2020-10-12T00:00:00Z	2020-10-12T00:00:00Z
MT995339.1	9102.0		True	2018	Denmark	Europe	Denmark	2020-10-12T00:00:00Z	2020-10-12T00:00:00Z
MT995338.1	9102.0		True	2018	Denmark	Europe	Denmark	2020-10-12T00:00:00Z	2020-10-12T00:00:00Z
MT995337.1	9102.0		True	2018	Denmark	Europe	Denmark	2020-10-12T00:00:00Z	2020-10-12T00:00:00Z
MT995336.1	9102.0		True	2018	Denmark	Europe	Denmark	2020-10-12T00:00:00Z	2020-10-12T00:00:00Z
MT995335.1	9066.0		True	2018	Denmark	Europe	Denmark	2020-10-12T00:00:00Z	2020-10-12T00:00:00Z
MT995334.1	9066.0		True	2018	Denmark	Europe	Denmark	2020-10-12T00:00:00Z	2020-10-12T00:00:00Z
MT995333.1	9066.0		True	2018	Denmark	Europe	Denmark	2020-10-12T00:00:00Z	2020-10-12T00:00:00Z
MT995332.1	9066.0		True	2018	Denmark	Europe	Denmark	2020-10-12T00:00:00Z	2020-10-12T00:00:00Z
MT995331.1	9066.0		True	2018	Denmark	Europe	Denmark	2020-10-12T00:00:00Z	2020-10-12T00:00:00Z
MT995330.1	9066.0		True	2018	Denmark	Europe	Denmark	2020-10-12T00:00:00Z	2020-10-12T00:00:00Z
MT995329.1	9066.0		True	2018	Denmark	Europe	Denmark	2020-10-12T00:00:00Z	2020-10-12T00:00:00Z
MT995328.1	9066.0		True	2018	Denmark	Europe	Denmark	2020-10-12T00:00:00Z	2020-10-12T00:00:00Z
MT995327.1	9066.0		True	2018	Denmark	Europe	Denmark	2020-10-12T00:00:00Z	2020-10-12T00:00:00Z
MT995326.1	9066.0		True	2018	Denmark	Europe	Denmark	2020-10-12T00:00:00Z	2020-10-12T00:00:00Z
MT995325.1	9066.0		True	2018	Denmark	Europe	Denmark	2020-10-12T00:00:00Z	2020-10-12T00:00:00Z
MT995324.1	9066.0		True	2018	Denmark	Europe	Denmark	2020-10-12T00:00:00Z	2020-10-12T00:00:00Z
MT995323.1	9066.0		True	2018	Denmark	Europe	Denmark	2020-10-12T00:00:00Z	2020-10-12T00:00:00Z
MT995322.1	9066.0		True	2018	Denmark	Europe	Denmark	2020-10-12T00:00:00Z	2020-10-12T00:00:00Z
MT995321.1	9066.0		True	2018	Denmark	Europe	Denmark	2020-10-12T00:00:00Z	2020-10-12T00:00:00Z
MT995320.1	9066.0		True	2018	Denmark	Europe	Denmark	2020-10-12T00:00:00Z	2020-10-12T00:00:00Z
MT995319.1	9066.0		True	2018	Denmark	Europe	Denmark	2020-10-12T00:00:00Z	2020-10-12T00:00:00Z
MT995318.1	9066.0		True	2018	Denmark	Europe	Denmark	2020-10-12T00:00:00Z	2020-10-12T00:00:00Z
MT995317.1	9066.0		True	2018	Denmark	Europe	Denmark	2020-10-12T00:00:00Z	2020-10-12T00:00:00Z
MT995316.1	9066.0		True	2018	Denmark	Europe	Denmark	2020-10-12T00:00:00Z	2020-10-12T00:00:00Z
MT995315.1	9102.0		True	2018	Denmark	Europe	Denmark	2020-10-12T00:00:00Z	2020-10-12T00:00:00Z
MT995314.1	9102.0		True	2018	Denmark	Europe	Denmark	2020-10-12T00:00:00Z	2020-10-12T00:00:00Z
MT995313.1	9102.0		True	2018	Denmark	Europe	Denmark	2020-10-12T00:00:00Z	2020-10-12T00:00:00Z
MT995312.1	9102.0		True	2018	Denmark	Europe	Denmark	2020-10-12T00:00:00Z	2020-10-12T00:00:00Z
MT995311.1	9102.0		True	2018	Denmark	Europe	Denmark	2020-10-12T00:00:00Z	2020-10-12T00:00:00Z
MT632194.1	9412.0		True	2017-07-23	Israel	Asia	USA	2020-07-26T00:00:00Z	2020-07-26T00:00:00Z
MT632193.1	9373.0		True	2017-07-23	Israel	Asia	USA	2020-07-26T00:00:00Z	2020-07-26T00:00:00Z
MT632192.1	9302.0		True	2017-07-16	Israel	Asia	USA	2020-07-26T00:00:00Z	2020-07-26T00:00:00Z
MT632191.1	9291.0		True	2017-07-05	Israel	Asia	USA	2020-07-26T00:00:00Z	2020-07-26T00:00:00Z
MT632190.1	9326.0		True	2017-06-26	Israel	Asia	USA	2020-07-26T00:00:00Z	2020-07-26T00:00:00Z
MT632189.1	9177.0		True	2017-06-26	Israel	Asia	USA	2020-07-26T00:00:00Z	2020-07-26T00:00:00Z
MT632188.1	9379.0		True	2017-06-15	Israel	Asia	USA	2020-07-26T00:00:00Z	2020-07-26T00:00:00Z
MT632187.1	9336.0		True	2017-06-15	Israel	Asia	USA	2020-07-26T00:00:00Z	2020-07-26T00:00:00Z
MT632186.1	8802.0		True	2017-06-11	Israel	Asia	USA	2020-07-26T00:00:00Z	2020-07-26T00:00:00Z
MT632185.1	8988.0		True	2017-06-07	Israel	Asia	USA	2020-07-26T00:00:00Z	2020-07-26T00:00:00Z
MT632184.1	9379.0		True	2017-06-04	Israel	Asia	USA	2020-07-26T00:00:00Z	2020-07-26T00:00:00Z
MT632183.1	9294.0		True	2017-05-29	Israel	Asia	USA	2020-07-26T00:00:00Z	2020-07-26T00:00:00Z
MT632182.1	9329.0		True	2017-05-29	Israel	Asia	USA	2020-07-26T00:00:00Z	2020-07-26T00:00:00Z
MT632181.1	9329.0		True	2017-05-25	Israel	Asia	USA	2020-07-26T00:00:00Z	2020-07-26T00:00:00Z
MT632180.1	9399.0		True	2017-05-25	Israel	Asia	USA	2020-07-26T00:00:00Z	2020-07-26T00:00:00Z
MT632179.1	9382.0		True	2017-05-15	Israel	Asia	USA	2020-07-26T00:00:00Z	2020-07-26T00:00:00Z
MT632178.1	9363.0		True	2017-05-14	Israel	Asia	USA	2020-07-26T00:00:00Z	2020-07-26T00:00:00Z
MT632177.1	9329.0		True	2017-05-08	Israel	Asia	USA	2020-07-26T00:00:00Z	2020-07-26T00:00:00Z
MT632176.1	9379.0		True	2017-05-04	Israel	Asia	USA	2020-07-26T00:00:00Z	2020-07-26T00:00:00Z
MT632175.1	9382.0		True	2017-05-03	Israel	Asia	USA	2020-07-26T00:00:00Z	2020-07-26T00:00:00Z
MT632174.1	9379.0		True	2017-04-30	Israel	Asia	USA	2020-07-26T00:00:00Z	2020-07-26T00:00:00Z
MT632173.1	9254.0		True	2017-04-27	Israel	Asia	USA	2020-07-26T00:00:00Z	2020-07-26T00:00:00Z
MT632172.1	9409.0		True	2017-04-26	Israel	Asia	USA	2020-07-26T00:00:00Z	2020-07-26T00:00:00Z
MT632171.1	8988.0		True	2017-03-15	Israel	Asia	USA	2020-07-26T00:00:00Z	2020-07-26T00:00:00Z
MT632170.1	9412.0		True	2017-04-06	Israel	Asia	USA	2020-07-26T00:00:00Z	2020-07-26T00:00:00Z
MT632169.1	9179.0		True	2017-03-21	Israel	Asia	USA	2020-07-26T00:00:00Z	2020-07-26T00:00:00Z
MT632168.1	9331.0		True	2017-03-13	Israel	Asia	USA	2020-07-26T00:00:00Z	2020-07-26T00:00:00Z
MT632167.1	9371.0		True	2017-03-06	Israel	Asia	USA	2020-07-26T00:00:00Z	2020-07-26T00:00:00Z
MT632166.1	9370.0		True	2017-02-23	Israel	Asia	USA	2020-07-26T00:00:00Z	2020-07-26T00:00:00Z
MT632165.1	9379.0		True	2017-02-21	Israel	Asia	USA	2020-07-26T00:00:00Z	2020-07-26T00:00:00Z
MT512570.1	9587.0		True	2018	Russia: St. Petersburg	Europe	Russia	2020-09-05T00:00:00Z	2020-09-05T00:00:00Z
MT184374.1	9316.0		True	2015-04-21	China	Asia	China	2021-02-10T00:00:00Z	2021-02-10T00:00:00Z
MT184373.1	9316.0		True	2017-01-11	China	Asia	China	2021-02-10T00:00:00Z	2021-02-10T00:00:00Z
MT184372.1	9316.0		True	2016-02-01	China	Asia	China	2021-02-10T00:00:00Z	2021-02-10T00:00:00Z
MT184371.1	9395.0		True	2015-04-21	China	Asia	China	2021-02-10T00:00:00Z	2021-02-10T00:00:00Z
MT184370.1	9379.0		True	2017-01-11	China	Asia	China	2021-02-10T00:00:00Z	2021-02-10T00:00:00Z
MT184369.1	9395.0		True	2016-01-27	China	Asia	China	2021-02-10T00:00:00Z	2021-02-10T00:00:00Z
MN977329.1	9257.0		True	2018-04	Egypt	Africa	Egypt	2021-01-23T00:00:00Z	2021-01-23T00:00:00Z
MN977328.1	9337.0		True	2018-04	Egypt	Africa	Egypt	2021-01-23T00:00:00Z	2021-01-23T00:00:00Z
MN977327.1	9395.0		True	2018-04	Egypt	Africa	Egypt	2021-01-23T00:00:00Z	2021-01-23T00:00:00Z
MN977326.1	9256.0		True	2018-04	Egypt	Africa	Egypt	2021-01-23T00:00:00Z	2021-01-23T00:00:00Z
MN782311.1	9369.0		True	2018-04	Egypt	Africa	Egypt	2020-11-30T00:00:00Z	2020-11-30T00:00:00Z
MN782310.1	9299.0		True	2018-04	Egypt	Africa	Egypt	2020-12-31T00:00:00Z	2020-12-31T00:00:00Z
MN782309.1	9338.0		True	2018-04	Egypt	Africa	Egypt	2020-11-30T00:00:00Z	2020-11-30T00:00:00Z
MT632164.1	9329.0		True	2017-02-20	Israel	Asia	USA	2020-07-26T00:00:00Z	2020-07-26T00:00:00Z
MT632163.1	9380.0		True	2017-02-15	Israel	Asia	USA	2020-07-26T00:00:00Z	2020-07-26T00:00:00Z
MT632162.1	9412.0		True	2017-02-06	Israel	Asia	USA	2020-07-26T00:00:00Z	2020-07-26T00:00:00Z
MT632161.1	9305.0		True	2017-01-31	Israel	Asia	USA	2020-07-26T00:00:00Z	2020-07-26T00:00:00Z
MT632160.1	9278.0		True	2016-11-01	Israel	Asia	USA	2020-07-26T00:00:00Z	2020-07-26T00:00:00Z
MT632159.1	9281.0		True	2016-11-07	Israel	Asia	USA	2020-07-26T00:00:00Z	2020-07-26T00:00:00Z
MT632158.1	9408.0		True	2016-11-03	Israel	Asia	USA	2020-07-26T00:00:00Z	2020-07-26T00:00:00Z
MT632157.1	9268.0		True	2016-08-11	Israel	Asia	USA	2020-07-26T00:00:00Z	2020-07-26T00:00:00Z
MT632156.1	9382.0		True	2016-05-25	Israel	Asia	USA	2020-07-26T00:00:00Z	2020-07-26T00:00:00Z
MT632155.1	9374.0		True	2016-05-25	Israel	Asia	USA	2020-07-26T00:00:00Z	2020-07-26T00:00:00Z
MT632154.1	9329.0		True	2016-05-15	Israel	Asia	USA	2020-07-26T00:00:00Z	2020-07-26T00:00:00Z
MT632153.1	9326.0		True	2016-05-08	Israel	Asia	USA	2020-07-26T00:00:00Z	2020-07-26T00:00:00Z
MT632152.1	9379.0		True	2016-05-05	Israel	Asia	USA	2020-07-26T00:00:00Z	2020-07-26T00:00:00Z
MT632151.1	9373.0		True	2016-05-01	Israel	Asia	USA	2020-07-26T00:00:00Z	2020-07-26T00:00:00Z
MT632150.1	9328.0		True	2016-04-20	Israel	Asia	USA	2020-07-26T00:00:00Z	2020-07-26T00:00:00Z
MT632149.1	9379.0		True	2016-03-28	Israel	Asia	USA	2020-07-26T00:00:00Z	2020-07-26T00:00:00Z
MT632148.1	9329.0		True	2016-03-10	Israel	Asia	USA	2020-07-26T00:00:00Z	2020-07-26T00:00:00Z
MT632147.1	9330.0		True	2016-02-17	Israel	Asia	USA	2020-07-26T00:00:00Z	2020-07-26T00:00:00Z
MT632146.1	9376.0		True	2016-02-03	Israel	Asia	USA	2020-07-26T00:00:00Z	2020-07-26T00:00:00Z
MT632145.1	9349.0		True	2016-02-04	Israel	Asia	USA	2020-07-26T00:00:00Z	2020-07-26T00:00:00Z
MT632144.1	9379.0		True	2016-02-04	Israel	Asia	USA	2020-07-26T00:00:00Z	2020-07-26T00:00:00Z
MT632143.1	9331.0		True	2016-02-04	Israel	Asia	USA	2020-07-26T00:00:00Z	2020-07-26T00:00:00Z
MT632142.1	8988.0		True	2016-02-04	Israel	Asia	USA	2020-07-26T00:00:00Z	2020-07-26T00:00:00Z
MT632141.1	9329.0		True	2016-01-27	Israel	Asia	USA	2020-07-26T00:00:00Z	2020-07-26T00:00:00Z
MT632140.1	9379.0		True	2016-01-05	Israel	Asia	USA	2020-07-26T00:00:00Z	2020-07-26T00:00:00Z
MT632139.1	9379.0		True	2016-01-04	Israel	Asia	USA	2020-07-26T00:00:00Z	2020-07-26T00:00:00Z
MT632138.1	9191.0		True	2016-01-03	Israel	Asia	USA	2020-07-26T00:00:00Z	2020-07-26T00:00:00Z
MT632137.1	9263.0		True	2015-12-31	Israel	Asia	USA	2020-07-26T00:00:00Z	2020-07-26T00:00:00Z
MT632136.1	8988.0		True	2015-12-06	Israel	Asia	USA	2020-07-26T00:00:00Z	2020-07-26T00:00:00Z
MT632135.1	9385.0		True	2015-11-29	Israel	Asia	USA	2020-07-26T00:00:00Z	2020-07-26T00:00:00Z
MT632134.1	9355.0		True	2015-11-24	Israel	Asia	USA	2020-07-26T00:00:00Z	2020-07-26T00:00:00Z
MT632133.1	9379.0		True	2015-11-15	Israel	Asia	USA	2020-07-26T00:00:00Z	2020-07-26T00:00:00Z
MT632132.1	9370.0		True	2015-11-12	Israel	Asia	USA	2020-07-26T00:00:00Z	2020-07-26T00:00:00Z
MT632131.1	9374.0		True	2015-11-12	Israel	Asia	USA	2020-07-26T00:00:00Z	2020-07-26T00:00:00Z
MT632130.1	9382.0		True	2015-11-11	Israel	Asia	USA	2020-07-26T00:00:00Z	2020-07-26T00:00:00Z
MT632129.1	9367.0		True	2015-11-11	Israel	Asia	USA	2020-07-26T00:00:00Z	2020-07-26T00:00:00Z
MT632128.1	9253.0		True	2015-11-09	Israel	Asia	USA	2020-07-26T00:00:00Z	2020-07-26T00:00:00Z
MT632127.1	9226.0		True	2015-11-03	Israel	Asia	USA	2020-07-26T00:00:00Z	2020-07-26T00:00:00Z
MT632126.1	9347.0		True	2015-10-29	Israel	Asia	USA	2020-07-26T00:00:00Z	2020-07-26T00:00:00Z
MT632125.1	9349.0		True	2015-10-28	Israel	Asia	USA	2020-07-26T00:00:00Z	2020-07-26T00:00:00Z
MT632124.1	9265.0		True	2015-10-11	Israel	Asia	USA	2020-07-26T00:00:00Z	2020-07-26T00:00:00Z
MT632123.1	9331.0		True	2015-10-08	Israel	Asia	USA	2020-07-26T00:00:00Z	2020-07-26T00:00:00Z
MT632122.1	9379.0		True	2015-09-10	Israel	Asia	USA	2020-07-26T00:00:00Z	2020-07-26T00:00:00Z
MT632121.1	9309.0		True	2015-09-03	Israel	Asia	USA	2020-07-26T00:00:00Z	2020-07-26T00:00:00Z
MT632120.1	9379.0		True	2015-06-23	Israel	Asia	USA	2020-07-26T00:00:00Z	2020-07-26T00:00:00Z
MT632119.1	9369.0		True	2015-08-02	Israel	Asia	USA	2020-07-26T00:00:00Z	2020-07-26T00:00:00Z
MT632118.1	9282.0		True	2015-07-30	Israel	Asia	USA	2020-07-26T00:00:00Z	2020-07-26T00:00:00Z
MT632117.1	9369.0		True	2015-07-29	Israel	Asia	USA	2020-07-26T00:00:00Z	2020-07-26T00:00:00Z
MT632116.1	9299.0		True	2015-07-28	Israel	Asia	USA	2020-07-26T00:00:00Z	2020-07-26T00:00:00Z
MT632115.1	9003.0		True	2015-07-19	Israel	Asia	USA	2020-07-26T00:00:00Z	2020-07-26T00:00:00Z
MT632114.1	9329.0		True	2015-07-09	Israel	Asia	USA	2020-07-26T00:00:00Z	2020-07-26T00:00:00Z
MT632113.1	9331.0		True	2015-07-09	Israel	Asia	USA	2020-07-26T00:00:00Z	2020-07-26T00:00:00Z
MT632112.1	9367.0		True	2015-07-07	Israel	Asia	USA	2020-07-26T00:00:00Z	2020-07-26T00:00:00Z
MT632111.1	9274.0		True	2015-06-28	Israel	Asia	USA	2020-07-26T00:00:00Z	2020-07-26T00:00:00Z
MT632110.1	9245.0		True	2015-06-15	Israel	Asia	USA	2020-07-26T00:00:00Z	2020-07-26T00:00:00Z
MT632109.1	9379.0		True	2015-06-15	Israel	Asia	USA	2020-07-26T00:00:00Z	2020-07-26T00:00:00Z
MT632108.1	9323.0		True	2015-06-14	Israel	Asia	USA	2020-07-26T00:00:00Z	2020-07-26T00:00:00Z
MT632107.1	9275.0		True	2015-06-14	Israel	Asia	USA	2020-07-26T00:00:00Z	2020-07-26T00:00:00Z
MT632106.1	9280.0		True	2015-06-09	Israel	Asia	USA	2020-07-26T00:00:00Z	2020-07-26T00:00:00Z
MT632105.1	9348.0		True	2015-06-01	Israel	Asia	USA	2020-07-26T00:00:00Z	2020-07-26T00:00:00Z
MT185686.1	9472.0		True	2019-04-23	China: Guangdong	Asia	China	2020-04-26T00:00:00Z	2020-04-26T00:00:00Z
MN628597.1	9594.0		True	2014	Sri Lanka	Asia		2019-12-18T00:00:00Z	2019-12-18T00:00:00Z
MN628596.1	9602.0		True	2014	Sri Lanka	Asia		2019-12-18T00:00:00Z	2019-12-18T00:00:00Z
MN628595.1	9585.0		True	2014	Sri Lanka	Asia		2019-12-18T00:00:00Z	2019-12-18T00:00:00Z
MN628594.1	9469.0		True	2014	Sri Lanka	Asia		2019-12-18T00:00:00Z	2019-12-18T00:00:00Z
MN628593.1	9398.0		True	2014	Sri Lanka	Asia		2019-12-18T00:00:00Z	2019-12-18T00:00:00Z
MN628592.1	9405.0		True	2014	Sri Lanka	Asia		2019-12-18T00:00:00Z	2019-12-18T00:00:00Z
MN628591.1	9438.0		True	2014	Sri Lanka	Asia		2019-12-18T00:00:00Z	2019-12-18T00:00:00Z
MN628590.1	9490.0		True	2014	Sri Lanka	Asia		2019-12-18T00:00:00Z	2019-12-18T00:00:00Z
MN628589.1	9410.0		True	2014	Sri Lanka	Asia		2019-12-18T00:00:00Z	2019-12-18T00:00:00Z
MN628588.1	9434.0		True	2014	Sri Lanka	Asia		2019-12-18T00:00:00Z	2019-12-18T00:00:00Z
MN628587.1	9416.0		True	2014	Sri Lanka	Asia		2019-12-18T00:00:00Z	2019-12-18T00:00:00Z
MN628586.1	9411.0		True	2014	Sri Lanka	Asia		2019-12-18T00:00:00Z	2019-12-18T00:00:00Z
MN628585.1	9452.0		True	2014	Sri Lanka	Asia		2019-12-18T00:00:00Z	2019-12-18T00:00:00Z
MN628584.1	9427.0		True	2014	Sri Lanka	Asia		2019-12-18T00:00:00Z	2019-12-18T00:00:00Z
MN628583.1	9133.0		True	2014	Sri Lanka	Asia		2019-12-18T00:00:00Z	2019-12-18T00:00:00Z
MN628582.1	9446.0		True	2014	Sri Lanka	Asia		2019-12-18T00:00:00Z	2019-12-18T00:00:00Z
MN628581.1	9427.0		True	2014	Sri Lanka	Asia		2019-12-18T00:00:00Z	2019-12-18T00:00:00Z
MN628580.1	9400.0		True	2014	Sri Lanka	Asia		2019-12-18T00:00:00Z	2019-12-18T00:00:00Z
MN628579.1	9450.0		True	2014	Sri Lanka	Asia		2019-12-18T00:00:00Z	2019-12-18T00:00:00Z
MN628578.1	9416.0		True	2014	Sri Lanka	Asia		2019-12-18T00:00:00Z	2019-12-18T00:00:00Z
MN628577.1	9415.0		True	2014	Sri Lanka	Asia		2019-12-18T00:00:00Z	2019-12-18T00:00:00Z
MN628576.1	9464.0		True	2014	Sri Lanka	Asia		2019-12-18T00:00:00Z	2019-12-18T00:00:00Z
MN628575.1	9420.0		True	2014	Sri Lanka	Asia		2019-12-18T00:00:00Z	2019-12-18T00:00:00Z
MN628574.1	9417.0		True	2014	Sri Lanka	Asia		2019-12-18T00:00:00Z	2019-12-18T00:00:00Z
LC368449.1	8430.0		True	2017	Japan	Asia	Japan	2020-04-02T00:00:00Z	2020-04-02T00:00:00Z
LC368448.1	8429.0		True	2016	Japan	Asia	Japan	2020-04-02T00:00:00Z	2020-04-02T00:00:00Z
LC368447.1	8430.0		True	2016	Japan	Asia	Japan	2020-04-02T00:00:00Z	2020-04-02T00:00:00Z
LC368446.1	8429.0		True	2016	Japan	Asia	Japan	2020-04-02T00:00:00Z	2020-04-02T00:00:00Z
LC368445.1	8430.0		True	2015	Japan	Asia	Japan	2020-04-02T00:00:00Z	2020-04-02T00:00:00Z
LC368444.1	8429.0		True	2015	Japan	Asia	Japan	2020-04-02T00:00:00Z	2020-04-02T00:00:00Z
LC368443.1	8424.0		True	2015	Japan	Asia	Japan	2020-04-02T00:00:00Z	2020-04-02T00:00:00Z
LC368442.1	8430.0		True	2015	Japan	Asia	Japan	2020-04-02T00:00:00Z	2020-04-02T00:00:00Z
LC368441.1	8434.0		True	2015	Japan	Asia	Japan	2020-04-02T00:00:00Z	2020-04-02T00:00:00Z
LC368440.1	8429.0		True	2015	Belarus	Europe	Japan	2020-04-02T00:00:00Z	2020-04-02T00:00:00Z
LC368439.1	8428.0		True	2015	Japan	Asia	Japan	2020-04-02T00:00:00Z	2020-04-02T00:00:00Z
LC368438.1	8431.0		True	2014	Japan	Asia	Japan	2020-04-02T00:00:00Z	2020-04-02T00:00:00Z
LC368437.1	8446.0		True	2014	Japan	Asia	Japan	2020-04-02T00:00:00Z	2020-04-02T00:00:00Z
LC368436.1	8424.0		True	2014	Japan	Asia	Japan	2020-04-02T00:00:00Z	2020-04-02T00:00:00Z
LC368435.1	8424.0		True	2014	Thailand	Asia	Japan	2020-04-02T00:00:00Z	2020-04-02T00:00:00Z
LC368434.1	8429.0		True	2013	Japan	Asia	Japan	2020-04-02T00:00:00Z	2020-04-02T00:00:00Z
LC368433.1	9054.0		True	2013	Japan	Asia	Japan	2020-04-02T00:00:00Z	2020-04-02T00:00:00Z
LC368432.1	8428.0		True	2013	Japan	Asia	Japan	2020-04-02T00:00:00Z	2020-04-02T00:00:00Z
LC368431.1	8429.0		True	2013	Japan	Asia	Japan	2020-04-02T00:00:00Z	2020-04-02T00:00:00Z
LC368430.1	8431.0		True	2013	Japan	Asia	Japan	2020-04-02T00:00:00Z	2020-04-02T00:00:00Z
LC368429.1	8459.0		True	2012	Japan	Asia	Japan	2020-04-02T00:00:00Z	2020-04-02T00:00:00Z
LC368428.1	8430.0		True	2012	Japan	Asia	Japan	2020-04-02T00:00:00Z	2020-04-02T00:00:00Z
LC368427.1	8487.0		True	2012	Japan	Asia	Japan	2020-04-02T00:00:00Z	2020-04-02T00:00:00Z
LC368426.1	8429.0		True	2012	Japan	Asia	Japan	2020-04-02T00:00:00Z	2020-04-02T00:00:00Z
LC368425.1	8431.0		True	2012	Japan	Asia	Japan	2020-04-02T00:00:00Z	2020-04-02T00:00:00Z
LC368424.1	8429.0		True	2012	Japan	Asia	Japan	2020-04-02T00:00:00Z	2020-04-02T00:00:00Z
LC368423.1	8408.0		True	2012	Myanmar	Asia	Japan	2020-04-02T00:00:00Z	2020-04-02T00:00:00Z
LC368422.1	8429.0		True	2012	Japan	Asia	Japan	2020-04-02T00:00:00Z	2020-04-02T00:00:00Z
LC368421.1	8429.0		True	2012	Myanmar	Asia	Japan	2020-04-02T00:00:00Z	2020-04-02T00:00:00Z
LC368420.1	8434.0		True	2012	Myanmar	Asia	Japan	2020-04-02T00:00:00Z	2020-04-02T00:00:00Z
LC368419.1	8434.0		True	2012	Japan	Asia	Japan	2020-04-02T00:00:00Z	2020-04-02T00:00:00Z
LC368418.1	8429.0		True	2012	Japan	Asia	Japan	2020-04-02T00:00:00Z	2020-04-02T00:00:00Z
LC368417.1	8434.0		True	2013	Japan	Asia	Japan	2020-04-02T00:00:00Z	2020-04-02T00:00:00Z
LC368416.1	8429.0		True	2012	Japan	Asia	Japan	2020-04-02T00:00:00Z	2020-04-02T00:00:00Z
LC368415.1	8429.0		True	2012	Japan	Asia	Japan	2020-04-02T00:00:00Z	2020-04-02T00:00:00Z
LC368414.1	8430.0		True	2011	Japan	Asia	Japan	2020-04-02T00:00:00Z	2020-04-02T00:00:00Z
LC368413.1	8430.0		True	2011	Japan	Asia	Japan	2020-04-02T00:00:00Z	2020-04-02T00:00:00Z
LC368411.1	8193.0		True	2008	Japan	Asia	Japan	2020-04-02T00:00:00Z	2020-04-02T00:00:00Z
LC368410.1	8434.0		True	2008	Japan	Asia	Japan	2020-04-02T00:00:00Z	2020-04-02T00:00:00Z
LC368409.1	8429.0		True	2008	Myanmar	Asia	Japan	2020-04-02T00:00:00Z	2020-04-02T00:00:00Z
LC368408.1	8428.0		True	2008	Japan	Asia	Japan	2020-04-02T00:00:00Z	2020-04-02T00:00:00Z
LC368407.1	8430.0		True	2011	Japan	Asia	Japan	2020-04-02T00:00:00Z	2020-04-02T00:00:00Z
LC368406.1	8446.0		True	2010	Japan	Asia	Japan	2020-04-02T00:00:00Z	2020-04-02T00:00:00Z
LC368405.1	8429.0		True	2010	Japan	Asia	Japan	2020-04-02T00:00:00Z	2020-04-02T00:00:00Z
LC368403.1	8434.0		True	2010	Japan	Asia	Japan	2020-04-02T00:00:00Z	2020-04-02T00:00:00Z
LC368402.1	8429.0		True	2010	Japan	Asia	Japan	2020-04-02T00:00:00Z	2020-04-02T00:00:00Z
LC368401.1	8430.0		True	2009	Japan	Asia	Japan	2020-04-02T00:00:00Z	2020-04-02T00:00:00Z
LC368400.1	8429.0		True	2009	Japan	Asia	Japan	2020-04-02T00:00:00Z	2020-04-02T00:00:00Z
LC368399.1	8429.0		True	2009	Japan	Asia	Japan	2020-04-02T00:00:00Z	2020-04-02T00:00:00Z
LC368398.1	8430.0		True	2009	Japan	Asia	Japan	2020-04-02T00:00:00Z	2020-04-02T00:00:00Z
LC368397.1	8429.0		True	2009	Japan	Asia	Japan	2020-04-02T00:00:00Z	2020-04-02T00:00:00Z
LC368396.1	8430.0		True	2009	Japan	Asia	Japan	2020-04-02T00:00:00Z	2020-04-02T00:00:00Z
LC368395.1	8429.0		True	2009	Japan	Asia	Japan	2020-04-02T00:00:00Z	2020-04-02T00:00:00Z
LC368394.1	8429.0		True	2009	Japan	Asia	Japan	2020-04-02T00:00:00Z	2020-04-02T00:00:00Z
LC368393.1	8430.0		True	2009	Japan	Asia	Japan	2020-04-02T00:00:00Z	2020-04-02T00:00:00Z
LC368392.1	8434.0		True	2007	Japan	Asia	Japan	2020-04-02T00:00:00Z	2020-04-02T00:00:00Z
LC368390.1	8434.0		True	2007	Japan	Asia	Japan	2020-04-02T00:00:00Z	2020-04-02T00:00:00Z
LC368389.1	8430.0		True	2007	Japan	Asia	Japan	2020-04-02T00:00:00Z	2020-04-02T00:00:00Z
LC368388.1	8430.0		True	2006	Japan	Asia	Japan	2020-04-02T00:00:00Z	2020-04-02T00:00:00Z
LC368387.1	8422.0		True	2006	Japan	Asia	Japan	2020-04-02T00:00:00Z	2020-04-02T00:00:00Z
LC368386.1	8429.0		True	2006	Japan	Asia	Japan	2020-04-02T00:00:00Z	2020-04-02T00:00:00Z
LC368385.1	8430.0		True	2005	Japan	Asia	Japan	2020-04-02T00:00:00Z	2020-04-02T00:00:00Z
LC368384.1	8429.0		True	2006	Japan	Asia	Japan	2020-04-02T00:00:00Z	2020-04-02T00:00:00Z
LC368383.1	8434.0		True	2006	Japan	Asia	Japan	2020-04-02T00:00:00Z	2020-04-02T00:00:00Z
LC368382.1	8429.0		True	2005	Brazil	South America	Japan	2020-04-02T00:00:00Z	2020-04-02T00:00:00Z
LC368381.1	8429.0		True	2005	Japan	Asia	Japan	2020-04-02T00:00:00Z	2020-04-02T00:00:00Z
LC368380.1	8434.0		True	2005	Japan	Asia	Japan	2020-04-02T00:00:00Z	2020-04-02T00:00:00Z
LC368379.1	8434.0		True	2005	Japan	Asia	Japan	2020-04-02T00:00:00Z	2020-04-02T00:00:00Z
LC368378.1	8441.0		True	2004	Thailand	Asia	Japan	2020-04-02T00:00:00Z	2020-04-02T00:00:00Z
LC368377.1	8434.0		True	2004	Japan	Asia	Japan	2020-04-02T00:00:00Z	2020-04-02T00:00:00Z
LC368376.1	8429.0		True	2004	Japan	Asia	Japan	2020-04-02T00:00:00Z	2020-04-02T00:00:00Z
LC368375.1	8434.0		True	2003	Japan	Asia	Japan	2020-04-02T00:00:00Z	2020-04-02T00:00:00Z
LC368373.1	8584.0		True	2001	Japan	Asia	Japan	2020-04-02T00:00:00Z	2020-04-02T00:00:00Z
LC368372.1	8430.0		True	2006	Japan	Asia	Japan	2020-04-02T00:00:00Z	2020-04-02T00:00:00Z
LC368371.1	8430.0		True	2007	Japan	Asia	Japan	2020-04-02T00:00:00Z	2020-04-02T00:00:00Z
LC368370.1	8429.0		True	2011	Japan	Asia	Japan	2020-04-02T00:00:00Z	2020-04-02T00:00:00Z
LC368369.1	8430.0		True	2000	Japan	Asia	Japan	2020-04-02T00:00:00Z	2020-04-02T00:00:00Z
LC368368.1	8431.0		True	1999	Japan	Asia	Japan	2020-04-02T00:00:00Z	2020-04-02T00:00:00Z
LC368367.1	8430.0		True	2015	Japan	Asia	Japan	2020-04-02T00:00:00Z	2020-04-02T00:00:00Z
LC368366.1	8430.0		True	1997	Japan	Asia	Japan	2020-04-02T00:00:00Z	2020-04-02T00:00:00Z
LC368365.1	8429.0		True	2007	Japan	Asia	Japan	2020-04-02T00:00:00Z	2020-04-02T00:00:00Z
LC368364.1	8429.0		True	2007	Japan	Asia	Japan	2020-04-02T00:00:00Z	2020-04-02T00:00:00Z
LC368363.1	8424.0		True	1997	Japan	Asia	Japan	2020-04-02T00:00:00Z	2020-04-02T00:00:00Z
LC368362.1	8429.0		True	1998	Japan	Asia	Japan	2020-04-02T00:00:00Z	2020-04-02T00:00:00Z
LC368361.1	8430.0		True	2002	Japan	Asia	Japan	2020-04-02T00:00:00Z	2020-04-02T00:00:00Z
LC368360.1	8434.0		True	2002	Japan	Asia	Japan	2020-04-02T00:00:00Z	2020-04-02T00:00:00Z
LC368359.1	8429.0		True	2013	Japan	Asia	Japan	2020-04-02T00:00:00Z	2020-04-02T00:00:00Z
LC368358.1	8429.0		True	1999	Japan	Asia	Japan	2020-04-02T00:00:00Z	2020-04-02T00:00:00Z
LC368357.1	8429.0		True	2008	Japan	Asia	Japan	2020-04-02T00:00:00Z	2020-04-02T00:00:00Z
LC368356.1	8431.0		True	1999	Japan	Asia	Japan	2020-04-02T00:00:00Z	2020-04-02T00:00:00Z
LC368355.1	8444.0		True	1999	Japan	Asia	Japan	2020-04-02T00:00:00Z	2020-04-02T00:00:00Z
LC368354.1	8429.0		True	2005	Japan	Asia	Japan	2020-04-02T00:00:00Z	2020-04-02T00:00:00Z
LC368353.1	8434.0		True	2007	Japan	Asia	Japan	2020-04-02T00:00:00Z	2020-04-02T00:00:00Z
LC368352.1	8434.0		True	2011	Japan	Asia	Japan	2020-04-02T00:00:00Z	2020-04-02T00:00:00Z
LC368350.1	8424.0		True	1997	Japan	Asia	Japan	2020-04-02T00:00:00Z	2020-04-02T00:00:00Z
LC368349.1	8430.0		True	2005	Japan	Asia	Japan	2020-04-02T00:00:00Z	2020-04-02T00:00:00Z
LC368348.1	8429.0		True	2003	Japan	Asia	Japan	2020-04-02T00:00:00Z	2020-04-02T00:00:00Z
LC368346.1	8429.0		True	2004	Japan	Asia	Japan	2020-04-02T00:00:00Z	2020-04-02T00:00:00Z
LC368345.1	8430.0		True	2015	Japan	Asia	Japan	2020-04-02T00:00:00Z	2020-04-02T00:00:00Z
LC368344.1	8429.0		True	2014	Japan	Asia	Japan	2020-04-02T00:00:00Z	2020-04-02T00:00:00Z
LC368343.1	8430.0		True	2014	Japan	Asia	Japan	2020-04-02T00:00:00Z	2020-04-02T00:00:00Z
LC368342.1	8430.0		True	2013	Japan	Asia	Japan	2020-04-02T00:00:00Z	2020-04-02T00:00:00Z
LC368341.1	8431.0		True	2013	Japan	Asia	Japan	2020-04-02T00:00:00Z	2020-04-02T00:00:00Z
LC368340.1	8429.0		True	2013	Japan	Asia	Japan	2020-04-02T00:00:00Z	2020-04-02T00:00:00Z
LC368339.1	8430.0		True	2012	Japan	Asia	Japan	2020-04-02T00:00:00Z	2020-04-02T00:00:00Z
LC368338.1	8430.0		True	2012	Japan	Asia	Japan	2020-04-02T00:00:00Z	2020-04-02T00:00:00Z
LC368337.1	8434.0		True	2011	Japan	Asia	Japan	2020-04-02T00:00:00Z	2020-04-02T00:00:00Z
LC368336.1	8434.0		True	2011	Japan	Asia	Japan	2020-04-02T00:00:00Z	2020-04-02T00:00:00Z
LC368335.1	8429.0			2012	Japan	Asia	Japan	2020-04-02T00:00:00Z	2020-04-02T00:00:00Z
LC368334.1	8429.0		True	2010	Japan	Asia	Japan	2020-04-02T00:00:00Z	2020-04-02T00:00:00Z
LC368333.1	8434.0		True	2011	Japan	Asia	Japan	2020-04-02T00:00:00Z	2020-04-02T00:00:00Z
LC368330.1	8429.0		True	2014	Japan	Asia	Japan	2020-04-02T00:00:00Z	2020-04-02T00:00:00Z
LC368325.1	9194.0		True	2010	Japan	Asia	Japan	2020-04-02T00:00:00Z	2020-04-02T00:00:00Z
LC368323.1	8429.0		True	2009	Japan	Asia	Japan	2020-04-02T00:00:00Z	2020-04-02T00:00:00Z
MN385583.1	9383.0		True	2016	China	Asia	China	2019-12-18T00:00:00Z	2019-12-18T00:00:00Z
MN385564.1	9318.0		True	2016	Brazil	South America	Brazil	2019-11-24T00:00:00Z	2019-11-24T00:00:00Z
MN385563.1	9318.0		True	2018	Brazil	South America	Brazil	2019-11-24T00:00:00Z	2019-11-24T00:00:00Z
MN326295.1	9238.0		True	2015-07-08	United Kingdom	Europe		2019-09-21T00:00:00Z	2019-09-21T00:00:00Z
MN240359.1	9405.0		True	2019-01	Denmark: Copenhagen	Europe	Denmark	2019-08-27T00:00:00Z	2020-01-24T00:00:00Z
MN164877.1	9102.0		True	2018-03-14	Nigeria	Africa	United Kingdom	2019-08-28T00:00:00Z	2019-08-28T00:00:00Z
MN164876.1	9033.0		True	2016-10-28	Nigeria	Africa	United Kingdom	2019-08-28T00:00:00Z	2019-08-28T00:00:00Z
MN164875.1	9036.0		True	2015-10-09	Cameroon	Africa	United Kingdom	2019-08-28T00:00:00Z	2019-08-28T00:00:00Z
MN164874.1	9001.0		True	2016-08-17	Nigeria	Africa	United Kingdom	2019-08-28T00:00:00Z	2019-08-28T00:00:00Z
MN164873.1	8998.0		True	2016-10-28	Nigeria	Africa	United Kingdom	2019-08-28T00:00:00Z	2019-08-28T00:00:00Z
MN164872.1	9036.0		True	2015-12-04	Cameroon	Africa	United Kingdom	2019-08-28T00:00:00Z	2019-08-28T00:00:00Z
MN164871.1	9035.0		True	2017-08-25	Nigeria	Africa	United Kingdom	2019-08-28T00:00:00Z	2019-08-28T00:00:00Z
MN164870.1	9039.0		True	2017-04-12	Nigeria	Africa	United Kingdom	2019-08-28T00:00:00Z	2019-08-28T00:00:00Z
MN164869.1	9048.0		True	2017-01-10	Egypt	Africa	United Kingdom	2019-08-28T00:00:00Z	2019-08-28T00:00:00Z
MN164868.1	9036.0		True	2016-02-03	Benin	Africa	United Kingdom	2019-08-28T00:00:00Z	2019-08-28T00:00:00Z
MN164867.1	9036.0		True	2016-06-22	Nigeria	Africa	United Kingdom	2019-08-28T00:00:00Z	2019-08-28T00:00:00Z
MN164866.1	9036.0		True	2015-08-12	Cameroon	Africa	United Kingdom	2019-08-28T00:00:00Z	2019-08-28T00:00:00Z
MN164865.1	9054.0		True	2016-11-25	Cameroon	Africa	United Kingdom	2019-08-28T00:00:00Z	2019-08-28T00:00:00Z
MN164864.1	9051.0		True	2016-04-08	Cameroon	Africa	United Kingdom	2019-08-28T00:00:00Z	2019-08-28T00:00:00Z
MN164863.1	9001.0		True	2017-02-01	Ghana	Africa	United Kingdom	2019-08-28T00:00:00Z	2019-08-28T00:00:00Z
MN164862.1	9034.0		True	2016-03-17	Ghana	Africa	United Kingdom	2019-08-28T00:00:00Z	2019-08-28T00:00:00Z
MN164861.1	9054.0		True	2016-06-13	Nigeria	Africa	United Kingdom	2019-08-28T00:00:00Z	2019-08-28T00:00:00Z
MN164860.1	9054.0		True	2015-11-25	Nigeria	Africa	United Kingdom	2019-08-28T00:00:00Z	2019-08-28T00:00:00Z
MN164859.1	9035.0		True	2016-10-28	Nigeria	Africa	United Kingdom	2019-08-28T00:00:00Z	2019-08-28T00:00:00Z
MN164858.1	9035.0		True	2016-03-03	Nigeria	Africa	United Kingdom	2019-08-28T00:00:00Z	2019-08-28T00:00:00Z
MN164857.1	9033.0		True	2016-12-29	Nigeria	Africa	United Kingdom	2019-08-28T00:00:00Z	2019-08-28T00:00:00Z
MN164856.1	9001.0		True	2016-10-06	Nigeria	Africa	United Kingdom	2019-08-28T00:00:00Z	2019-08-28T00:00:00Z
MN164855.1	9036.0		True	2016-10-28	Cote d'Ivoire	Africa	United Kingdom	2019-08-28T00:00:00Z	2019-08-28T00:00:00Z
MN164854.1	9036.0		True	2017-12-13	Nigeria	Africa	United Kingdom	2019-08-28T00:00:00Z	2019-08-28T00:00:00Z
MN164853.1	9036.0		True	2017-02-02	Cote d'Ivoire	Africa	United Kingdom	2019-08-28T00:00:00Z	2019-08-28T00:00:00Z
MN164852.1	9036.0		True	2017-03-16	Nigeria	Africa	United Kingdom	2019-08-28T00:00:00Z	2019-08-28T00:00:00Z
MN164851.1	9036.0		True	2016-11-23	Cote d'Ivoire	Africa	United Kingdom	2019-08-28T00:00:00Z	2019-08-28T00:00:00Z
MN164850.1	9001.0		True	2016-08-17	Ghana	Africa	United Kingdom	2019-08-28T00:00:00Z	2019-08-28T00:00:00Z
MN164849.1	9001.0		True	2018-01-17	Nigeria	Africa	United Kingdom	2019-08-28T00:00:00Z	2019-08-28T00:00:00Z
MN164848.1	8996.0		True	2015-10-09	Nigeria	Africa	United Kingdom	2019-08-28T00:00:00Z	2019-08-28T00:00:00Z
MN164847.1	9036.0		True	2018-06-06	Nigeria	Africa	United Kingdom	2019-08-28T00:00:00Z	2019-08-28T00:00:00Z
MN164846.1	9036.0		True	2015-08-21	Nigeria	Africa	United Kingdom	2019-08-28T00:00:00Z	2019-08-28T00:00:00Z
MN164845.1	9036.0		True	2016-04-01	Nigeria	Africa	United Kingdom	2019-08-28T00:00:00Z	2019-08-28T00:00:00Z
MN164844.1	9048.0		True	2016-03-02	Nigeria	Africa	United Kingdom	2019-08-28T00:00:00Z	2019-08-28T00:00:00Z
MN164843.1	9048.0		True	2015-11-11	Nigeria	Africa	United Kingdom	2019-08-28T00:00:00Z	2019-08-28T00:00:00Z
MK799639.1	9268.0		True	2018-04	Egypt	Africa	Egypt	2019-11-25T00:00:00Z	2019-11-25T00:00:00Z
MK548369.1	9369.0		True	2015	USA	North America	USA	2019-12-09T00:00:00Z	2019-12-09T00:00:00Z
MK548368.1	9198.0		True	2014	USA	North America	USA	2019-12-09T00:00:00Z	2019-12-09T00:00:00Z
MK548367.1	9393.0		True	2014	USA	North America	USA	2019-12-09T00:00:00Z	2019-12-09T00:00:00Z
MK548366.1	9202.0		True	2013	USA	North America	USA	2019-12-09T00:00:00Z	2019-12-09T00:00:00Z
MK548365.1	9130.0		True	2013	Spain	Europe	USA	2019-12-09T00:00:00Z	2019-12-09T00:00:00Z
MK548364.1	9371.0		True	2012	USA	North America	USA	2019-12-09T00:00:00Z	2019-12-09T00:00:00Z
MK548363.1	9180.0		True	2012	USA	North America	USA	2019-12-09T00:00:00Z	2019-12-09T00:00:00Z
MK548362.1	9235.0		True	2013	USA	North America	USA	2019-12-09T00:00:00Z	2019-12-09T00:00:00Z
MK527509.1	9390.0		True	2014	Belgium	Europe	USA	2019-05-04T00:00:00Z	2019-05-04T00:00:00Z
MK527508.1	9192.0		True	2014	Belgium	Europe	USA	2019-05-04T00:00:00Z	2019-05-04T00:00:00Z
MK328026.1	9427.0		True	2014	China: Baisha, Hainan	Asia	China	2019-12-09T00:00:00Z	2019-12-09T00:00:00Z
MK328025.1	9427.0		True	2014	China: Baisha, Hainan	Asia	China	2019-12-09T00:00:00Z	2019-12-09T00:00:00Z
MK328024.1	9467.0		True	2015	China: Baisha, Hainan	Asia	China	2019-12-09T00:00:00Z	2019-12-09T00:00:00Z
MK328023.1	9413.0		True	2015	China: Baisha, Hainan	Asia	China	2019-12-09T00:00:00Z	2019-12-09T00:00:00Z
MK328022.1	9430.0		True	2014	China: Baisha, Hainan	Asia	China	2019-12-09T00:00:00Z	2019-12-09T00:00:00Z
MK328021.1	9420.0		True	2014	China: Baisha, Hainan	Asia	China	2019-12-09T00:00:00Z	2019-12-09T00:00:00Z
MK328020.1	9410.0		True	2015	China: Baisha, Hainan	Asia	China	2019-12-09T00:00:00Z	2019-12-09T00:00:00Z
MK328019.1	9433.0		True	2014	China: Baisha, Hainan	Asia	China	2019-12-09T00:00:00Z	2019-12-09T00:00:00Z
MK328018.1	9411.0		True	2014	China: Baisha, Hainan	Asia	China	2019-12-09T00:00:00Z	2019-12-09T00:00:00Z
MK328017.1	9394.0		True	2014	China: Baisha, Hainan	Asia	China	2019-12-09T00:00:00Z	2019-12-09T00:00:00Z
MK328016.1	9432.0		True	2014	China: Baisha, Hainan	Asia	China	2019-12-09T00:00:00Z	2019-12-09T00:00:00Z
MK328015.1	9437.0		True	2015	China: Baisha, Hainan	Asia	China	2019-12-09T00:00:00Z	2019-12-09T00:00:00Z
MK328014.1	9419.0		True	2014	China: Baisha, Hainan	Asia	China	2019-12-09T00:00:00Z	2019-12-09T00:00:00Z
MK328013.1	9432.0		True	2015	China: Baisha, Hainan	Asia	China	2019-12-09T00:00:00Z	2019-12-09T00:00:00Z
MK328012.1	9395.0		True	2015	China: Baisha, Hainan	Asia	China	2019-12-09T00:00:00Z	2019-12-09T00:00:00Z
MK328011.1	9400.0		True	2014	China: Baisha, Hainan	Asia	China	2019-12-09T00:00:00Z	2019-12-09T00:00:00Z
MK328010.1	9349.0		True	2014	China: Baisha, Hainan	Asia	China	2019-12-09T00:00:00Z	2019-12-09T00:00:00Z
MK328009.1	9429.0		True	2014	China: Baisha, Hainan	Asia	China	2019-12-09T00:00:00Z	2019-12-09T00:00:00Z
MK328008.1	9414.0		True	2014	China: Baisha, Hainan	Asia	China	2019-12-09T00:00:00Z	2019-12-09T00:00:00Z
MK328007.1	9065.0		True	2014	China: Baisha, Hainan	Asia	China	2019-12-09T00:00:00Z	2019-12-09T00:00:00Z
MK328006.1	9417.0		True	2015	China: Baisha, Hainan	Asia	China	2019-12-09T00:00:00Z	2019-12-09T00:00:00Z
MK328005.1	9420.0		True	2014	China: Baisha, Hainan	Asia	China	2019-12-09T00:00:00Z	2019-12-09T00:00:00Z
MK328004.1	9398.0		True	2015	China: Baisha, Hainan	Asia	China	2019-12-09T00:00:00Z	2019-12-09T00:00:00Z
MK328003.1	9401.0		True	2015	China: Baisha, Hainan	Asia	China	2019-12-09T00:00:00Z	2019-12-09T00:00:00Z
MK328002.1	9408.0		True	2015	China: Baisha, Hainan	Asia	China	2019-12-09T00:00:00Z	2019-12-09T00:00:00Z
MK328001.1	9376.0		True	2014	China: Baisha, Hainan	Asia	China	2019-12-09T00:00:00Z	2019-12-09T00:00:00Z
MK328000.1	9422.0		True	2014	China: Baisha, Hainan	Asia	China	2019-12-09T00:00:00Z	2019-12-09T00:00:00Z
MK327999.1	9207.0		True	2014	China: Baisha, Hainan	Asia	China	2019-12-09T00:00:00Z	2019-12-09T00:00:00Z
MK327998.1	9420.0		True	2014	China: Baisha, Hainan	Asia	China	2019-12-09T00:00:00Z	2019-12-09T00:00:00Z
MK327997.1	9439.0		True	2014	China: Baisha, Hainan	Asia	China	2019-12-09T00:00:00Z	2019-12-09T00:00:00Z
MK327996.1	9400.0		True	2014	China: Baisha, Hainan	Asia	China	2019-12-09T00:00:00Z	2019-12-09T00:00:00Z
MK327995.1	9403.0		True	2014	China: Baisha, Hainan	Asia	China	2019-12-09T00:00:00Z	2019-12-09T00:00:00Z
MK327994.1	9427.0		True	2014	China: Baisha, Hainan	Asia	China	2019-12-09T00:00:00Z	2019-12-09T00:00:00Z
MK327993.1	9417.0		True	2015	China: Baisha, Hainan	Asia	China	2019-12-09T00:00:00Z	2019-12-09T00:00:00Z
MK327992.1	9438.0		True	2014	China: Baisha, Hainan	Asia	China	2019-12-09T00:00:00Z	2019-12-09T00:00:00Z
MK327991.1	9451.0		True	2014	China: Baisha, Hainan	Asia	China	2019-12-09T00:00:00Z	2019-12-09T00:00:00Z
MK327990.1	9417.0		True	2014	China: Baisha, Hainan	Asia	China	2019-12-09T00:00:00Z	2019-12-09T00:00:00Z
MK327989.1	9423.0		True	2014	China: Baisha, Hainan	Asia	China	2019-12-09T00:00:00Z	2019-12-09T00:00:00Z
MK327988.1	9425.0		True	2015	China: Baisha, Hainan	Asia	China	2019-12-09T00:00:00Z	2019-12-09T00:00:00Z
MK327987.1	9421.0		True	2014	China: Baisha, Hainan	Asia	China	2019-12-09T00:00:00Z	2019-12-09T00:00:00Z
MK327986.1	9414.0		True	2014	China: Baisha, Hainan	Asia	China	2019-12-09T00:00:00Z	2019-12-09T00:00:00Z
MK327985.1	9415.0		True	2014	China: Baisha, Hainan	Asia	China	2019-12-09T00:00:00Z	2019-12-09T00:00:00Z
MK327984.1	9448.0		True	2014	China: Baisha, Hainan	Asia	China	2019-12-09T00:00:00Z	2019-12-09T00:00:00Z
MK327983.1	9425.0		True	2014	China: Baisha, Hainan	Asia	China	2019-12-09T00:00:00Z	2019-12-09T00:00:00Z
MK327982.1	9462.0		True	2015	China: Baisha, Hainan	Asia	China	2019-12-09T00:00:00Z	2019-12-09T00:00:00Z
MK327981.1	9273.0		True	2015	China: Baisha, Hainan	Asia	China	2019-12-09T00:00:00Z	2019-12-09T00:00:00Z
MK139022.1	9453.0		True	2014	China	Asia	China	2019-06-11T00:00:00Z	2019-06-11T00:00:00Z
MK139021.1	9454.0		True	2014	China	Asia	China	2019-06-11T00:00:00Z	2019-06-11T00:00:00Z
MK139020.1	9453.0		True	2014	China	Asia	China	2019-06-11T00:00:00Z	2019-06-11T00:00:00Z
MK139019.1	9453.0		True	2014	China	Asia	China	2019-06-11T00:00:00Z	2019-06-11T00:00:00Z
MK139018.1	9452.0		True	2014	China	Asia	China	2019-06-11T00:00:00Z	2019-06-11T00:00:00Z
MK139017.1	9451.0		True	2014	China	Asia	China	2019-06-11T00:00:00Z	2019-06-11T00:00:00Z
MK139016.1	9453.0		True	2014	China	Asia	China	2019-06-11T00:00:00Z	2019-06-11T00:00:00Z
MK139015.1	9453.0		True	2014	China	Asia	China	2019-06-11T00:00:00Z	2019-06-11T00:00:00Z
MK039720.1	9345.0		True	2018-03	Italy: Mestre, Venice	Europe	Italy	2018-12-03T00:00:00Z	2018-12-03T00:00:00Z
MH940291.1	9361.0		True	2015-01-06	Democratic Republic of the Congo	Africa	Canada	2018-11-13T00:00:00Z	2018-11-13T00:00:00Z
MH921830.1	9089.0		True	2018-06	Equatorial Guinea	Africa	Spain	2019-04-30T00:00:00Z	2019-05-06T00:00:00Z
MH885469.1	9359.0		True	2017	Germany	Europe	Germany	2019-02-17T00:00:00Z	2019-02-17T00:00:00Z
MH743151.1	9194.0		True	2015	France	Europe	France	2018-09-05T00:00:00Z	2018-09-05T00:00:00Z
MH743150.1	9194.0		True	2015	France	Europe	France	2018-09-05T00:00:00Z	2018-09-05T00:00:00Z
MH743149.1	9194.0		True	2015	France	Europe	France	2018-09-05T00:00:00Z	2018-09-05T00:00:00Z
MH743148.1	9194.0		True	2015	France	Europe	France	2018-09-05T00:00:00Z	2018-09-05T00:00:00Z
MH743147.1	9005.0		True	2015	France	Europe	France	2018-09-05T00:00:00Z	2018-09-05T00:00:00Z
MH742371.1	9371.0		True	2014-05-20	Uganda	Africa		2018-11-13T00:00:00Z	2018-11-13T00:00:00Z
MH742370.1	9281.0		True	2014-05-20	Uganda	Africa		2018-11-13T00:00:00Z	2018-11-13T00:00:00Z
MH742369.1	9549.0		True	2014-05-20	Uganda	Africa		2018-11-13T00:00:00Z	2018-11-13T00:00:00Z
MH742368.1	9427.0		True	2014-05-20	Uganda	Africa		2018-11-13T00:00:00Z	2018-11-13T00:00:00Z
MH742367.1	9368.0		True	2014-05-20	Uganda	Africa		2018-11-13T00:00:00Z	2018-11-13T00:00:00Z
MH742366.1	9432.0		True	2014-05-20	Uganda	Africa		2018-11-13T00:00:00Z	2018-11-13T00:00:00Z
MH742365.1	9396.0		True	2014-05-20	Uganda	Africa		2018-11-13T00:00:00Z	2018-11-13T00:00:00Z
MH742364.1	9399.0		True	2014-05-20	Uganda	Africa		2018-11-13T00:00:00Z	2018-11-13T00:00:00Z
MH742363.1	9368.0		True	2014-05-20	Uganda	Africa		2018-11-13T00:00:00Z	2018-11-13T00:00:00Z
MH742362.1	9397.0		True	2014-05-20	Uganda	Africa		2018-11-13T00:00:00Z	2018-11-13T00:00:00Z
MH742361.1	9372.0		True	2014-05-20	Uganda	Africa		2018-11-13T00:00:00Z	2018-11-13T00:00:00Z
MH742360.1	9383.0		True	2014-05-20	Uganda	Africa		2018-11-13T00:00:00Z	2018-11-13T00:00:00Z
MH590701.1	9437.0		True	2015-01-27	Canada	North America	USA	2018-07-25T00:00:00Z	2018-07-25T00:00:00Z
MH492362.1	9318.0		True	2014	Myanmar	Asia		2018-11-13T00:00:00Z	2019-05-09T00:00:00Z
MH492361.1	9318.0		True	2014	Myanmar	Asia		2018-11-13T00:00:00Z	2019-05-09T00:00:00Z
MH492360.1	9318.0		True	2014	Myanmar	Asia		2018-11-13T00:00:00Z	2019-05-09T00:00:00Z
MH477426.1	9159.0		True	2015	Cameroon	Africa	USA	2019-05-31T00:00:00Z	2019-05-31T00:00:00Z
MH477424.1	9266.0		True	2016	Cameroon	Africa	USA	2019-05-31T00:00:00Z	2019-05-31T00:00:00Z
MH477423.1	9524.0		True	2016	Cameroon	Africa	USA	2019-05-31T00:00:00Z	2019-05-31T00:00:00Z
MH477421.1	9100.0		True	2016	Cameroon	Africa	USA	2019-05-31T00:00:00Z	2019-05-31T00:00:00Z
MH477420.1	9221.0		True	2016	Cameroon	Africa	USA	2019-05-31T00:00:00Z	2019-05-31T00:00:00Z
MH477418.1	9185.0		True	2016	Cameroon	Africa	USA	2019-05-31T00:00:00Z	2019-05-31T00:00:00Z
MH477417.1	9180.0		True	2016	Cameroon	Africa	USA	2019-05-31T00:00:00Z	2019-05-31T00:00:00Z
MG879000.1	9057.0		True	2014	China	Asia	China	2018-11-08T00:00:00Z	2018-11-08T00:00:00Z
MG878999.1	9057.0		True	2014	China	Asia	China	2018-11-08T00:00:00Z	2018-11-08T00:00:00Z
MG437050.1	9414.0		True	2012	China	Asia	China	2018-09-30T00:00:00Z	2018-09-30T00:00:00Z
MG428679.1	9450.0		True	2016	Pakistan: Peshawar	Asia	Pakistan	2018-09-26T00:00:00Z	2018-09-26T00:00:00Z
LC435030.1	9321.0		True	2016-09-03	Cambodia	Asia	Japan	2019-05-24T00:00:00Z	2019-05-24T00:00:00Z
LC435029.1	9326.0		True	2016-09-03	Cambodia	Asia	Japan	2019-05-24T00:00:00Z	2019-05-24T00:00:00Z
LC435028.1	9374.0		True	2016-09-03	Cambodia	Asia	Japan	2019-05-24T00:00:00Z	2019-05-24T00:00:00Z
LC435027.1	9326.0		True	2016-09-03	Cambodia	Asia	Japan	2019-05-24T00:00:00Z	2019-05-24T00:00:00Z
LC435026.1	9378.0		True	2012-08-22	Cambodia	Asia	Japan	2019-05-24T00:00:00Z	2019-05-24T00:00:00Z
LC435025.1	9323.0		True	2012-08-22	Cambodia	Asia	Japan	2019-05-24T00:00:00Z	2019-05-24T00:00:00Z
LC435024.1	9374.0		True	2012-08-22	Cambodia	Asia	Japan	2019-05-24T00:00:00Z	2019-05-24T00:00:00Z
LC435023.1	9341.0		True	2012-08-22	Cambodia	Asia	Japan	2019-05-24T00:00:00Z	2019-05-24T00:00:00Z
LC435022.1	9373.0		True	2012-08-18	Viet Nam	Asia	Japan	2019-05-24T00:00:00Z	2019-05-24T00:00:00Z
LC435021.1	9248.0		True	2012-03-15	Viet Nam	Asia	Japan	2019-05-24T00:00:00Z	2019-05-24T00:00:00Z
LC414155.2	9441.0		True	2017-11-27	Japan	Asia	Japan	2018-08-01T00:00:00Z	2019-11-08T00:00:00Z
LC368322.1	8430.0		True	2009	Japan	Asia	Japan	2020-04-02T00:00:00Z	2020-04-02T00:00:00Z
LC368319.1	8430.0		True	2007	Japan	Asia	Japan	2020-04-02T00:00:00Z	2020-04-02T00:00:00Z
LC368318.1	8430.0		True	2006	Japan	Asia	Japan	2020-04-02T00:00:00Z	2020-04-02T00:00:00Z
LC368314.1	8430.0		True	2006	Japan	Asia	Japan	2020-04-02T00:00:00Z	2020-04-02T00:00:00Z
LC368310.1	8430.0		True	2003	Japan	Asia	Japan	2020-04-02T00:00:00Z	2020-04-02T00:00:00Z
LC368309.1	8430.0		True	2000	Japan	Asia	Japan	2020-04-02T00:00:00Z	2020-04-02T00:00:00Z
AB795432.3	9703.0		True	2012-02	Japan	Asia	Japan	2013-03-06T00:00:00Z	2019-03-20T00:00:00Z
MH590700.1	9547.0		True	2017-09-06	Canada	North America	USA	2018-07-25T00:00:00Z	2018-07-25T00:00:00Z
MH590699.1	9351.0		True	2016-03-21	Canada	North America	USA	2018-07-25T00:00:00Z	2018-07-25T00:00:00Z
MH590698.1	9409.0		True	2016-03-14	Canada	North America	USA	2018-07-25T00:00:00Z	2018-07-25T00:00:00Z
MG406988.1	9678.0		True	2012-01-23	Denmark: Hvidovre	Europe		2018-01-10T00:00:00Z	2018-01-10T00:00:00Z
MG406987.1	9621.0		True	2012-01-24	Denmark: Hvidovre	Europe		2018-01-10T00:00:00Z	2018-01-10T00:00:00Z
KY704917.1	8943.0		True	2003	China	Asia	China	2017-11-21T00:00:00Z	2017-11-21T00:00:00Z
KY348757.1	9348.0		True	2015-09	Equatorial Guinea	Africa	Spain	2017-03-15T00:00:00Z	2018-01-16T00:00:00Z
KX767077.1	9230.0		True	2011-05	USA	North America	USA	2017-08-23T00:00:00Z	2017-08-23T00:00:00Z
KX767076.1	9230.0		True	2011-05	USA	North America	USA	2017-08-23T00:00:00Z	2017-08-23T00:00:00Z
KX767075.1	9230.0		True	2011-05	USA	North America	USA	2017-08-23T00:00:00Z	2017-08-23T00:00:00Z
KX767074.1	9230.0		True	2011-05	USA	North America	USA	2017-08-23T00:00:00Z	2017-08-23T00:00:00Z
KX767073.1	9230.0		True	2011-05	USA	North America	USA	2017-08-23T00:00:00Z	2017-08-23T00:00:00Z
KX767072.1	9230.0		True	2011-05	USA	North America	USA	2017-08-23T00:00:00Z	2017-08-23T00:00:00Z
KX767071.1	9230.0		True	2011-05	USA	North America	USA	2017-08-23T00:00:00Z	2017-08-23T00:00:00Z
KX767070.1	9230.0		True	2011-05	USA	North America	USA	2017-08-23T00:00:00Z	2017-08-23T00:00:00Z
KX767069.1	9230.0		True	2011-05	USA	North America	USA	2017-08-23T00:00:00Z	2017-08-23T00:00:00Z
KX767068.1	9230.0		True	2011-05	USA	North America	USA	2017-08-23T00:00:00Z	2017-08-23T00:00:00Z
KX767067.1	9230.0		True	2011-05	USA	North America	USA	2017-08-23T00:00:00Z	2017-08-23T00:00:00Z
KX767066.1	9230.0		True	2011-05	USA	North America	USA	2017-08-23T00:00:00Z	2017-08-23T00:00:00Z
KX767065.1	9230.0		True	2011-05	USA	North America	USA	2017-08-23T00:00:00Z	2017-08-23T00:00:00Z
KX767064.1	9230.0		True	2011-05	USA	North America	USA	2017-08-23T00:00:00Z	2017-08-23T00:00:00Z
KX767063.1	9230.0		True	2011-05	USA	North America	USA	2017-08-23T00:00:00Z	2017-08-23T00:00:00Z
KX767062.1	9230.0		True	2011-05	USA	North America	USA	2017-08-23T00:00:00Z	2017-08-23T00:00:00Z
KX767061.1	9230.0		True	2011-05	USA	North America	USA	2017-08-23T00:00:00Z	2017-08-23T00:00:00Z
KX767060.1	9230.0		True	2011-05	USA	North America	USA	2017-08-23T00:00:00Z	2017-08-23T00:00:00Z
KX767059.1	9230.0		True	2011-05	USA	North America	USA	2017-08-23T00:00:00Z	2017-08-23T00:00:00Z
KX767058.1	9230.0		True	2011-05	USA	North America	USA	2017-08-23T00:00:00Z	2017-08-23T00:00:00Z
KX767057.1	9230.0		True	2011-05	USA	North America	USA	2017-08-23T00:00:00Z	2017-08-23T00:00:00Z
KX767056.1	9230.0		True	2011-05	USA	North America	USA	2017-08-23T00:00:00Z	2017-08-23T00:00:00Z
KX767055.1	9230.0		True	2011-05	USA	North America	USA	2017-08-23T00:00:00Z	2017-08-23T00:00:00Z
KX767054.1	9230.0		True	2011-05	USA	North America	USA	2017-08-23T00:00:00Z	2017-08-23T00:00:00Z
KX767053.1	9230.0		True	2011-05	USA	North America	USA	2017-08-23T00:00:00Z	2017-08-23T00:00:00Z
KX767052.1	9230.0		True	2011-05	USA	North America	USA	2017-08-23T00:00:00Z	2017-08-23T00:00:00Z
KX767051.1	9230.0		True	2011-05	USA	North America	USA	2017-08-23T00:00:00Z	2017-08-23T00:00:00Z
KX767050.1	9230.0		True	2011-05	USA	North America	USA	2017-08-23T00:00:00Z	2017-08-23T00:00:00Z
KX767049.1	9230.0		True	2011-05	USA	North America	USA	2017-08-23T00:00:00Z	2017-08-23T00:00:00Z
KX767048.1	9230.0		True	2011-05	USA	North America	USA	2017-08-23T00:00:00Z	2017-08-23T00:00:00Z
KX767047.1	9230.0		True	2011-05	USA	North America	USA	2017-08-23T00:00:00Z	2017-08-23T00:00:00Z
KX767046.1	9230.0		True	2011-05	USA	North America	USA	2017-08-23T00:00:00Z	2017-08-23T00:00:00Z
KX767045.1	9230.0		True	2011-05	USA	North America	USA	2017-08-23T00:00:00Z	2017-08-23T00:00:00Z
KX767044.1	9230.0		True	2011-05	USA	North America	USA	2017-08-23T00:00:00Z	2017-08-23T00:00:00Z
KX767043.1	9230.0		True	2011-05	USA	North America	USA	2017-08-23T00:00:00Z	2017-08-23T00:00:00Z
KX767042.1	9230.0		True	2011-05	USA	North America	USA	2017-08-23T00:00:00Z	2017-08-23T00:00:00Z
KX767041.1	9230.0		True	2011-05	USA	North America	USA	2017-08-23T00:00:00Z	2017-08-23T00:00:00Z
KX767040.1	9230.0		True	2011-05	USA	North America	USA	2017-08-23T00:00:00Z	2017-08-23T00:00:00Z
KX767039.1	9230.0		True	2011-05	USA	North America	USA	2017-08-23T00:00:00Z	2017-08-23T00:00:00Z
KX767038.1	9230.0		True	2011-05	USA	North America	USA	2017-08-23T00:00:00Z	2017-08-23T00:00:00Z
KX767037.1	9230.0		True	2011-05	USA	North America	USA	2017-08-23T00:00:00Z	2017-08-23T00:00:00Z
KX767036.1	9230.0		True	2011-05	USA	North America	USA	2017-08-23T00:00:00Z	2017-08-23T00:00:00Z
KX767035.1	9230.0		True	2011-05	USA	North America	USA	2017-08-23T00:00:00Z	2017-08-23T00:00:00Z
KX767034.1	9230.0		True	2011-05	USA	North America	USA	2017-08-23T00:00:00Z	2017-08-23T00:00:00Z
KX767033.1	9317.0		True	2011-05	USA	North America	USA	2017-08-23T00:00:00Z	2017-08-23T00:00:00Z
KX767032.1	9317.0		True	2011-05	USA	North America	USA	2017-08-23T00:00:00Z	2017-08-23T00:00:00Z
KX767031.1	9317.0		True	2011-05	USA	North America	USA	2017-08-23T00:00:00Z	2017-08-23T00:00:00Z
KX767030.1	9317.0		True	2011-05	USA	North America	USA	2017-08-23T00:00:00Z	2017-08-23T00:00:00Z
KX767029.1	9317.0		True	2011-05	USA	North America	USA	2017-08-23T00:00:00Z	2017-08-23T00:00:00Z
KX767028.1	9317.0		True	2011-05	USA	North America	USA	2017-08-23T00:00:00Z	2017-08-23T00:00:00Z
KX767027.1	9317.0		True	2011-05	USA	North America	USA	2017-08-23T00:00:00Z	2017-08-23T00:00:00Z
KX767026.1	9317.0		True	2011-05	USA	North America	USA	2017-08-23T00:00:00Z	2017-08-23T00:00:00Z
KX767025.1	9317.0		True	2011-05	USA	North America	USA	2017-08-23T00:00:00Z	2017-08-23T00:00:00Z
KX767024.1	9317.0		True	2011-05	USA	North America	USA	2017-08-23T00:00:00Z	2017-08-23T00:00:00Z
KX767023.1	9317.0		True	2011-05	USA	North America	USA	2017-08-23T00:00:00Z	2017-08-23T00:00:00Z
KX767022.1	9317.0		True	2011-05	USA	North America	USA	2017-08-23T00:00:00Z	2017-08-23T00:00:00Z
KX767021.1	9317.0		True	2011-05	USA	North America	USA	2017-08-23T00:00:00Z	2017-08-23T00:00:00Z
KX767020.1	9317.0		True	2011-05	USA	North America	USA	2017-08-23T00:00:00Z	2017-08-23T00:00:00Z
KX767019.1	9317.0		True	2011-05	USA	North America	USA	2017-08-23T00:00:00Z	2017-08-23T00:00:00Z
KX767018.1	9317.0		True	2011-05	USA	North America	USA	2017-08-23T00:00:00Z	2017-08-23T00:00:00Z
KX767017.1	9317.0		True	2011-05	USA	North America	USA	2017-08-23T00:00:00Z	2017-08-23T00:00:00Z
KX767016.1	9317.0		True	2011-05	USA	North America	USA	2017-08-23T00:00:00Z	2017-08-23T00:00:00Z
KX767015.1	9317.0		True	2011-05	USA	North America	USA	2017-08-23T00:00:00Z	2017-08-23T00:00:00Z
KX767014.1	9317.0		True	2011-05	USA	North America	USA	2017-08-23T00:00:00Z	2017-08-23T00:00:00Z
KX767013.1	9317.0		True	2011-05	USA	North America	USA	2017-08-23T00:00:00Z	2017-08-23T00:00:00Z
KX767012.1	9317.0		True	2011-05	USA	North America	USA	2017-08-23T00:00:00Z	2017-08-23T00:00:00Z
KX767011.1	9317.0		True	2011-05	USA	North America	USA	2017-08-23T00:00:00Z	2017-08-23T00:00:00Z
KX767010.1	9317.0		True	2011-05	USA	North America	USA	2017-08-23T00:00:00Z	2017-08-23T00:00:00Z
KX767009.1	9317.0		True	2011-05	USA	North America	USA	2017-08-23T00:00:00Z	2017-08-23T00:00:00Z
KX767008.1	9317.0		True	2011-05	USA	North America	USA	2017-08-23T00:00:00Z	2017-08-23T00:00:00Z
KX767007.1	9317.0		True	2011-05	USA	North America	USA	2017-08-23T00:00:00Z	2017-08-23T00:00:00Z
KX767006.1	9317.0		True	2011-05	USA	North America	USA	2017-08-23T00:00:00Z	2017-08-23T00:00:00Z
KX767005.1	9317.0		True	2011-05	USA	North America	USA	2017-08-23T00:00:00Z	2017-08-23T00:00:00Z
KX767004.1	9317.0		True	2011-05	USA	North America	USA	2017-08-23T00:00:00Z	2017-08-23T00:00:00Z
KX767003.1	9317.0		True	2011-05	USA	North America	USA	2017-08-23T00:00:00Z	2017-08-23T00:00:00Z
KX767002.1	9317.0		True	2011-05	USA	North America	USA	2017-08-23T00:00:00Z	2017-08-23T00:00:00Z
KX767001.1	9317.0		True	2011-05	USA	North America	USA	2017-08-23T00:00:00Z	2017-08-23T00:00:00Z
KX767000.1	9317.0		True	2011-05	USA	North America	USA	2017-08-23T00:00:00Z	2017-08-23T00:00:00Z
KX766999.1	9317.0		True	2011-05	USA	North America	USA	2017-08-23T00:00:00Z	2017-08-23T00:00:00Z
KX766998.1	9317.0		True	2011-05	USA	North America	USA	2017-08-23T00:00:00Z	2017-08-23T00:00:00Z
KX766997.1	9317.0		True	2011-05	USA	North America	USA	2017-08-23T00:00:00Z	2017-08-23T00:00:00Z
KX766996.1	9317.0		True	2011-05	USA	North America	USA	2017-08-23T00:00:00Z	2017-08-23T00:00:00Z
KX766995.1	9317.0		True	2011-05	USA	North America	USA	2017-08-23T00:00:00Z	2017-08-23T00:00:00Z
KX766994.1	9317.0		True	2011-05	USA	North America	USA	2017-08-23T00:00:00Z	2017-08-23T00:00:00Z
KX766993.1	9317.0		True	2011-05	USA	North America	USA	2017-08-23T00:00:00Z	2017-08-23T00:00:00Z
KX766992.1	9317.0		True	2011-05	USA	North America	USA	2017-08-23T00:00:00Z	2017-08-23T00:00:00Z
KX766991.1	9317.0		True	2011-05	USA	North America	USA	2017-08-23T00:00:00Z	2017-08-23T00:00:00Z
KX766990.1	9317.0		True	2011-05	USA	North America	USA	2017-08-23T00:00:00Z	2017-08-23T00:00:00Z
KU861171.1	9421.0		True	2014-03-11	Uganda	Africa		2017-06-02T00:00:00Z	2017-07-21T00:00:00Z
KY883982.1	9374.0		True	2015-07-12	Austria	Europe	Austria	2017-04-12T00:00:00Z	2017-04-12T00:00:00Z
KY883981.1	9375.0		True	2009-10-13	Austria	Europe	Austria	2017-04-12T00:00:00Z	2017-04-12T00:00:00Z
KY780123.1	9382.0		True	2013-11-21	Austria	Europe	Austria	2017-04-12T00:00:00Z	2017-04-12T00:00:00Z
KY780122.1	9376.0		True	2015-01-27	Austria	Europe	Austria	2017-04-12T00:00:00Z	2017-04-12T00:00:00Z
KY283130.1	9610.0		True	2013	Egypt	Africa	Japan	2017-05-14T00:00:00Z	2017-05-14T00:00:00Z
KY120332.1	8967.0		True	2003-08-03	China	Asia	China	2017-02-22T00:00:00Z	2017-02-22T00:00:00Z
KY120331.1	8995.0		True	2003-08-02	China	Asia	China	2017-02-22T00:00:00Z	2017-02-22T00:00:00Z
KY120330.1	9154.0		True	2002-11-23	China	Asia	China	2017-02-22T00:00:00Z	2017-02-22T00:00:00Z
KY120329.1	9065.0		True	2002-11-05	China	Asia	China	2017-02-22T00:00:00Z	2017-02-22T00:00:00Z
KY120328.1	9045.0		True	2005-05-09	China	Asia	China	2017-02-22T00:00:00Z	2017-02-22T00:00:00Z
KY014622.1	9618.0		True	2012	China	Asia	China	2017-03-01T00:00:00Z	2017-03-01T00:00:00Z
KX621556.1	9020.0		True	2005-03-01	USA	North America	Australia	2016-11-14T00:00:00Z	2016-11-14T00:00:00Z
KX621555.1	9020.0		True	2007-10-30	USA	North America	Australia	2016-11-14T00:00:00Z	2016-11-14T00:00:00Z
KX621554.1	9020.0		True	2001-05-21	USA	North America	Australia	2016-11-14T00:00:00Z	2016-11-14T00:00:00Z
KX621552.1	9020.0		True	2000-07-17	USA	North America	Australia	2016-11-14T00:00:00Z	2016-11-14T00:00:00Z
KX621551.1	9020.0		True	2000-04-26	USA	North America	Australia	2016-11-14T00:00:00Z	2016-11-14T00:00:00Z
KX621550.1	9020.0		True	2007-09-17	Australia	Oceania	Australia	2016-11-14T00:00:00Z	2016-11-14T00:00:00Z
KX621549.1	9020.0		True	2010-01-06	USA	North America	Australia	2016-11-14T00:00:00Z	2016-11-14T00:00:00Z
KX621548.1	9020.0		True	2010-09-08	USA	North America	Australia	2016-11-14T00:00:00Z	2016-11-14T00:00:00Z
KX621547.1	9020.0		True	2009-10-23	USA	North America	Australia	2016-11-14T00:00:00Z	2016-11-14T00:00:00Z
KX621546.1	9020.0		True	2007-12-10	USA	North America	Australia	2016-11-14T00:00:00Z	2016-11-14T00:00:00Z
KX621545.1	9017.0		True	2006-11-30	USA	North America	Australia	2016-11-14T00:00:00Z	2016-11-14T00:00:00Z
KX621544.1	8980.0		True	2011-07-13	USA	North America	Australia	2016-09-17T00:00:00Z	2016-09-17T00:00:00Z
KX621543.1	8973.0		True	2007-02-13	USA	North America	Australia	2016-09-17T00:00:00Z	2016-09-17T00:00:00Z
KX621542.1	8970.0		True	2005-10-11	USA	North America	Australia	2016-09-17T00:00:00Z	2016-09-17T00:00:00Z
KX621541.1	8823.0		True	2005-05-03	USA	North America	Australia	2016-09-17T00:00:00Z	2016-09-17T00:00:00Z
KX621540.1	8664.0		True	2006-11-28	USA	North America	Australia	2016-09-17T00:00:00Z	2016-09-17T00:00:00Z
KX621539.1	8823.0		True	2006-07-18	USA	North America	Australia	2016-09-17T00:00:00Z	2016-09-17T00:00:00Z
KX621538.1	8970.0		True	2006-02-17	USA	North America	Australia	2016-09-17T00:00:00Z	2016-09-17T00:00:00Z
KX621537.1	8823.0		True	2003-03-26	USA	North America	Australia	2016-09-17T00:00:00Z	2016-09-17T00:00:00Z
KX621536.1	8970.0		True	2001-08-20	USA	North America	Australia	2016-09-17T00:00:00Z	2016-09-17T00:00:00Z
KX621535.1	8970.0		True	2001-10-22	USA	North America	Australia	2016-09-17T00:00:00Z	2016-09-17T00:00:00Z
KX621534.1	8823.0		True	2001-09-12	USA	North America	Australia	2016-09-17T00:00:00Z	2016-09-17T00:00:00Z
KX621533.1	8972.0		True	2001-10-29	USA	North America	Australia	2016-09-17T00:00:00Z	2016-09-17T00:00:00Z
KX621532.1	8664.0		True	2000-11-27	USA	North America	Australia	2016-09-17T00:00:00Z	2016-09-17T00:00:00Z
KX621531.1	8823.0		True	2001-06-18	USA	North America	Australia	2016-09-17T00:00:00Z	2016-09-17T00:00:00Z
KX621530.1	8823.0		True	2002-02-18	USA	North America	Australia	2016-09-17T00:00:00Z	2016-09-17T00:00:00Z
KX621529.1	8970.0		True	2007-08-21	USA	North America	Australia	2016-09-17T00:00:00Z	2016-09-17T00:00:00Z
KX621528.1	8970.0		True	2007-04-18	USA	North America	Australia	2016-09-17T00:00:00Z	2016-09-17T00:00:00Z
KX621527.1	8823.0		True	2007-05-22	USA	North America	Australia	2016-09-17T00:00:00Z	2016-09-17T00:00:00Z
KX621526.1	8976.0		True	2007-02-13	USA	North America	Australia	2016-09-17T00:00:00Z	2016-09-17T00:00:00Z
KX621525.1	8664.0		True	2004-02-17	USA	North America	Australia	2016-09-17T00:00:00Z	2016-09-17T00:00:00Z
KX621524.1	8970.0		True	2011-12-21	USA	North America	Australia	2016-09-17T00:00:00Z	2016-09-17T00:00:00Z
KX621523.1	8970.0		True	2010-09-22	USA	North America	Australia	2016-09-17T00:00:00Z	2016-09-17T00:00:00Z
KX621522.1	8823.0		True	2003-12-02	USA	North America	Australia	2016-09-17T00:00:00Z	2016-09-17T00:00:00Z
KX621521.1	8664.0		True	2003-11-18	USA	North America	Australia	2016-09-17T00:00:00Z	2016-09-17T00:00:00Z
KX621520.1	8664.0		True	2001-10-31	USA	North America	Australia	2016-09-17T00:00:00Z	2016-09-17T00:00:00Z
KX621519.1	8823.0		True	2001-08-08	USA	North America	Australia	2016-09-17T00:00:00Z	2016-09-17T00:00:00Z
KX621518.1	8823.0		True	2001-11-14	USA	North America	Australia	2016-09-17T00:00:00Z	2016-09-17T00:00:00Z
KX621517.1	8664.0		True	2001-07-25	USA	North America	Australia	2016-09-17T00:00:00Z	2016-09-17T00:00:00Z
KX621516.1	8823.0		True	2001-12-17	USA	North America	Australia	2016-09-17T00:00:00Z	2016-09-17T00:00:00Z
KX621515.1	8667.0		True	2002-01-07	USA	North America	Australia	2016-09-17T00:00:00Z	2016-09-17T00:00:00Z
KX621514.1	8970.0		True	2001-03-17	USA	North America	Australia	2016-09-17T00:00:00Z	2016-09-17T00:00:00Z
KX621513.1	8823.0		True	2003-05-07	USA	North America	Australia	2016-09-17T00:00:00Z	2016-09-17T00:00:00Z
KX621512.1	8970.0		True	2006-11-28	USA	North America	Australia	2016-09-17T00:00:00Z	2016-09-17T00:00:00Z
KX621511.1	8664.0		True	2001-10-03	USA	North America	Australia	2016-09-17T00:00:00Z	2016-09-17T00:00:00Z
KX621510.1	8970.0		True	2001-01-17	USA	North America	Australia	2016-09-17T00:00:00Z	2016-09-17T00:00:00Z
KX621509.1	8970.0		True	2000-07-01	USA	North America	Australia	2016-09-17T00:00:00Z	2016-09-17T00:00:00Z
KX621508.1	8823.0		True	2006-08-28	USA	North America	Australia	2016-09-17T00:00:00Z	2016-09-17T00:00:00Z
KX621507.1	8823.0		True	2007-05-08	Australia	Oceania	Australia	2016-09-17T00:00:00Z	2016-09-17T00:00:00Z
KX621505.1	8970.0		True	2009-07-01	Australia	Oceania	Australia	2016-09-17T00:00:00Z	2016-09-17T00:00:00Z
KX621504.1	8970.0		True	2008-11-03	Australia	Oceania	Australia	2016-09-17T00:00:00Z	2016-09-17T00:00:00Z
KX621503.1	8823.0		True	2009-05-05	Australia	Oceania	Australia	2016-09-17T00:00:00Z	2016-09-17T00:00:00Z
KX621502.1	8823.0		True	2008-02-29	Australia	Oceania	Australia	2016-09-17T00:00:00Z	2016-09-17T00:00:00Z
KX621501.1	8823.0		True	2008-01-03	Australia	Oceania	Australia	2016-09-17T00:00:00Z	2016-09-17T00:00:00Z
KX621500.1	8973.0		True	2008-03-10	Australia	Oceania	Australia	2016-09-17T00:00:00Z	2016-09-17T00:00:00Z
KX621499.1	8823.0		True	2007-10-10	Australia	Oceania	Australia	2016-09-17T00:00:00Z	2016-09-17T00:00:00Z
KX621498.1	8823.0		True	2007-06-28	Australia	Oceania	Australia	2016-09-17T00:00:00Z	2016-09-17T00:00:00Z
KX621496.1	8823.0		True	2007-03-14	Australia	Oceania	Australia	2016-09-17T00:00:00Z	2016-09-17T00:00:00Z
KX621495.1	8970.0		True	2006-12-06	Australia	Oceania	Australia	2016-09-17T00:00:00Z	2016-09-17T00:00:00Z
KX621494.1	8823.0		True	2007-11-22	Australia	Oceania	Australia	2016-09-17T00:00:00Z	2016-09-17T00:00:00Z
KX621493.1	8961.0		True	2006-06-08	Australia	Oceania	Australia	2016-09-17T00:00:00Z	2016-09-17T00:00:00Z
KX621492.1	8823.0		True	2011-05-26	Australia	Oceania	Australia	2016-09-17T00:00:00Z	2016-09-17T00:00:00Z
KX621491.1	8823.0		True	2011-03-25	Australia	Oceania	Australia	2016-09-17T00:00:00Z	2016-09-17T00:00:00Z
KX621490.1	8823.0		True	2009-11-04	Australia	Oceania	Australia	2016-09-17T00:00:00Z	2016-09-17T00:00:00Z
KX621489.1	8823.0		True	2011-07-25	Australia	Oceania	Australia	2016-09-17T00:00:00Z	2016-09-17T00:00:00Z
KX621488.1	8823.0		True	2011-11-16	Canada	North America	Australia	2016-09-17T00:00:00Z	2016-09-17T00:00:00Z
KX621487.1	8823.0		True	2010-03-05	Canada	North America	Australia	2016-09-17T00:00:00Z	2016-09-17T00:00:00Z
KX621486.1	8823.0		True	2009-07-28	Canada	North America	Australia	2016-09-17T00:00:00Z	2016-09-17T00:00:00Z
KX621485.1	8970.0		True	2010-01-11	Canada	North America	Australia	2016-09-17T00:00:00Z	2016-09-17T00:00:00Z
KX621484.1	8970.0		True	2009-10-15	Canada	North America	Australia	2016-09-17T00:00:00Z	2016-09-17T00:00:00Z
KX621483.1	8823.0		True	2006-12-12	Canada	North America	Australia	2016-09-17T00:00:00Z	2016-09-17T00:00:00Z
KX621482.1	8970.0		True	2006-09-12	Canada	North America	Australia	2016-09-17T00:00:00Z	2016-09-17T00:00:00Z
KX621481.1	8823.0		True	2006-06-09	Canada	North America	Australia	2016-09-17T00:00:00Z	2016-09-17T00:00:00Z
KX621480.1	8823.0		True	2007-04-02	Canada	North America	Australia	2016-09-17T00:00:00Z	2016-09-17T00:00:00Z
KX621479.1	8823.0		True	2005-09-20	Canada	North America	Australia	2016-09-17T00:00:00Z	2016-09-17T00:00:00Z
KX621478.1	8823.0		True	2005-09-06	Canada	North America	Australia	2016-09-17T00:00:00Z	2016-09-17T00:00:00Z
KX621477.1	8823.0		True	2005-11-14	Canada	North America	Australia	2016-09-17T00:00:00Z	2016-09-17T00:00:00Z
KX621476.1	8823.0		True	2006-09-26	Canada	North America	Australia	2016-09-17T00:00:00Z	2016-09-17T00:00:00Z
KX621475.1	8823.0		True	2010-01-26	USA	North America	Australia	2016-09-17T00:00:00Z	2016-09-17T00:00:00Z
KX621474.1	8970.0		True	2010-01-19	USA	North America	Australia	2016-09-17T00:00:00Z	2016-09-17T00:00:00Z
KX621473.1	8970.0		True	2009-07-15	USA	North America	Australia	2016-09-17T00:00:00Z	2016-09-17T00:00:00Z
KX621472.1	8823.0		True	2008-03-03	USA	North America	Australia	2016-09-17T00:00:00Z	2016-09-17T00:00:00Z
KX621471.1	8961.0		True	2008-10-09	USA	North America	Australia	2016-09-17T00:00:00Z	2016-09-17T00:00:00Z
KX621470.1	8823.0		True	2006-11-02	USA	North America	Australia	2016-09-17T00:00:00Z	2016-09-17T00:00:00Z
KX621469.1	8823.0		True	2007-03-23	USA	North America	Australia	2016-09-17T00:00:00Z	2016-09-17T00:00:00Z
KX621468.1	8970.0		True	2007-01-09	USA	North America	Australia	2016-09-17T00:00:00Z	2016-09-17T00:00:00Z
KX621467.1	8666.0		True	2006-03-09	USA	North America	Australia	2016-09-17T00:00:00Z	2016-09-17T00:00:00Z
KX621466.1	8973.0		True	2005-04-12	USA	North America	Australia	2016-09-17T00:00:00Z	2016-09-17T00:00:00Z
KX621465.1	8970.0		True	2004-05-18	USA	North America	Australia	2016-09-17T00:00:00Z	2016-09-17T00:00:00Z
KX621464.1	8976.0		True	2005-11-17	USA	North America	Australia	2016-09-17T00:00:00Z	2016-09-17T00:00:00Z
KX621463.1	8970.0		True	2006-10-20	USA	North America	Australia	2016-09-17T00:00:00Z	2016-09-17T00:00:00Z
KX621462.1	8970.0		True	2006-03-23	USA	North America	Australia	2016-09-17T00:00:00Z	2016-09-17T00:00:00Z
KX621461.1	8970.0		True	2001-07-31	USA	North America	Australia	2016-09-17T00:00:00Z	2016-09-17T00:00:00Z
KX621460.1	8970.0		True	2006-06-15	USA	North America	Australia	2016-09-17T00:00:00Z	2016-09-17T00:00:00Z
KX621459.1	8970.0		True	2006-03-10	USA	North America	Australia	2016-09-17T00:00:00Z	2016-09-17T00:00:00Z
KX621458.1	8970.0		True	2006-03-10	USA	North America	Australia	2016-09-17T00:00:00Z	2016-09-17T00:00:00Z
KX621457.1	8970.0		True	2006-04-06	USA	North America	Australia	2016-09-17T00:00:00Z	2016-09-17T00:00:00Z
KX621456.1	8973.0		True	2004-04-22	USA	North America	Australia	2016-09-17T00:00:00Z	2016-09-17T00:00:00Z
KX621455.1	8967.0		True	2003-09-25	USA	North America	Australia	2016-09-17T00:00:00Z	2016-09-17T00:00:00Z
KX621454.1	8823.0		True	2003-07-23	USA	North America	Australia	2016-09-17T00:00:00Z	2016-09-17T00:00:00Z
KX621453.1	8823.0		True	2000-06-22	USA	North America	Australia	2016-09-17T00:00:00Z	2016-09-17T00:00:00Z
KX621452.1	8970.0		True	2001-09-18	USA	North America	Australia	2016-09-17T00:00:00Z	2016-09-17T00:00:00Z
KX621451.1	8964.0		True	2000-10-26	USA	North America	Australia	2016-09-17T00:00:00Z	2016-09-17T00:00:00Z
KX621450.1	8965.0		True	2001-11-01	USA	North America	Australia	2016-09-17T00:00:00Z	2016-09-17T00:00:00Z
KX621449.1	8970.0		True	2003-01-02	USA	North America	Australia	2016-09-17T00:00:00Z	2016-09-17T00:00:00Z
KX621448.1	8970.0		True	2001-06-13	USA	North America	Australia	2016-09-17T00:00:00Z	2016-09-17T00:00:00Z
KX621447.1	8823.0		True	2002-03-13	USA	North America	Australia	2016-09-17T00:00:00Z	2016-09-17T00:00:00Z
KX621446.1	8970.0		True	2001-07-05	USA	North America	Australia	2016-09-17T00:00:00Z	2016-09-17T00:00:00Z
KX621445.1	8969.0		True	2001-09-17	USA	North America	Australia	2016-09-17T00:00:00Z	2016-09-17T00:00:00Z
KX621444.1	9039.0		True	2001-12-13	USA	North America	Australia	2016-09-17T00:00:00Z	2016-09-17T00:00:00Z
KX621443.1	8664.0		True	1998-02-02	USA	North America	Australia	2016-09-17T00:00:00Z	2016-09-17T00:00:00Z
KX621442.1	8970.0		True	2010-11-24	USA	North America	Australia	2016-09-17T00:00:00Z	2016-09-17T00:00:00Z
KX621441.1	8823.0		True	2007-11-08	USA	North America	Australia	2016-09-17T00:00:00Z	2016-09-17T00:00:00Z
KX621440.1	8970.0		True	2010-11-04	USA	North America	Australia	2016-09-17T00:00:00Z	2016-09-17T00:00:00Z
KX621439.1	8973.0		True	2009-03-18	USA	North America	Australia	2016-09-17T00:00:00Z	2016-09-17T00:00:00Z
KX621438.1	8664.0		True	2008-06-18	USA	North America	Australia	2016-09-17T00:00:00Z	2016-09-17T00:00:00Z
KX621437.1	8961.0		True	2006-10-25	Australia	Oceania	Australia	2016-09-17T00:00:00Z	2016-09-17T00:00:00Z
KX621436.1	8973.0		True	2007-03-05	Australia	Oceania	Australia	2016-09-17T00:00:00Z	2016-09-17T00:00:00Z
KX621435.1	8970.0		True	2007-02-08	Australia	Oceania	Australia	2016-09-17T00:00:00Z	2016-09-17T00:00:00Z
KX621434.1	8823.0		True	2006-11-01	Australia	Oceania	Australia	2016-09-17T00:00:00Z	2016-09-17T00:00:00Z
KX621433.1	8823.0		True	2007-03-12	Australia	Oceania	Australia	2016-09-17T00:00:00Z	2016-09-17T00:00:00Z
KX621432.1	8823.0		True	2007-01-15	Australia	Oceania	Australia	2016-09-17T00:00:00Z	2016-09-17T00:00:00Z
KX621431.1	8823.0		True	2005-11-14	Australia	Oceania	Australia	2016-09-17T00:00:00Z	2016-09-17T00:00:00Z
KX621430.1	8967.0		True	2005-11-10	Australia	Oceania	Australia	2016-09-17T00:00:00Z	2016-09-17T00:00:00Z
KX621429.1	8823.0		True	2004-11-04	Australia	Oceania	Australia	2016-09-17T00:00:00Z	2016-09-17T00:00:00Z
KX621428.1	8823.0		True	2008-01-03	Australia	Oceania	Australia	2016-09-17T00:00:00Z	2016-09-17T00:00:00Z
KX621427.1	8970.0		True	2007-10-24	Australia	Oceania	Australia	2016-09-17T00:00:00Z	2016-09-17T00:00:00Z
KX621426.1	8823.0		True	2007-02-20	Australia	Oceania	Australia	2016-09-17T00:00:00Z	2016-09-17T00:00:00Z
KX621425.1	9036.0		True	2006-05-18	Australia	Oceania	Australia	2016-09-17T00:00:00Z	2016-09-17T00:00:00Z
KX621424.1	8970.0		True	2006-03-24	Australia	Oceania	Australia	2016-09-17T00:00:00Z	2016-09-17T00:00:00Z
KX621423.1	8970.0		True	2004-07-08	Australia	Oceania	Australia	2016-09-17T00:00:00Z	2016-09-17T00:00:00Z
KX621422.1	8973.0		True	2004-06-24	Australia	Oceania	Australia	2016-09-17T00:00:00Z	2016-09-17T00:00:00Z
KX092342.1	9382.0		True	2010-01	France	Europe	France	2016-08-28T00:00:00Z	2016-08-28T00:00:00Z
KJ437342.3	9337.0		True	2010-05-27	Australia	Oceania	Australia	2014-05-26T00:00:00Z	2016-08-16T00:00:00Z
KJ437327.2	8823.0		True	2007-08-02	Australia	Oceania	Australia	2014-05-26T00:00:00Z	2016-08-16T00:00:00Z
KJ437318.2	8823.0		True	2008-01-17	Australia	Oceania	Australia	2014-05-26T00:00:00Z	2016-08-16T00:00:00Z
KJ437314.2	8823.0		True	2007-02-28	Australia	Oceania	Australia	2014-05-26T00:00:00Z	2016-08-16T00:00:00Z
KJ437313.2	8823.0		True	2008-06-26	Australia	Oceania	Australia	2014-05-26T00:00:00Z	2016-08-16T00:00:00Z
KJ437311.2	8823.0		True	2007-01-04	Australia	Oceania	Australia	2014-05-26T00:00:00Z	2016-08-16T00:00:00Z
KJ437307.2	8823.0		True	2007-05-09	Australia	Oceania	Australia	2014-05-26T00:00:00Z	2016-08-16T00:00:00Z
KJ437300.2	9215.0		True	2008-11-26	Australia	Oceania	Australia	2014-05-26T00:00:00Z	2016-08-16T00:00:00Z
KJ437296.2	8046.0		True	2008-10-19	Australia	Oceania	Australia	2014-05-26T00:00:00Z	2016-08-16T00:00:00Z
KJ437295.2	9355.0		True	2011-03-30	Australia	Oceania	Australia	2014-05-26T00:00:00Z	2016-08-16T00:00:00Z
KJ437279.2	8046.0		True	2009-02-23	Australia	Oceania	Australia	2014-05-26T00:00:00Z	2016-08-16T00:00:00Z
KJ437271.2	8046.0		True	2009-05-25	Australia	Oceania	Australia	2014-05-26T00:00:00Z	2016-08-16T00:00:00Z
HM777358.1	9112.0		True	2006-11-09	Venezuela	South America	Venezuela	2011-01-02T00:00:00Z	2016-07-25T00:00:00Z
GQ356217.1	8801.0		True	2006-02-09	United Kingdom	Europe		2009-12-07T00:00:00Z	2016-07-24T00:00:00Z
GQ356216.1	8787.0		True	2003-02-04	United Kingdom	Europe		2009-12-07T00:00:00Z	2016-07-24T00:00:00Z
GQ356215.1	8801.0		True	2006-07-03	United Kingdom	Europe		2009-12-07T00:00:00Z	2016-07-24T00:00:00Z
GQ356214.1	8803.0		True	2006-11-10	United Kingdom	Europe		2009-12-07T00:00:00Z	2016-07-24T00:00:00Z
GQ356213.1	8792.0		True	2006-05-22	United Kingdom	Europe		2009-12-07T00:00:00Z	2016-07-24T00:00:00Z
GQ356212.1	8802.0		True	2007-01-30	United Kingdom	Europe		2009-12-07T00:00:00Z	2016-07-24T00:00:00Z
GQ356211.1	8803.0		True	2006-05-08	United Kingdom	Europe		2009-12-07T00:00:00Z	2016-07-24T00:00:00Z
GQ356210.1	8802.0		True	2006-07-03	United Kingdom	Europe		2009-12-07T00:00:00Z	2016-07-24T00:00:00Z
GQ356209.1	8794.0		True	2006-02-13	United Kingdom	Europe		2009-12-07T00:00:00Z	2016-07-24T00:00:00Z
GQ356208.1	8793.0		True	2006-05-15	United Kingdom	Europe		2009-12-07T00:00:00Z	2016-07-24T00:00:00Z
GQ356207.1	8791.0		True	2006-05-15	United Kingdom	Europe		2009-12-07T00:00:00Z	2016-07-24T00:00:00Z
GQ356206.1	9089.0		True	2005-11-28	United Kingdom	Europe		2009-12-07T00:00:00Z	2016-07-24T00:00:00Z
GQ356205.1	8794.0		True	2006-07-10	United Kingdom	Europe		2009-12-07T00:00:00Z	2016-07-24T00:00:00Z
GQ356204.1	8800.0		True	2005-12-05	United Kingdom	Europe		2009-12-07T00:00:00Z	2016-07-24T00:00:00Z
GQ356203.1	8800.0		True	2006-01-19	United Kingdom	Europe		2009-12-07T00:00:00Z	2016-07-24T00:00:00Z
GQ356202.1	8988.0		True	2006-01-23	United Kingdom	Europe		2009-12-07T00:00:00Z	2016-07-24T00:00:00Z
GQ356201.1	8793.0		True	2006-05-08	United Kingdom	Europe		2009-12-07T00:00:00Z	2016-07-24T00:00:00Z
GQ356200.1	8788.0		True	2006-04-24	United Kingdom	Europe		2009-12-07T00:00:00Z	2016-07-24T00:00:00Z
FJ515149.1	8168.0		True	2005	Taiwan	Asia	Taiwan	2009-11-30T00:00:00Z	2016-07-24T00:00:00Z
FJ515129.1	8169.0		True	2005	Taiwan	Asia	Taiwan	2009-11-30T00:00:00Z	2016-07-24T00:00:00Z
FJ515122.1	8155.0		True	2005	Taiwan	Asia	Taiwan	2009-11-30T00:00:00Z	2016-07-24T00:00:00Z
FJ515105.1	8169.0		True	2005	Taiwan	Asia	Taiwan	2009-11-30T00:00:00Z	2016-07-24T00:00:00Z
FJ515096.1	8169.0		True	2005	Taiwan	Asia	Taiwan	2009-11-30T00:00:00Z	2016-07-24T00:00:00Z
FJ515090.1	8169.0		True	2005	Taiwan	Asia	Taiwan	2009-11-30T00:00:00Z	2016-07-24T00:00:00Z
FJ515077.1	8169.0		True	2004	Taiwan	Asia	Taiwan	2009-11-30T00:00:00Z	2016-07-24T00:00:00Z
FJ515076.1	8169.0		True	2004	Taiwan	Asia	Taiwan	2009-11-30T00:00:00Z	2016-07-24T00:00:00Z
FJ515073.1	8169.0		True	2004	Taiwan	Asia	Taiwan	2009-11-30T00:00:00Z	2016-07-24T00:00:00Z
FJ515040.1	8169.0		True	2004	Taiwan	Asia	Taiwan	2009-11-30T00:00:00Z	2016-07-24T00:00:00Z
FJ515016.1	8169.0		True	2004	Taiwan	Asia	Taiwan	2009-11-30T00:00:00Z	2016-07-24T00:00:00Z
EU862833.1	9226.0		True	2004	Germany	Europe	USA	2009-12-21T00:00:00Z	2016-07-24T00:00:00Z
EU862827.1	9293.0		True	1993	USA	North America	USA	2008-09-23T00:00:00Z	2016-07-26T00:00:00Z
EU862826.1	9209.0		True	1989	USA	North America	USA	2008-09-23T00:00:00Z	2016-07-26T00:00:00Z
EU862824.1	9289.0		True	2004	Germany	Europe	USA	2008-09-23T00:00:00Z	2016-07-26T00:00:00Z
DQ430820.1	8965.0		True	2002	USA	North America	USA	2007-03-31T00:00:00Z	2016-07-26T00:00:00Z
DQ430819.1	8969.0		True	2000	USA	North America	USA	2007-03-31T00:00:00Z	2016-07-26T00:00:00Z
DQ430817.1	9007.0		True	2004	USA	North America	USA	2007-03-31T00:00:00Z	2016-07-26T00:00:00Z
DQ430815.1	9002.0		True	1999	USA	North America	USA	2007-03-31T00:00:00Z	2016-07-26T00:00:00Z
DQ430813.1	8910.0		True	2003	USA	North America	USA	2007-03-31T00:00:00Z	2016-07-26T00:00:00Z
DQ430811.1	8936.0		True	2002	USA	North America	USA	2007-03-31T00:00:00Z	2016-07-26T00:00:00Z
AY956469.1	8934.0		True	2002	USA: San Francisco	North America	USA	2006-03-31T00:00:00Z	2016-07-26T00:00:00Z
AY956468.1	8901.0		True	2002	USA: San Francisco	North America	USA	2006-03-31T00:00:00Z	2016-07-26T00:00:00Z
AY956467.1	8918.0		True	2002	USA: San Francisco	North America	USA	2006-03-31T00:00:00Z	2016-07-26T00:00:00Z
AY956466.1	8911.0		True	2002	USA: San Francisco	North America	USA	2006-03-31T00:00:00Z	2016-07-26T00:00:00Z
AY956465.1	8925.0		True	2002	USA: San Francisco	North America	USA	2006-03-31T00:00:00Z	2016-07-26T00:00:00Z
AY956464.1	8926.0		True	2002	USA: San Francisco	North America	USA	2006-03-31T00:00:00Z	2016-07-26T00:00:00Z
AY956463.1	8918.0		True	2002	USA: San Francisco	North America	USA	2006-03-31T00:00:00Z	2016-07-26T00:00:00Z
LC011929.1	9594.0		True	2012-10-08	Japan	Asia	Japan	2016-01-09T00:00:00Z	2016-04-08T00:00:00Z
KX172138.1	9427.0		True	2014-11	Belgium	Europe	USA	2016-05-25T00:00:00Z	2016-05-25T00:00:00Z
KU871311.1	9191.0		True	2009-04-16	Australia	Oceania	Australia	2016-03-28T00:00:00Z	2016-03-28T00:00:00Z
KU871310.1	9188.0		True	2010-02-05	Australia	Oceania	Australia	2016-03-28T00:00:00Z	2016-03-28T00:00:00Z
KU871309.1	9161.0		True	2011-11-28	Australia	Oceania	Australia	2016-03-28T00:00:00Z	2016-03-28T00:00:00Z
KU871308.1	9161.0		True	2011-07-08	Australia	Oceania	Australia	2016-03-28T00:00:00Z	2016-03-28T00:00:00Z
KU871307.1	9164.0		True	2013-11-04	Australia	Oceania	Australia	2016-03-28T00:00:00Z	2016-03-28T00:00:00Z
KU871306.1	9164.0		True	2012-08-13	Australia	Oceania	Australia	2016-03-28T00:00:00Z	2016-03-28T00:00:00Z
KU871305.1	9164.0		True	2010-05-17	Australia	Oceania	Australia	2016-03-28T00:00:00Z	2016-03-28T00:00:00Z
KU871304.1	9164.0		True	2012-04-16	Australia	Oceania	Australia	2016-03-28T00:00:00Z	2016-03-28T00:00:00Z
KU871303.1	9164.0		True	2012-07-12	Australia	Oceania	Australia	2016-03-28T00:00:00Z	2016-03-28T00:00:00Z
KU871302.1	9164.0		True	2011-12-02	Australia	Oceania	Australia	2016-03-28T00:00:00Z	2016-03-28T00:00:00Z
KU871301.1	9164.0		True	2014-01-01	Netherlands	Europe	Australia	2016-03-28T00:00:00Z	2016-03-28T00:00:00Z
KU871300.1	9165.0		True	2010-05-05	Australia	Oceania	Australia	2016-03-28T00:00:00Z	2016-03-28T00:00:00Z
KU871299.1	9194.0		True	2007-02-13	Australia	Oceania	Australia	2016-03-28T00:00:00Z	2016-03-28T00:00:00Z
KU871298.1	9194.0		True	2012-01-20	Australia	Oceania	Australia	2016-03-28T00:00:00Z	2016-03-28T00:00:00Z
KU871297.1	9194.0		True	2011-06-09	Australia	Oceania	Australia	2016-03-28T00:00:00Z	2016-03-28T00:00:00Z
KU871296.1	9194.0		True	2013-05-05	Australia	Oceania	Australia	2016-03-28T00:00:00Z	2016-03-28T00:00:00Z
KU871295.1	9194.0		True	2012-04-16	Australia	Oceania	Australia	2016-03-28T00:00:00Z	2016-03-28T00:00:00Z
KU871294.1	9194.0		True	2012-09-04	Australia	Oceania	Australia	2016-03-28T00:00:00Z	2016-03-28T00:00:00Z
KU871293.1	9176.0		True	2014-01-01	Netherlands	Europe	Australia	2016-03-28T00:00:00Z	2016-03-28T00:00:00Z
KU871292.1	8915.0		True	2014-01-01	Netherlands	Europe	Australia	2016-03-28T00:00:00Z	2016-03-28T00:00:00Z
KU871291.1	9176.0		True	2014-01-01	Netherlands	Europe	Australia	2016-03-28T00:00:00Z	2016-03-28T00:00:00Z
KU871290.1	9153.0		True	2014-01-01	Netherlands	Europe	Australia	2016-03-28T00:00:00Z	2016-03-28T00:00:00Z
KU871289.1	9177.0		True	2014-01-01	Netherlands	Europe	Australia	2016-03-28T00:00:00Z	2016-03-28T00:00:00Z
KU871288.1	9174.0		True	2014-01-01	Netherlands	Europe	Australia	2016-03-28T00:00:00Z	2016-03-28T00:00:00Z
KU871287.1	9185.0		True	2014-01-01	Netherlands	Europe	Australia	2016-03-28T00:00:00Z	2016-03-28T00:00:00Z
KU871286.1	9173.0		True	2014-01-01	Netherlands	Europe	Australia	2016-03-28T00:00:00Z	2016-03-28T00:00:00Z
KU871285.1	9173.0		True	2014-01-01	Netherlands	Europe	Australia	2016-03-28T00:00:00Z	2016-03-28T00:00:00Z
KU871284.1	9173.0		True	2014-01-01	Netherlands	Europe	Australia	2016-03-28T00:00:00Z	2016-03-28T00:00:00Z
KU871283.1	9173.0		True	2014-01-01	Netherlands	Europe	Australia	2016-03-28T00:00:00Z	2016-03-28T00:00:00Z
KU871282.1	9244.0		True	2014-01-01	Netherlands	Europe	Australia	2016-03-28T00:00:00Z	2016-03-28T00:00:00Z
KU871281.1	9244.0		True	2014-01-01	Netherlands	Europe	Australia	2016-03-28T00:00:00Z	2016-03-28T00:00:00Z
KU871280.1	9244.0		True	2014-01-01	Netherlands	Europe	Australia	2016-03-28T00:00:00Z	2016-03-28T00:00:00Z
KU871279.1	9244.0		True	2014-01-01	Netherlands	Europe	Australia	2016-03-28T00:00:00Z	2016-03-28T00:00:00Z
KU871278.1	9091.0		True	2010-05-17	Australia	Oceania	Australia	2016-03-28T00:00:00Z	2016-03-28T00:00:00Z
KU871277.1	9214.0		True	2013-05-16	Australia	Oceania	Australia	2016-03-28T00:00:00Z	2016-03-28T00:00:00Z
KU871276.1	9170.0		True	2008-12-15	Australia	Oceania	Australia	2016-03-28T00:00:00Z	2016-03-28T00:00:00Z
KU746825.1	9090.0		True	2012-08-21	India	Asia	India	2016-05-14T00:00:00Z	2016-05-14T00:00:00Z
KT734610.1	8808.0		True	2009-07-23	USA	North America	USA	2015-10-27T00:00:00Z	2016-03-22T00:00:00Z
KT734609.1	8806.0		True	2009-11-25	USA	North America	USA	2015-10-27T00:00:00Z	2016-03-22T00:00:00Z
KT734608.1	8740.0		True	2009-11-25	USA	North America	USA	2015-10-27T00:00:00Z	2016-03-22T00:00:00Z
KT734607.1	8107.0		True	2009-11-25	USA	North America	USA	2015-10-27T00:00:00Z	2016-03-22T00:00:00Z
KT734606.1	8808.0		True	2009-11-25	USA	North America	USA	2015-10-27T00:00:00Z	2016-03-22T00:00:00Z
KT734605.1	8808.0		True	2009-07-08	USA	North America	USA	2015-10-27T00:00:00Z	2016-03-22T00:00:00Z
KT734604.1	8806.0		True	2009-07-08	USA	North America	USA	2015-10-27T00:00:00Z	2016-03-22T00:00:00Z
KT734603.1	8502.0		True	2009-07-08	USA	North America	USA	2015-10-27T00:00:00Z	2016-03-22T00:00:00Z
KT734602.1	8806.0		True	2009-07-08	USA	North America	USA	2015-10-27T00:00:00Z	2016-03-22T00:00:00Z
KT734601.1	8047.0		True	2009-07-08	USA	North America	USA	2015-10-27T00:00:00Z	2016-03-22T00:00:00Z
KT734600.1	8437.0		True	2009-07-08	USA	North America	USA	2015-10-27T00:00:00Z	2016-03-22T00:00:00Z
KT734599.1	8807.0		True	2009-07-23	USA	North America	USA	2015-10-27T00:00:00Z	2016-03-22T00:00:00Z
KT734598.1	8807.0		True	2009-07-23	USA	North America	USA	2015-10-27T00:00:00Z	2016-03-22T00:00:00Z
KT734597.1	8807.0		True	2009-07-23	USA	North America	USA	2015-10-27T00:00:00Z	2016-03-22T00:00:00Z
KT734596.1	8807.0		True	2009-07-23	USA	North America	USA	2015-10-27T00:00:00Z	2016-03-22T00:00:00Z
DQ988079.1	8965.0		True	2006	Egypt	Africa	USA	2007-09-30T00:00:00Z	2016-07-14T00:00:00Z
DQ988078.1	9050.0		True	2006	Egypt	Africa	USA	2007-09-30T00:00:00Z	2016-07-14T00:00:00Z
DQ988077.1	9043.0		True	2006	Egypt	Africa	USA	2007-09-30T00:00:00Z	2016-07-14T00:00:00Z
DQ988076.1	9051.0		True	2006	Egypt	Africa	USA	2007-09-30T00:00:00Z	2016-07-14T00:00:00Z
DQ988075.1	9057.0		True	2006	Egypt	Africa	USA	2007-09-30T00:00:00Z	2016-07-14T00:00:00Z
DQ988074.1	9054.0		True	2006	Egypt	Africa	USA	2007-09-30T00:00:00Z	2016-07-14T00:00:00Z
DQ988073.1	8957.0		True	2006	Egypt	Africa	USA	2007-09-30T00:00:00Z	2016-07-14T00:00:00Z
LC011931.1	9594.0		True	2007-04-27	Japan	Asia	Japan	2016-01-09T00:00:00Z	2016-01-09T00:00:00Z
LC011930.1	9594.0		True	2004-12-02	Japan	Asia	Japan	2016-01-09T00:00:00Z	2016-01-09T00:00:00Z
LC011928.1	9594.0		True	2007-04-27	Japan	Asia	Japan	2016-01-09T00:00:00Z	2016-01-09T00:00:00Z
LC011927.1	9594.0		True	2003-04-23	Japan	Asia	Japan	2016-01-09T00:00:00Z	2016-01-09T00:00:00Z
KT983617.1	9255.0		True	2015	Russia	Europe	Russia	2016-01-12T00:00:00Z	2016-01-12T00:00:00Z
KT983616.1	9261.0		True	2010	Russia	Europe	Russia	2016-01-12T00:00:00Z	2016-01-12T00:00:00Z
KT735187.1	9191.0		True	2014	France	Europe	France	2016-02-23T00:00:00Z	2016-02-23T00:00:00Z
KT735186.1	9226.0		True	2014-02	France	Europe	France	2016-02-23T00:00:00Z	2016-02-23T00:00:00Z
KT735185.1	9193.0		True	2014	France	Europe	France	2016-02-23T00:00:00Z	2016-02-23T00:00:00Z
KT735184.1	9220.0		True	2010-10	France	Europe	France	2016-02-23T00:00:00Z	2016-02-23T00:00:00Z
KT735183.1	9261.0		True	2011-08	France	Europe	France	2016-02-23T00:00:00Z	2016-02-23T00:00:00Z
KT735182.1	9216.0		True	2013-01	France	Europe	France	2016-02-23T00:00:00Z	2016-02-23T00:00:00Z
KT735181.1	9217.0		True	2013-01	France	Europe	France	2016-02-23T00:00:00Z	2016-02-23T00:00:00Z
KT735180.1	9295.0		True	2013-08	France	Europe	France	2016-02-23T00:00:00Z	2016-02-23T00:00:00Z
KT735179.1	9211.0		True	2013-01	France	Europe	France	2016-02-23T00:00:00Z	2016-02-23T00:00:00Z
KT735178.1	9284.0		True	2011-10	France	Europe	France	2016-02-23T00:00:00Z	2016-02-23T00:00:00Z
KT734595.1	8807.0		True	2009-07-23	USA	North America	USA	2015-10-27T00:00:00Z	2016-03-22T00:00:00Z
KT734594.1	8807.0		True	2009-07-23	USA	North America	USA	2015-10-27T00:00:00Z	2016-03-22T00:00:00Z
KT734593.1	8807.0		True	2009-07-23	USA	North America	USA	2015-10-27T00:00:00Z	2016-03-22T00:00:00Z
KT734592.1	8807.0		True	2009-07-23	USA	North America	USA	2015-10-27T00:00:00Z	2016-03-22T00:00:00Z
KT734591.1	8807.0		True	2009-07-23	USA	North America	USA	2015-10-27T00:00:00Z	2016-03-22T00:00:00Z
KT734590.1	8807.0		True	2009-07-23	USA	North America	USA	2015-10-27T00:00:00Z	2016-03-22T00:00:00Z
KT734589.1	8807.0		True	2009-07-23	USA	North America	USA	2015-10-27T00:00:00Z	2016-03-22T00:00:00Z
KT734588.1	8807.0		True	2009-07-23	USA	North America	USA	2015-10-27T00:00:00Z	2016-03-22T00:00:00Z
KT734587.1	8807.0		True	2009-11-25	USA	North America	USA	2015-10-27T00:00:00Z	2016-03-22T00:00:00Z
KT734586.1	8807.0		True	2009-11-25	USA	North America	USA	2015-10-27T00:00:00Z	2016-03-22T00:00:00Z
KT734585.1	8807.0		True	2009-11-25	USA	North America	USA	2015-10-27T00:00:00Z	2016-03-22T00:00:00Z
KT734584.1	8807.0		True	2009-11-25	USA	North America	USA	2015-10-27T00:00:00Z	2016-03-22T00:00:00Z
KT734583.1	8807.0		True	2009-11-25	USA	North America	USA	2015-10-27T00:00:00Z	2016-03-22T00:00:00Z
KT734582.1	8807.0		True	2009-11-25	USA	North America	USA	2015-10-27T00:00:00Z	2016-03-22T00:00:00Z
KT734581.1	8807.0		True	2009-11-25	USA	North America	USA	2015-10-27T00:00:00Z	2016-03-22T00:00:00Z
KT734580.1	8807.0		True	2009-11-25	USA	North America	USA	2015-10-27T00:00:00Z	2016-03-22T00:00:00Z
KT734579.1	8807.0		True	2009-11-25	USA	North America	USA	2015-10-27T00:00:00Z	2016-03-22T00:00:00Z
KT734578.1	8807.0		True	2009-11-25	USA	North America	USA	2015-10-27T00:00:00Z	2016-03-22T00:00:00Z
KT734577.1	8807.0		True	2009-11-25	USA	North America	USA	2015-10-27T00:00:00Z	2016-03-22T00:00:00Z
KT734576.1	8807.0		True	2009-11-25	USA	North America	USA	2015-10-27T00:00:00Z	2016-03-22T00:00:00Z
KT734575.1	8807.0		True	2009-11-25	USA	North America	USA	2015-10-27T00:00:00Z	2016-03-22T00:00:00Z
KT734574.1	8807.0		True	2009-11-25	USA	North America	USA	2015-10-27T00:00:00Z	2016-03-22T00:00:00Z
KT734573.1	8807.0		True	2009-11-25	USA	North America	USA	2015-10-27T00:00:00Z	2016-03-22T00:00:00Z
KT734572.1	8807.0		True	2009-11-25	USA	North America	USA	2015-10-27T00:00:00Z	2016-03-22T00:00:00Z
KT734571.1	8807.0		True	2009-11-25	USA	North America	USA	2015-10-27T00:00:00Z	2016-03-22T00:00:00Z
KT734570.1	8807.0		True	2009-11-25	USA	North America	USA	2015-10-27T00:00:00Z	2016-03-22T00:00:00Z
KT734569.1	8807.0		True	2009-11-25	USA	North America	USA	2015-10-27T00:00:00Z	2016-03-22T00:00:00Z
KT734568.1	8807.0		True	2009-11-25	USA	North America	USA	2015-10-27T00:00:00Z	2016-03-22T00:00:00Z
KT734567.1	8807.0		True	2009-11-25	USA	North America	USA	2015-10-27T00:00:00Z	2016-03-22T00:00:00Z
KT734566.1	8807.0		True	2009-11-25	USA	North America	USA	2015-10-27T00:00:00Z	2016-03-22T00:00:00Z
KT734565.1	8807.0		True	2009-11-25	USA	North America	USA	2015-10-27T00:00:00Z	2016-03-22T00:00:00Z
KT734564.1	8807.0		True	2009-11-25	USA	North America	USA	2015-10-27T00:00:00Z	2016-03-22T00:00:00Z
KT734563.1	8807.0		True	2009-11-25	USA	North America	USA	2015-10-27T00:00:00Z	2016-03-22T00:00:00Z
KT734562.1	8807.0		True	2009-11-25	USA	North America	USA	2015-10-27T00:00:00Z	2016-03-22T00:00:00Z
KT734561.1	8807.0		True	2009-11-25	USA	North America	USA	2015-10-27T00:00:00Z	2016-03-22T00:00:00Z
KT734560.1	8807.0		True	2009-11-25	USA	North America	USA	2015-10-27T00:00:00Z	2016-03-22T00:00:00Z
KT734559.1	8807.0		True	2009-11-25	USA	North America	USA	2015-10-27T00:00:00Z	2016-03-22T00:00:00Z
KT734558.1	8807.0		True	2009-11-25	USA	North America	USA	2015-10-27T00:00:00Z	2016-03-22T00:00:00Z
KT734557.1	8807.0		True	2009-11-25	USA	North America	USA	2015-10-27T00:00:00Z	2016-03-22T00:00:00Z
KT734556.1	8807.0		True	2009-11-25	USA	North America	USA	2015-10-27T00:00:00Z	2016-03-22T00:00:00Z
KT734555.1	8807.0		True	2009-11-25	USA	North America	USA	2015-10-27T00:00:00Z	2016-03-22T00:00:00Z
KT734554.1	8807.0		True	2009-11-25	USA	North America	USA	2015-10-27T00:00:00Z	2016-03-22T00:00:00Z
KT734553.1	8807.0		True	2009-11-25	USA	North America	USA	2015-10-27T00:00:00Z	2016-03-22T00:00:00Z
KT734552.1	8807.0		True	2009-11-25	USA	North America	USA	2015-10-27T00:00:00Z	2016-03-22T00:00:00Z
KT734551.1	8807.0		True	2009-11-25	USA	North America	USA	2015-10-27T00:00:00Z	2016-03-22T00:00:00Z
KT734550.1	8807.0		True	2009-11-25	USA	North America	USA	2015-10-27T00:00:00Z	2016-03-22T00:00:00Z
KT734549.1	8807.0		True	2009-11-25	USA	North America	USA	2015-10-27T00:00:00Z	2016-03-22T00:00:00Z
KT734548.1	8807.0		True	2009-11-25	USA	North America	USA	2015-10-27T00:00:00Z	2016-03-22T00:00:00Z
KT734547.1	8807.0		True	2009-11-25	USA	North America	USA	2015-10-27T00:00:00Z	2016-03-22T00:00:00Z
KT734546.1	8807.0		True	2009-11-25	USA	North America	USA	2015-10-27T00:00:00Z	2016-03-22T00:00:00Z
KT734545.1	8807.0		True	2009-11-25	USA	North America	USA	2015-10-27T00:00:00Z	2016-03-22T00:00:00Z
KT734544.1	8807.0		True	2009-07-08	USA	North America	USA	2015-10-27T00:00:00Z	2016-03-22T00:00:00Z
KT734543.1	8807.0		True	2009-07-08	USA	North America	USA	2015-10-27T00:00:00Z	2016-03-22T00:00:00Z
KT734542.1	8807.0		True	2009-07-08	USA	North America	USA	2015-10-27T00:00:00Z	2016-03-22T00:00:00Z
KT734541.1	8807.0		True	2009-07-08	USA	North America	USA	2015-10-27T00:00:00Z	2016-03-22T00:00:00Z
KT734540.1	8807.0		True	2009-07-08	USA	North America	USA	2015-10-27T00:00:00Z	2016-03-22T00:00:00Z
KT734539.1	8807.0		True	2009-07-08	USA	North America	USA	2015-10-27T00:00:00Z	2016-03-22T00:00:00Z
KT734538.1	8807.0		True	2009-07-08	USA	North America	USA	2015-10-27T00:00:00Z	2016-03-22T00:00:00Z
KT734537.1	8807.0		True	2009-07-08	USA	North America	USA	2015-10-27T00:00:00Z	2016-03-22T00:00:00Z
KT734536.1	8807.0		True	2009-07-08	USA	North America	USA	2015-10-27T00:00:00Z	2016-03-22T00:00:00Z
KT734535.1	8807.0		True	2009-07-08	USA	North America	USA	2015-10-27T00:00:00Z	2016-03-22T00:00:00Z
KT734534.1	8807.0		True	2009-07-08	USA	North America	USA	2015-10-27T00:00:00Z	2016-03-22T00:00:00Z
KT734533.1	8807.0		True	2009-07-08	USA	North America	USA	2015-10-27T00:00:00Z	2016-03-22T00:00:00Z
KT734532.1	8807.0		True	2009-07-08	USA	North America	USA	2015-10-27T00:00:00Z	2016-03-22T00:00:00Z
KT734531.1	8807.0		True	2009-07-08	USA	North America	USA	2015-10-27T00:00:00Z	2016-03-22T00:00:00Z
KT734530.1	8807.0		True	2009-07-08	USA	North America	USA	2015-10-27T00:00:00Z	2016-03-22T00:00:00Z
KT734529.1	8807.0		True	2009-07-08	USA	North America	USA	2015-10-27T00:00:00Z	2016-03-22T00:00:00Z
KT734528.1	8807.0		True	2009-07-08	USA	North America	USA	2015-10-27T00:00:00Z	2016-03-22T00:00:00Z
KT734527.1	8807.0		True	2009-07-08	USA	North America	USA	2015-10-27T00:00:00Z	2016-03-22T00:00:00Z
KT734526.1	8807.0		True	2009-07-08	USA	North America	USA	2015-10-27T00:00:00Z	2016-03-22T00:00:00Z
KT734525.1	8807.0		True	2009-07-08	USA	North America	USA	2015-10-27T00:00:00Z	2016-03-22T00:00:00Z
KT734524.1	8807.0		True	2009-07-08	USA	North America	USA	2015-10-27T00:00:00Z	2016-03-22T00:00:00Z
KT734523.1	8807.0		True	2009-07-08	USA	North America	USA	2015-10-27T00:00:00Z	2016-03-22T00:00:00Z
KT734522.1	8807.0		True	2009-07-08	USA	North America	USA	2015-10-27T00:00:00Z	2016-03-22T00:00:00Z
KT734521.1	8807.0		True	2009-07-08	USA	North America	USA	2015-10-27T00:00:00Z	2016-03-22T00:00:00Z
KT734520.1	8807.0		True	2009-07-08	USA	North America	USA	2015-10-27T00:00:00Z	2016-03-22T00:00:00Z
KT734519.1	8807.0		True	2009-07-08	USA	North America	USA	2015-10-27T00:00:00Z	2016-03-22T00:00:00Z
KT734518.1	8807.0		True	2009-07-08	USA	North America	USA	2015-10-27T00:00:00Z	2016-03-22T00:00:00Z
KT734517.1	8807.0		True	2009-07-08	USA	North America	USA	2015-10-27T00:00:00Z	2016-03-22T00:00:00Z
KT734516.1	8807.0		True	2009-07-08	USA	North America	USA	2015-10-27T00:00:00Z	2016-03-22T00:00:00Z
KT595242.1	9100.0		True	2009-01-01	Burkina Faso	Africa	France	2016-02-02T00:00:00Z	2016-02-02T00:00:00Z
KR870888.1	9331.0		True	2009	Cameroon	Africa	United Kingdom	2015-08-03T00:00:00Z	2015-10-01T00:00:00Z
KP721475.1	9635.0			2014-06-01	China	Asia	China	2015-07-22T00:00:00Z	2015-07-22T00:00:00Z
KM587630.1	9407.0		True	2012-07-19	USA	North America	USA	2015-04-21T00:00:00Z	2015-07-16T00:00:00Z
KM587629.1	9414.0		True	2012-07-19	USA	North America	USA	2015-04-21T00:00:00Z	2015-07-16T00:00:00Z
KM587628.1	9399.0		True	2012-07-06	USA	North America	USA	2015-04-21T00:00:00Z	2015-07-16T00:00:00Z
KM587627.1	9396.0		True	2012-07-27	USA	North America	USA	2015-04-21T00:00:00Z	2015-07-16T00:00:00Z
KM587626.1	9405.0		True	2012-07-26	USA	North America	USA	2015-04-21T00:00:00Z	2015-07-16T00:00:00Z
KM587625.1	9524.0		True	2012-07-18	USA	North America	USA	2015-04-21T00:00:00Z	2015-07-16T00:00:00Z
KM587624.1	9429.0		True	2012-07-16	USA	North America	USA	2015-04-21T00:00:00Z	2015-07-16T00:00:00Z
KM587623.1	9491.0		True	2012-06-27	USA	North America	USA	2015-04-21T00:00:00Z	2015-07-16T00:00:00Z
KM587622.1	9505.0		True	2012-05-25	Australia	Oceania	USA	2015-04-21T00:00:00Z	2015-07-16T00:00:00Z
KM587621.1	9551.0		True	2012-04-26	USA	North America	USA	2015-04-21T00:00:00Z	2015-07-16T00:00:00Z
KM587620.1	9634.0		True	2012-05-16	USA	North America	USA	2015-04-21T00:00:00Z	2015-07-16T00:00:00Z
KM587619.1	9637.0		True	2010-12-10	New Zealand	Oceania	USA	2015-04-21T00:00:00Z	2015-07-16T00:00:00Z
KM587617.1	9466.0		True	2012-05-31	Australia	Oceania	USA	2015-04-21T00:00:00Z	2015-07-16T00:00:00Z
KM587616.1	9534.0		True	2012-06-27	USA	North America	USA	2015-04-21T00:00:00Z	2015-07-16T00:00:00Z
KM587615.1	9417.0		True	2012-07-06	USA	North America	USA	2015-04-21T00:00:00Z	2015-07-16T00:00:00Z
KM587614.1	9309.0		True	2012-07-06	USA	North America	USA	2015-04-21T00:00:00Z	2015-07-16T00:00:00Z
KM349851.1	9696.0		True	2002-02-01	USA: Los Angeles, CA	North America	USA	2014-11-10T00:00:00Z	2014-11-10T00:00:00Z
KM277581.1	8946.0		True	2007-01-01	Belgium	Europe	Belgium	2014-10-19T00:00:00Z	2014-10-19T00:00:00Z
KM277580.1	8933.0		True	2007-01-01	Belgium	Europe	Belgium	2014-10-19T00:00:00Z	2014-10-19T00:00:00Z
KM277579.1	8875.0		True	2007-01-01	Belgium	Europe	Belgium	2014-10-19T00:00:00Z	2014-10-19T00:00:00Z
KM277578.1	8932.0		True	2007-01-01	Belgium	Europe	Belgium	2014-10-19T00:00:00Z	2014-10-19T00:00:00Z
KM277577.1	8899.0		True	2007-01-01	Belgium	Europe	Belgium	2014-10-19T00:00:00Z	2014-10-19T00:00:00Z
KM277576.1	8941.0		True	2007-01-01	Belgium	Europe	Belgium	2014-10-19T00:00:00Z	2014-10-19T00:00:00Z
KM277575.1	8847.0		True	2007-01-01	Belgium	Europe	Belgium	2014-10-19T00:00:00Z	2014-10-19T00:00:00Z
KM277574.1	8200.0		True	2007-01-01	Belgium	Europe	Belgium	2014-10-19T00:00:00Z	2014-10-19T00:00:00Z
KM277573.1	8472.0		True	2007-01-01	Belgium	Europe	Belgium	2014-10-19T00:00:00Z	2014-10-19T00:00:00Z
KM277572.1	8943.0		True	2007-01-01	Belgium	Europe	Belgium	2014-10-19T00:00:00Z	2014-10-19T00:00:00Z
KM277571.1	8761.0		True	2007-01-01	Belgium	Europe	Belgium	2014-10-19T00:00:00Z	2014-10-19T00:00:00Z
KM277570.1	8721.0		True	2007-01-01	Belgium	Europe	Belgium	2014-10-19T00:00:00Z	2014-10-19T00:00:00Z
KM277569.1	8799.0		True	2007-01-01	Belgium	Europe	Belgium	2014-10-19T00:00:00Z	2014-10-19T00:00:00Z
KM277568.1	8943.0		True	2007-01-01	Belgium	Europe	Belgium	2014-10-19T00:00:00Z	2014-10-19T00:00:00Z
KM102770.1	9565.0		True	2013-01-09	Netherlands	Europe	USA	2014-08-17T00:00:00Z	2014-08-17T00:00:00Z
KM102769.1	9398.0		True	2013-01-07	Netherlands	Europe	USA	2014-08-17T00:00:00Z	2014-08-17T00:00:00Z
KM102768.1	9400.0		True	2012-12-05	Spain	Europe	USA	2014-08-17T00:00:00Z	2014-08-17T00:00:00Z
KM102767.1	9533.0		True	2012-02-14	Puerto Rico	North America	USA	2014-08-17T00:00:00Z	2014-08-17T00:00:00Z
KM102766.1	9570.0		True	2012-07-02	USA	North America	USA	2014-08-17T00:00:00Z	2014-08-17T00:00:00Z
KM102765.1	9202.0		True	2012-07-06	USA	North America	USA	2014-08-17T00:00:00Z	2014-08-17T00:00:00Z
KM102764.1	9488.0		True	2012-06-26	USA	North America	USA	2014-08-17T00:00:00Z	2014-08-17T00:00:00Z
KM102763.1	9523.0		True	2012-01-26	USA	North America	USA	2014-08-17T00:00:00Z	2014-08-17T00:00:00Z
KM102762.1	9397.0		True	2012-07-12	USA	North America	USA	2014-08-17T00:00:00Z	2014-08-17T00:00:00Z
KM102761.1	9405.0		True	2012-07-06	USA	North America	USA	2014-08-17T00:00:00Z	2014-08-17T00:00:00Z
KM102760.1	9292.0		True	2012-06-06	USA	North America	USA	2014-08-17T00:00:00Z	2014-08-17T00:00:00Z
KM043285.1	9585.0		True	2002-07-05	USA	North America	USA	2014-09-27T00:00:00Z	2014-09-27T00:00:00Z
KM043284.1	9561.0		True	2007-09-12	USA	North America	USA	2014-09-27T00:00:00Z	2014-09-27T00:00:00Z
KM043283.1	9549.0		True	2007-09-12	USA	North America	USA	2014-09-27T00:00:00Z	2014-09-27T00:00:00Z
KM043282.1	9546.0		True	2007-09-12	USA	North America	USA	2014-09-27T00:00:00Z	2014-09-27T00:00:00Z
KM043281.1	9635.0		True	1998-03-18	USA	North America	USA	2014-09-27T00:00:00Z	2014-09-27T00:00:00Z
KM043280.1	9598.0		True	1998-03-18	USA	North America	USA	2014-09-27T00:00:00Z	2014-09-27T00:00:00Z
KM043279.1	9573.0		True	2009-07-06	USA	North America	USA	2014-09-27T00:00:00Z	2014-09-27T00:00:00Z
KM043278.1	9598.0		True	2009-07-06	USA	North America	USA	2014-09-27T00:00:00Z	2014-09-27T00:00:00Z
KM043277.1	9585.0		True	1998-03-31	USA	North America	USA	2014-09-27T00:00:00Z	2014-09-27T00:00:00Z
KM043276.1	9585.0		True	1998-03-31	USA	North America	USA	2014-09-27T00:00:00Z	2014-09-27T00:00:00Z
KM043275.1	9556.0		True	1998-03-31	USA	North America	USA	2014-09-27T00:00:00Z	2014-09-27T00:00:00Z
KM043274.1	9541.0		True	1998-03-31	USA	North America	USA	2014-09-27T00:00:00Z	2014-09-27T00:00:00Z
KM043273.1	9577.0		True	2002-09-14	USA	North America	USA	2014-09-27T00:00:00Z	2014-09-27T00:00:00Z
KM043272.1	9587.0		True	2002-09-14	USA	North America	USA	2014-09-27T00:00:00Z	2014-09-27T00:00:00Z
JX472013.1	9022.0		True	1977	USA	North America	USA	2012-10-17T00:00:00Z	2015-04-21T00:00:00Z
JX472012.1	9022.0		True	1977	USA	North America	USA	2012-10-17T00:00:00Z	2015-04-21T00:00:00Z
JX472011.1	9022.0		True	1977	USA	North America	USA	2012-10-17T00:00:00Z	2015-04-21T00:00:00Z
JX472010.1	9022.0		True	1977	USA	North America	USA	2012-10-17T00:00:00Z	2015-04-21T00:00:00Z
JX472009.1	9022.0		True	1977	USA	North America	USA	2012-10-17T00:00:00Z	2015-04-21T00:00:00Z
JX472008.1	9022.0		True	2003	USA	North America	USA	2012-10-17T00:00:00Z	2015-04-21T00:00:00Z
JX472007.1	8992.0		True	2003	USA	North America	USA	2012-10-17T00:00:00Z	2015-04-21T00:00:00Z
JX472006.1	9019.0		True	2003	USA	North America	USA	2012-10-17T00:00:00Z	2015-04-21T00:00:00Z
JX472005.1	9022.0		True	2003	USA	North America	USA	2012-10-17T00:00:00Z	2015-04-21T00:00:00Z
JQ717260.1	9425.0		True	2008-09-24	India	Asia	India	2012-04-18T00:00:00Z	2015-06-18T00:00:00Z
JQ717259.1	9433.0		True	2010-12-09	India	Asia	India	2012-04-18T00:00:00Z	2015-06-18T00:00:00Z
JQ717258.1	9433.0		True	2011-02-14	India	Asia	India	2012-04-18T00:00:00Z	2015-06-18T00:00:00Z
JQ717257.1	9425.0		True	2011-03-03	India	Asia	India	2012-04-18T00:00:00Z	2015-06-18T00:00:00Z
JQ717256.1	9433.0		True	2011-04-07	India	Asia	India	2012-04-18T00:00:00Z	2015-06-18T00:00:00Z
JQ717255.1	9425.0		True	2010-12-10	India	Asia	India	2012-04-18T00:00:00Z	2015-06-18T00:00:00Z
JQ717254.1	9425.0		True	2010-09-27	India	Asia	India	2012-04-18T00:00:00Z	2015-06-18T00:00:00Z
JN714194.1	9429.0		True	2011-06-11	India	Asia	India	2012-02-14T00:00:00Z	2015-06-18T00:00:00Z
EU660385.1	9287.0		True	2003	Switzerland	Europe	USA	2008-05-12T00:00:00Z	2014-08-14T00:00:00Z
EU660384.1	9326.0		True	2005	USA: Tennessee	North America	USA	2008-05-12T00:00:00Z	2014-08-14T00:00:00Z
EU660383.1	9304.0		True	2004	USA: Tennessee	North America	USA	2008-05-12T00:00:00Z	2014-08-14T00:00:00Z
EU595699.1	9208.0		True	2001	USA: Tennessee	North America	USA	2008-04-14T00:00:00Z	2014-08-14T00:00:00Z
EU595698.1	9294.0		True	2001	USA: Tennessee	North America	USA	2008-04-14T00:00:00Z	2014-08-14T00:00:00Z
EU256107.1	9311.0		True	2004	Germany	Europe	USA	2008-06-16T00:00:00Z	2014-08-14T00:00:00Z
EU256106.1	9296.0		True	2004	Germany	Europe	USA	2008-06-16T00:00:00Z	2014-08-14T00:00:00Z
EU256105.1	9400.0		True	2001	USA	North America	USA	2008-06-16T00:00:00Z	2014-08-14T00:00:00Z
EU256104.1	9307.0		True	2005	USA: New York	North America	USA	2008-06-16T00:00:00Z	2014-08-14T00:00:00Z
EU256103.1	9326.0		True	2001	USA: New York	North America	USA	2008-06-16T00:00:00Z	2014-08-14T00:00:00Z
EU256102.1	9329.0		True	2001	USA: New York	North America	USA	2008-06-16T00:00:00Z	2014-08-14T00:00:00Z
EU256101.1	9329.0		True	2002	USA	North America	USA	2008-06-16T00:00:00Z	2014-08-14T00:00:00Z
EU256100.1	9329.0		True	2002	USA	North America	USA	2008-06-16T00:00:00Z	2014-08-14T00:00:00Z
EU256099.1	9329.0		True	2002	USA	North America	USA	2008-06-16T00:00:00Z	2014-08-14T00:00:00Z
EU256098.1	9344.0		True	2002	USA	North America	USA	2008-06-16T00:00:00Z	2014-08-14T00:00:00Z
EU256097.1	9408.0		True	2001	USA	North America	USA	2008-06-16T00:00:00Z	2014-08-14T00:00:00Z
EU256096.1	9307.0		True	2001	USA	North America	USA	2008-06-16T00:00:00Z	2014-08-14T00:00:00Z
EU256095.1	9314.0		True	2002	USA: Tennessee	North America	USA	2008-06-16T00:00:00Z	2014-08-14T00:00:00Z
EU256094.1	9305.0		True	2004	USA: Tennessee	North America	USA	2008-06-16T00:00:00Z	2014-08-14T00:00:00Z
EU256092.1	9329.0		True	2006	USA: Tennessee	North America	USA	2008-06-16T00:00:00Z	2014-08-14T00:00:00Z
EU256091.1	9047.0		True	2006	USA: Tennessee	North America	USA	2008-06-16T00:00:00Z	2014-08-14T00:00:00Z
EU256090.1	9330.0		True	2002	USA: Tennessee	North America	USA	2008-06-16T00:00:00Z	2014-08-14T00:00:00Z
EU256089.1	9329.0		True	2002	USA: Tennessee	North America	USA	2008-06-16T00:00:00Z	2014-08-14T00:00:00Z
EU256088.1	9329.0		True	2003	USA: Tennessee	North America	USA	2008-06-16T00:00:00Z	2014-08-14T00:00:00Z
EU256087.1	9273.0		True	2001	USA: Tennessee	North America	USA	2008-06-16T00:00:00Z	2014-08-14T00:00:00Z
EU256085.1	9330.0		True	2003	Switzerland	Europe	USA	2008-06-23T00:00:00Z	2014-08-14T00:00:00Z
EU256084.1	9335.0		True	2003	Switzerland	Europe	USA	2008-06-23T00:00:00Z	2014-08-14T00:00:00Z
EU256083.1	9329.0		True	2005	Switzerland	Europe	USA	2008-06-23T00:00:00Z	2014-08-14T00:00:00Z
EU256082.1	9330.0		True	2005	Switzerland	Europe	USA	2008-06-23T00:00:00Z	2014-08-14T00:00:00Z
EU256081.1	9328.0		True	2002	Switzerland	Europe	USA	2008-06-23T00:00:00Z	2014-08-14T00:00:00Z
EU256080.1	9329.0			2002	Switzerland	Europe	USA	2008-06-23T00:00:00Z	2014-08-14T00:00:00Z
EU256079.1	9330.0		True	2005	Switzerland	Europe	USA	2008-06-23T00:00:00Z	2014-08-14T00:00:00Z
EU256078.1	9332.0		True	2005	Switzerland	Europe	USA	2008-06-23T00:00:00Z	2014-08-14T00:00:00Z
EU256077.1	9331.0		True	2005	Switzerland	Europe	USA	2008-06-23T00:00:00Z	2014-08-14T00:00:00Z
EU256076.1	9329.0		True	2004	Switzerland	Europe	USA	2008-06-23T00:00:00Z	2014-08-14T00:00:00Z
EU256075.1	9330.0		True	2004	Switzerland	Europe	USA	2008-06-23T00:00:00Z	2014-08-14T00:00:00Z
EU256074.1	9308.0		True	2005	Switzerland	Europe	USA	2008-06-23T00:00:00Z	2014-08-14T00:00:00Z
EU256073.1	9280.0		True	2002	Switzerland	Europe	USA	2008-06-23T00:00:00Z	2014-08-14T00:00:00Z
EU256072.1	9285.0		True	2005	Switzerland	Europe	USA	2008-06-23T00:00:00Z	2014-08-14T00:00:00Z
EU256071.1	9276.0		True	2004	Switzerland	Europe	USA	2008-06-23T00:00:00Z	2014-08-14T00:00:00Z
EU256070.1	9303.0		True	2003	Switzerland	Europe	USA	2008-06-23T00:00:00Z	2014-08-14T00:00:00Z
EU256069.1	9378.0		True	2006	Switzerland	Europe	USA	2008-06-23T00:00:00Z	2014-08-14T00:00:00Z
EU256068.1	9370.0		True	2006	USA: Massachusetts	North America	USA	2008-06-16T00:00:00Z	2014-08-14T00:00:00Z
EU256067.1	9305.0		True	2006	USA: Massachusetts	North America	USA	2008-06-16T00:00:00Z	2014-08-14T00:00:00Z
EU256066.1	9330.0		True	2003	USA: Massachusetts	North America	USA	2008-06-16T00:00:00Z	2014-08-14T00:00:00Z
EU256065.1	9329.0		True	2006	USA	North America	USA	2008-06-16T00:00:00Z	2014-08-14T00:00:00Z
EU256064.1	9329.0		True	2006	USA	North America	USA	2008-06-16T00:00:00Z	2014-08-14T00:00:00Z
EU256062.1	9332.0		True	2006	USA	North America	USA	2008-06-16T00:00:00Z	2014-08-14T00:00:00Z
EU256061.1	9329.0		True	2006	USA	North America	USA	2008-06-16T00:00:00Z	2014-08-14T00:00:00Z
EU256060.1	9393.0		True	2006	USA	North America	USA	2008-06-16T00:00:00Z	2014-08-14T00:00:00Z
EU256059.1	9329.0		True	2005	USA: Colorado	North America	USA	2008-06-16T00:00:00Z	2014-08-14T00:00:00Z
EU256058.1	9296.0		True	2005	USA: Massachusetts	North America	USA	2008-06-23T00:00:00Z	2014-08-14T00:00:00Z
EU256057.1	9312.0		True	2006	USA	North America	USA	2008-06-23T00:00:00Z	2014-08-14T00:00:00Z
EU256054.1	9341.0		True	2001	USA: Massachusetts	North America	USA	2008-06-23T00:00:00Z	2014-08-14T00:00:00Z
EU256053.1	9304.0		True	2001	USA: Massachusetts	North America	USA	2008-06-23T00:00:00Z	2014-08-14T00:00:00Z
EU256052.1	9323.0		True	2006	USA: Massachusetts	North America	USA	2008-06-23T00:00:00Z	2014-08-14T00:00:00Z
EU256051.1	9300.0		True	2005	USA: Massachusetts	North America	USA	2008-06-23T00:00:00Z	2014-08-14T00:00:00Z
EU256050.1	9421.0		True	2006	USA: Massachusetts	North America	USA	2008-06-23T00:00:00Z	2014-08-14T00:00:00Z
EU256049.1	9304.0		True	2006	USA: Massachusetts	North America	USA	2008-06-23T00:00:00Z	2014-08-14T00:00:00Z
EU256048.1	9408.0		True	2006	USA: Massachusetts	North America	USA	2008-06-23T00:00:00Z	2014-08-14T00:00:00Z
EU256047.1	9304.0		True	2006	USA: Massachusetts	North America	USA	2008-06-23T00:00:00Z	2014-08-14T00:00:00Z
EU256046.1	9395.0		True	2006	USA: Massachusetts	North America	USA	2008-06-23T00:00:00Z	2014-08-14T00:00:00Z
EU256044.1	9283.0		True	2001	USA: Massachusetts	North America	USA	2008-06-23T00:00:00Z	2014-08-14T00:00:00Z
EU256043.1	9273.0		True	2005	USA: Massachusetts	North America	USA	2008-06-23T00:00:00Z	2014-08-14T00:00:00Z
EU256041.1	9309.0		True	2005	USA: Massachusetts	North America	USA	2008-06-23T00:00:00Z	2014-08-14T00:00:00Z
EU256040.1	9415.0		True	2004	USA: Massachusetts	North America	USA	2008-06-23T00:00:00Z	2014-08-14T00:00:00Z
EU256039.1	9297.0		True	2004	USA: Massachusetts	North America	USA	2008-06-23T00:00:00Z	2014-08-14T00:00:00Z
EU256038.1	9313.0		True	2004	USA: Tennessee	North America	USA	2008-06-23T00:00:00Z	2014-08-14T00:00:00Z
EU256037.1	9311.0		True	2004	USA: Tennessee	North America	USA	2008-06-23T00:00:00Z	2014-08-14T00:00:00Z
EU256036.1	9304.0		True	2004	USA: Tennessee	North America	USA	2008-06-23T00:00:00Z	2014-08-14T00:00:00Z
EU256035.1	9311.0		True	2004	USA: Tennessee	North America	USA	2008-06-23T00:00:00Z	2014-08-14T00:00:00Z
EU256034.1	9308.0		True	2006	USA: Tennessee	North America	USA	2008-06-23T00:00:00Z	2014-08-14T00:00:00Z
EU256033.1	9420.0		True	2005	USA: Tennessee	North America	USA	2008-06-23T00:00:00Z	2014-08-14T00:00:00Z
EU256032.1	9302.0		True	2003	USA: Tennessee	North America	USA	2008-06-23T00:00:00Z	2014-08-14T00:00:00Z
EU256031.1	9302.0		True	2006	USA: Tennessee	North America	USA	2008-06-23T00:00:00Z	2014-08-14T00:00:00Z
EU256030.1	9287.0		True	2002	USA: Tennessee	North America	USA	2008-06-23T00:00:00Z	2014-08-14T00:00:00Z
EU256029.1	9291.0		True	2001	USA: Tennessee	North America	USA	2008-06-23T00:00:00Z	2014-08-14T00:00:00Z
EU256028.1	9306.0		True	2001	USA: Tennessee	North America	USA	2008-06-23T00:00:00Z	2014-08-14T00:00:00Z
EU256027.1	9417.0		True	2003	USA: Tennessee	North America	USA	2008-06-23T00:00:00Z	2014-08-14T00:00:00Z
EU256026.1	9309.0		True	2002	USA: Tennessee	North America	USA	2008-06-23T00:00:00Z	2014-08-14T00:00:00Z
EU256025.1	9283.0		True	2002	USA: Tennessee	North America	USA	2008-06-23T00:00:00Z	2014-08-14T00:00:00Z
EU256024.1	9347.0		True	2006	USA: Tennessee	North America	USA	2008-06-23T00:00:00Z	2014-08-14T00:00:00Z
EU256023.1	9318.0		True	2003	USA: Tennessee	North America	USA	2008-06-23T00:00:00Z	2014-08-14T00:00:00Z
EU256022.1	9295.0		True	2003	USA: Tennessee	North America	USA	2008-06-23T00:00:00Z	2014-08-14T00:00:00Z
EU256021.1	9295.0		True	2003	USA: Tennessee	North America	USA	2008-06-23T00:00:00Z	2014-08-14T00:00:00Z
EU256020.1	9311.0		True	2003	USA: Tennessee	North America	USA	2008-06-23T00:00:00Z	2014-08-14T00:00:00Z
EU256019.1	9301.0		True	2001	USA: Tennessee	North America	USA	2008-06-23T00:00:00Z	2014-08-14T00:00:00Z
EU256018.1	9292.0		True	2002	USA: Tennessee	North America	USA	2008-06-23T00:00:00Z	2014-08-14T00:00:00Z
EU256017.1	9300.0		True	2005	USA: Tennessee	North America	USA	2008-06-23T00:00:00Z	2014-08-14T00:00:00Z
EU256016.1	9293.0		True	2002	USA: Tennessee	North America	USA	2008-06-23T00:00:00Z	2014-08-14T00:00:00Z
EU256015.1	9296.0		True	2004	USA: Tennessee	North America	USA	2008-06-23T00:00:00Z	2014-08-14T00:00:00Z
EU256014.1	9273.0		True	2004	USA: Tennessee	North America	USA	2008-06-23T00:00:00Z	2014-08-14T00:00:00Z
EU256013.1	9302.0		True	2004	USA: Tennessee	North America	USA	2008-06-23T00:00:00Z	2014-08-14T00:00:00Z
EU256012.1	9311.0		True	2006	USA	North America	USA	2008-06-23T00:00:00Z	2014-08-14T00:00:00Z
EU256011.1	9273.0		True	2004	USA: Tennessee	North America	USA	2008-06-23T00:00:00Z	2014-08-14T00:00:00Z
EU256010.1	9273.0		True	2002	USA: Tennessee	North America	USA	2008-06-23T00:00:00Z	2014-08-14T00:00:00Z
EU256009.1	9291.0		True	2004	USA: Tennessee	North America	USA	2008-06-23T00:00:00Z	2014-08-14T00:00:00Z
EU256008.1	9273.0		True	2002	USA: Tennessee	North America	USA	2008-06-23T00:00:00Z	2014-08-14T00:00:00Z
EU256007.1	9295.0		True	2006	USA: Tennessee	North America	USA	2008-06-23T00:00:00Z	2014-08-14T00:00:00Z
EU256006.1	9312.0		True	2006	USA: Tennessee	North America	USA	2008-06-23T00:00:00Z	2014-08-14T00:00:00Z
EU256005.1	9306.0		True	2006	USA: Tennessee	North America	USA	2008-06-23T00:00:00Z	2014-08-14T00:00:00Z
EU256004.1	9291.0		True	2005	USA: Tennessee	North America	USA	2008-06-23T00:00:00Z	2014-08-14T00:00:00Z
EU256003.1	9310.0		True	2006	USA: Tennessee	North America	USA	2008-06-23T00:00:00Z	2014-08-14T00:00:00Z
EU256002.1	9318.0		True	2006	USA: Tennessee	North America	USA	2008-06-23T00:00:00Z	2014-08-14T00:00:00Z
EU256001.1	9342.0		True	2002	USA: Tennessee	North America	USA	2008-06-23T00:00:00Z	2014-08-14T00:00:00Z
EU256000.1	9329.0		True	2003	USA: Tennessee	North America	USA	2008-06-23T00:00:00Z	2014-08-14T00:00:00Z
EU255999.1	9291.0		True	2002	USA: Tennessee	North America	USA	2008-06-23T00:00:00Z	2014-08-14T00:00:00Z
EU255998.1	9305.0		True	2001	USA: Tennessee	North America	USA	2008-06-23T00:00:00Z	2014-08-14T00:00:00Z
EU255997.1	9281.0		True	2003	USA: Tennessee	North America	USA	2008-06-23T00:00:00Z	2014-08-14T00:00:00Z
EU255996.1	9315.0		True	2003	USA: Tennessee	North America	USA	2008-06-23T00:00:00Z	2014-08-14T00:00:00Z
EU255995.1	9377.0		True	2004	USA: Tennessee	North America	USA	2008-06-23T00:00:00Z	2014-08-14T00:00:00Z
EU255994.1	9288.0		True	2005	USA: Tennessee	North America	USA	2008-06-23T00:00:00Z	2014-08-14T00:00:00Z
EU255993.1	9398.0		True	2004	USA: Tennessee	North America	USA	2008-06-23T00:00:00Z	2014-08-14T00:00:00Z
EU255992.1	9299.0		True	1992	USA	North America	USA	2008-06-23T00:00:00Z	2014-08-14T00:00:00Z
EU255991.1	9306.0		True	1989	USA	North America	USA	2008-06-23T00:00:00Z	2014-08-14T00:00:00Z
EU255990.1	9310.0		True	1992	USA	North America	USA	2008-06-23T00:00:00Z	2014-08-14T00:00:00Z
EU255989.1	9311.0		True	1990	USA	North America	USA	2008-06-23T00:00:00Z	2014-08-14T00:00:00Z
EU255988.1	9300.0		True	1995	USA	North America	USA	2008-06-23T00:00:00Z	2014-08-14T00:00:00Z
EU255987.1	9286.0		True	1989	USA	North America	USA	2008-06-23T00:00:00Z	2014-08-14T00:00:00Z
EU255986.1	9305.0		True	1989	USA	North America	USA	2008-06-23T00:00:00Z	2014-08-14T00:00:00Z
EU255985.1	9307.0		True	1991	USA	North America	USA	2008-06-23T00:00:00Z	2014-08-14T00:00:00Z
EU255984.1	9290.0		True	1990	USA	North America	USA	2008-06-23T00:00:00Z	2014-08-14T00:00:00Z
EU255983.1	9297.0		True	1990	USA	North America	USA	2008-06-23T00:00:00Z	2014-08-14T00:00:00Z
EU255982.1	9302.0		True	1990	USA	North America	USA	2008-06-23T00:00:00Z	2014-08-14T00:00:00Z
EU255981.1	9311.0		True	1990	USA	North America	USA	2008-06-23T00:00:00Z	2014-08-14T00:00:00Z
EU255980.1	9296.0		True	1990	USA	North America	USA	2008-06-23T00:00:00Z	2014-08-14T00:00:00Z
EU255979.1	9305.0		True	1991	USA	North America	USA	2008-06-23T00:00:00Z	2014-08-14T00:00:00Z
EU255978.1	9292.0		True	1991	USA	North America	USA	2008-06-23T00:00:00Z	2014-08-14T00:00:00Z
EU255977.1	9302.0		True	1991	USA	North America	USA	2008-06-23T00:00:00Z	2014-08-14T00:00:00Z
EU255976.1	9307.0		True	1992	USA	North America	USA	2008-06-23T00:00:00Z	2014-08-14T00:00:00Z
EU255975.1	9303.0		True	1994	USA	North America	USA	2008-06-23T00:00:00Z	2014-08-14T00:00:00Z
EU255974.1	9306.0		True	1992	USA	North America	USA	2008-06-23T00:00:00Z	2014-08-14T00:00:00Z
EU255973.1	9298.0		True	1990	USA	North America	USA	2008-06-23T00:00:00Z	2014-08-14T00:00:00Z
EU255971.1	9283.0		True	1990	USA	North America	USA	2008-06-23T00:00:00Z	2014-08-14T00:00:00Z
EU255970.1	9296.0		True	1992	USA	North America	USA	2008-06-23T00:00:00Z	2014-08-14T00:00:00Z
EU255969.1	9300.0		True	1992	USA	North America	USA	2008-06-23T00:00:00Z	2014-08-14T00:00:00Z
EU255968.1	9288.0		True	1989	USA	North America	USA	2008-06-23T00:00:00Z	2014-08-14T00:00:00Z
EU255966.1	9315.0		True	1997	USA	North America	USA	2008-06-23T00:00:00Z	2014-08-14T00:00:00Z
EU255965.1	9302.0		True	1990	USA	North America	USA	2008-06-23T00:00:00Z	2014-08-14T00:00:00Z
EU255964.1	9288.0		True	1992	USA	North America	USA	2008-06-23T00:00:00Z	2014-08-14T00:00:00Z
EU255963.1	9318.0		True	1992	USA	North America	USA	2008-06-23T00:00:00Z	2014-08-14T00:00:00Z
EU255962.1	9047.0		True	1991	USA	North America	USA	2008-06-23T00:00:00Z	2014-08-14T00:00:00Z
EU255961.1	9332.0			1991	USA	North America	USA	2008-06-23T00:00:00Z	2014-08-14T00:00:00Z
EU255960.1	9329.0		True	2006	Switzerland	Europe	USA	2008-06-16T00:00:00Z	2014-08-14T00:00:00Z
EU255958.1	9304.0		True	2005	Switzerland	Europe	USA	2008-06-16T00:00:00Z	2014-08-14T00:00:00Z
EU255957.1	9334.0		True	2004	Switzerland	Europe	USA	2008-06-16T00:00:00Z	2014-08-14T00:00:00Z
EU255956.1	9305.0		True	2003	Switzerland	Europe	USA	2008-06-16T00:00:00Z	2014-08-14T00:00:00Z
EU255955.1	9286.0		True	2002	Switzerland	Europe	USA	2008-06-16T00:00:00Z	2014-08-14T00:00:00Z
EU255954.1	9372.0		True	2002	Switzerland	Europe	USA	2008-06-16T00:00:00Z	2014-08-14T00:00:00Z
EU255953.1	9387.0		True	2006	Switzerland	Europe	USA	2008-06-16T00:00:00Z	2014-08-14T00:00:00Z
EU255952.1	9299.0		True	2005	Switzerland	Europe	USA	2008-06-16T00:00:00Z	2014-08-14T00:00:00Z
EU255951.1	9410.0		True	2005	Switzerland	Europe	USA	2008-06-16T00:00:00Z	2014-08-14T00:00:00Z
EU255950.1	9296.0		True	2005	Switzerland	Europe	USA	2008-06-16T00:00:00Z	2014-08-14T00:00:00Z
EU255949.1	9304.0		True	2005	Switzerland	Europe	USA	2008-06-16T00:00:00Z	2014-08-14T00:00:00Z
EU255948.1	9306.0		True	2003	Switzerland	Europe	USA	2008-06-16T00:00:00Z	2014-08-14T00:00:00Z
EU255947.1	9311.0		True	2006	Switzerland	Europe	USA	2008-06-16T00:00:00Z	2014-08-14T00:00:00Z
EU255946.1	9345.0		True	2005	Switzerland	Europe	USA	2008-06-16T00:00:00Z	2014-08-14T00:00:00Z
EU255945.1	9297.0		True	2004	Switzerland	Europe	USA	2008-06-16T00:00:00Z	2014-08-14T00:00:00Z
EU255944.1	9280.0		True	2003	Switzerland	Europe	USA	2008-06-16T00:00:00Z	2014-08-14T00:00:00Z
EU255943.1	9313.0		True	2003	Switzerland	Europe	USA	2008-06-16T00:00:00Z	2014-08-14T00:00:00Z
EU255942.1	9309.0		True	2007	USA	North America	USA	2008-06-16T00:00:00Z	2014-08-14T00:00:00Z
EU255941.1	9309.0		True	2006	USA	North America	USA	2008-06-16T00:00:00Z	2014-08-14T00:00:00Z
EU255940.1	9310.0		True	2006	USA: Massachusetts	North America	USA	2008-06-16T00:00:00Z	2014-08-14T00:00:00Z
EU255939.1	9297.0		True	2006	USA: Massachusetts	North America	USA	2008-06-16T00:00:00Z	2014-08-14T00:00:00Z
EU255938.1	9310.0		True	2003	USA: Tennessee	North America	USA	2008-06-16T00:00:00Z	2014-08-14T00:00:00Z
EU255937.1	9294.0		True	2006	USA	North America	USA	2008-06-16T00:00:00Z	2014-08-14T00:00:00Z
EU255936.1	9304.0		True	2006	USA	North America	USA	2008-06-16T00:00:00Z	2014-08-14T00:00:00Z
EU255935.1	9307.0		True	2007	USA: Tennessee	North America	USA	2008-06-16T00:00:00Z	2014-08-14T00:00:00Z
EU255934.1	9312.0		True	2006	USA: Tennessee	North America	USA	2008-06-16T00:00:00Z	2014-08-14T00:00:00Z
EU255933.1	9389.0		True	2003	USA: Tennessee	North America	USA	2008-06-16T00:00:00Z	2014-08-14T00:00:00Z
EU255932.1	9415.0		True	2005	USA: Tennessee	North America	USA	2008-06-16T00:00:00Z	2014-08-14T00:00:00Z
EU255931.1	9304.0		True	2003	USA: Tennessee	North America	USA	2008-06-16T00:00:00Z	2014-08-14T00:00:00Z
EU255930.1	9304.0		True	2005	Switzerland	Europe	USA	2008-06-16T00:00:00Z	2014-08-14T00:00:00Z
EU255929.1	9303.0		True	2004	Switzerland	Europe	USA	2008-06-16T00:00:00Z	2014-08-14T00:00:00Z
EU255928.1	9309.0		True	2003	Switzerland	Europe	USA	2008-06-16T00:00:00Z	2014-08-14T00:00:00Z
EU255927.1	9299.0		True	2003	Switzerland	Europe	USA	2008-06-16T00:00:00Z	2014-08-14T00:00:00Z
EU155347.2	9289.0		True	2005	Switzerland	Europe	USA	2007-09-24T00:00:00Z	2014-08-14T00:00:00Z
EU595697.1	9293.0		True	2001	USA	North America	USA	2008-04-14T00:00:00Z	2014-08-14T00:00:00Z
EU569723.1	9297.0		True	2005	USA: Massachusetts	North America	USA	2008-03-26T00:00:00Z	2014-08-14T00:00:00Z
EU569722.1	9312.0		True	1989	USA	North America	USA	2008-03-26T00:00:00Z	2014-08-14T00:00:00Z
EU529682.1	9047.0		True	2002	Switzerland	Europe	USA	2008-03-15T00:00:00Z	2014-08-14T00:00:00Z
EU529681.1	9300.0		True	2005	Switzerland	Europe	USA	2008-03-15T00:00:00Z	2014-08-14T00:00:00Z
EU529680.1	9314.0		True	2002	USA: Tennessee	North America	USA	2008-03-15T00:00:00Z	2014-08-14T00:00:00Z
EU529679.1	9292.0		True	2002	USA: Tennessee	North America	USA	2008-03-15T00:00:00Z	2014-08-14T00:00:00Z
EU529678.1	9291.0		True	2005	USA: Tennessee	North America	USA	2008-03-15T00:00:00Z	2014-08-14T00:00:00Z
EU529677.1	9305.0		True	2006	USA: Tennessee	North America	USA	2008-03-15T00:00:00Z	2014-08-14T00:00:00Z
EU529676.1	9310.0		True	2004	USA: Tennessee	North America	USA	2008-03-15T00:00:00Z	2014-08-14T00:00:00Z
EU482888.1	9333.0		True	1992	USA	North America	USA	2008-03-08T00:00:00Z	2014-08-14T00:00:00Z
EU482886.1	9333.0		True	2006	USA: Tennessee	North America	USA	2008-03-08T00:00:00Z	2014-08-14T00:00:00Z
EU482885.1	9332.0		True	2006	USA: Tennessee	North America	USA	2008-03-08T00:00:00Z	2014-08-14T00:00:00Z
EU482884.1	9067.0		True	2004	USA: Tennessee	North America	USA	2008-03-08T00:00:00Z	2014-08-14T00:00:00Z
EU482883.1	9335.0		True	2005	USA: Tennessee	North America	USA	2008-03-08T00:00:00Z	2014-08-14T00:00:00Z
EU482882.1	9300.0		True	2006	USA: Massachusetts	North America	USA	2008-03-08T00:00:00Z	2014-08-14T00:00:00Z
EU482881.1	9338.0		True	2003	USA: Massachusetts	North America	USA	2008-03-08T00:00:00Z	2014-08-14T00:00:00Z
EU482880.1	9332.0		True	2006	USA	North America	USA	2008-03-08T00:00:00Z	2014-08-14T00:00:00Z
EU482878.1	9303.0		True	2004	USA: Massachusetts	North America	USA	2008-03-08T00:00:00Z	2014-08-14T00:00:00Z
EU482877.1	9335.0		True	2001	USA	North America	USA	2008-03-08T00:00:00Z	2014-08-14T00:00:00Z
EU482876.1	9437.0		True	2002	USA	North America	USA	2008-03-08T00:00:00Z	2014-08-14T00:00:00Z
EU482875.1	9332.0		True	2005	Switzerland	Europe	USA	2008-03-08T00:00:00Z	2014-08-14T00:00:00Z
EU482874.1	9332.0		True	2005	Switzerland	Europe	USA	2008-03-08T00:00:00Z	2014-08-14T00:00:00Z
EU482873.1	9288.0		True	2003	Germany	Europe	USA	2008-03-08T00:00:00Z	2014-08-14T00:00:00Z
EU482872.1	9316.0		True	2004	Switzerland	Europe	USA	2008-03-08T00:00:00Z	2014-08-14T00:00:00Z
EU482871.1	9287.0		True	2002	USA: Tennessee	North America	USA	2008-03-08T00:00:00Z	2014-08-14T00:00:00Z
EU482870.1	9319.0		True	2004	USA: Tennessee	North America	USA	2008-03-08T00:00:00Z	2014-08-14T00:00:00Z
EU482869.1	9294.0		True	2002	USA: Tennessee	North America	USA	2008-03-08T00:00:00Z	2014-08-14T00:00:00Z
EU482868.1	9294.0		True	2002	USA: Tennessee	North America	USA	2008-03-08T00:00:00Z	2014-08-14T00:00:00Z
EU482867.1	9311.0		True	2006	USA: Tennessee	North America	USA	2008-03-08T00:00:00Z	2014-08-14T00:00:00Z
EU482866.1	9310.0		True	2006	USA: Tennessee	North America	USA	2008-03-08T00:00:00Z	2014-08-14T00:00:00Z
EU482865.1	9283.0		True	2003	USA: Tennessee	North America	USA	2008-03-08T00:00:00Z	2014-08-14T00:00:00Z
EU482864.1	9310.0		True	2006	USA: Tennessee	North America	USA	2008-03-08T00:00:00Z	2014-08-14T00:00:00Z
EU482863.1	9307.0		True	2006	USA: Tennessee	North America	USA	2008-03-08T00:00:00Z	2014-08-14T00:00:00Z
EU482862.1	9303.0		True	2006	USA: Tennessee	North America	USA	2008-03-08T00:00:00Z	2014-08-14T00:00:00Z
EU482861.1	9303.0		True	2006	USA: Tennessee	North America	USA	2008-03-08T00:00:00Z	2014-08-14T00:00:00Z
EU482860.1	9329.0		True	2003	Switzerland	Europe	USA	2008-03-08T00:00:00Z	2014-08-14T00:00:00Z
EU482859.1	9329.0		True	2003	Switzerland	Europe	USA	2008-03-08T00:00:00Z	2014-08-14T00:00:00Z
EU482858.1	9302.0		True	2006	Switzerland	Europe	USA	2008-03-08T00:00:00Z	2014-08-14T00:00:00Z
EU482857.1	9295.0		True	2005	Switzerland	Europe	USA	2008-03-08T00:00:00Z	2014-08-14T00:00:00Z
EU482856.1	9302.0		True	2002	Switzerland	Europe	USA	2008-03-08T00:00:00Z	2014-08-14T00:00:00Z
EU482855.1	9294.0		True	2002	Switzerland	Europe	USA	2008-03-08T00:00:00Z	2014-08-14T00:00:00Z
EU482854.1	9294.0		True	2001	Switzerland	Europe	USA	2008-03-08T00:00:00Z	2014-08-14T00:00:00Z
EU482853.1	9297.0		True	2005	Switzerland	Europe	USA	2008-03-08T00:00:00Z	2014-08-14T00:00:00Z
EU482852.1	9294.0		True	1989	USA	North America	USA	2008-03-08T00:00:00Z	2014-08-14T00:00:00Z
EU482850.1	9298.0		True	1990	USA	North America	USA	2008-03-08T00:00:00Z	2014-08-14T00:00:00Z
EU482849.1	9329.0		True	1989	USA	North America	USA	2008-03-08T00:00:00Z	2014-08-14T00:00:00Z
EU482848.1	9309.0		True	2005	USA: Massachusetts	North America	USA	2008-03-08T00:00:00Z	2014-08-14T00:00:00Z
EU482847.1	9294.0		True	2004	USA: Massachusetts	North America	USA	2008-03-08T00:00:00Z	2014-08-14T00:00:00Z
EU482846.1	9308.0		True	2000	USA: Massachusetts	North America	USA	2008-03-08T00:00:00Z	2014-08-14T00:00:00Z
EU482845.1	9310.0		True	2006	USA: Massachusetts	North America	USA	2008-03-08T00:00:00Z	2014-08-14T00:00:00Z
EU482844.1	9311.0		True	2006	USA: Massachusetts	North America	USA	2008-03-08T00:00:00Z	2014-08-14T00:00:00Z
EU482843.1	9304.0		True	2005	USA: Massachusetts	North America	USA	2008-03-08T00:00:00Z	2014-08-14T00:00:00Z
EU482842.1	9378.0		True	2006	USA: Massachusetts	North America	USA	2008-03-08T00:00:00Z	2014-08-14T00:00:00Z
EU482841.1	9310.0		True	2004	USA: Massachusetts	North America	USA	2008-03-08T00:00:00Z	2014-08-14T00:00:00Z
EU482840.1	9315.0		True	2004	USA: Massachusetts	North America	USA	2008-03-08T00:00:00Z	2014-08-14T00:00:00Z
EU482839.1	9329.0		True	2006	USA	North America	USA	2008-03-08T00:00:00Z	2014-08-14T00:00:00Z
EU482838.1	9385.0		True	2006	USA	North America	USA	2008-03-08T00:00:00Z	2014-08-14T00:00:00Z
EU482837.1	9294.0		True	2004	USA: Massachusetts	North America	USA	2008-03-08T00:00:00Z	2014-08-14T00:00:00Z
EU482836.1	9305.0		True	2002	USA	North America	USA	2008-03-08T00:00:00Z	2014-08-14T00:00:00Z
EU482835.1	9311.0		True	2002	USA: New York	North America	USA	2008-03-08T00:00:00Z	2014-08-14T00:00:00Z
EU482834.1	9260.0		True	2002	USA: New York	North America	USA	2008-03-08T00:00:00Z	2014-08-14T00:00:00Z
EU482833.1	9329.0		True	2003	Germany	Europe	USA	2008-03-08T00:00:00Z	2014-08-14T00:00:00Z
EU482832.1	9288.0		True	2004	Germany	Europe	USA	2008-03-08T00:00:00Z	2014-08-14T00:00:00Z
EU482831.1	9283.0		True	2003	Germany	Europe	USA	2008-03-08T00:00:00Z	2014-08-14T00:00:00Z
EU234065.2	9273.0		True	1990	USA	North America	USA	2007-10-28T00:00:00Z	2014-08-14T00:00:00Z
EU155382.2	9333.0		True	2003	Germany	Europe	USA	2007-09-24T00:00:00Z	2014-08-14T00:00:00Z
EU155381.2	9329.0		True	2004	Germany	Europe	USA	2007-09-24T00:00:00Z	2014-08-14T00:00:00Z
EU155380.2	9386.0		True	2004	Germany	Europe	USA	2007-09-24T00:00:00Z	2014-08-14T00:00:00Z
EU155378.2	9321.0		True	2003	Germany	Europe	USA	2007-09-24T00:00:00Z	2014-08-14T00:00:00Z
EU155377.2	9330.0		True	2006	Switzerland	Europe	USA	2007-09-24T00:00:00Z	2014-08-14T00:00:00Z
EU155376.2	9329.0		True	2006	Switzerland	Europe	USA	2007-09-24T00:00:00Z	2014-08-14T00:00:00Z
EU155375.2	9329.0		True	2006	Switzerland	Europe	USA	2007-09-24T00:00:00Z	2014-08-14T00:00:00Z
EU155374.2	9351.0		True	2005	Switzerland	Europe	USA	2007-09-24T00:00:00Z	2014-08-14T00:00:00Z
EU155373.2	9329.0		True	2005	Switzerland	Europe	USA	2007-09-24T00:00:00Z	2014-08-14T00:00:00Z
EU155372.2	9329.0		True	2004	Switzerland	Europe	USA	2007-09-24T00:00:00Z	2014-08-14T00:00:00Z
EU155371.2	9329.0		True	2005	Switzerland	Europe	USA	2007-09-24T00:00:00Z	2014-08-14T00:00:00Z
EU155370.2	9329.0		True	2005	Switzerland	Europe	USA	2007-09-24T00:00:00Z	2014-08-14T00:00:00Z
EU155369.2	9330.0		True	2002	Switzerland	Europe	USA	2007-09-24T00:00:00Z	2014-08-14T00:00:00Z
EU155368.2	9329.0		True	2001	Switzerland	Europe	USA	2007-09-24T00:00:00Z	2014-08-14T00:00:00Z
EU155367.2	9329.0		True	2002	Switzerland	Europe	USA	2007-09-24T00:00:00Z	2014-08-14T00:00:00Z
EU155366.2	9329.0		True	2002	Switzerland	Europe	USA	2007-09-24T00:00:00Z	2014-08-14T00:00:00Z
EU155365.2	9330.0		True	2006	Switzerland	Europe	USA	2007-09-24T00:00:00Z	2014-08-14T00:00:00Z
EU155364.2	9329.0		True	2006	Switzerland	Europe	USA	2007-09-24T00:00:00Z	2014-08-14T00:00:00Z
EU155363.2	9329.0		True	2005	Switzerland	Europe	USA	2007-09-24T00:00:00Z	2014-08-14T00:00:00Z
EU155362.2	9329.0		True	2004	Switzerland	Europe	USA	2007-09-24T00:00:00Z	2014-08-14T00:00:00Z
EU155361.2	9329.0		True	2004	Switzerland	Europe	USA	2007-09-24T00:00:00Z	2014-08-14T00:00:00Z
EU155360.2	9329.0		True	2003	Switzerland	Europe	USA	2007-09-24T00:00:00Z	2014-08-14T00:00:00Z
EU155359.2	9331.0		True	2002	Switzerland	Europe	USA	2007-09-24T00:00:00Z	2014-08-14T00:00:00Z
EU155358.2	9329.0		True	2004	Switzerland	Europe	USA	2007-09-24T00:00:00Z	2014-08-14T00:00:00Z
EU155357.2	9329.0		True	2003	Switzerland	Europe	USA	2007-09-24T00:00:00Z	2014-08-14T00:00:00Z
EU155356.2	9328.0		True	2003	Switzerland	Europe	USA	2007-09-24T00:00:00Z	2014-08-14T00:00:00Z
EU155355.2	9309.0		True	2006	Switzerland	Europe	USA	2007-09-24T00:00:00Z	2014-08-14T00:00:00Z
EU155354.2	9309.0		True	2005	Switzerland	Europe	USA	2007-09-24T00:00:00Z	2014-08-14T00:00:00Z
EU155353.2	9302.0		True	2005	Switzerland	Europe	USA	2007-09-24T00:00:00Z	2014-08-14T00:00:00Z
EU155352.2	9310.0		True	2004	Switzerland	Europe	USA	2007-09-24T00:00:00Z	2014-08-14T00:00:00Z
EU155351.2	9318.0		True	2003	Switzerland	Europe	USA	2007-09-24T00:00:00Z	2014-08-14T00:00:00Z
EU155349.2	9285.0		True	2005	Switzerland	Europe	USA	2007-09-24T00:00:00Z	2014-08-14T00:00:00Z
EU155348.2	9319.0		True	2005	Switzerland	Europe	USA	2007-09-24T00:00:00Z	2014-08-14T00:00:00Z
EU155346.2	9300.0		True	2005	Switzerland	Europe	USA	2007-09-24T00:00:00Z	2014-08-14T00:00:00Z
EU155344.2	9284.0		True	1990	USA	North America	USA	2007-09-24T00:00:00Z	2014-08-14T00:00:00Z
EU155343.2	9297.0		True	1996	USA	North America	USA	2007-09-24T00:00:00Z	2014-08-14T00:00:00Z
EU155342.2	9280.0		True	1989	USA	North America	USA	2007-09-24T00:00:00Z	2014-08-14T00:00:00Z
EU155341.2	9306.0		True	1992	USA	North America	USA	2007-09-24T00:00:00Z	2014-08-14T00:00:00Z
EU155340.2	9273.0		True	1991	USA	North America	USA	2007-09-24T00:00:00Z	2014-08-14T00:00:00Z
EU155339.2	9273.0		True	1990	USA	North America	USA	2007-09-24T00:00:00Z	2014-08-14T00:00:00Z
EU155338.2	9308.0		True	1996	USA	North America	USA	2007-09-24T00:00:00Z	2014-08-14T00:00:00Z
EU155337.2	9329.0		True	1990	USA	North America	USA	2007-09-24T00:00:00Z	2014-08-14T00:00:00Z
EU155336.2	9329.0		True	1992	USA	North America	USA	2007-09-24T00:00:00Z	2014-08-14T00:00:00Z
EU155335.2	9329.0		True	1992	USA	North America	USA	2007-09-24T00:00:00Z	2014-08-14T00:00:00Z
EU155334.2	9329.0		True	1990	USA	North America	USA	2007-09-24T00:00:00Z	2014-08-14T00:00:00Z
EU155333.2	9318.0		True	1989	USA	North America	USA	2007-09-24T00:00:00Z	2014-08-14T00:00:00Z
EU155332.2	9329.0		True	1996	USA	North America	USA	2007-09-24T00:00:00Z	2014-08-14T00:00:00Z
EU155331.2	9329.0		True	1990	USA	North America	USA	2007-09-24T00:00:00Z	2014-08-14T00:00:00Z
EU155330.2	9411.0		True	1994	USA	North America	USA	2007-09-24T00:00:00Z	2014-08-14T00:00:00Z
EU155329.2	9329.0		True	1992	USA	North America	USA	2007-09-24T00:00:00Z	2014-08-14T00:00:00Z
EU155328.2	9329.0		True	1992	USA	North America	USA	2007-09-24T00:00:00Z	2014-08-14T00:00:00Z
EU155327.2	9320.0		True	1992	USA	North America	USA	2007-09-24T00:00:00Z	2014-08-14T00:00:00Z
EU155326.2	9330.0		True	1992	USA	North America	USA	2007-09-24T00:00:00Z	2014-08-14T00:00:00Z
EU155325.2	9329.0		True	1991	USA	North America	USA	2007-09-24T00:00:00Z	2014-08-14T00:00:00Z
EU155324.2	9329.0		True	1992	USA	North America	USA	2007-09-24T00:00:00Z	2014-08-14T00:00:00Z
EU155323.2	9309.0		True	2002	USA: New York	North America	USA	2007-09-24T00:00:00Z	2014-08-14T00:00:00Z
EU155322.2	9291.0		True	2001	USA: New York	North America	USA	2007-09-24T00:00:00Z	2014-08-14T00:00:00Z
EU155321.2	9252.0		True	2001	USA: New York	North America	USA	2007-09-24T00:00:00Z	2014-08-14T00:00:00Z
EU155320.2	9249.0		True	2001	USA: New York	North America	USA	2007-09-24T00:00:00Z	2014-08-14T00:00:00Z
EU155319.2	9354.0		True	2002	USA: New York	North America	USA	2007-09-24T00:00:00Z	2014-08-14T00:00:00Z
EU155318.2	9329.0		True	2005	USA: New York	North America	USA	2007-09-24T00:00:00Z	2014-08-14T00:00:00Z
EU155317.2	9329.0		True	2002	USA: New York	North America	USA	2007-09-24T00:00:00Z	2014-08-14T00:00:00Z
EU155316.2	9329.0		True	2002	USA: New York	North America	USA	2007-09-24T00:00:00Z	2014-08-14T00:00:00Z
EU155315.2	9329.0		True	2001	USA: New York	North America	USA	2007-09-24T00:00:00Z	2014-08-14T00:00:00Z
EU155314.2	9332.0		True	2004	USA: New York	North America	USA	2007-09-24T00:00:00Z	2014-08-14T00:00:00Z
EU155313.2	9394.0		True	2003	USA: New York	North America	USA	2007-09-24T00:00:00Z	2014-08-14T00:00:00Z
EU155311.2	9385.0		True	2003	USA: New York	North America	USA	2007-09-24T00:00:00Z	2014-08-14T00:00:00Z
EU155310.2	9413.0		True	2004	USA	North America	USA	2007-09-24T00:00:00Z	2014-08-14T00:00:00Z
EU155309.2	9293.0		True	2003	USA	North America	USA	2007-09-24T00:00:00Z	2014-08-14T00:00:00Z
EU155308.2	9329.0		True	2003	USA	North America	USA	2007-09-24T00:00:00Z	2014-08-14T00:00:00Z
EU155307.2	9330.0		True	2002	USA	North America	USA	2007-09-24T00:00:00Z	2014-08-14T00:00:00Z
EU155306.2	9329.0		True	2002	USA	North America	USA	2007-09-24T00:00:00Z	2014-08-14T00:00:00Z
EU155305.2	9329.0		True	2002	USA	North America	USA	2007-09-24T00:00:00Z	2014-08-14T00:00:00Z
EU155304.2	9058.0		True	2003	USA	North America	USA	2007-09-24T00:00:00Z	2014-08-14T00:00:00Z
EU155303.2	9329.0		True	2001	USA	North America	USA	2007-09-24T00:00:00Z	2014-08-14T00:00:00Z
EU155302.2	9329.0		True	2001	USA	North America	USA	2007-09-24T00:00:00Z	2014-08-14T00:00:00Z
EU155301.2	9329.0		True	2001	USA	North America	USA	2007-09-24T00:00:00Z	2014-08-14T00:00:00Z
EU155300.2	9328.0		True	2003	USA	North America	USA	2007-09-24T00:00:00Z	2014-08-14T00:00:00Z
EU155299.2	9368.0		True	2003	USA	North America	USA	2007-09-24T00:00:00Z	2014-08-14T00:00:00Z
EU155298.2	9399.0		True	2002	USA	North America	USA	2007-09-24T00:00:00Z	2014-08-14T00:00:00Z
EU155297.2	9375.0		True	2002	USA	North America	USA	2007-09-24T00:00:00Z	2014-08-14T00:00:00Z
EU155296.2	9293.0		True	2002	USA	North America	USA	2007-09-24T00:00:00Z	2014-08-14T00:00:00Z
EU155295.2	9395.0		True	2002	USA	North America	USA	2007-09-24T00:00:00Z	2014-08-14T00:00:00Z
EU155293.2	9329.0		True	2001	USA	North America	USA	2007-09-24T00:00:00Z	2014-08-14T00:00:00Z
EU155292.2	9390.0		True	2001	USA	North America	USA	2007-09-24T00:00:00Z	2014-08-14T00:00:00Z
EU155291.2	9297.0		True	2002	USA	North America	USA	2007-09-24T00:00:00Z	2014-08-14T00:00:00Z
EU155290.2	9369.0		True	2001	USA	North America	USA	2007-09-24T00:00:00Z	2014-08-14T00:00:00Z
EU155289.2	9399.0		True	2001	USA	North America	USA	2007-09-24T00:00:00Z	2014-08-14T00:00:00Z
EU155288.2	9295.0		True	2002	USA	North America	USA	2007-09-24T00:00:00Z	2014-08-14T00:00:00Z
EU155287.2	9411.0		True	2001	USA	North America	USA	2007-09-24T00:00:00Z	2014-08-14T00:00:00Z
EU155286.2	9273.0		True	2001	USA	North America	USA	2007-09-24T00:00:00Z	2014-08-14T00:00:00Z
EU155285.2	9286.0		True	2001	USA	North America	USA	2007-09-24T00:00:00Z	2014-08-14T00:00:00Z
EU155284.2	9312.0		True	2001	USA	North America	USA	2007-09-24T00:00:00Z	2014-08-14T00:00:00Z
EU155283.2	9340.0		True	2006	USA	North America	USA	2007-09-24T00:00:00Z	2014-08-14T00:00:00Z
EU155282.2	9328.0		True	2006	USA	North America	USA	2007-09-24T00:00:00Z	2014-08-14T00:00:00Z
EU155281.2	9329.0		True	2005	USA	North America	USA	2007-09-24T00:00:00Z	2014-08-14T00:00:00Z
EU155280.2	9329.0		True	2001	USA: Massachusetts	North America	USA	2007-09-24T00:00:00Z	2014-08-14T00:00:00Z
EU155279.2	9329.0		True	2001	USA: Massachusetts	North America	USA	2007-09-24T00:00:00Z	2014-08-14T00:00:00Z
EU155278.2	9288.0		True	2006	USA: Massachusetts	North America	USA	2007-09-24T00:00:00Z	2014-08-14T00:00:00Z
EU155277.2	9273.0		True	2003	USA: Massachusetts	North America	USA	2007-09-24T00:00:00Z	2014-08-14T00:00:00Z
EU155276.2	9297.0		True	2002	USA: Massachusetts	North America	USA	2007-09-24T00:00:00Z	2014-08-14T00:00:00Z
EU155275.2	9408.0		True	2006	USA: Massachusetts	North America	USA	2007-09-24T00:00:00Z	2014-08-14T00:00:00Z
EU155274.2	9249.0		True	2006	USA: Massachusetts	North America	USA	2007-09-24T00:00:00Z	2014-08-14T00:00:00Z
EU155272.2	9355.0		True	2006	USA: Massachusetts	North America	USA	2007-09-24T00:00:00Z	2014-08-14T00:00:00Z
EU155271.2	9300.0		True	2006	USA: Massachusetts	North America	USA	2007-09-24T00:00:00Z	2014-08-14T00:00:00Z
EU155270.2	9387.0		True	2006	USA: Massachusetts	North America	USA	2007-09-24T00:00:00Z	2014-08-14T00:00:00Z
EU155269.2	9362.0		True	2006	USA: Massachusetts	North America	USA	2007-09-24T00:00:00Z	2014-08-14T00:00:00Z
EU155268.2	9347.0		True	2006	USA: Massachusetts	North America	USA	2007-09-24T00:00:00Z	2014-08-14T00:00:00Z
EU155267.2	9360.0		True	2006	USA: Massachusetts	North America	USA	2007-09-24T00:00:00Z	2014-08-14T00:00:00Z
EU155266.2	9307.0		True	2006	USA: Massachusetts	North America	USA	2007-09-24T00:00:00Z	2014-08-14T00:00:00Z
EU155264.2	9307.0		True	2006	USA: Massachusetts	North America	USA	2007-09-24T00:00:00Z	2014-08-14T00:00:00Z
EU155263.2	9328.0		True	2005	USA: Massachusetts	North America	USA	2007-09-24T00:00:00Z	2014-08-14T00:00:00Z
EU155262.2	9329.0		True	2001	USA: Massachusetts	North America	USA	2007-09-24T00:00:00Z	2014-08-14T00:00:00Z
EU155261.2	9330.0		True	2005	USA: Massachusetts	North America	USA	2007-09-24T00:00:00Z	2014-08-14T00:00:00Z
EU155259.2	9329.0		True	2006	USA	North America	USA	2007-09-24T00:00:00Z	2014-08-14T00:00:00Z
EU155258.2	9329.0		True	2006	USA	North America	USA	2007-09-24T00:00:00Z	2014-08-14T00:00:00Z
EU155257.2	9329.0		True	2006	USA	North America	USA	2007-09-24T00:00:00Z	2014-08-14T00:00:00Z
EU155256.2	9329.0		True	2006	USA	North America	USA	2007-09-24T00:00:00Z	2014-08-14T00:00:00Z
EU155255.2	9335.0		True	2006	USA	North America	USA	2007-09-24T00:00:00Z	2014-08-14T00:00:00Z
EU155254.2	9330.0		True	2006	USA	North America	USA	2007-09-24T00:00:00Z	2014-08-14T00:00:00Z
EU155253.2	9332.0		True	2006	USA	North America	USA	2007-09-24T00:00:00Z	2014-08-14T00:00:00Z
EU155252.2	9374.0		True	2006	USA	North America	USA	2007-09-24T00:00:00Z	2014-08-14T00:00:00Z
EU155251.2	9385.0		True	2006	USA	North America	USA	2007-09-24T00:00:00Z	2014-08-14T00:00:00Z
EU155250.2	9302.0		True	2006	USA	North America	USA	2007-09-24T00:00:00Z	2014-08-14T00:00:00Z
EU155249.2	9373.0		True	2006	USA	North America	USA	2007-09-24T00:00:00Z	2014-08-14T00:00:00Z
EU155248.2	9386.0		True	2006	USA	North America	USA	2007-09-24T00:00:00Z	2014-08-14T00:00:00Z
EU155246.2	9384.0		True	2003	USA: Tennessee	North America	USA	2007-09-24T00:00:00Z	2014-08-14T00:00:00Z
EU155245.2	9296.0		True	2003	USA: Tennessee	North America	USA	2007-09-24T00:00:00Z	2014-08-14T00:00:00Z
EU155244.2	9375.0		True	2005	USA: Tennessee	North America	USA	2007-09-24T00:00:00Z	2014-08-14T00:00:00Z
EU155243.2	9279.0		True	2005	USA: Tennessee	North America	USA	2007-09-24T00:00:00Z	2014-08-14T00:00:00Z
EU155242.2	9294.0		True	2004	USA: Tennessee	North America	USA	2007-09-24T00:00:00Z	2014-08-14T00:00:00Z
EU155240.2	9365.0		True	2004	USA: Tennessee	North America	USA	2007-09-24T00:00:00Z	2014-08-14T00:00:00Z
EU155239.2	9404.0		True	2004	USA: Tennessee	North America	USA	2007-09-24T00:00:00Z	2014-08-14T00:00:00Z
EU155238.2	9304.0		True	2007	USA: Tennessee	North America	USA	2007-09-24T00:00:00Z	2014-08-14T00:00:00Z
KC439527.1	8988.0		True	1995-04-02	USA	North America	USA	2014-01-31T00:00:00Z	2014-08-07T00:00:00Z
KC439526.1	8988.0		True	2009-09-01	USA	North America	USA	2014-01-31T00:00:00Z	2014-08-07T00:00:00Z
KC439525.1	8988.0		True	2009-06-07	USA	North America	USA	2014-01-31T00:00:00Z	2014-08-07T00:00:00Z
KC439524.1	8988.0		True	2009-04-22	USA	North America	USA	2014-01-31T00:00:00Z	2014-08-07T00:00:00Z
KC439523.1	8988.0		True	2009-04-10	USA	North America	USA	2014-01-31T00:00:00Z	2014-08-07T00:00:00Z
KC439522.1	8988.0		True	2009-03-25	USA	North America	USA	2014-01-31T00:00:00Z	2014-08-07T00:00:00Z
KC439521.1	8988.0		True	2009-03-03	USA	North America	USA	2014-01-31T00:00:00Z	2014-08-07T00:00:00Z
KC439520.1	8988.0		True	2009-02-25	USA	North America	USA	2014-01-31T00:00:00Z	2014-08-07T00:00:00Z
KC439519.1	8988.0		True	2002-09-30	USA	North America	USA	2014-01-31T00:00:00Z	2014-08-07T00:00:00Z
KC439518.1	8988.0		True	2002-06-20	USA	North America	USA	2014-01-31T00:00:00Z	2014-08-07T00:00:00Z
KC439517.1	8988.0		True	2002-03-12	USA	North America	USA	2014-01-31T00:00:00Z	2014-08-07T00:00:00Z
KC439516.1	8988.0		True	2002-02-28	USA	North America	USA	2014-01-31T00:00:00Z	2014-08-07T00:00:00Z
KC439515.1	8988.0		True	1995-08-07	USA	North America	USA	2014-01-31T00:00:00Z	2014-08-07T00:00:00Z
KC439514.1	8988.0		True	1999-03-04	USA	North America	USA	2014-01-31T00:00:00Z	2014-08-07T00:00:00Z
KC439513.1	8988.0		True	1998-06-17	USA	North America	USA	2014-01-31T00:00:00Z	2014-08-07T00:00:00Z
KC439512.1	8988.0		True	1998-03-03	USA	North America	USA	2014-01-31T00:00:00Z	2014-08-07T00:00:00Z
KC439511.1	8988.0		True	1997-11-26	USA	North America	USA	2014-01-31T00:00:00Z	2014-08-07T00:00:00Z
KC439510.1	8988.0		True	1997-11-02	USA	North America	USA	2014-01-31T00:00:00Z	2014-08-07T00:00:00Z
KC439509.1	8988.0		True	1997-08-05	USA	North America	USA	2014-01-31T00:00:00Z	2014-08-07T00:00:00Z
KC439508.1	8988.0		True	1995-03-24	USA	North America	USA	2014-01-31T00:00:00Z	2014-08-07T00:00:00Z
KC439507.1	8988.0		True	1995-04-20	USA	North America	USA	2014-01-31T00:00:00Z	2014-08-07T00:00:00Z
KC439506.1	8988.0		True	1997-03-31	USA	North America	USA	2014-01-31T00:00:00Z	2014-08-07T00:00:00Z
KC439505.1	8988.0		True	1997-03-25	USA	North America	USA	2014-01-31T00:00:00Z	2014-08-07T00:00:00Z
KC439504.1	8988.0		True	1997-03-10	USA	North America	USA	2014-01-31T00:00:00Z	2014-08-07T00:00:00Z
KC439503.1	8988.0		True	1997-01-17	USA	North America	USA	2014-01-31T00:00:00Z	2014-08-07T00:00:00Z
KC439502.1	8988.0		True	2005-10-17	USA	North America	USA	2014-01-31T00:00:00Z	2014-08-07T00:00:00Z
KC439501.1	8988.0		True	2003-11-19	USA	North America	USA	2014-01-31T00:00:00Z	2014-08-07T00:00:00Z
KC439500.1	8988.0		True	2003-09-15	USA	North America	USA	2014-01-31T00:00:00Z	2014-08-07T00:00:00Z
KC439499.1	8988.0		True	2002-04-16	USA	North America	USA	2014-01-31T00:00:00Z	2014-08-07T00:00:00Z
KC439498.1	8988.0		True	2006-10-12	USA	North America	USA	2014-01-31T00:00:00Z	2014-08-07T00:00:00Z
KC439497.1	8988.0		True	2006-09-01	USA	North America	USA	2014-01-31T00:00:00Z	2014-08-07T00:00:00Z
KC439496.1	8988.0		True	2006-08-02	USA	North America	USA	2014-01-31T00:00:00Z	2014-08-07T00:00:00Z
KC439495.1	8988.0		True	2006-04-25	USA	North America	USA	2014-01-31T00:00:00Z	2014-08-07T00:00:00Z
KC439494.1	8988.0		True	2006-04-01	USA	North America	USA	2014-01-31T00:00:00Z	2014-08-07T00:00:00Z
KC439493.1	8988.0		True	2006-03-27	USA	North America	USA	2014-01-31T00:00:00Z	2014-08-07T00:00:00Z
KC439492.1	8988.0		True	2005-09-09	USA	North America	USA	2014-01-31T00:00:00Z	2014-08-07T00:00:00Z
KC439491.1	8988.0		True	2005-08-16	USA	North America	USA	2014-01-31T00:00:00Z	2014-08-07T00:00:00Z
KC439490.1	8988.0		True	2005-04-25	USA	North America	USA	2014-01-31T00:00:00Z	2014-08-07T00:00:00Z
KC439489.1	8988.0		True	2005-02-07	USA	North America	USA	2014-01-31T00:00:00Z	2014-08-07T00:00:00Z
KC439488.1	8988.0		True	2002-10-12	USA	North America	USA	2014-01-31T00:00:00Z	2014-08-07T00:00:00Z
KC439487.1	8988.0		True	2003-12-03	USA	North America	USA	2014-01-31T00:00:00Z	2014-08-07T00:00:00Z
KC439486.1	8988.0		True	2005-04-26	USA	North America	USA	2014-01-31T00:00:00Z	2014-08-07T00:00:00Z
KC439485.1	8988.0		True	2004-09-29	USA	North America	USA	2014-01-31T00:00:00Z	2014-08-07T00:00:00Z
KC439484.1	8988.0		True	2004-04-04	USA	North America	USA	2014-01-31T00:00:00Z	2014-08-07T00:00:00Z
KC439483.1	8988.0		True	2004-06-18	USA	North America	USA	2014-01-31T00:00:00Z	2014-08-07T00:00:00Z
KC439482.1	8988.0		True	2003-01-30	USA	North America	USA	2014-01-31T00:00:00Z	2014-08-07T00:00:00Z
KC439481.1	8988.0		True	2003-10-13	USA	North America	USA	2014-01-31T00:00:00Z	2014-08-07T00:00:00Z
JX463641.1	9035.0		True	2007-01-31	USA	North America	USA	2013-07-31T00:00:00Z	2014-08-07T00:00:00Z
JX463640.1	9036.0		True	2007-02-16	USA	North America	USA	2013-07-31T00:00:00Z	2014-08-07T00:00:00Z
JX463639.1	9033.0		True	2007-02-13	USA	North America	USA	2013-07-31T00:00:00Z	2014-08-07T00:00:00Z
JX463638.1	9002.0		True	2006-12-08	USA	North America	USA	2013-07-31T00:00:00Z	2014-08-07T00:00:00Z
JX463637.1	9003.0		True	2006-10-17	USA	North America	USA	2013-07-31T00:00:00Z	2014-08-07T00:00:00Z
JX463636.1	9002.0		True	2006-08-29	USA	North America	USA	2013-07-31T00:00:00Z	2014-08-07T00:00:00Z
JX463635.1	9003.0		True	2006-08-15	USA	North America	USA	2013-07-31T00:00:00Z	2014-08-07T00:00:00Z
JX463634.1	9036.0		True	2006-08-04	USA	North America	USA	2013-07-31T00:00:00Z	2014-08-07T00:00:00Z
JX463633.1	9002.0		True	2006-05-03	USA	North America	USA	2013-07-31T00:00:00Z	2014-08-07T00:00:00Z
JX463632.1	9003.0		True	2006-05-15	USA	North America	USA	2013-07-31T00:00:00Z	2014-08-07T00:00:00Z
JX463631.1	9002.0		True	2006-05-30	USA	North America	USA	2013-07-31T00:00:00Z	2014-08-07T00:00:00Z
JX463630.1	9003.0		True	2006-05-01	USA	North America	USA	2013-07-31T00:00:00Z	2014-08-07T00:00:00Z
JX463629.1	9003.0		True	2006-05-08	USA	North America	USA	2013-07-31T00:00:00Z	2014-08-07T00:00:00Z
JX463628.1	9002.0		True	2006-03-13	USA	North America	USA	2013-07-31T00:00:00Z	2014-08-07T00:00:00Z
JX463627.1	9036.0		True	2005-11-14	USA	North America	USA	2013-07-31T00:00:00Z	2014-08-07T00:00:00Z
JX463626.1	9003.0		True	2005-07-25	USA	North America	USA	2013-07-31T00:00:00Z	2014-08-07T00:00:00Z
JX463625.1	9002.0		True	2005-06-06	USA	North America	USA	2013-07-31T00:00:00Z	2014-08-07T00:00:00Z
JX463624.1	9003.0		True	2004-11-03	USA	North America	USA	2013-07-31T00:00:00Z	2014-08-07T00:00:00Z
JX463623.1	9033.0		True	2007-03-20	USA	North America	USA	2013-07-31T00:00:00Z	2014-08-07T00:00:00Z
JX463622.1	9002.0		True	2007-04-23	USA	North America	USA	2013-07-31T00:00:00Z	2014-08-07T00:00:00Z
JX463621.1	9002.0		True	2007-02-01	USA	North America	USA	2013-07-31T00:00:00Z	2014-08-07T00:00:00Z
JX463620.1	9003.0		True	2006-10-11	USA	North America	USA	2013-07-31T00:00:00Z	2014-08-07T00:00:00Z
JX463619.1	9001.0		True	2006-04-17	USA	North America	USA	2013-07-31T00:00:00Z	2014-08-07T00:00:00Z
JX463618.1	8993.0		True	2006-01-30	USA	North America	USA	2013-07-31T00:00:00Z	2014-08-07T00:00:00Z
JX463617.1	9003.0		True	2006-01-03	USA	North America	USA	2013-07-31T00:00:00Z	2014-08-07T00:00:00Z
JX463616.1	9037.0		True	2005-12-19	USA	North America	USA	2013-07-31T00:00:00Z	2014-08-07T00:00:00Z
JX463615.1	9003.0		True	2005-05-11	USA	North America	USA	2013-07-31T00:00:00Z	2014-08-07T00:00:00Z
JX463614.1	9003.0		True	2004-11-09	USA	North America	USA	2013-07-31T00:00:00Z	2014-08-07T00:00:00Z
JX463613.1	9003.0		True	2004-10-19	USA	North America	USA	2013-07-31T00:00:00Z	2014-08-07T00:00:00Z
JX463612.1	9003.0		True	2006-10-25	USA	North America	USA	2013-07-31T00:00:00Z	2014-08-07T00:00:00Z
JX463611.1	9036.0		True	2006-12-18	USA	North America	USA	2013-07-31T00:00:00Z	2014-08-07T00:00:00Z
JX463610.1	9002.0		True	2006-12-04	USA	North America	USA	2013-07-31T00:00:00Z	2014-08-07T00:00:00Z
JX463609.1	9002.0		True	2006-11-17	USA	North America	USA	2013-07-31T00:00:00Z	2014-08-07T00:00:00Z
JX463608.1	9003.0		True	2005-12-05	USA	North America	USA	2013-07-31T00:00:00Z	2014-08-07T00:00:00Z
JX463607.1	9003.0		True	2005-01-12	USA	North America	USA	2013-07-31T00:00:00Z	2014-08-07T00:00:00Z
JX463606.1	9003.0		True	2007-02-21	USA	North America	USA	2013-07-31T00:00:00Z	2014-08-07T00:00:00Z
JX463605.1	9002.0		True	2007-02-26	USA	North America	USA	2013-07-31T00:00:00Z	2014-08-07T00:00:00Z
JX463604.1	9003.0		True	2006-07-17	USA	North America	USA	2013-07-31T00:00:00Z	2014-08-07T00:00:00Z
JX463603.1	9002.0		True	2006-07-19	USA	North America	USA	2013-07-31T00:00:00Z	2014-08-07T00:00:00Z
JX463602.1	9003.0		True	2006-04-25	USA	North America	USA	2013-07-31T00:00:00Z	2014-08-07T00:00:00Z
JX463601.1	8994.0		True	2006-02-06	USA	North America	USA	2013-07-31T00:00:00Z	2014-08-07T00:00:00Z
JX463600.1	8994.0		True	2005-12-12	USA	North America	USA	2013-07-31T00:00:00Z	2014-08-07T00:00:00Z
JX463599.1	9036.0		True	2005-08-22	USA	North America	USA	2013-07-31T00:00:00Z	2014-08-07T00:00:00Z
JX463598.1	9003.0		True	2005-09-12	USA	North America	USA	2013-07-31T00:00:00Z	2014-08-07T00:00:00Z
JX463597.1	9003.0		True	2005-08-29	USA	North America	USA	2013-07-31T00:00:00Z	2014-08-07T00:00:00Z
JX463596.1	9036.0		True	2005-05-09	USA	North America	USA	2013-07-31T00:00:00Z	2014-08-07T00:00:00Z
JX463595.1	9002.0		True	2007-01-29	USA	North America	USA	2013-07-31T00:00:00Z	2014-08-07T00:00:00Z
JX463594.1	9003.0		True	2006-05-30	USA	North America	USA	2013-07-31T00:00:00Z	2014-08-07T00:00:00Z
JX463593.1	9003.0		True	2007-01-30	USA	North America	USA	2013-07-31T00:00:00Z	2014-08-07T00:00:00Z
JX463592.1	9003.0		True	2007-01-29	USA	North America	USA	2013-07-31T00:00:00Z	2014-08-07T00:00:00Z
JX463591.1	9003.0		True	2006-08-23	USA	North America	USA	2013-07-31T00:00:00Z	2014-08-07T00:00:00Z
JX463590.1	9033.0		True	2006-06-12	USA	North America	USA	2013-07-31T00:00:00Z	2014-08-07T00:00:00Z
JX463589.1	9003.0		True	2006-02-20	USA	North America	USA	2013-07-31T00:00:00Z	2014-08-07T00:00:00Z
JX463588.1	9003.0		True	2005-12-06	USA	North America	USA	2013-07-31T00:00:00Z	2014-08-07T00:00:00Z
JX463587.1	9003.0		True	2005-06-06	USA	North America	USA	2013-07-31T00:00:00Z	2014-08-07T00:00:00Z
JX463586.1	8994.0		True	2005-06-27	USA	North America	USA	2013-07-31T00:00:00Z	2014-08-07T00:00:00Z
JX463585.1	8994.0		True	2004-08-30	USA	North America	USA	2013-07-31T00:00:00Z	2014-08-07T00:00:00Z
JX463584.1	9002.0		True	2003-12-08	USA	North America	USA	2013-07-31T00:00:00Z	2014-08-07T00:00:00Z
JX463583.1	9002.0		True	2003-04-09	USA	North America	USA	2013-07-31T00:00:00Z	2014-08-07T00:00:00Z
JX463582.1	9003.0		True	2003-04-23	USA	North America	USA	2013-07-31T00:00:00Z	2014-08-07T00:00:00Z
JX463581.1	9003.0		True	2004-11-16	USA	North America	USA	2013-07-31T00:00:00Z	2014-08-07T00:00:00Z
JX463580.1	9003.0		True	2004-10-06	USA	North America	USA	2013-07-31T00:00:00Z	2014-08-07T00:00:00Z
JX463579.1	9003.0		True	2004-06-14	USA	North America	USA	2013-07-31T00:00:00Z	2014-08-07T00:00:00Z
JX463578.1	9003.0		True	2004-04-28	USA	North America	USA	2013-07-31T00:00:00Z	2014-08-07T00:00:00Z
JX463577.1	9001.0		True	2004-01-27	USA	North America	USA	2013-07-31T00:00:00Z	2014-08-07T00:00:00Z
JX463576.1	9003.0		True	2003-10-29	USA	North America	USA	2013-07-31T00:00:00Z	2014-08-07T00:00:00Z
JX463575.1	9003.0		True	2003-10-13	USA	North America	USA	2013-07-31T00:00:00Z	2014-08-07T00:00:00Z
JX463574.1	9036.0		True	2003-08-19	USA	North America	USA	2013-07-31T00:00:00Z	2014-08-07T00:00:00Z
JX463573.1	9003.0		True	2003-07-22	USA	North America	USA	2013-07-31T00:00:00Z	2014-08-07T00:00:00Z
JX463572.1	9002.0		True	2003-01-22	USA	North America	USA	2013-07-31T00:00:00Z	2014-08-07T00:00:00Z
JX463571.1	9003.0		True	2002-04-17	USA	North America	USA	2013-07-31T00:00:00Z	2014-08-07T00:00:00Z
JX463570.1	9002.0		True	2003-01-13	USA	North America	USA	2013-07-31T00:00:00Z	2014-08-07T00:00:00Z
JX463569.1	9003.0		True	2001-10-17	USA	North America	USA	2013-07-31T00:00:00Z	2014-08-07T00:00:00Z
JX463568.1	9003.0		True	2003-08-13	USA	North America	USA	2013-07-31T00:00:00Z	2014-08-07T00:00:00Z
JX463567.1	9002.0		True	2003-08-20	USA	North America	USA	2013-07-31T00:00:00Z	2014-08-07T00:00:00Z
JX463566.1	9002.0		True	2003-06-02	USA	North America	USA	2013-07-31T00:00:00Z	2014-08-07T00:00:00Z
JX463565.1	9003.0		True	2003-04-09	USA	North America	USA	2013-07-31T00:00:00Z	2014-08-07T00:00:00Z
JX463564.1	9032.0		True	2003-04-11	USA	North America	USA	2013-07-31T00:00:00Z	2014-08-07T00:00:00Z
JX463563.1	9036.0		True	2003-01-15	USA	North America	USA	2013-07-31T00:00:00Z	2014-08-07T00:00:00Z
JX463562.1	9003.0		True	2003-01-15	USA	North America	USA	2013-07-31T00:00:00Z	2014-08-07T00:00:00Z
JX463561.1	9003.0		True	2003-01-10	USA	North America	USA	2013-07-31T00:00:00Z	2014-08-07T00:00:00Z
JX463560.1	9033.0		True	2002-06-05	USA	North America	USA	2013-07-31T00:00:00Z	2014-08-07T00:00:00Z
JX463559.1	8995.0		True	2002-03-12	USA	North America	USA	2013-07-31T00:00:00Z	2014-08-07T00:00:00Z
JX463558.1	9001.0		True	2003-01-21	USA	North America	USA	2013-07-31T00:00:00Z	2014-08-07T00:00:00Z
JX463557.1	9003.0		True	2002-11-14	USA	North America	USA	2013-07-31T00:00:00Z	2014-08-07T00:00:00Z
JX463556.1	9003.0		True	2001-10-05	USA	North America	USA	2013-07-31T00:00:00Z	2014-08-07T00:00:00Z
JX463555.1	9003.0		True	2001-10-17	USA	North America	USA	2013-07-31T00:00:00Z	2014-08-07T00:00:00Z
JX463554.1	9002.0		True	2003-01-27	USA	North America	USA	2013-07-31T00:00:00Z	2014-08-07T00:00:00Z
JX463553.1	9003.0		True	2003-11-21	USA	North America	USA	2013-07-31T00:00:00Z	2014-08-07T00:00:00Z
JX463552.1	9002.0		True	2003-10-08	USA	North America	USA	2013-07-31T00:00:00Z	2014-08-07T00:00:00Z
JX463551.1	9003.0		True	2003-08-06	USA	North America	USA	2013-07-31T00:00:00Z	2014-08-07T00:00:00Z
JX463550.1	9036.0		True	2004-01-07	USA	North America	USA	2013-07-31T00:00:00Z	2014-08-07T00:00:00Z
JX463549.1	9036.0		True	2003-12-11	USA	North America	USA	2013-07-31T00:00:00Z	2014-08-07T00:00:00Z
JX463548.1	9035.0		True	2003-12-02	USA	North America	USA	2013-07-31T00:00:00Z	2014-08-07T00:00:00Z
JX463547.1	9036.0		True	2003-11-20	USA	North America	USA	2013-07-31T00:00:00Z	2014-08-07T00:00:00Z
JX463546.1	9030.0		True	2002-09-18	USA	North America	USA	2013-07-31T00:00:00Z	2014-08-07T00:00:00Z
JX463545.1	9003.0		True	2004-06-10	USA	North America	USA	2013-07-31T00:00:00Z	2014-08-07T00:00:00Z
JX463544.1	9003.0		True	2003-06-16	USA	North America	USA	2013-07-31T00:00:00Z	2014-08-07T00:00:00Z
JX463543.1	9003.0		True	2003-04-15	USA	North America	USA	2013-07-31T00:00:00Z	2014-08-07T00:00:00Z
JX463542.1	9003.0		True	2003-02-12	USA	North America	USA	2013-07-31T00:00:00Z	2014-08-07T00:00:00Z
JX463541.1	9003.0		True	2002-06-05	USA	North America	USA	2013-07-31T00:00:00Z	2014-08-07T00:00:00Z
JX463540.1	9036.0		True	2002-03-04	USA	North America	USA	2013-07-31T00:00:00Z	2014-08-07T00:00:00Z
JX463539.1	9010.0		True	2002-11-06	USA	North America	USA	2013-07-31T00:00:00Z	2014-08-07T00:00:00Z
JX463538.1	9003.0		True	2002-07-23	USA	North America	USA	2013-07-31T00:00:00Z	2014-08-07T00:00:00Z
JX463537.1	9003.0		True	2003-07-16	USA	North America	USA	2013-07-31T00:00:00Z	2014-08-07T00:00:00Z
JX463536.1	9003.0		True	2003-06-11	USA	North America	USA	2013-07-31T00:00:00Z	2014-08-07T00:00:00Z
JX463535.1	9002.0		True	2002-01-23	USA	North America	USA	2013-07-31T00:00:00Z	2014-08-07T00:00:00Z
JX463534.1	9003.0		True	2002-11-13	USA	North America	USA	2013-07-31T00:00:00Z	2014-08-07T00:00:00Z
JX463533.1	9004.0		True	2004-02-09	USA	North America	USA	2013-07-31T00:00:00Z	2014-08-07T00:00:00Z
JX463532.1	9002.0		True	2004-01-21	USA	North America	USA	2013-07-31T00:00:00Z	2014-08-07T00:00:00Z
JX463531.1	9003.0		True	2004-01-21	USA	North America	USA	2013-07-31T00:00:00Z	2014-08-07T00:00:00Z
JX463530.1	9002.0		True	2003-02-05	USA	North America	USA	2013-07-31T00:00:00Z	2014-08-07T00:00:00Z
JX463529.1	9002.0		True	2002-05-01	USA	North America	USA	2013-07-31T00:00:00Z	2014-08-07T00:00:00Z
JX463528.1	9003.0		True	2002-12-16	USA	North America	USA	2013-07-31T00:00:00Z	2014-08-07T00:00:00Z
JX463527.1	9003.0		True	2002-08-20	USA	North America	USA	2013-07-31T00:00:00Z	2014-08-07T00:00:00Z
EU260396.2	9280.0		True	2004	USA: Massachusetts	North America	USA	2007-11-11T00:00:00Z	2014-08-14T00:00:00Z
EU260395.1	9591.0		True	2005	USA: Massachusetts	North America	USA	2007-11-11T00:00:00Z	2014-08-14T00:00:00Z
EU250017.2	9295.0		True	2001	USA	North America	USA	2007-11-06T00:00:00Z	2014-08-14T00:00:00Z
EU239716.2	9295.0		True	2002	USA: New York	North America	USA	2007-11-18T00:00:00Z	2014-08-14T00:00:00Z
EU239715.2	9421.0		True	2003	USA: New York	North America	USA	2007-11-18T00:00:00Z	2014-08-14T00:00:00Z
EU239714.2	9330.0		True	2001	USA: New York	North America	USA	2007-11-18T00:00:00Z	2014-08-14T00:00:00Z
EU239713.2	9417.0		True	2001	USA	North America	USA	2007-11-18T00:00:00Z	2014-08-14T00:00:00Z
EU234064.2	9292.0		True	1990	USA	North America	USA	2007-10-28T00:00:00Z	2014-08-14T00:00:00Z
EU234063.2	9396.0		True	1992	USA	North America	USA	2007-10-28T00:00:00Z	2014-08-14T00:00:00Z
EU234062.2	9329.0		True	1992	USA	North America	USA	2007-10-28T00:00:00Z	2014-08-14T00:00:00Z
EU234061.2	9329.0		True	1991	USA	North America	USA	2007-10-28T00:00:00Z	2014-08-14T00:00:00Z
EU155345.1	9348.0		True	2002	Switzerland	Europe	USA	2007-09-24T00:00:00Z	2014-08-14T00:00:00Z
EU155294.1	9311.0		True	2002	USA	North America	USA	2007-09-24T00:00:00Z	2014-08-14T00:00:00Z
EU155237.2	9356.0		True	2006	USA: Tennessee	North America	USA	2007-09-24T00:00:00Z	2014-08-14T00:00:00Z
EU155236.2	9269.0		True	2006	USA: Tennessee	North America	USA	2007-09-24T00:00:00Z	2014-08-14T00:00:00Z
EU155235.2	9329.0		True	2006	USA: Tennessee	North America	USA	2007-09-24T00:00:00Z	2014-08-14T00:00:00Z
EU155234.2	9333.0		True	2006	USA: Tennessee	North America	USA	2007-09-24T00:00:00Z	2014-08-14T00:00:00Z
EU155233.2	9305.0		True	2006	USA: Tennessee	North America	USA	2007-09-24T00:00:00Z	2014-08-14T00:00:00Z
EU155232.2	9331.0		True	2002	USA: Tennessee	North America	USA	2007-09-24T00:00:00Z	2014-08-14T00:00:00Z
EU155231.2	9329.0		True	2002	USA: Tennessee	North America	USA	2007-09-24T00:00:00Z	2014-08-14T00:00:00Z
EU155230.2	9329.0		True	2002	USA: Tennessee	North America	USA	2007-09-24T00:00:00Z	2014-08-14T00:00:00Z
EU155229.2	9329.0		True	2004	USA: Tennessee	North America	USA	2007-09-24T00:00:00Z	2014-08-14T00:00:00Z
EU155228.2	9329.0		True	2003	USA: Tennessee	North America	USA	2007-09-24T00:00:00Z	2014-08-14T00:00:00Z
EU155227.2	9329.0		True	2003	USA: Tennessee	North America	USA	2007-09-24T00:00:00Z	2014-08-14T00:00:00Z
EU155226.2	9329.0		True	2004	USA: Tennessee	North America	USA	2007-09-24T00:00:00Z	2014-08-14T00:00:00Z
EU155225.2	9330.0		True	2003	USA: Tennessee	North America	USA	2007-09-24T00:00:00Z	2014-08-14T00:00:00Z
EU155224.2	9330.0		True	2003	USA: Tennessee	North America	USA	2007-09-24T00:00:00Z	2014-08-14T00:00:00Z
EU155223.2	9335.0		True	2002	USA: Tennessee	North America	USA	2007-09-24T00:00:00Z	2014-08-14T00:00:00Z
EU155222.2	9329.0		True	2004	USA: Tennessee	North America	USA	2007-09-24T00:00:00Z	2014-08-14T00:00:00Z
EU155221.2	9330.0		True	2004	USA: Tennessee	North America	USA	2007-09-24T00:00:00Z	2014-08-14T00:00:00Z
EU155220.2	9316.0		True	2004	USA: Tennessee	North America	USA	2007-09-24T00:00:00Z	2014-08-14T00:00:00Z
EU155219.2	9329.0		True	2002	USA: Tennessee	North America	USA	2007-09-24T00:00:00Z	2014-08-14T00:00:00Z
EU155218.2	9331.0		True	2005	USA: Tennessee	North America	USA	2007-09-24T00:00:00Z	2014-08-14T00:00:00Z
EU155217.2	9330.0		True	2004	USA: Tennessee	North America	USA	2007-09-24T00:00:00Z	2014-08-14T00:00:00Z
EU155216.2	9298.0		True	2001	USA: Tennessee	North America	USA	2007-09-24T00:00:00Z	2014-08-14T00:00:00Z
EU155215.2	9387.0		True	2004	USA: Tennessee	North America	USA	2007-09-24T00:00:00Z	2014-08-14T00:00:00Z
EU155214.2	9304.0		True	2005	USA: Tennessee	North America	USA	2007-09-24T00:00:00Z	2014-08-14T00:00:00Z
EU155213.2	9392.0		True	2004	USA: Tennessee	North America	USA	2007-09-24T00:00:00Z	2014-08-14T00:00:00Z
KF700370.1	9678.0		True	2010-10	USA	North America	USA	2013-12-21T00:00:00Z	2013-12-21T00:00:00Z
KF693783.1	9678.0		True	2013-09-22	Denmark	Europe		2013-10-22T00:00:00Z	2013-11-22T00:00:00Z
KF693782.1	9678.0		True	2013-09-22	Denmark	Europe		2013-10-22T00:00:00Z	2013-11-22T00:00:00Z
KF693781.1	9678.0		True	2013-09-22	Denmark	Europe		2013-10-22T00:00:00Z	2013-11-22T00:00:00Z
KF693780.1	9678.0		True	2013-09-22	Denmark	Europe		2013-10-22T00:00:00Z	2013-11-22T00:00:00Z
KF693779.1	9678.0		True	2013-09-22	Denmark	Europe		2013-10-22T00:00:00Z	2013-11-22T00:00:00Z
KF693778.1	9678.0		True	2013-09-22	Denmark	Europe		2013-10-22T00:00:00Z	2013-11-22T00:00:00Z
KF693777.1	9678.0		True	2013-09-22	Denmark	Europe		2013-10-22T00:00:00Z	2013-11-22T00:00:00Z
KF693776.1	9678.0		True	2013-09-22	Denmark	Europe		2013-10-22T00:00:00Z	2013-11-22T00:00:00Z
KF373567.1	9301.0		True	2012-03-23	India	Asia	India	2013-11-30T00:00:00Z	2013-11-30T00:00:00Z
KF268446.1	10320.0		True	2012-05-01	USA	North America	USA	2014-03-03T00:00:00Z	2014-03-03T00:00:00Z
KF035127.1	9426.0		True	2012-08-20	India	Asia	India	2013-07-14T00:00:00Z	2013-07-14T00:00:00Z
KF035126.1	9426.0		True	2012-08-20	India	Asia	India	2013-07-14T00:00:00Z	2013-07-14T00:00:00Z
KF035125.1	9423.0		True	2012-08-20	India	Asia	India	2013-07-14T00:00:00Z	2013-07-14T00:00:00Z
KF035124.1	9426.0		True	2012-08-20	India	Asia	India	2013-07-14T00:00:00Z	2013-07-14T00:00:00Z
KF035123.1	9429.0		True	2012-08-20	India	Asia	India	2013-07-14T00:00:00Z	2013-07-14T00:00:00Z
KC967479.1	9678.0		True	2012-03-01	Denmark	Europe	Denmark	2013-06-11T00:00:00Z	2013-06-11T00:00:00Z
KC967478.1	9678.0		True	2012-03-01	Denmark	Europe	Denmark	2013-06-11T00:00:00Z	2013-06-11T00:00:00Z
KC967477.1	9678.0		True	2012-03-01	Denmark	Europe	Denmark	2013-06-11T00:00:00Z	2013-06-11T00:00:00Z
KC967476.1	9678.0		True	2012-03-01	Denmark	Europe	Denmark	2013-06-11T00:00:00Z	2013-06-11T00:00:00Z
KC844052.1	9599.0		True	2002	China	Asia	USA	2014-02-01T00:00:00Z	2014-02-01T00:00:00Z
KC844051.1	9605.0		True	2002	China	Asia	USA	2014-02-01T00:00:00Z	2014-02-01T00:00:00Z
KC844050.1	9470.0		True	2002	China	Asia	USA	2014-02-01T00:00:00Z	2014-02-01T00:00:00Z
KC844049.1	9481.0		True	2009	China	Asia	USA	2014-02-01T00:00:00Z	2014-02-01T00:00:00Z
KC844048.1	9442.0		True	2010	China	Asia	USA	2014-02-01T00:00:00Z	2014-02-01T00:00:00Z
KC844047.1	9424.0		True	2009	China	Asia	USA	2014-02-01T00:00:00Z	2014-02-01T00:00:00Z
KC844046.1	9414.0		True	2011	China	Asia	USA	2014-02-01T00:00:00Z	2014-02-01T00:00:00Z
KC844045.1	9427.0		True	2010	China	Asia	USA	2014-02-01T00:00:00Z	2014-02-01T00:00:00Z
KC844044.1	9434.0		True	2011	China	Asia	USA	2014-02-01T00:00:00Z	2014-02-01T00:00:00Z
KC844043.1	9475.0		True	2011	China	Asia	USA	2014-02-01T00:00:00Z	2014-02-01T00:00:00Z
KC844042.1	9472.0		True	2010	China	Asia	USA	2014-02-01T00:00:00Z	2014-02-01T00:00:00Z
KC844041.1	9477.0		True	2011	China	Asia	USA	2014-02-01T00:00:00Z	2014-02-01T00:00:00Z
KC844040.1	9447.0		True	2009	China	Asia	USA	2014-02-01T00:00:00Z	2014-02-01T00:00:00Z
KC844039.1	9488.0		True	2009	China	Asia	USA	2014-02-01T00:00:00Z	2014-02-01T00:00:00Z
KC844038.1	9429.0		True	2011	China	Asia	USA	2014-02-01T00:00:00Z	2014-02-01T00:00:00Z
KC844037.1	9430.0		True	2009	China	Asia	USA	2014-02-01T00:00:00Z	2014-02-01T00:00:00Z
KC767834.1	8973.0		True	2010-05-09	South Africa	Africa	South Africa	2013-07-31T00:00:00Z	2014-07-09T00:00:00Z
KC767833.1	8144.0		True	2011-02-23	South Africa	Africa	South Africa	2013-07-31T00:00:00Z	2014-07-09T00:00:00Z
KC767832.1	8987.0		True	2011-06-07	South Africa	Africa	South Africa	2013-07-31T00:00:00Z	2014-07-09T00:00:00Z
KC767831.1	8981.0		True	2007-01-31	South Africa	Africa	South Africa	2013-07-31T00:00:00Z	2014-07-09T00:00:00Z
KC767830.1	8979.0		True	2010-04-21	South Africa	Africa	South Africa	2013-07-31T00:00:00Z	2014-07-09T00:00:00Z
KC767829.1	8979.0		True	2011-04-16	South Africa	Africa	South Africa	2013-07-31T00:00:00Z	2014-07-09T00:00:00Z
KC283194.1	9069.0			2010-02-10	Pakistan	Asia	Pakistan	2014-01-13T00:00:00Z	2014-01-13T00:00:00Z
KC197240.1	9402.0		True	2008	France	Europe	France	2013-09-20T00:00:00Z	2013-09-20T00:00:00Z
KC197239.1	9448.0		True	2009	France	Europe	France	2013-09-20T00:00:00Z	2013-09-20T00:00:00Z
KC197238.1	9616.0		True	1995	France	Europe	France	2013-09-20T00:00:00Z	2013-09-20T00:00:00Z
KC197237.1	9415.0		True	2001	France	Europe	France	2013-09-20T00:00:00Z	2013-09-20T00:00:00Z
KC197236.1	9415.0		True	1995	France	Europe	France	2013-09-20T00:00:00Z	2013-09-20T00:00:00Z
KC197235.1	9358.0		True	1995	France	Europe	France	2013-09-20T00:00:00Z	2013-09-20T00:00:00Z
KC197234.1	9447.0		True	2009	France	Europe	France	2013-09-20T00:00:00Z	2013-09-20T00:00:00Z
KC197233.1	9657.0		True	2009	France	Europe	France	2013-09-20T00:00:00Z	2013-09-20T00:00:00Z
KC197232.1	9440.0		True	2005	France	Europe	France	2013-09-20T00:00:00Z	2013-09-20T00:00:00Z
KC197231.1	9572.0		True	2001	France	Europe	France	2013-09-20T00:00:00Z	2013-09-20T00:00:00Z
KC197230.1	9448.0		True	2008	France	Europe	France	2013-09-20T00:00:00Z	2013-09-20T00:00:00Z
KC197229.1	9593.0		True	1995	France	Europe	France	2013-09-20T00:00:00Z	2013-09-20T00:00:00Z
KC197228.1	9445.0		True	2004	France	Europe	France	2013-09-20T00:00:00Z	2013-09-20T00:00:00Z
KC197227.1	9443.0		True	2008	France	Europe	France	2013-09-20T00:00:00Z	2013-09-20T00:00:00Z
KC197226.1	9556.0		True	2001	France	Europe	France	2013-09-20T00:00:00Z	2013-09-20T00:00:00Z
KC191671.2	9402.0		True	2010	Malaysia	Asia	Malaysia	2012-12-16T00:00:00Z	2013-03-11T00:00:00Z
KC155254.1	9277.0		True	2012-08-22	Germany	Europe	Germany	2013-01-17T00:00:00Z	2013-01-22T00:00:00Z
JX463526.1	9003.0		True	2002-08-13	USA	North America	USA	2013-07-31T00:00:00Z	2014-08-07T00:00:00Z
JX463525.1	9002.0		True	2001-09-12	USA	North America	USA	2013-07-31T00:00:00Z	2014-08-07T00:00:00Z
JQ914274.1	9166.0		True	2011-12-05	Germany	Europe	Germany	2013-01-17T00:00:00Z	2013-01-17T00:00:00Z
JQ914273.1	9210.0		True	2011-10-06	Germany	Europe	Germany	2013-01-17T00:00:00Z	2013-01-17T00:00:00Z
JQ914272.1	9174.0		True	2010-11-29	Germany	Europe	Germany	2013-01-17T00:00:00Z	2013-01-17T00:00:00Z
JQ914271.1	9209.0		True	2010-06-25	Germany	Europe	Germany	2013-01-17T00:00:00Z	2013-01-17T00:00:00Z
JQ065709.1	9383.0		True	2011-08-22	China	Asia	China	2012-09-25T00:00:00Z	2013-01-28T00:00:00Z
JQ061787.1	8797.0		True	2006-11-22	USA	North America	USA	2013-11-10T00:00:00Z	2013-11-10T00:00:00Z
JQ061786.1	8797.0		True	2006-11-22	USA	North America	USA	2013-11-10T00:00:00Z	2013-11-10T00:00:00Z
JQ061785.1	8797.0		True	2006-11-22	USA	North America	USA	2013-11-10T00:00:00Z	2013-11-10T00:00:00Z
JQ061784.1	8592.0		True	2006-11-22	USA	North America	USA	2013-11-10T00:00:00Z	2013-11-10T00:00:00Z
JQ061783.1	8797.0		True	2006-11-22	USA	North America	USA	2013-11-10T00:00:00Z	2013-11-10T00:00:00Z
JQ061782.1	8797.0		True	2006-11-22	USA	North America	USA	2013-11-10T00:00:00Z	2013-11-10T00:00:00Z
JQ061781.1	8797.0		True	2006-11-22	USA	North America	USA	2013-11-10T00:00:00Z	2013-11-10T00:00:00Z
JQ061780.1	8797.0		True	2006-11-22	USA	North America	USA	2013-11-10T00:00:00Z	2013-11-10T00:00:00Z
JQ061779.1	8743.0		True	2006-11-22	USA	North America	USA	2013-11-10T00:00:00Z	2013-11-10T00:00:00Z
JN120912.1	9344.0		True	2003	France	Europe	France	2011-11-19T00:00:00Z	2013-04-23T00:00:00Z
HQ912959.1	9033.0		True	2008-02-14	China	Asia	China	2011-03-05T00:00:00Z	2013-07-09T00:00:00Z
HQ912958.1	9033.0		True	2007-12-20	China	Asia	China	2011-03-05T00:00:00Z	2013-07-09T00:00:00Z
HQ912956.1	9033.0		True	2007-08-30	China	Asia	China	2011-03-05T00:00:00Z	2013-07-09T00:00:00Z
HQ537006.1	9210.0		True	2007-03-06	Cyprus	Asia	Cyprus	2011-06-20T00:00:00Z	2014-06-25T00:00:00Z
HQ537005.1	9210.0		True	2005-05-15	Cyprus	Asia	Cyprus	2011-06-20T00:00:00Z	2014-06-25T00:00:00Z
AB828704.1	9039.0		True	2005-08-22	Japan	Asia	Japan	2014-07-04T00:00:00Z	2014-07-04T00:00:00Z
AB828703.1	9039.0		True	2005-08-22	Japan	Asia	Japan	2014-07-04T00:00:00Z	2014-07-04T00:00:00Z
AB828702.1	9039.0		True	2005-08-22	Japan	Asia	Japan	2014-07-04T00:00:00Z	2014-07-04T00:00:00Z
AB828701.1	9597.0		True	1998-04-28	Japan	Asia	Japan	2014-07-04T00:00:00Z	2014-07-04T00:00:00Z
AB828700.1	9597.0		True	1998-04-28	Japan	Asia	Japan	2014-07-04T00:00:00Z	2014-07-04T00:00:00Z
AB828699.1	9597.0		True	1998-04-28	Japan	Asia	Japan	2014-07-04T00:00:00Z	2014-07-04T00:00:00Z
JN588558.1	9449.0		True	2009-12	Pakistan	Asia	Pakistan	2011-12-11T00:00:00Z	2011-12-11T00:00:00Z
JF779679.1	9028.0		True	2010-07-09	USA	North America	USA	2011-09-13T00:00:00Z	2011-11-02T00:00:00Z
JF509177.1	8988.0		True	2006-04-24	United Kingdom	Europe		2012-02-29T00:00:00Z	2012-02-29T00:00:00Z
JF509176.1	8792.0		True	2006-05-15	United Kingdom	Europe		2012-02-29T00:00:00Z	2012-02-29T00:00:00Z
JF509175.1	8988.0		True	2006-05-22	United Kingdom	Europe		2012-02-29T00:00:00Z	2012-02-29T00:00:00Z
HQ852469.1	9619.0		True	2010-11-24	Denmark	Europe	Denmark	2011-01-19T00:00:00Z	2012-01-05T00:00:00Z
HQ852468.1	9624.0		True	2010-11-24	Denmark	Europe	Denmark	2011-01-19T00:00:00Z	2012-01-05T00:00:00Z
HQ852467.1	9624.0		True	2010-11-24	Denmark	Europe	Denmark	2011-01-19T00:00:00Z	2012-01-05T00:00:00Z
HQ852466.1	9618.0		True	2010-11-24	Denmark	Europe	Denmark	2011-01-19T00:00:00Z	2012-01-05T00:00:00Z
HQ852465.1	9633.0		True	2010-11-24	Denmark	Europe	Denmark	2011-01-19T00:00:00Z	2012-01-05T00:00:00Z
HQ852464.1	9630.0		True	2010-11-24	Denmark	Europe	Denmark	2011-01-19T00:00:00Z	2012-01-05T00:00:00Z
HQ852463.1	9615.0		True	2010-11-24	Denmark	Europe	Denmark	2011-01-19T00:00:00Z	2012-01-05T00:00:00Z
HQ852462.1	9636.0		True	2010-11-24	Denmark	Europe	Denmark	2011-01-19T00:00:00Z	2012-01-05T00:00:00Z
HQ852461.1	9678.0		True	2010-11-24	Denmark	Europe	Denmark	2011-01-19T00:00:00Z	2012-01-05T00:00:00Z
HQ852460.1	9621.0		True	2010-11-24	Denmark	Europe	Denmark	2011-01-19T00:00:00Z	2012-01-05T00:00:00Z
HQ852459.1	9624.0		True	2010-11-24	Denmark	Europe	Denmark	2011-01-19T00:00:00Z	2012-01-05T00:00:00Z
HQ852458.1	9624.0		True	2010-11-24	Denmark	Europe	Denmark	2011-01-19T00:00:00Z	2012-01-05T00:00:00Z
HQ537009.1	9177.0		True	2006-02-13	Cyprus	Asia	Cyprus	2011-06-20T00:00:00Z	2011-12-09T00:00:00Z
HQ537008.1	9174.0		True	2005-06-14	Cyprus	Asia	Cyprus	2011-06-20T00:00:00Z	2011-12-09T00:00:00Z
HQ537007.1	9187.0		True	2005-05-09	Cyprus	Asia	Cyprus	2011-06-20T00:00:00Z	2011-12-09T00:00:00Z
HQ110091.1	9421.0		True	1996-10	USA	North America	USA	2011-01-24T00:00:00Z	2012-04-09T00:00:00Z
GQ149768.1	9303.0		True	2002	USA: Massachusetts	North America	USA	2009-06-17T00:00:00Z	2009-06-17T00:00:00Z
FJ478453.1	9329.0		True	1999	USA: Massachusetts	North America	USA	2008-12-16T00:00:00Z	2008-12-16T00:00:00Z
FJ410172.1	9272.0		True	2008	USA	North America	USA	2008-11-01T00:00:00Z	2009-12-15T00:00:00Z
FJ390399.1	9248.0		True	2007	USA	North America	USA	2008-11-01T00:00:00Z	2009-12-15T00:00:00Z
FJ390398.1	9329.0		True	2008	USA	North America	USA	2008-11-01T00:00:00Z	2009-12-15T00:00:00Z
FJ390397.1	9329.0		True	2008	USA	North America	USA	2008-11-01T00:00:00Z	2009-12-15T00:00:00Z
FJ390396.1	9330.0		True	2007	USA	North America	USA	2008-11-01T00:00:00Z	2009-12-15T00:00:00Z
FJ390395.1	9264.0		True	2008	USA	North America	USA	2008-11-01T00:00:00Z	2009-12-15T00:00:00Z
FJ390394.1	9287.0		True	2008	USA	North America	USA	2008-11-01T00:00:00Z	2009-12-15T00:00:00Z
FJ205869.1	9271.0		True	2006	USA	North America	USA	2008-09-23T00:00:00Z	2009-12-15T00:00:00Z
FJ205868.1	9313.0		True	2007	USA	North America	USA	2008-09-23T00:00:00Z	2009-12-15T00:00:00Z
FJ205867.1	9337.0		True	2007	USA	North America	USA	2008-09-23T00:00:00Z	2009-12-15T00:00:00Z
FJ182001.1	9295.0		True	2007	USA	North America	USA	2008-09-23T00:00:00Z	2009-12-15T00:00:00Z
FJ182000.1	9271.0		True	2007	USA	North America	USA	2008-09-23T00:00:00Z	2009-12-15T00:00:00Z
FJ181999.1	9288.0		True	2007	USA	North America	USA	2008-09-23T00:00:00Z	2009-12-15T00:00:00Z
FJ024282.1	9289.0		True	2005	USA	North America	USA	2008-09-01T00:00:00Z	2009-12-15T00:00:00Z
FJ024281.1	9301.0		True	2007	USA	North America	USA	2008-09-01T00:00:00Z	2009-12-15T00:00:00Z
FJ024280.1	9286.0		True	2007	USA	North America	USA	2008-09-01T00:00:00Z	2009-12-15T00:00:00Z
FJ024279.1	9329.0		True	2007	USA	North America	USA	2008-09-01T00:00:00Z	2009-12-15T00:00:00Z
FJ024278.1	9271.0		True	2007	USA	North America	USA	2008-09-01T00:00:00Z	2009-12-15T00:00:00Z
FJ024277.1	9329.0		True	2007	USA	North America	USA	2008-09-01T00:00:00Z	2009-12-15T00:00:00Z
FJ024276.1	9269.0		True	2007	USA	North America	USA	2008-09-01T00:00:00Z	2009-12-15T00:00:00Z
FJ024275.1	9269.0		True	2007	USA	North America	USA	2008-09-01T00:00:00Z	2009-12-15T00:00:00Z
FJ024274.1	9230.0		True	2007	USA	North America	USA	2008-09-01T00:00:00Z	2009-12-15T00:00:00Z
FJ024087.1	9304.0		True	2007	USA	North America	USA	2008-09-01T00:00:00Z	2009-12-15T00:00:00Z
FJ024086.1	9326.0		True	2007	USA	North America	USA	2008-09-01T00:00:00Z	2009-12-15T00:00:00Z
EU862841.1	9292.0		True	2003	USA: Tennessee	North America	USA	2009-12-21T00:00:00Z	2009-12-21T00:00:00Z
EU862840.1	9364.0		True	2003	USA: Tennessee	North America	USA	2009-12-21T00:00:00Z	2009-12-21T00:00:00Z
EU862839.1	9306.0		True	1990	USA	North America	USA	2009-12-21T00:00:00Z	2009-12-21T00:00:00Z
EU862838.1	8567.0		True	1992	USA	North America	USA	2009-12-21T00:00:00Z	2009-12-21T00:00:00Z
EU862837.1	9336.0			2004	Switzerland	Europe	USA	2009-12-21T00:00:00Z	2009-12-21T00:00:00Z
EU862836.1	9309.0		True	2003	Switzerland	Europe	USA	2009-12-21T00:00:00Z	2009-12-21T00:00:00Z
EU862835.1	9212.0			2001	USA	North America	USA	2008-09-23T00:00:00Z	2009-12-15T00:00:00Z
EU862834.1	9249.0		True	2004	Germany	Europe	USA	2009-12-21T00:00:00Z	2009-12-21T00:00:00Z
EU862832.1	9292.0		True	2003	Germany	Europe	USA	2009-12-21T00:00:00Z	2009-12-21T00:00:00Z
EU862831.1	9296.0		True	2006	USA: Massachusetts	North America	USA	2009-12-21T00:00:00Z	2009-12-21T00:00:00Z
EU862829.1	9050.0		True	2005	USA: Massachusetts	North America	USA	2009-12-21T00:00:00Z	2009-12-21T00:00:00Z
EU862828.1	9313.0		True	2004	USA: Massachusetts	North America	USA	2009-12-21T00:00:00Z	2009-12-21T00:00:00Z
EU862823.1	9311.0		True	2003	Germany	Europe	USA	2008-09-23T00:00:00Z	2009-12-15T00:00:00Z
EU687195.1	9311.0		True	2007	Germany: Baden-Wurttemberg	Europe	USA	2008-05-12T00:00:00Z	2009-12-15T00:00:00Z
EU687194.1	9304.0		True	2004	Germany: Baden-Wurttemberg	Europe	USA	2008-05-12T00:00:00Z	2009-12-15T00:00:00Z
EU687193.1	9272.0		True	2005	Germany: Baden-Wurttemberg	Europe	USA	2008-05-12T00:00:00Z	2009-12-15T00:00:00Z
EU660388.1	9330.0		True	2001	USA: Tennessee	North America	USA	2008-05-12T00:00:00Z	2009-12-15T00:00:00Z
EU660387.1	9294.0		True	2003	USA	North America	USA	2008-05-12T00:00:00Z	2009-12-15T00:00:00Z
EU660386.1	9329.0		True	2006	USA	North America	USA	2008-05-12T00:00:00Z	2009-12-15T00:00:00Z
EU482889.1	9311.0		True	1990	USA	North America	USA	2008-03-08T00:00:00Z	2009-12-15T00:00:00Z
EU482887.1	9274.0		True	2002	USA: Tennessee	North America	USA	2008-03-08T00:00:00Z	2009-12-15T00:00:00Z
EU482879.1	9332.0		True	2006	USA	North America	USA	2008-03-08T00:00:00Z	2009-12-15T00:00:00Z
EU256086.1	9345.0		True	2003	USA: Tennessee	North America	USA	2008-06-16T00:00:00Z	2009-12-15T00:00:00Z
EU256056.1	9281.0		True	2003	USA: Massachusetts	North America	USA	2008-06-23T00:00:00Z	2009-12-15T00:00:00Z
EU256055.1	9300.0		True	2001	USA: Massachusetts	North America	USA	2008-06-23T00:00:00Z	2009-12-15T00:00:00Z
EU256045.1	9329.0		True	2003	USA: Massachusetts	North America	USA	2008-06-23T00:00:00Z	2009-12-15T00:00:00Z
EU256042.1	9292.0		True	2005	USA: Massachusetts	North America	USA	2008-06-23T00:00:00Z	2009-12-15T00:00:00Z
EU255967.1	9318.0		True	1997	USA	North America	USA	2008-06-23T00:00:00Z	2009-12-15T00:00:00Z
EU255959.1	9292.0		True	2003	Switzerland	Europe	USA	2008-06-16T00:00:00Z	2009-12-15T00:00:00Z
EU155379.1	9279.0		True	2003	Germany	Europe	USA	2007-09-24T00:00:00Z	2009-12-15T00:00:00Z
EU155350.1	9278.0		True	2003	Switzerland	Europe	USA	2007-09-24T00:00:00Z	2009-12-15T00:00:00Z
EU155312.2	9380.0		True	2000	USA: New York	North America	USA	2007-09-24T00:00:00Z	2009-12-15T00:00:00Z
EU155273.2	9348.0		True	2006	USA: Massachusetts	North America	USA	2007-09-24T00:00:00Z	2009-12-15T00:00:00Z
EU155265.2	9382.0		True	2005	USA: Massachusetts	North America	USA	2007-09-24T00:00:00Z	2009-12-15T00:00:00Z
EU155260.2	9329.0		True	2006	USA	North America	USA	2007-09-24T00:00:00Z	2009-12-15T00:00:00Z
EU155247.2	9334.0		True	2005	USA: Massachusetts	North America	USA	2007-09-24T00:00:00Z	2009-12-15T00:00:00Z
EU155241.1	9275.0		True	2002	USA: Tennessee	North America	USA	2007-09-24T00:00:00Z	2009-12-15T00:00:00Z
AB690461.1	9683.0		True	2011-12-01	Japan:Tokyo	Asia	Japan	2012-07-04T00:00:00Z	2012-09-15T00:00:00Z
AB690460.1	9683.0		True	2011-12-01	Japan:Tokyo	Asia	Japan	2012-07-04T00:00:00Z	2012-09-15T00:00:00Z
AB558135.2	9463.0		True	2005-01-22	Japan:Saitama, Tokorozawa	Asia	Japan	2010-07-31T00:00:00Z	2011-10-26T00:00:00Z
JF343793.1	9721.0		True	2011-02-14	Denmark	Europe	Denmark	2011-04-20T00:00:00Z	2011-04-20T00:00:00Z
JF343792.1	9713.0		True	2011-02-14	Denmark	Europe	Denmark	2011-04-20T00:00:00Z	2011-04-20T00:00:00Z
JF343791.1	9680.0		True	2011-02-14	Denmark	Europe	Denmark	2011-04-20T00:00:00Z	2011-04-20T00:00:00Z
JF343790.1	9710.0		True	2011-02-14	Denmark	Europe	Denmark	2011-04-20T00:00:00Z	2011-04-20T00:00:00Z
JF343789.1	9720.0		True	2011-02-14	Denmark	Europe	Denmark	2011-04-20T00:00:00Z	2011-04-20T00:00:00Z
JF343788.1	9718.0		True	2011-02-14	Denmark	Europe	Denmark	2011-04-20T00:00:00Z	2011-04-20T00:00:00Z
JF343787.2	9686.0		True	2011-02-14	Denmark	Europe	Denmark	2011-04-20T00:00:00Z	2011-04-20T00:00:00Z
JF343786.2	9668.0		True	2011-02-14	Denmark	Europe	Denmark	2011-04-20T00:00:00Z	2011-04-20T00:00:00Z
JF343785.2	9666.0		True	2011-02-14	Denmark	Europe	Denmark	2011-04-20T00:00:00Z	2011-04-20T00:00:00Z
JF343784.2	9683.0		True	2011-02-14	Denmark	Europe	Denmark	2011-04-20T00:00:00Z	2011-04-20T00:00:00Z
JF343783.1	9679.0		True	2011-02-14	Denmark	Europe	Denmark	2011-04-20T00:00:00Z	2011-04-20T00:00:00Z
JF343782.1	9678.0		True	2011-02-14	Denmark	Europe	Denmark	2011-04-20T00:00:00Z	2011-04-20T00:00:00Z
JF343781.2	9667.0		True	2011-02-14	Denmark	Europe	Denmark	2011-04-20T00:00:00Z	2011-04-20T00:00:00Z
JF343780.2	9667.0		True	2011-02-14	Denmark	Europe	Denmark	2011-04-20T00:00:00Z	2011-04-20T00:00:00Z
HQ912957.1	9033.0		True	2007-11-28	China	Asia	China	2011-03-05T00:00:00Z	2011-03-05T00:00:00Z
HQ912955.1	9060.0		True	2008-12-11	China	Asia	China	2011-03-05T00:00:00Z	2011-03-05T00:00:00Z
HQ912954.1	9060.0		True	2008-12-28	China	Asia	China	2011-03-05T00:00:00Z	2011-03-05T00:00:00Z
HQ912953.1	9066.0		True	2008-03-18	China	Asia	China	2011-03-05T00:00:00Z	2011-03-05T00:00:00Z
HQ852457.1	9687.0		True	2010-12-22	Denmark	Europe	Denmark	2011-01-19T00:00:00Z	2011-03-01T00:00:00Z
HQ852456.1	9666.0		True	2010-12-22	Denmark	Europe	Denmark	2011-01-19T00:00:00Z	2011-03-01T00:00:00Z
HQ852455.1	9666.0		True	2010-12-22	Denmark	Europe	Denmark	2011-01-19T00:00:00Z	2011-03-01T00:00:00Z
HQ852454.1	9666.0		True	2010-12-22	Denmark	Europe	Denmark	2011-01-19T00:00:00Z	2011-03-01T00:00:00Z
HQ852453.1	9666.0		True	2010-12-22	Denmark	Europe	Denmark	2011-01-19T00:00:00Z	2011-03-01T00:00:00Z
HM777359.1	9383.0		True	2005-11-14	Venezuela	South America	Venezuela	2011-01-02T00:00:00Z	2011-01-02T00:00:00Z
GU451224.1	9398.0		True	2008-08-05	China	Asia		2010-03-02T00:00:00Z	2011-03-24T00:00:00Z
GU451223.1	9398.0		True	2004-07-28	China	Asia		2010-03-02T00:00:00Z	2011-03-24T00:00:00Z
GU451222.1	9398.0		True	2003-10-29	China	Asia		2010-03-02T00:00:00Z	2011-03-24T00:00:00Z
GU451221.1	9398.0		True	2003-08-01	China	Asia		2010-03-02T00:00:00Z	2011-03-24T00:00:00Z
GU451220.1	9398.0		True	2008-08-05	China	Asia		2010-03-02T00:00:00Z	2011-03-24T00:00:00Z
GU451219.1	9398.0		True	2004-07-28	China	Asia		2010-03-02T00:00:00Z	2011-03-24T00:00:00Z
GU451218.1	9398.0		True	2003-08-01	China	Asia		2010-03-02T00:00:00Z	2011-03-24T00:00:00Z
GQ275355.1	9442.0		True	2003-10	India	Asia	India	2011-04-05T00:00:00Z	2011-04-05T00:00:00Z
GU294484.1	9474.0		True	2008-09-20	Pakistan	Asia	Pakistan	2010-03-08T00:00:00Z	2010-03-11T00:00:00Z
FJ821465.1	9398.0		True	2007-02	France	Europe	France	2009-09-27T00:00:00Z	2010-03-24T00:00:00Z
FJ407092.1	9433.0		True	2002-06-02	India	Asia	India	2009-10-21T00:00:00Z	2009-10-21T00:00:00Z
EU158186.1	9429.0		True	2004-08	China	Asia	China	2009-07-01T00:00:00Z	2009-07-01T00:00:00Z
EU857431.1	9603.0		True	2001-05-10	China	Asia	China	2008-08-27T00:00:00Z	2008-08-27T00:00:00Z
