sequence_id	is_recombinant	breakpoint_start	breakpoint_end	p_value	methods	parent_1	parent_2
PX584912.1	false	0	0				
PX810245.1	false	0	0				
PX810238.1	false	0	0				
PX810237.1	false	0	0				
PX810236.1	false	0	0				
PX810235.1	false	0	0				
PX810234.1	false	0	0				
PX810233.1	false	0	0				
PX810232.1	false	0	0				
PX810231.1	false	0	0				
PX810230.1	false	0	0				
PX522146.1	true	2950	3741	0.000000005368	3Seq	ref_FJ904435	ref_GQ161817
PX522145.1	true	2950	3741	0.000000001839	3Seq	ref_FJ904435	ref_GQ161817
PX522144.1	true	2950	3741	0.000000004141	3Seq	ref_FJ904435	ref_GQ161817
PX522143.1	true	2956	3716	0.000000087566	3Seq	ref_FJ904435	ref_GQ161817
PX522142.1	false	0	0				
PX522141.1	false	0	0				
PX522140.1	true	2956	3741	0.000000020214	3Seq	ref_FJ904435	ref_GQ161817
PX522139.1	false	0	0				
PX522138.1	true	3517	3703	0.000000064009	3Seq	ref_FJ904435	ref_KP168423
PX522137.1	true	2956	3741	0.000000006876	3Seq	ref_FJ904435	ref_GQ161817
PX522136.1	true	2956	3741	0.000000003910	3Seq	ref_FJ904435	ref_GQ161817
PX522135.1	false	0	0				
PX522134.1	true	2956	3716	0.000000075465	3Seq	ref_FJ904435	ref_GQ161817
PX522133.1	true	2956	3716	0.000000020517	3Seq	ref_FJ904435	ref_GQ161817
PX522132.1	true	2956	3716	0.000000095904	3Seq	ref_FJ904435	ref_GQ161817
PX522130.1	false	0	0				
PX522129.1	false	0	0				
PX522128.1	true	2028	5257	0.000000081773	3Seq	ref_FJ904435	ref_MF925358
PX522127.1	true	2956	3741	0.000000009673	3Seq	ref_FJ904435	ref_GQ161817
PX522126.1	true	2956	3781	0.000000001775	3Seq	ref_FJ904435	ref_GQ161817
PX522125.1	true	2956	3781	0.000000000059	3Seq	ref_FJ904435	ref_GQ161817
PX522124.1	true	2950	4062	0.000000034707	3Seq	ref_FJ904435	ref_GQ161817
PX522123.1	true	3614	3888	0.000000000000	3Seq	ref_AB222711	ref_EU594385
PX522122.1	true	2956	3741	0.000000075465	3Seq	ref_FJ904435	ref_GQ161817
PX497804.1	true	2956	3716	0.000000062866	3Seq	ref_FJ904435	ref_GQ161817
PX497802.1	true	2956	3741	0.000000020517	3Seq	ref_FJ904435	ref_GQ161817
PX497801.1	true	2956	4062	0.000000022601	3Seq	ref_FJ904435	ref_GQ161817
PX440334.1	false	0	0				
PX120126.1	true	2950	3695	0.000000098601	3Seq	ref_FJ904435	ref_GQ161817
PX120125.1	true	2956	3716	0.000000049076	3Seq	ref_FJ904435	ref_GQ161817
PX120124.1	true	2956	3716	0.000000021074	3Seq	ref_FJ904435	ref_GQ161817
PX120123.1	true	2950	3781	0.000000002937	3Seq	ref_FJ904435	ref_GQ161817
PX120122.1	true	2950	3741	0.000000004338	3Seq	ref_FJ904435	ref_GQ161817
PX120121.1	true	2956	3781	0.000000003910	3Seq	ref_FJ904435	ref_GQ161817
PX120120.1	true	2428	4597	0.000000020141	3Seq	ref_AB056513	ref_EU594385
PX120119.1	true	2956	3781	0.000000002154	3Seq	ref_FJ904435	ref_GQ161817
PX120118.1	false	0	0				
PX120117.1	false	0	0				
PX120116.1	false	0	0				
PX120115.1	true	2950	3781	0.000000009224	3Seq	ref_FJ904435	ref_GQ161817
PX120114.1	true	2956	3716	0.000000020108	3Seq	ref_FJ904435	ref_GQ161817
PX120113.1	true	2956	3741	0.000000115215	3Seq	ref_FJ904435	ref_GQ161817
PX120112.1	true	2950	3741	0.000000004981	3Seq	ref_FJ904435	ref_GQ161817
PX120111.1	true	2950	3741	0.000000015617	3Seq	ref_FJ904435	ref_GQ161817
PX120110.1	false	0	0				
PX120109.1	false	0	0				
PX120108.1	true	2950	3741	0.000000003698	3Seq	ref_FJ904435	ref_GQ161817
PX116514.1	true	2956	3716	0.000000057679	3Seq	ref_FJ904435	ref_GQ161817
LC852229.1	true	3517	3782	0.000000000081	3Seq	ref_FJ904435	ref_FJ692601
PX116511.1	true	2950	3728	0.000000012415	3Seq	ref_FJ904435	ref_GQ161817
PX116510.1	true	2950	3728	0.000000000624	3Seq	ref_FJ904435	ref_GQ161817
PX116509.1	true	2950	3728	0.000000050271	3Seq	ref_FJ904435	ref_GQ161817
PX116507.1	true	2629	4617	0.000000000000	3Seq	ref_FJ904435	ref_EU594385
PX116506.1	true	2362	2587	0.000000000000	3Seq	ref_MF925358	ref_EU594385
PX116505.1	false	0	0				
PX116504.1	true	2362	2587	0.000000000000	3Seq	ref_MF925358	ref_EU594385
PX116503.1	true	3428	3689	0.000000013416	3Seq	ref_FJ904435	ref_EU594385
PX116502.1	true	2410	4556	0.000000006756	3Seq	ref_AB056513	ref_GQ331046
PX116500.1	true	3043	3716	0.000000078957	3Seq	ref_FJ904435	ref_GQ161817
PX116499.1	true	2956	3716	0.000000016369	3Seq	ref_FJ904435	ref_GQ161817
PX116498.1	true	2956	3741	0.000000004587	3Seq	ref_FJ904435	ref_GQ161817
PX116497.1	true	2956	3709	0.000000084240	3Seq	ref_FJ904435	ref_GQ161817
PX116496.1	true	2956	3716	0.000000021074	3Seq	ref_FJ904435	ref_GQ161817
PX116495.1	true	2956	3716	0.000000040960	3Seq	ref_FJ904435	ref_GQ161817
PX116494.1	false	0	0				
PX116493.1	true	2956	3716	0.000000087566	3Seq	ref_FJ904435	ref_GQ161817
PX116492.1	true	2956	3741	0.000000005119	3Seq	ref_FJ904435	ref_GQ161817
PX116490.1	true	2956	3781	0.000000002597	3Seq	ref_FJ904435	ref_GQ161817
PX116489.1	false	0	0				
PX116488.1	false	0	0				
PX116487.1	true	2956	3716	0.000000008317	3Seq	ref_FJ904435	ref_GQ161817
PX116486.1	true	2956	3741	0.000000004587	3Seq	ref_FJ904435	ref_GQ161817
PX116485.1	true	2956	3741	0.000000004587	3Seq	ref_FJ904435	ref_GQ161817
PX116484.1	true	2950	3716	0.000000084030	3Seq	ref_FJ904435	ref_GQ161817
PX116483.1	true	2956	3741	0.000000004587	3Seq	ref_FJ904435	ref_GQ161817
PX116482.1	true	2956	3741	0.000000004587	3Seq	ref_FJ904435	ref_GQ161817
PX116481.1	true	2956	3716	0.000000013288	3Seq	ref_FJ904435	ref_GQ161817
PX116480.1	true	2956	3741	0.000000004587	3Seq	ref_FJ904435	ref_GQ161817
PX116479.1	true	2956	3741	0.000000004587	3Seq	ref_FJ904435	ref_GQ161817
PX116478.1	true	2950	3728	0.000000046946	3Seq	ref_FJ904435	ref_GQ161817
PX116477.1	true	2956	4062	0.000000002319	3Seq	ref_FJ904435	ref_GQ161817
PX116476.1	true	2956	3741	0.000000008303	3Seq	ref_FJ904435	ref_GQ161817
PX116475.1	true	2956	3741	0.000000010369	3Seq	ref_FJ904435	ref_GQ161817
PX116474.1	true	2956	3741	0.000000016714	3Seq	ref_FJ904435	ref_GQ161817
PX116473.1	true	2956	3741	0.000000000404	3Seq	ref_FJ904435	ref_GQ161817
PX116472.1	true	2956	3781	0.000000018995	3Seq	ref_FJ904435	ref_GQ161817
PX068166.1	true	2950	3741	0.000000028881	3Seq	ref_FJ904435	ref_GQ161817
PX068165.1	true	2950	3741	0.000000012984	3Seq	ref_FJ904435	ref_GQ161817
PX068164.1	true	2950	3741	0.000000028881	3Seq	ref_FJ904435	ref_GQ161817
PX068163.1	false	0	0				
PX068162.1	true	2950	3741	0.000000028881	3Seq	ref_FJ904435	ref_GQ161817
PX068161.1	true	3043	3741	0.000000007050	3Seq	ref_FJ904435	ref_GQ161817
PX068160.1	true	2950	3741	0.000000012984	3Seq	ref_FJ904435	ref_GQ161817
PX068159.1	true	2950	3741	0.000000012984	3Seq	ref_FJ904435	ref_GQ161817
PX068158.1	true	2950	3741	0.000000001928	3Seq	ref_FJ904435	ref_GQ161817
PX068157.1	true	2950	3741	0.000000012984	3Seq	ref_FJ904435	ref_GQ161817
PX068156.1	true	2950	3741	0.000000002219	3Seq	ref_FJ904435	ref_GQ161817
PX068155.1	true	2950	3741	0.000000028881	3Seq	ref_FJ904435	ref_GQ161817
PX068154.1	true	2950	3741	0.000000012984	3Seq	ref_FJ904435	ref_GQ161817
PX068153.1	true	2956	3741	0.000000004695	3Seq	ref_FJ904435	ref_GQ161817
PX068152.1	true	2950	3741	0.000000012984	3Seq	ref_FJ904435	ref_GQ161817
PX068151.1	true	2950	3741	0.000000028881	3Seq	ref_FJ904435	ref_GQ161817
PX068150.1	true	2950	3741	0.000000012984	3Seq	ref_FJ904435	ref_GQ161817
PX068149.1	true	2950	3741	0.000000001285	3Seq	ref_FJ904435	ref_GQ161817
PX068148.1	true	2950	3741	0.000000002216	3Seq	ref_FJ904435	ref_GQ161817
PX068147.1	true	2950	3741	0.000000028636	3Seq	ref_FJ904435	ref_GQ161817
PX068146.1	true	2950	3741	0.000000028881	3Seq	ref_FJ904435	ref_GQ161817
PX068145.1	true	2950	3741	0.000000040856	3Seq	ref_FJ904435	ref_GQ161817
PX068144.1	true	2950	3741	0.000000012984	3Seq	ref_FJ904435	ref_GQ161817
PX068143.1	true	2956	3741	0.000000004695	3Seq	ref_FJ904435	ref_GQ161817
PX068142.1	true	2950	3741	0.000000028881	3Seq	ref_FJ904435	ref_GQ161817
PX068141.1	true	2950	3741	0.000000012984	3Seq	ref_FJ904435	ref_GQ161817
PX068139.1	true	2950	3741	0.000000001285	3Seq	ref_FJ904435	ref_GQ161817
PX068138.1	true	2950	3741	0.000000028881	3Seq	ref_FJ904435	ref_GQ161817
PX068137.1	false	0	0				
PX068136.1	true	2950	3741	0.000000040856	3Seq	ref_FJ904435	ref_GQ161817
PX068135.1	true	2950	3741	0.000000012984	3Seq	ref_FJ904435	ref_GQ161817
PX068134.1	true	3043	3741	0.000000000700	3Seq	ref_FJ904435	ref_GQ161817
PX068133.1	true	2950	3741	0.000000012984	3Seq	ref_FJ904435	ref_GQ161817
PX068132.1	true	743	3708	0.000000000530	3Seq	ref_GQ205389	ref_AB222711
PX068131.1	true	2950	3741	0.000000028881	3Seq	ref_FJ904435	ref_GQ161817
PX068130.1	true	3567	3730	0.000000015019	3Seq	ref_FJ904435	ref_FJ692601
PX068129.1	true	2950	3741	0.000000002216	3Seq	ref_FJ904435	ref_GQ161817
PX068128.1	true	2950	3741	0.000000028636	3Seq	ref_FJ904435	ref_GQ161817
PX068127.1	true	2950	3741	0.000000012984	3Seq	ref_FJ904435	ref_GQ161817
PX068126.1	true	2950	3741	0.000000040856	3Seq	ref_FJ904435	ref_GQ161817
PX068125.1	true	2950	3741	0.000000012984	3Seq	ref_FJ904435	ref_GQ161817
PX068124.1	true	2950	3741	0.000000028881	3Seq	ref_FJ904435	ref_GQ161817
PX068123.1	true	2950	3741	0.000000002446	3Seq	ref_FJ904435	ref_GQ161817
PX068122.1	true	2950	3741	0.000000012984	3Seq	ref_FJ904435	ref_GQ161817
PX068121.1	true	2956	3741	0.000000000236	3Seq	ref_FJ904435	ref_GQ161817
PX068120.1	true	2956	3741	0.000000000455	3Seq	ref_FJ904435	ref_GQ161817
PX068119.1	true	2950	3741	0.000000013370	3Seq	ref_FJ904435	ref_GQ161817
PX068118.1	true	2033	3078	0.000000000000	3Seq	ref_GQ205389	ref_KC875277
PX068117.1	true	2950	3741	0.000000028881	3Seq	ref_FJ904435	ref_GQ161817
PX068116.1	true	2950	3741	0.000000012984	3Seq	ref_FJ904435	ref_GQ161817
PX068115.1	true	2950	3741	0.000000012984	3Seq	ref_FJ904435	ref_GQ161817
PX068114.1	true	2950	3741	0.000000012984	3Seq	ref_FJ904435	ref_GQ161817
PX068113.1	true	2950	3741	0.000000012984	3Seq	ref_FJ904435	ref_GQ161817
PX068112.1	true	2950	3741	0.000000008303	3Seq	ref_FJ904435	ref_GQ161817
PX068111.1	true	2950	3741	0.000000028881	3Seq	ref_FJ904435	ref_GQ161817
PX068110.1	true	2950	3741	0.000000012984	3Seq	ref_FJ904435	ref_GQ161817
PX068109.1	true	2950	3741	0.000000000152	3Seq	ref_FJ904435	ref_GQ161817
PX068108.1	true	2950	3741	0.000000000347	3Seq	ref_FJ904435	ref_GQ161817
PX068107.1	true	2950	3741	0.000000028881	3Seq	ref_FJ904435	ref_GQ161817
PX068106.1	true	2950	3741	0.000000012984	3Seq	ref_FJ904435	ref_GQ161817
PX068104.1	true	2950	3741	0.000000012984	3Seq	ref_FJ904435	ref_GQ161817
PX068103.1	false	0	0				
PV982281.1	true	3517	3696	0.000000017638	3Seq	ref_FJ904435	ref_KP168423
PV982280.1	true	3517	3696	0.000000030228	3Seq	ref_FJ904435	ref_KP168423
PQ335655.1	false	0	0				
PQ772200.1	true	3512	3703	0.000000010742	3Seq	ref_FJ904435	ref_FJ692601
PQ772199.1	true	2956	3781	0.000000006181	3Seq	ref_FJ904435	ref_GQ161817
PQ772198.1	true	2950	3741	0.000000002484	3Seq	ref_FJ904435	ref_GQ161817
PQ772197.1	true	2950	3741	0.000000002484	3Seq	ref_FJ904435	ref_GQ161817
PQ655428.1	true	2956	3781	0.000000014759	3Seq	ref_FJ904435	ref_GQ161817
PQ655427.1	true	2956	3741	0.000000056162	3Seq	ref_FJ904435	ref_GQ161817
PQ655426.1	false	0	0				
PQ655425.1	true	2956	3781	0.000000064721	3Seq	ref_FJ904435	ref_GQ161817
PQ655424.1	true	2956	3781	0.000000001292	3Seq	ref_FJ904435	ref_GQ161817
PQ655423.1	false	0	0				
PQ601185.1	true	2950	3741	0.000000001775	3Seq	ref_FJ904435	ref_GQ161817
PQ601184.1	true	2950	3741	0.000000014543	3Seq	ref_FJ904435	ref_GQ161817
PQ601183.1	true	2950	3728	0.000000011234	3Seq	ref_FJ904435	ref_GQ161817
PQ601182.1	true	3566	3703	0.000000026197	3Seq	ref_FJ904435	ref_GQ331046
PQ601181.1	true	2950	3741	0.000000002219	3Seq	ref_FJ904435	ref_GQ161817
PQ601180.1	true	2950	3741	0.000000025023	3Seq	ref_FJ904435	ref_GQ161817
PQ601179.1	true	2950	3741	0.000000000128	3Seq	ref_FJ904435	ref_GQ161817
PQ601178.1	true	2410	4597	0.000000005811	3Seq	ref_AB056513	ref_EU594385
PQ601177.1	true	2950	3781	0.000000003827	3Seq	ref_FJ904435	ref_GQ161817
PQ601176.1	true	2950	3741	0.000000000041	3Seq	ref_FJ904435	ref_GQ161817
PQ601175.1	true	2950	3741	0.000000005547	3Seq	ref_FJ904435	ref_GQ161817
PQ601174.1	true	2950	3741	0.000000000555	3Seq	ref_FJ904435	ref_GQ161817
PQ601173.1	true	3601	3730	0.000000021525	3Seq	ref_FJ904435	ref_GQ331046
PQ601172.1	false	0	0				
PQ601171.1	false	0	0				
PQ601170.1	true	2956	3781	0.000000039800	3Seq	ref_FJ904435	ref_GQ161817
PQ601169.1	true	2956	3716	0.000000068860	3Seq	ref_FJ904435	ref_GQ161817
PQ601168.1	true	2956	3716	0.000000040960	3Seq	ref_FJ904435	ref_GQ161817
PQ601167.1	true	3607	3689	0.000000049052	3Seq	ref_FJ904435	ref_EU594385
PQ601166.1	true	2956	4062	0.000000003495	3Seq	ref_FJ904435	ref_GQ161817
PQ601164.1	false	0	0				
PQ601163.1	true	2762	2996	0.000000022565	3Seq	ref_AB222711	ref_EU594385
PQ601162.1	false	0	0				
PQ601161.1	false	0	0				
PQ601160.1	true	3517	3696	0.000000002404	3Seq	ref_FJ904435	ref_KP168423
PQ601159.1	true	2956	3716	0.000000028881	3Seq	ref_FJ904435	ref_GQ161817
PQ601157.1	false	0	0				
PQ601156.1	true	3601	3736	0.000000083900	3Seq	ref_FJ904435	ref_GQ331046
PQ601155.1	true	2956	3716	0.000000016369	3Seq	ref_FJ904435	ref_GQ161817
PQ601154.1	false	0	0				
PQ601153.1	true	2956	3716	0.000000057679	3Seq	ref_FJ904435	ref_GQ161817
PQ601152.1	false	0	0				
PQ601151.1	true	2956	3741	0.000000047387	3Seq	ref_FJ904435	ref_GQ161817
PQ601150.1	false	0	0				
PQ601149.1	true	3517	3696	0.000000004148	3Seq	ref_FJ904435	ref_KP168423
PQ601148.1	true	2956	3716	0.000000011982	3Seq	ref_FJ904435	ref_GQ161817
PQ601147.1	false	0	0				
PQ601146.1	false	0	0				
PQ601145.1	true	2956	3741	0.000000020087	3Seq	ref_FJ904435	ref_GQ161817
PQ601144.1	true	2956	3709	0.000000050000	3Seq	ref_FJ904435	ref_GQ161817
PQ601143.1	false	0	0				
PQ601142.1	true	2956	3716	0.000000047387	3Seq	ref_FJ904435	ref_GQ161817
PQ601141.1	true	2950	3781	0.000000005672	3Seq	ref_FJ904435	ref_GQ161817
PQ601140.1	true	2956	3741	0.000000000225	3Seq	ref_FJ904435	ref_GQ161817
PQ601139.1	true	2956	4062	0.000000007577	3Seq	ref_FJ904435	ref_GQ161817
PQ601138.1	false	0	0				
PQ601137.1	true	2956	4062	0.000000000104	3Seq	ref_FJ904435	ref_GQ161817
PQ601136.1	true	3043	3781	0.000000030310	3Seq	ref_FJ904435	ref_GQ161817
PQ601135.1	true	2956	3741	0.000000010997	3Seq	ref_FJ904435	ref_GQ161817
PQ601134.1	true	2956	3781	0.000000026692	3Seq	ref_FJ904435	ref_GQ161817
PQ601133.1	true	3566	3736	0.000000000170	3Seq	ref_FJ904435	ref_GQ331046
PQ601132.1	true	2956	3781	0.000000000178	3Seq	ref_FJ904435	ref_GQ161817
PQ601131.1	true	2956	3716	0.000000001601	3Seq	ref_FJ904435	ref_GQ161817
PQ601130.1	true	2956	3741	0.000000115215	3Seq	ref_FJ904435	ref_GQ161817
PQ601129.1	true	3517	3756	0.000000102401	3Seq	ref_FJ904435	ref_KP168423
PQ601128.1	true	2956	3781	0.000000007279	3Seq	ref_FJ904435	ref_GQ161817
PQ601127.1	true	2956	3781	0.000000007050	3Seq	ref_FJ904435	ref_GQ161817
PQ601126.1	true	2956	3781	0.000000000059	3Seq	ref_FJ904435	ref_GQ161817
OZ222015.1	true	3572	3730	0.000000000696	3Seq	ref_FJ904435	ref_GQ331046
OZ222002.1	false	0	0				
OZ221993.1	true	3583	3730	0.000000026876	3Seq	ref_FJ904435	ref_GQ331046
PQ257002.1	true	3601	3689	0.000000097502	3Seq	ref_FJ904435	ref_GQ331046
PQ257001.1	true	3517	3696	0.000000011481	3Seq	ref_FJ904435	ref_KP168423
PQ257000.1	true	3517	3696	0.000000011481	3Seq	ref_FJ904435	ref_KP168423
PQ256999.1	true	2950	3741	0.000000002977	3Seq	ref_FJ904435	ref_GQ161817
PQ256998.1	true	733	2598	0.000000000468	3Seq	ref_GQ205389	ref_NC_003977
PQ256997.1	true	2950	3741	0.000000002977	3Seq	ref_FJ904435	ref_GQ161817
PQ256996.1	true	3517	3696	0.000000011481	3Seq	ref_FJ904435	ref_KP168423
PQ256995.1	true	3517	3696	0.000000011481	3Seq	ref_FJ904435	ref_KP168423
PQ256994.1	true	3517	3696	0.000000011481	3Seq	ref_FJ904435	ref_KP168423
PQ256993.1	true	3517	3696	0.000000011481	3Seq	ref_FJ904435	ref_KP168423
PQ256992.1	true	733	2598	0.000000000468	3Seq	ref_GQ205389	ref_NC_003977
PQ256991.1	true	3043	3741	0.000000040892	3Seq	ref_FJ904435	ref_GQ161817
PQ256990.1	true	733	2598	0.000000000468	3Seq	ref_GQ205389	ref_NC_003977
PQ256989.1	true	3601	3689	0.000000097502	3Seq	ref_FJ904435	ref_GQ331046
PQ256988.1	true	733	2598	0.000000000468	3Seq	ref_GQ205389	ref_NC_003977
PQ256987.1	true	2950	3741	0.000000008856	3Seq	ref_FJ904435	ref_GQ161817
PQ256986.1	true	733	2598	0.000000000468	3Seq	ref_GQ205389	ref_NC_003977
PQ256985.1	true	3517	3696	0.000000011481	3Seq	ref_FJ904435	ref_KP168423
PQ256984.1	true	733	2598	0.000000000468	3Seq	ref_GQ205389	ref_NC_003977
PQ256983.1	true	733	2598	0.000000000468	3Seq	ref_GQ205389	ref_NC_003977
PQ256982.1	true	733	2598	0.000000000468	3Seq	ref_GQ205389	ref_NC_003977
PQ256981.1	true	733	2598	0.000000000468	3Seq	ref_GQ205389	ref_NC_003977
PQ256980.1	true	2950	3741	0.000000005507	3Seq	ref_FJ904435	ref_GQ161817
PQ256979.1	true	733	2598	0.000000000468	3Seq	ref_GQ205389	ref_NC_003977
PQ256978.1	true	2950	3741	0.000000000596	3Seq	ref_FJ904435	ref_GQ161817
PQ256977.1	true	2950	3741	0.000000000596	3Seq	ref_FJ904435	ref_GQ161817
PQ256976.1	true	2950	3741	0.000000000596	3Seq	ref_FJ904435	ref_GQ161817
PQ256975.1	true	2950	3741	0.000000000596	3Seq	ref_FJ904435	ref_GQ161817
PQ256973.1	true	2950	3741	0.000000000596	3Seq	ref_FJ904435	ref_GQ161817
PQ256972.1	true	2950	3741	0.000000000670	3Seq	ref_FJ904435	ref_GQ161817
PQ256971.1	true	2950	3741	0.000000000670	3Seq	ref_FJ904435	ref_GQ161817
PQ256970.1	true	2950	3741	0.000000000670	3Seq	ref_FJ904435	ref_GQ161817
PQ256969.1	true	2950	3741	0.000000000670	3Seq	ref_FJ904435	ref_GQ161817
PQ256968.1	true	2950	3741	0.000000000670	3Seq	ref_FJ904435	ref_GQ161817
PQ256967.1	true	2950	3741	0.000000000670	3Seq	ref_FJ904435	ref_GQ161817
PQ256966.1	true	2950	3741	0.000000000670	3Seq	ref_FJ904435	ref_GQ161817
PQ256965.1	true	2950	3741	0.000000000670	3Seq	ref_FJ904435	ref_GQ161817
PP445057.1	true	3043	3741	0.000000089673	3Seq	ref_FJ904435	ref_GQ161817
OZ178234.1	true	2956	3781	0.000000007050	3Seq	ref_FJ904435	ref_GQ161817
OZ178221.1	true	2950	3781	0.000000000077	3Seq	ref_FJ904435	ref_GQ161817
OZ178217.1	false	0	0				
OZ178211.1	true	3612	3756	0.000000001202	3Seq	ref_FJ904435	ref_KP168423
OZ178205.1	true	3043	5149	0.000000004610	3Seq	ref_FJ904435	ref_GQ161817
OZ178200.1	true	2956	3882	0.000000000236	3Seq	ref_FJ904435	ref_GQ161817
OZ178196.1	false	0	0				
OZ178192.1	false	0	0				
PP393591.1	true	2950	3781	0.000000001839	3Seq	ref_FJ904435	ref_GQ161817
PP393590.1	true	2956	3716	0.000000013288	3Seq	ref_FJ904435	ref_GQ161817
PP393589.1	false	0	0				
PP393588.1	true	2950	3781	0.000000003304	3Seq	ref_FJ904435	ref_GQ161817
PP393587.1	true	2950	3728	0.000000110053	3Seq	ref_FJ904435	ref_GQ161817
PP393586.1	true	3517	3743	0.000000015134	3Seq	ref_FJ904435	ref_KP168423
PP393585.1	false	0	0				
PP393584.1	true	2956	4007	0.000000000848	3Seq	ref_FJ904435	ref_GQ161817
PP393583.1	true	3043	3781	0.000000102654	3Seq	ref_FJ904435	ref_GQ161817
PP393582.1	true	2950	3781	0.000000016300	3Seq	ref_FJ904435	ref_GQ161817
PP393581.1	true	2956	3781	0.000000004232	3Seq	ref_FJ904435	ref_GQ161817
PP393580.1	false	0	0				
PP393579.1	true	2950	3781	0.000000000956	3Seq	ref_FJ904435	ref_GQ161817
PP393578.1	true	2950	3781	0.000000002759	3Seq	ref_FJ904435	ref_GQ161817
PP393577.1	true	2950	3728	0.000000004815	3Seq	ref_FJ904435	ref_GQ161817
PP393576.1	true	3517	3765	0.000000059412	3Seq	ref_FJ904435	ref_KP168423
PP393575.1	false	0	0				
PP393574.1	true	2950	3741	0.000000080666	3Seq	ref_FJ904435	ref_GQ161817
PP393573.1	true	3566	3736	0.000000081877	3Seq	ref_FJ904435	ref_GQ331046
PP393572.1	true	2956	3781	0.000000000347	3Seq	ref_FJ904435	ref_GQ161817
PP393571.1	true	2956	3781	0.000000025985	3Seq	ref_FJ904435	ref_GQ161817
PP393570.1	true	3566	3703	0.000000011523	3Seq	ref_FJ904435	ref_GQ331046
PP393569.1	true	2956	3781	0.000000099641	3Seq	ref_FJ904435	ref_GQ161817
PP393568.1	true	3043	4062	0.000000000638	3Seq	ref_FJ904435	ref_GQ161817
PP393567.1	true	3517	3756	0.000000014234	3Seq	ref_FJ904435	ref_KP168423
PP393566.1	true	2956	3781	0.000000005166	3Seq	ref_FJ904435	ref_GQ161817
PP123873.1	true	2236	2754	0.000000000010	3Seq	ref_FJ692507	ref_FJ692557
PP123868.1	true	2950	3741	0.000000008711	3Seq	ref_FJ904435	ref_GQ161817
PP123861.1	true	2236	2920	0.000000000000	3Seq	ref_FJ692507	ref_FJ692557
PP123851.1	true	3043	4062	0.000000001920	3Seq	ref_FJ904435	ref_GQ161817
PP123845.1	false	0	0				
PP123839.1	false	0	0				
PP123834.1	true	2950	3741	0.000000032003	3Seq	ref_FJ904435	ref_GQ161817
PP123820.1	true	2236	2814	0.000000000000	3Seq	ref_FJ692533	ref_FJ692557
PP123807.1	true	2950	3741	0.000000004232	3Seq	ref_FJ904435	ref_GQ161817
PP123802.1	true	3281	3781	0.000000000090	3Seq	ref_FJ904435	ref_GQ161817
PP123794.1	true	2956	3896	0.000000050677	3Seq	ref_FJ904435	ref_GQ161817
PP123791.1	true	4605	4921	0.000000001309	3Seq	ref_FJ692533	ref_NC_003977
PP123789.1	true	2409	4597	0.000000007120	3Seq	ref_AB056513	ref_EU594385
PP123786.1	true	2255	2649	0.000000000000	3Seq	ref_AB222711	ref_FJ692557
PP123783.1	true	4605	4921	0.000000006172	3Seq	ref_FJ692533	ref_NC_003977
PP123774.1	true	2950	3741	0.000000006035	3Seq	ref_FJ904435	ref_GQ161817
PP123757.1	true	4585	4921	0.000000008450	3Seq	ref_FJ692533	ref_NC_003977
OR947660.1	true	2443	2709	0.000000000003	3Seq	ref_FJ692507	ref_AP011098
OR947659.1	true	2950	3741	0.000000003309	3Seq	ref_FJ904435	ref_GQ161817
OR947658.1	true	1469	4761	0.000000022912	3Seq	ref_AB056513	ref_GQ331046
OR905602.1	true	3517	3696	0.000000016585	3Seq	ref_FJ904435	ref_KP168423
OR769214.1	true	3517	3696	0.000000030228	3Seq	ref_FJ904435	ref_KP168423
OR769213.1	true	3517	3696	0.000000020474	3Seq	ref_FJ904435	ref_KP168423
OR580950.1	true	2956	3781	0.000000000309	3Seq	ref_FJ904435	ref_GQ161817
OR580949.1	true	2950	3741	0.000000002171	3Seq	ref_FJ904435	ref_GQ161817
OR487153.1	true	2956	3781	0.000000068860	3Seq	ref_FJ904435	ref_GQ161817
OR126893.1	true	2956	3781	0.000000000700	3Seq	ref_FJ904435	ref_GQ161817
OQ735304.1	true	3567	3756	0.000000062750	3Seq	ref_FJ904435	ref_FJ692601
OP256019.1	true	2956	3741	0.000000099641	3Seq	ref_FJ904435	ref_GQ161817
OP256018.1	true	2956	3716	0.000000095904	3Seq	ref_FJ904435	ref_GQ161817
OP256017.1	true	2950	3741	0.000000063961	3Seq	ref_FJ904435	ref_GQ161817
OP256014.1	true	2950	3741	0.000000001447	3Seq	ref_FJ904435	ref_GQ161817
OP256013.1	false	0	0				
OP256012.1	false	0	0				
OP256011.1	false	0	0				
OP256010.1	false	0	0				
OP256009.1	true	2956	3695	0.000000069284	3Seq	ref_FJ904435	ref_GQ161817
OP256008.1	false	0	0				
OP256007.1	true	3517	3703	0.000000021280	3Seq	ref_FJ904435	ref_KP168423
OP256006.1	true	2956	4062	0.000000002647	3Seq	ref_FJ904435	ref_GQ161817
OP256005.1	true	3614	3888	0.000000000000	3Seq	ref_AB222711	ref_EU594385
OP256004.1	true	2956	3781	0.000000095904	3Seq	ref_FJ904435	ref_GQ161817
OP256003.1	true	2956	4062	0.000000001601	3Seq	ref_FJ904435	ref_GQ161817
OP256002.1	true	2950	3781	0.000000002644	3Seq	ref_FJ904435	ref_GQ161817
OP256001.1	true	3601	3765	0.000000112996	3Seq	ref_FJ904435	ref_GQ331046
OP256000.1	true	2950	3781	0.000000002644	3Seq	ref_FJ904435	ref_GQ161817
OP255999.1	true	2956	4062	0.000000002380	3Seq	ref_FJ904435	ref_GQ161817
OP255998.1	true	3601	3765	0.000000112116	3Seq	ref_FJ904435	ref_GQ331046
OP154008.1	true	2950	3741	0.000000008699	3Seq	ref_FJ904435	ref_GQ161817
OP154007.1	true	2950	3781	0.000000009276	3Seq	ref_FJ904435	ref_GQ161817
OP154006.1	false	0	0				
OP154005.1	true	2956	3781	0.000000011982	3Seq	ref_FJ904435	ref_GQ161817
OP154004.1	true	2956	3716	0.000000016942	3Seq	ref_FJ904435	ref_GQ161817
OP154003.1	true	2956	3781	0.000000009224	3Seq	ref_FJ904435	ref_GQ161817
OP154002.1	true	2956	3716	0.000000014175	3Seq	ref_FJ904435	ref_GQ161817
OP154001.1	false	0	0				
OP154000.1	true	2956	4062	0.000000000455	3Seq	ref_FJ904435	ref_GQ161817
OP153999.1	true	2950	3781	0.000000006110	3Seq	ref_FJ904435	ref_GQ161817
OP153998.1	false	0	0				
OP153997.1	false	0	0				
OP153996.1	true	2950	3741	0.000000032119	3Seq	ref_FJ904435	ref_GQ161817
OP153995.1	true	2950	3709	0.000000001984	3Seq	ref_FJ904435	ref_GQ161817
OP153994.1	true	2956	3781	0.000000014111	3Seq	ref_FJ904435	ref_GQ161817
OP153993.1	true	2956	3781	0.000000001178	3Seq	ref_FJ904435	ref_GQ161817
OP153992.1	true	2956	3781	0.000000000051	3Seq	ref_FJ904435	ref_GQ161817
OP153991.1	true	2409	4761	0.000000043775	3Seq	ref_AB056513	ref_GQ331046
OP153990.1	false	0	0				
OP153989.1	true	2950	3741	0.000000055362	3Seq	ref_FJ904435	ref_GQ161817
OP153988.1	true	2956	3781	0.000000016942	3Seq	ref_FJ904435	ref_GQ161817
OP153987.1	false	0	0				
OP153986.1	false	0	0				
OP153985.1	true	2950	3741	0.000000035054	3Seq	ref_FJ904435	ref_GQ161817
OP153984.1	true	2950	3709	0.000000003117	3Seq	ref_FJ904435	ref_GQ161817
OP153983.1	false	0	0				
OP153978.1	true	2950	3741	0.000000010236	3Seq	ref_FJ904435	ref_GQ161817
OP153977.1	true	2950	3741	0.000000005943	3Seq	ref_FJ904435	ref_GQ161817
OP153976.1	true	2950	3781	0.000000005716	3Seq	ref_FJ904435	ref_GQ161817
OP153975.1	true	2950	3709	0.000000001852	3Seq	ref_FJ904435	ref_GQ161817
OP153974.1	true	2950	3741	0.000000005348	3Seq	ref_FJ904435	ref_GQ161817
OP153973.1	true	2950	3781	0.000000005716	3Seq	ref_FJ904435	ref_GQ161817
OP153972.1	true	2950	3695	0.000000001335	3Seq	ref_FJ904435	ref_GQ161817
OP153971.1	true	2956	3781	0.000000005727	3Seq	ref_FJ904435	ref_GQ161817
OP153970.1	true	2956	3716	0.000000009019	3Seq	ref_FJ904435	ref_GQ161817
OP153969.1	false	0	0				
OP121186.1	true	3444	3709	0.000000000028	3Seq	ref_FJ904435	ref_GQ161817
OP153968.1	false	0	0				
OP153967.1	true	2956	3781	0.000000007503	3Seq	ref_FJ904435	ref_GQ161817
OP153966.1	true	2956	3716	0.000000022097	3Seq	ref_FJ904435	ref_GQ161817
OP153965.1	true	2950	3781	0.000000016300	3Seq	ref_FJ904435	ref_GQ161817
OP153964.1	true	2950	3741	0.000000089871	3Seq	ref_FJ904435	ref_GQ161817
OP153963.1	true	2950	3695	0.000000012628	3Seq	ref_FJ904435	ref_GQ161817
OP153962.1	true	2950	3741	0.000000001514	3Seq	ref_FJ904435	ref_GQ161817
OP153961.1	true	2950	3781	0.000000004877	3Seq	ref_FJ904435	ref_GQ161817
OP153960.1	true	2950	3741	0.000000022483	3Seq	ref_FJ904435	ref_GQ161817
OP153959.1	true	2950	3741	0.000000036964	3Seq	ref_FJ904435	ref_GQ161817
OP153958.1	true	2956	4062	0.000000001309	3Seq	ref_FJ904435	ref_GQ161817
OP153957.1	true	2956	3781	0.000000014111	3Seq	ref_FJ904435	ref_GQ161817
OP153956.1	true	2956	3781	0.000000016942	3Seq	ref_FJ904435	ref_GQ161817
OP153955.1	true	2950	3781	0.000000005457	3Seq	ref_FJ904435	ref_GQ161817
OP153954.1	true	2950	3741	0.000000004640	3Seq	ref_FJ904435	ref_GQ161817
OP153953.1	false	0	0				
OP153952.1	true	2950	3741	0.000000003910	3Seq	ref_FJ904435	ref_GQ161817
OP153951.1	true	2950	3741	0.000000000871	3Seq	ref_FJ904435	ref_GQ161817
OP153950.1	true	2950	3741	0.000000010236	3Seq	ref_FJ904435	ref_GQ161817
OP153949.1	true	2950	3741	0.000000047387	3Seq	ref_FJ904435	ref_GQ161817
OP153948.1	true	2950	3709	0.000000001984	3Seq	ref_FJ904435	ref_GQ161817
OP153947.1	true	2950	3741	0.000000109429	3Seq	ref_FJ904435	ref_GQ161817
OP153946.1	true	2956	3781	0.000000001178	3Seq	ref_FJ904435	ref_GQ161817
OP153945.1	true	2956	3781	0.000000005727	3Seq	ref_FJ904435	ref_GQ161817
OP153944.1	true	3566	3703	0.000000010226	3Seq	ref_FJ904435	ref_GQ331046
OP153943.1	true	2950	3781	0.000000002937	3Seq	ref_FJ904435	ref_GQ161817
OP153942.1	false	0	0				
OP153941.1	true	3517	3756	0.000000000116	3Seq	ref_FJ904435	ref_KP168423
OP153940.1	true	2956	3781	0.000000014111	3Seq	ref_FJ904435	ref_GQ161817
ON585704.1	true	2950	3741	0.000000078347	3Seq	ref_FJ904435	ref_GQ161817
ON585703.1	true	2950	3741	0.000000004141	3Seq	ref_FJ904435	ref_GQ161817
OM721316.1	false	0	0				
OM721315.1	true	2956	3781	0.000000003621	3Seq	ref_FJ904435	ref_GQ161817
OM721314.1	true	2956	3781	0.000000000411	3Seq	ref_FJ904435	ref_GQ161817
OM721313.1	true	2956	3781	0.000000000631	3Seq	ref_FJ904435	ref_GQ161817
OM721312.1	true	2956	3781	0.000000000411	3Seq	ref_FJ904435	ref_GQ161817
OM721311.1	true	2956	3781	0.000000006352	3Seq	ref_FJ904435	ref_GQ161817
OM721310.1	true	2956	3781	0.000000005727	3Seq	ref_FJ904435	ref_GQ161817
OM333239.1	true	3567	3689	0.000000036522	3Seq	ref_FJ904435	ref_GQ331046
OM304327.1	true	3043	3781	0.000000002219	3Seq	ref_FJ904435	ref_GQ161817
OM304325.1	true	3517	3762	0.000000001955	3Seq	ref_FJ904435	ref_KP168423
OM304324.1	true	2956	3781	0.000000005348	3Seq	ref_FJ904435	ref_GQ161817
OM304323.1	true	3043	3741	0.000000001776	3Seq	ref_FJ904435	ref_GQ161817
OM304322.1	true	2956	3781	0.000000002484	3Seq	ref_FJ904435	ref_GQ161817
OM304321.1	false	0	0				
OM304320.1	true	3043	3781	0.000000028636	3Seq	ref_FJ904435	ref_GQ161817
OM304319.1	true	2956	3716	0.000000115215	3Seq	ref_FJ904435	ref_GQ161817
OM304318.1	true	2956	3781	0.000000000596	3Seq	ref_FJ904435	ref_GQ161817
OM304317.1	false	0	0				
OM304316.1	false	0	0				
OM304315.1	false	0	0				
OM304314.1	true	3043	3781	0.000000017448	3Seq	ref_FJ904435	ref_GQ161817
OM304313.1	true	2956	3716	0.000000068860	3Seq	ref_FJ904435	ref_GQ161817
OM304312.1	false	0	0				
OM304311.1	true	2956	3781	0.000000006352	3Seq	ref_FJ904435	ref_GQ161817
OM304310.1	true	3566	3736	0.000000068537	3Seq	ref_FJ904435	ref_GQ331046
OM304307.1	true	2956	3716	0.000000115215	3Seq	ref_FJ904435	ref_GQ161817
OM304306.1	true	2956	3781	0.000000008317	3Seq	ref_FJ904435	ref_GQ161817
OM181501.1	true	2950	3741	0.000000078347	3Seq	ref_FJ904435	ref_GQ161817
OM181497.1	true	2950	3741	0.000000004141	3Seq	ref_FJ904435	ref_GQ161817
LC705462.1	true	2950	3741	0.000000002171	3Seq	ref_FJ904435	ref_GQ161817
OM025254.1	true	3548	3716	0.000000053028	3Seq	ref_FJ904435	ref_GQ331046
MW999658.1	false	0	0				
MW999657.1	false	0	0				
MW999656.1	false	0	0				
MW999655.1	false	0	0				
MW999654.1	false	0	0				
MW999653.1	false	0	0				
MW999652.1	false	0	0				
MW999651.1	false	0	0				
MW999650.1	false	0	0				
MW999649.1	false	0	0				
MW999648.1	false	0	0				
MW999647.1	false	0	0				
MW999646.1	false	0	0				
MW999645.1	false	0	0				
MW999644.1	false	0	0				
MW999643.1	false	0	0				
MW999642.1	false	0	0				
MW999641.1	false	0	0				
MW999640.1	false	0	0				
MW999639.1	false	0	0				
MW999638.1	false	0	0				
MW999637.1	false	0	0				
MW999636.1	false	0	0				
MW999635.1	false	0	0				
MW999634.1	false	0	0				
MW999632.1	false	0	0				
MW999631.1	false	0	0				
OK998527.1	false	0	0				
OK998525.1	true	2956	3781	0.000000044799	3Seq	ref_FJ904435	ref_GQ161817
OK998524.1	true	2573	5128	0.000000000355	3Seq	ref_FJ692507	ref_MF925358
OK998523.1	true	2956	3741	0.000000038911	3Seq	ref_FJ904435	ref_GQ161817
OK998522.1	true	2956	3741	0.000000089871	3Seq	ref_FJ904435	ref_GQ161817
OK998521.1	true	2956	3741	0.000000022601	3Seq	ref_FJ904435	ref_GQ161817
OK998520.1	false	0	0				
OK998519.1	true	2950	3741	0.000000018184	3Seq	ref_FJ904435	ref_GQ161817
OK143497.1	true	2950	3741	0.000000061582	3Seq	ref_FJ904435	ref_GQ161817
OK143496.1	false	0	0				
OK143494.1	true	2950	3721	0.000000026692	3Seq	ref_FJ904435	ref_GQ161817
OK143493.1	true	2956	3781	0.000000003527	3Seq	ref_FJ904435	ref_GQ161817
OK143491.1	true	2950	3728	0.000000000036	3Seq	ref_FJ904435	ref_GQ161817
OK143490.1	true	3566	3695	0.000000018619	3Seq	ref_FJ904435	ref_GQ331046
OK143489.1	false	0	0				
OK143488.1	true	2950	3728	0.000000024348	3Seq	ref_FJ904435	ref_GQ161817
OK143487.1	true	2956	3716	0.000000005727	3Seq	ref_FJ904435	ref_GQ161817
OK143486.1	true	2933	3728	0.000000002576	3Seq	ref_FJ904435	ref_GQ161817
OK143485.1	true	2950	3721	0.000000001776	3Seq	ref_FJ904435	ref_GQ161817
OK143480.1	true	2950	3728	0.000000001776	3Seq	ref_FJ904435	ref_GQ161817
OK143479.1	true	2950	3728	0.000000005348	3Seq	ref_FJ904435	ref_GQ161817
OK143476.1	true	2950	3728	0.000000011234	3Seq	ref_FJ904435	ref_GQ161817
OK143475.1	true	3566	3736	0.000000004149	3Seq	ref_FJ904435	ref_GQ331046
OK143474.1	true	3543	3730	0.000000001539	3Seq	ref_FJ904435	ref_GQ331046
OK143473.1	true	2950	3728	0.000000024348	3Seq	ref_FJ904435	ref_GQ161817
OK143472.1	false	0	0				
OK143471.1	true	2950	3728	0.000000000974	3Seq	ref_FJ904435	ref_GQ161817
OK143470.1	false	0	0				
OK143469.1	true	2950	3716	0.000000001181	3Seq	ref_FJ904435	ref_GQ161817
OK143468.1	true	2950	3728	0.000000001776	3Seq	ref_FJ904435	ref_GQ161817
OK143467.1	true	2950	3728	0.000000024348	3Seq	ref_FJ904435	ref_GQ161817
MW847931.1	false	0	0				
MW675898.1	true	2950	3741	0.000000090777	3Seq	ref_FJ904435	ref_GQ161817
MW675897.1	true	3043	4062	0.000000002989	3Seq	ref_FJ904435	ref_GQ161817
OM194175.1	true	3043	3741	0.000000005887	3Seq	ref_FJ904435	ref_GQ161817
LC519824.1	true	2950	3695	0.000000068796	3Seq	ref_FJ904435	ref_GQ161817
LC519816.1	true	2956	3781	0.000000015617	3Seq	ref_FJ904435	ref_GQ161817
LC519814.1	true	3517	3696	0.000000005914	3Seq	ref_FJ904435	ref_KP168423
LC519810.1	true	2956	3781	0.000000001970	3Seq	ref_FJ904435	ref_GQ161817
LC519809.1	true	3567	3756	0.000000001104	3Seq	ref_FJ904435	ref_FJ692601
LC519808.1	true	3517	3743	0.000000001371	3Seq	ref_FJ904435	ref_KP168423
LC519802.1	true	3555	3746	0.000000063767	3Seq	ref_FJ904435	ref_KM606737
LC519795.1	false	0	0				
LC519793.1	true	3517	3730	0.000000001112	3Seq	ref_FJ904435	ref_KP168423
LC519789.1	true	3517	3730	0.000000000876	3Seq	ref_FJ904435	ref_KP168423
LC519787.1	false	0	0				
MZ439658.1	false	0	0				
OK106256.1	true	2956	3781	0.000000002647	3Seq	ref_FJ904435	ref_GQ161817
MZ439302.1	false	0	0				
MW601339.1	false	0	0				
MW601338.1	false	0	0				
MW601337.1	false	0	0				
MW601336.1	false	0	0				
MW601335.1	false	0	0				
MW601334.1	false	0	0				
MW601333.1	false	0	0				
MW601332.1	false	0	0				
MW601331.1	false	0	0				
MW601330.1	false	0	0				
MW601329.1	false	0	0				
MW601328.1	false	0	0				
MW601327.1	false	0	0				
MW601326.1	false	0	0				
MW601325.1	false	0	0				
MW601324.1	false	0	0				
MW601323.1	false	0	0				
MW601322.1	false	0	0				
MW601321.1	false	0	0				
MW601320.1	false	0	0				
MW601319.1	false	0	0				
MW601318.1	false	0	0				
MW601317.1	false	0	0				
MW601316.1	false	0	0				
MW601315.1	false	0	0				
MW601314.1	false	0	0				
MW601313.1	false	0	0				
MW601312.1	false	0	0				
MW601311.1	false	0	0				
MW601310.1	false	0	0				
MW601309.1	false	0	0				
MW601308.1	false	0	0				
MW601307.1	false	0	0				
MW601306.1	false	0	0				
MW601305.1	false	0	0				
MW601304.1	false	0	0				
MW601303.1	false	0	0				
MW601302.1	false	0	0				
MW601301.1	false	0	0				
MW601299.1	false	0	0				
MW601298.1	false	0	0				
MW601297.1	false	0	0				
MW601296.1	false	0	0				
MW601295.1	false	0	0				
MW601294.1	false	0	0				
MW601293.1	false	0	0				
MW601292.1	false	0	0				
MW601291.1	false	0	0				
MW601290.1	false	0	0				
MW601289.1	false	0	0				
MW601288.1	false	0	0				
MW601287.1	false	0	0				
MW601286.1	false	0	0				
MW601285.1	false	0	0				
MW601284.1	false	0	0				
MW601283.1	false	0	0				
MW601282.1	false	0	0				
MW601281.1	false	0	0				
MW601280.1	false	0	0				
MW601279.1	false	0	0				
MW601278.1	false	0	0				
MW601277.1	false	0	0				
MW601276.1	false	0	0				
MW601275.1	false	0	0				
MW601274.1	false	0	0				
MW601273.1	false	0	0				
MW601272.1	false	0	0				
MW601271.1	false	0	0				
MW601270.1	false	0	0				
MW601269.1	false	0	0				
MW601268.1	false	0	0				
MW601267.1	false	0	0				
MW601266.1	false	0	0				
MW601265.1	false	0	0				
MW601264.1	false	0	0				
MW601263.1	false	0	0				
MW601262.1	false	0	0				
MW601261.1	false	0	0				
MW601260.1	false	0	0				
MW601259.1	false	0	0				
MW601258.1	false	0	0				
MW601257.1	false	0	0				
MW601256.1	false	0	0				
MW601255.1	false	0	0				
MW601254.1	false	0	0				
MW601253.1	false	0	0				
MW601252.1	false	0	0				
MW601251.1	false	0	0				
MW601250.1	false	0	0				
MW601249.1	false	0	0				
MW601248.1	false	0	0				
MW601247.1	false	0	0				
MW601246.1	false	0	0				
MW601245.1	false	0	0				
MW601244.1	false	0	0				
MW601243.1	false	0	0				
MW601242.1	false	0	0				
MW601241.1	false	0	0				
MW601240.1	false	0	0				
MW601239.1	false	0	0				
MW601238.1	false	0	0				
MW601237.1	false	0	0				
MW601236.1	false	0	0				
MW601235.1	false	0	0				
MW601234.1	false	0	0				
MW601233.1	false	0	0				
MW601232.1	false	0	0				
MW601231.1	false	0	0				
MW601230.1	false	0	0				
MW601229.1	false	0	0				
MW601228.1	false	0	0				
MW601227.1	false	0	0				
MW455166.1	false	0	0				
MW082641.1	true	2950	3741	0.000000009673	3Seq	ref_FJ904435	ref_GQ161817
MW082640.1	true	2950	3741	0.000000009673	3Seq	ref_FJ904435	ref_GQ161817
MT591281.1	true	3043	3741	0.000000000062	3Seq	ref_FJ904435	ref_GQ161817
MT591280.1	true	3444	3709	0.000000000005	3Seq	ref_FJ904435	ref_GQ161817
MT591279.1	true	2956	4062	0.000000008354	3Seq	ref_FJ904435	ref_GQ161817
MT591278.1	true	2956	4062	0.000000002937	3Seq	ref_FJ904435	ref_GQ161817
MT591277.1	true	3517	3756	0.000000002114	3Seq	ref_FJ904435	ref_KP168423
MT591276.1	true	2956	3896	0.000000001355	3Seq	ref_FJ904435	ref_GQ161817
MT591275.1	true	3043	3781	0.000000000001	3Seq	ref_FJ904435	ref_GQ161817
MT591274.1	true	3517	3730	0.000000000001	3Seq	ref_FJ904435	ref_KP168423
KF922432.1	true	3043	3741	0.000000000697	3Seq	ref_FJ904435	ref_GQ161817
MT603404.1	true	3447	3730	0.000000000265	3Seq	ref_FJ904435	ref_KP168423
MT603403.1	true	2915	3896	0.000000010369	3Seq	ref_FJ904435	ref_GQ161817
MT603402.1	true	2915	3896	0.000000009276	3Seq	ref_FJ904435	ref_GQ161817
MT603401.1	true	2915	3896	0.000000009276	3Seq	ref_FJ904435	ref_GQ161817
MT603400.1	true	2915	3896	0.000000014944	3Seq	ref_FJ904435	ref_GQ161817
MT603399.1	true	2915	3896	0.000000010369	3Seq	ref_FJ904435	ref_GQ161817
MT603398.1	true	2915	3896	0.000000009276	3Seq	ref_FJ904435	ref_GQ161817
MT603397.1	true	2915	3896	0.000000060350	3Seq	ref_FJ904435	ref_GQ161817
MT603396.1	true	2915	3896	0.000000045546	3Seq	ref_FJ904435	ref_GQ161817
MT603395.1	true	2915	3896	0.000000011599	3Seq	ref_FJ904435	ref_GQ161817
MT603394.1	true	2915	3896	0.000000006386	3Seq	ref_FJ904435	ref_GQ161817
MT603393.1	true	3601	3730	0.000000039285	3Seq	ref_FJ904435	ref_GQ331046
MT603392.1	true	2915	3896	0.000000018707	3Seq	ref_FJ904435	ref_GQ161817
MT603391.1	true	2915	3896	0.000000012861	3Seq	ref_FJ904435	ref_GQ161817
MT603390.1	true	2915	3896	0.000000026754	3Seq	ref_FJ904435	ref_GQ161817
MT603389.1	false	0	0				
MT603388.1	true	3601	3730	0.000000061235	3Seq	ref_FJ904435	ref_GQ331046
MT603387.1	true	2915	3896	0.000000050677	3Seq	ref_FJ904435	ref_GQ161817
MT603386.1	false	0	0				
MT603385.1	true	2915	3896	0.000000086775	3Seq	ref_FJ904435	ref_GQ161817
MN844882.1	false	0	0				
MN844881.1	false	0	0				
MN476100.1	true	2956	3781	0.000000090880	3Seq	ref_FJ904435	ref_GQ161817
MG877728.1	false	0	0				
MG877727.1	false	0	0				
MG877726.1	false	0	0				
MG877720.1	true	2419	4597	0.000000036105	3Seq	ref_AB056513	ref_EU594385
MG877719.1	true	2419	4597	0.000000034903	3Seq	ref_AB056513	ref_EU594385
MG877718.1	true	2419	4597	0.000000015844	3Seq	ref_AB056513	ref_EU594385
MG877711.1	true	2950	3741	0.000000014406	3Seq	ref_FJ904435	ref_GQ161817
MG877709.1	true	2950	3741	0.000000004940	3Seq	ref_FJ904435	ref_GQ161817
MT603384.1	true	2419	4579	0.000000040988	3Seq	ref_AB056513	ref_EU594385
MT603383.1	true	2417	4579	0.000000021924	3Seq	ref_AB056513	ref_GQ331046
MT603382.1	true	2915	3896	0.000000057156	3Seq	ref_FJ904435	ref_GQ161817
MT603381.1	false	0	0				
MT603380.1	true	2915	3896	0.000000006358	3Seq	ref_FJ904435	ref_GQ161817
MT603379.1	false	0	0				
MT603378.1	false	0	0				
MT603377.1	false	0	0				
MT603376.1	false	0	0				
MT579903.1	true	2956	3716	0.000000113415	3Seq	ref_FJ904435	ref_GQ161817
MT579902.1	true	2956	3716	0.000000016942	3Seq	ref_FJ904435	ref_GQ161817
MT579901.1	true	2956	3716	0.000000023394	3Seq	ref_FJ904435	ref_GQ161817
MT579900.1	true	2956	3716	0.000000011982	3Seq	ref_FJ904435	ref_GQ161817
MT579899.1	false	0	0				
MT579898.1	true	2956	3716	0.000000040915	3Seq	ref_FJ904435	ref_GQ161817
MT437390.1	false	0	0				
MT437389.1	false	0	0				
MT437388.1	true	2956	3741	0.000000035289	3Seq	ref_FJ904435	ref_GQ161817
MT437387.1	true	2956	3741	0.000000066610	3Seq	ref_FJ904435	ref_GQ161817
MT437386.1	true	2956	3781	0.000000015455	3Seq	ref_FJ904435	ref_GQ161817
MT437385.1	false	0	0				
MT210033.1	true	2950	3741	0.000000002549	3Seq	ref_FJ904435	ref_GQ161817
MT114173.1	false	0	0				
MT114172.1	true	3517	3696	0.000000039285	3Seq	ref_FJ904435	ref_KP168423
MT114169.1	false	0	0				
MN780907.1	true	2950	3781	0.000000000091	3Seq	ref_FJ904435	ref_GQ161817
MN780906.1	true	2950	3781	0.000000000022	3Seq	ref_FJ904435	ref_GQ161817
MN780905.1	false	0	0				
MN780904.1	false	0	0				
MN780903.1	false	0	0				
MN780902.1	true	2956	3781	0.000000002937	3Seq	ref_FJ904435	ref_GQ161817
MN780901.1	false	0	0				
MN780900.1	true	3444	4062	0.000000078039	3Seq	ref_FJ904435	ref_GQ161817
MN310715.1	true	2950	3741	0.000000028881	3Seq	ref_FJ904435	ref_GQ161817
MN310714.1	true	2417	4761	0.000000049987	3Seq	ref_AB056513	ref_GQ331046
MN310713.1	true	2950	3741	0.000000025985	3Seq	ref_FJ904435	ref_GQ161817
MN310712.1	true	2950	3741	0.000000007829	3Seq	ref_FJ904435	ref_GQ161817
MN310711.1	false	0	0				
MN310710.1	true	2950	3741	0.000000041726	3Seq	ref_FJ904435	ref_GQ161817
MN310709.1	true	2950	3741	0.000000011366	3Seq	ref_FJ904435	ref_GQ161817
MN310708.1	true	2950	3741	0.000000010236	3Seq	ref_FJ904435	ref_GQ161817
MN310707.1	false	0	0				
MN310706.1	false	0	0				
MN310705.1	true	2956	3781	0.000000101792	3Seq	ref_FJ904435	ref_GQ161817
MN839643.1	true	3517	3730	0.000000014675	3Seq	ref_FJ904435	ref_KP168423
MN585095.1	true	2956	3781	0.000000001304	3Seq	ref_FJ904435	ref_GQ161817
MN585094.1	true	3567	3765	0.000000012499	3Seq	ref_FJ904435	ref_FJ692601
MN560188.1	true	2956	3741	0.000000034707	3Seq	ref_FJ904435	ref_GQ161817
MN507853.1	true	3567	3756	0.000000096625	3Seq	ref_FJ904435	ref_FJ692601
MN507852.1	true	2950	3741	0.000000018184	3Seq	ref_FJ904435	ref_GQ161817
MN507851.1	true	2956	3781	0.000000003183	3Seq	ref_FJ904435	ref_GQ161817
MN507850.1	true	2950	3741	0.000000002219	3Seq	ref_FJ904435	ref_GQ161817
MN507839.1	true	2171	3633	0.000000000000	3Seq	ref_MF925358	ref_NC_003977
MN507838.1	true	3112	3781	0.000000053790	3Seq	ref_FJ904435	ref_GQ161817
MN507837.1	true	2952	3741	0.000000038911	3Seq	ref_FJ904435	ref_GQ161817
MN507836.1	false	0	0				
MN507835.1	false	0	0				
MN365240.1	true	2991	3741	0.000000000001	3Seq	ref_FJ904435	ref_GQ161817
MN365239.1	true	2991	3741	0.000000000005	3Seq	ref_FJ904435	ref_GQ161817
MN365238.1	true	2991	3741	0.000000000003	3Seq	ref_FJ904435	ref_GQ161817
MK956109.1	true	2956	3716	0.000000068860	3Seq	ref_FJ904435	ref_GQ161817
MK956108.1	true	2956	3716	0.000000000421	3Seq	ref_FJ904435	ref_GQ161817
MK956107.1	false	0	0				
MK956106.1	false	0	0				
MK900679.1	true	3567	3730	0.000000005626	3Seq	ref_FJ904435	ref_FJ692601
MK900678.1	true	3567	3730	0.000000005626	3Seq	ref_FJ904435	ref_FJ692601
MK693109.1	true	2956	3781	0.000000000670	3Seq	ref_FJ904435	ref_GQ161817
MK693108.1	false	0	0				
MK693107.1	true	2956	3781	0.000000038045	3Seq	ref_FJ904435	ref_GQ161817
MK618445.1	true	2950	3741	0.000000000956	3Seq	ref_FJ904435	ref_GQ161817
MK618444.1	true	2950	3741	0.000000000320	3Seq	ref_FJ904435	ref_GQ161817
MK618443.1	true	2950	3781	0.000000000376	3Seq	ref_FJ904435	ref_GQ161817
MK618442.1	true	2950	3741	0.000000001447	3Seq	ref_FJ904435	ref_GQ161817
MK618441.1	true	2950	3781	0.000000000657	3Seq	ref_FJ904435	ref_GQ161817
MK618440.1	true	2950	3741	0.000000015617	3Seq	ref_FJ904435	ref_GQ161817
MK618439.1	true	2950	3728	0.000000003621	3Seq	ref_FJ904435	ref_GQ161817
MK618438.1	true	2950	3741	0.000000006609	3Seq	ref_FJ904435	ref_GQ161817
MK618437.1	true	2950	3781	0.000000002955	3Seq	ref_FJ904435	ref_GQ161817
MK618436.1	true	2028	5257	0.000000088344	3Seq	ref_FJ904435	ref_MF925358
MK618435.1	true	2028	5257	0.000000081773	3Seq	ref_FJ904435	ref_MF925358
MK618434.1	false	0	0				
MK618433.1	true	2956	3781	0.000000057422	3Seq	ref_FJ904435	ref_GQ161817
MK618432.1	true	2950	3781	0.000000022601	3Seq	ref_FJ904435	ref_GQ161817
MK618431.1	true	2950	3781	0.000000009216	3Seq	ref_FJ904435	ref_GQ161817
MK618430.1	true	2952	3781	0.000000105090	3Seq	ref_FJ904435	ref_GQ161817
MK618429.1	true	2950	3781	0.000000022601	3Seq	ref_FJ904435	ref_GQ161817
MK618428.1	true	2950	3781	0.000000000007	3Seq	ref_FJ904435	ref_GQ161817
MK618427.1	true	2950	3781	0.000000000178	3Seq	ref_FJ904435	ref_GQ161817
MK618426.1	false	0	0				
MK618425.1	false	0	0				
MK618424.1	false	0	0				
MK618423.1	false	0	0				
MK618422.1	true	2956	3716	0.000000033187	3Seq	ref_FJ904435	ref_GQ161817
MK618421.1	true	3517	3703	0.000000049052	3Seq	ref_FJ904435	ref_KP168423
MK618420.1	true	2956	3716	0.000000013288	3Seq	ref_FJ904435	ref_GQ161817
MK618419.1	true	2956	3716	0.000000028929	3Seq	ref_FJ904435	ref_GQ161817
MK618418.1	false	0	0				
MK541689.1	true	3308	3743	0.000000019136	3Seq	ref_FJ904435	ref_EU594385
MK541688.1	false	0	0				
MK516280.1	true	3043	3741	0.000000069284	3Seq	ref_FJ904435	ref_GQ161817
MK516279.1	true	3043	3741	0.000000069284	3Seq	ref_FJ904435	ref_GQ161817
MK516278.1	true	3517	3696	0.000000005565	3Seq	ref_FJ904435	ref_KP168423
MK507914.1	true	3444	3781	0.000000066783	3Seq	ref_FJ904435	ref_GQ161817
MK507913.1	true	3444	3781	0.000000039953	3Seq	ref_FJ904435	ref_GQ161817
MK507912.1	true	2950	3741	0.000000012628	3Seq	ref_FJ904435	ref_GQ161817
MK507911.1	true	3517	3756	0.000000067440	3Seq	ref_FJ904435	ref_KP168423
MK507910.1	true	3444	3781	0.000000101792	3Seq	ref_FJ904435	ref_GQ161817
MH724252.1	true	3567	3756	0.000000002356	3Seq	ref_FJ904435	ref_FJ692601
MH724251.1	true	3596	3756	0.000000010787	3Seq	ref_FJ904435	ref_FJ692557
MH724250.1	true	2950	3741	0.000000005943	3Seq	ref_FJ904435	ref_GQ161817
MH724249.1	true	2950	3741	0.000000008699	3Seq	ref_FJ904435	ref_GQ161817
MH724248.1	true	2950	3741	0.000000028881	3Seq	ref_FJ904435	ref_GQ161817
MH724247.1	false	0	0				
MH724246.1	true	2956	3716	0.000000053790	3Seq	ref_FJ904435	ref_GQ161817
MH724245.1	true	3580	3730	0.000000048441	3Seq	ref_FJ904435	ref_KP168423
MH724244.1	true	2956	3716	0.000000044799	3Seq	ref_FJ904435	ref_GQ161817
MH724243.1	true	2950	3741	0.000000007829	3Seq	ref_FJ904435	ref_GQ161817
MH724242.1	true	2950	3741	0.000000025985	3Seq	ref_FJ904435	ref_GQ161817
MH724241.1	true	2956	3716	0.000000019244	3Seq	ref_FJ904435	ref_GQ161817
MH724240.1	true	2950	3728	0.000000000956	3Seq	ref_FJ904435	ref_GQ161817
MH724239.1	false	0	0				
MH724238.1	true	3601	3730	0.000000002326	3Seq	ref_FJ904435	ref_GQ331046
MH724237.1	true	2950	3741	0.000000052339	3Seq	ref_FJ904435	ref_GQ161817
MH724236.1	true	2481	4558	0.000000117203	3Seq	ref_AB056513	ref_EU594385
MH724235.1	true	2950	3741	0.000000032119	3Seq	ref_FJ904435	ref_GQ161817
MH724234.1	true	2950	3741	0.000000007829	3Seq	ref_FJ904435	ref_GQ161817
MH724233.1	true	2950	3741	0.000000035742	3Seq	ref_FJ904435	ref_GQ161817
MH724232.1	false	0	0				
MH724231.1	true	2956	3716	0.000000049076	3Seq	ref_FJ904435	ref_GQ161817
MH724230.1	true	2950	3741	0.000000018184	3Seq	ref_FJ904435	ref_GQ161817
MH724229.1	true	2950	3741	0.000000081285	3Seq	ref_FJ904435	ref_GQ161817
MH724228.1	false	0	0				
MH724227.1	true	2950	3741	0.000000018184	3Seq	ref_FJ904435	ref_GQ161817
MK598679.1	false	0	0				
MK598678.1	false	0	0				
MK598677.1	false	0	0				
MK598676.1	false	0	0				
MK598675.1	false	0	0				
MK598674.1	true	2956	3709	0.000000036964	3Seq	ref_FJ904435	ref_GQ161817
MK598673.1	true	2956	3716	0.000000022220	3Seq	ref_FJ904435	ref_GQ161817
MK598672.1	false	0	0				
MK598671.1	true	2956	3716	0.000000068860	3Seq	ref_FJ904435	ref_GQ161817
MK598670.1	false	0	0				
MK598669.1	true	3517	3703	0.000000054468	3Seq	ref_FJ904435	ref_KP168423
MK598668.1	true	2956	3741	0.000000015829	3Seq	ref_FJ904435	ref_GQ161817
MK598667.1	false	0	0				
MK598666.1	true	2956	3716	0.000000095904	3Seq	ref_FJ904435	ref_GQ161817
MK598665.1	false	0	0				
MK598664.1	true	3517	3695	0.000000065104	3Seq	ref_FJ904435	ref_KP168423
MK598663.1	true	3517	3696	0.000000008913	3Seq	ref_FJ904435	ref_KP168423
MK598662.1	true	2950	3741	0.000000027470	3Seq	ref_FJ904435	ref_GQ161817
MK598661.1	false	0	0				
MK598660.1	false	0	0				
MK598659.1	true	2956	3741	0.000000068860	3Seq	ref_FJ904435	ref_GQ161817
MK598658.1	true	2950	3741	0.000000036964	3Seq	ref_FJ904435	ref_GQ161817
MK598657.1	false	0	0				
MK598656.1	true	2950	3695	0.000000004141	3Seq	ref_FJ904435	ref_GQ161817
MK598655.1	true	2950	3695	0.000000011230	3Seq	ref_FJ904435	ref_GQ161817
MK598654.1	true	2950	3741	0.000000000120	3Seq	ref_FJ904435	ref_GQ161817
MK598653.1	true	2950	3741	0.000000000568	3Seq	ref_FJ904435	ref_GQ161817
MK598652.1	true	2950	3741	0.000000000568	3Seq	ref_FJ904435	ref_GQ161817
MK598651.1	true	2950	3728	0.000000002701	3Seq	ref_FJ904435	ref_GQ161817
MK598650.1	true	2956	3781	0.000000000114	3Seq	ref_FJ904435	ref_GQ161817
MK598649.1	true	2956	3781	0.000000000036	3Seq	ref_FJ904435	ref_GQ161817
MK598648.1	true	2956	4062	0.000000000004	3Seq	ref_FJ904435	ref_GQ161817
MK598647.1	true	2956	4062	0.000000004338	3Seq	ref_FJ904435	ref_GQ161817
MK598646.1	true	2956	4062	0.000000004338	3Seq	ref_FJ904435	ref_GQ161817
MK598645.1	true	2956	3781	0.000000003910	3Seq	ref_FJ904435	ref_GQ161817
MK598644.1	true	2956	3781	0.000000068860	3Seq	ref_FJ904435	ref_GQ161817
MK598643.1	true	2956	3781	0.000000003183	3Seq	ref_FJ904435	ref_GQ161817
MK598642.1	true	2956	3781	0.000000001304	3Seq	ref_FJ904435	ref_GQ161817
MK598641.1	true	2956	3781	0.000000001601	3Seq	ref_FJ904435	ref_GQ161817
MK598640.1	true	3444	4062	0.000000026692	3Seq	ref_FJ904435	ref_GQ161817
MK598639.1	true	2956	4062	0.000000000327	3Seq	ref_FJ904435	ref_GQ161817
MK598638.1	true	2956	3781	0.000000001445	3Seq	ref_FJ904435	ref_GQ161817
MK598637.1	true	2956	4062	0.000000000327	3Seq	ref_FJ904435	ref_GQ161817
MK598636.1	true	2956	4062	0.000000000327	3Seq	ref_FJ904435	ref_GQ161817
MK355501.1	false	0	0				
MK355500.1	true	2956	3781	0.000000005175	3Seq	ref_FJ904435	ref_GQ161817
MK052975.1	true	2956	3728	0.000000008699	3Seq	ref_FJ904435	ref_GQ161817
MK052974.1	true	2915	3728	0.000000005457	3Seq	ref_FJ904435	ref_GQ161817
MK052973.1	true	2956	3728	0.000000008699	3Seq	ref_FJ904435	ref_GQ161817
MK052972.1	true	2956	3728	0.000000044346	3Seq	ref_FJ904435	ref_GQ161817
MK052971.1	true	2956	3728	0.000000019362	3Seq	ref_FJ904435	ref_GQ161817
MK052969.1	true	2958	3689	0.000000000318	3Seq	ref_FJ904435	ref_KC774298
MK052966.1	true	2915	3728	0.000000010018	3Seq	ref_FJ904435	ref_GQ161817
MK052963.1	true	2915	3728	0.000000010018	3Seq	ref_FJ904435	ref_GQ161817
MK052961.1	true	2956	3728	0.000000027867	3Seq	ref_FJ904435	ref_GQ161817
MK052960.1	true	2915	3728	0.000000006110	3Seq	ref_FJ904435	ref_GQ161817
MK052959.1	true	3043	3728	0.000000040856	3Seq	ref_FJ904435	ref_GQ161817
MK052958.1	true	2915	3728	0.000000008942	3Seq	ref_FJ904435	ref_GQ161817
MK052957.1	true	2915	3728	0.000000001631	3Seq	ref_FJ904435	ref_GQ161817
MK052956.1	true	2915	3728	0.000000006110	3Seq	ref_FJ904435	ref_GQ161817
MK052955.1	true	2915	3728	0.000000007988	3Seq	ref_FJ904435	ref_GQ161817
MK052954.1	true	2419	4579	0.000000097451	3Seq	ref_AB056513	ref_EU594385
MK052953.1	true	2915	3728	0.000000005457	3Seq	ref_FJ904435	ref_GQ161817
MK052952.1	true	2956	3728	0.000000019362	3Seq	ref_FJ904435	ref_GQ161817
MK052951.1	true	2915	3728	0.000000001002	3Seq	ref_FJ904435	ref_GQ161817
MK052950.1	true	2915	3728	0.000000006110	3Seq	ref_FJ904435	ref_GQ161817
MK052949.1	true	2915	3728	0.000000004141	3Seq	ref_FJ904435	ref_GQ161817
MK052948.1	true	2915	3728	0.000000006110	3Seq	ref_FJ904435	ref_GQ161817
MK052947.1	true	2915	3728	0.000000010018	3Seq	ref_FJ904435	ref_GQ161817
MH932714.1	true	3517	3696	0.000000054044	3Seq	ref_FJ904435	ref_KP168423
MH724226.1	true	2950	3741	0.000000008699	3Seq	ref_FJ904435	ref_GQ161817
MH724225.1	true	2950	3741	0.000000018184	3Seq	ref_FJ904435	ref_GQ161817
MH724224.1	true	2950	3741	0.000000018184	3Seq	ref_FJ904435	ref_GQ161817
MH724223.1	true	2956	4062	0.000000009981	3Seq	ref_FJ904435	ref_GQ161817
MH724222.1	true	3517	3703	0.000000022515	3Seq	ref_FJ904435	ref_KP168423
MH724221.1	true	2950	3896	0.000000001424	3Seq	ref_FJ904435	ref_GQ161817
MH724220.1	true	2950	3741	0.000000028881	3Seq	ref_FJ904435	ref_GQ161817
MH724219.1	true	4608	5306	0.000000048047	3Seq	ref_FJ692557	ref_AB056513
MH724218.1	true	4608	5306	0.000000048047	3Seq	ref_FJ692557	ref_AB056513
MH724217.1	true	2956	4062	0.000000010997	3Seq	ref_FJ904435	ref_GQ161817
MH724216.1	true	2956	3716	0.000000053790	3Seq	ref_FJ904435	ref_GQ161817
MH724215.1	true	2950	3741	0.000000028881	3Seq	ref_FJ904435	ref_GQ161817
MH724214.1	true	2950	3896	0.000000001424	3Seq	ref_FJ904435	ref_GQ161817
MH481862.1	true	3043	4062	0.000000000820	3Seq	ref_FJ904435	ref_GQ161817
MH481861.1	true	3043	4062	0.000000000820	3Seq	ref_FJ904435	ref_GQ161817
MH481860.1	true	3043	4062	0.000000000820	3Seq	ref_FJ904435	ref_GQ161817
MH481859.1	true	3043	4062	0.000000000820	3Seq	ref_FJ904435	ref_GQ161817
MH481858.1	true	3043	4062	0.000000000820	3Seq	ref_FJ904435	ref_GQ161817
LC365689.1	true	2956	3781	0.000000001180	3Seq	ref_FJ904435	ref_GQ161817
MH685719.1	true	3572	3689	0.000000002894	3Seq	ref_FJ904435	ref_GQ331046
MH464854.1	true	2938	3741	0.000000004764	3Seq	ref_FJ904435	ref_GQ161817
MH464853.1	true	2938	3741	0.000000012984	3Seq	ref_FJ904435	ref_GQ161817
MH464852.1	true	2938	3741	0.000000004764	3Seq	ref_FJ904435	ref_GQ161817
MH464851.1	true	2950	3741	0.000000009991	3Seq	ref_FJ904435	ref_GQ161817
MH464850.1	true	2676	4312	0.000000000000	3Seq	ref_NC_003977	ref_FJ692557
MH464849.1	true	2950	3741	0.000000002868	3Seq	ref_FJ904435	ref_GQ161817
MH464848.1	true	2950	3741	0.000000002868	3Seq	ref_FJ904435	ref_GQ161817
MH464847.1	true	2938	3741	0.000000004764	3Seq	ref_FJ904435	ref_GQ161817
MH464846.1	true	2938	3741	0.000000007856	3Seq	ref_FJ904435	ref_GQ161817
MH464845.1	true	2938	3741	0.000000001839	3Seq	ref_FJ904435	ref_GQ161817
MH464844.1	true	2950	3741	0.000000033569	3Seq	ref_FJ904435	ref_GQ161817
MH464843.1	true	2950	3741	0.000000016714	3Seq	ref_FJ904435	ref_GQ161817
MH464842.1	true	2950	3741	0.000000012861	3Seq	ref_FJ904435	ref_GQ161817
MH464841.1	true	3289	3689	0.000000000385	3Seq	ref_FJ904435	ref_FJ692557
MH464840.1	true	2950	3741	0.000000029959	3Seq	ref_FJ904435	ref_GQ161817
MH464839.1	false	0	0				
MH464838.1	true	2950	3695	0.000000099422	3Seq	ref_FJ904435	ref_GQ161817
MH464837.1	true	2938	3741	0.000000010018	3Seq	ref_FJ904435	ref_GQ161817
MH464836.1	true	3292	3703	0.000000000813	3Seq	ref_FJ904435	ref_KP168423
MH464835.1	true	2938	3741	0.000000067289	3Seq	ref_FJ904435	ref_GQ161817
MH464834.1	true	2950	3741	0.000000012984	3Seq	ref_FJ904435	ref_GQ161817
MH464833.1	true	2950	3741	0.000000001713	3Seq	ref_FJ904435	ref_GQ161817
MH464832.1	true	2938	3741	0.000000004764	3Seq	ref_FJ904435	ref_GQ161817
MH464831.1	true	2938	3741	0.000000004764	3Seq	ref_FJ904435	ref_GQ161817
KT749845.1	false	0	0				
KT749828.1	false	0	0				
KT749827.1	false	0	0				
KT749823.1	true	2956	3781	0.000000012628	3Seq	ref_FJ904435	ref_GQ161817
KT749821.1	false	0	0				
MH220970.1	true	3914	4900	0.000000000000	3Seq	ref_MF925358	ref_DQ089781
MF967563.1	false	0	0				
LT718449.1	true	2950	3728	0.000000094303	3Seq	ref_FJ904435	ref_GQ161817
LT717703.1	true	2956	3716	0.000000016369	3Seq	ref_FJ904435	ref_GQ161817
LT717702.1	true	3517	3703	0.000000031272	3Seq	ref_FJ904435	ref_KP168423
MG585269.1	false	0	0				
MF925402.1	true	1849	5202	0.000000000000	3Seq	ref_GU815637	ref_MF925358
MF925401.1	true	2812	3666	0.000000000000	3Seq	ref_MF925358	ref_AB073835
MF925397.1	true	2765	3575	0.000000000000	3Seq	ref_AB222711	ref_KJ173333
MF925396.1	true	2811	3473	0.000000000000	3Seq	ref_MF925358	ref_KJ173333
MF925393.1	true	3517	3696	0.000000020474	3Seq	ref_FJ904435	ref_KP168423
MF925392.1	true	2894	3397	0.000000000000	3Seq	ref_MF925358	ref_AB073835
MF925391.1	true	3043	4007	0.000000000144	3Seq	ref_FJ904435	ref_GQ161817
MF925390.1	false	0	0				
MF925388.1	true	2811	3535	0.000000000000	3Seq	ref_MF925358	ref_KJ173333
MF925384.1	true	2894	3397	0.000000000000	3Seq	ref_AB222711	ref_AB073835
MF925383.1	true	3517	3730	0.000000001113	3Seq	ref_FJ904435	ref_KP168423
MF925380.1	true	2217	3397	0.000000000000	3Seq	ref_MF925358	ref_AB073835
MF925371.1	true	2811	3535	0.000000000000	3Seq	ref_MF925358	ref_KJ173333
MF925366.1	true	1828	5277	0.000000000695	3Seq	ref_DQ089802	ref_GQ205389
MF925364.1	true	3517	3696	0.000000013809	3Seq	ref_FJ904435	ref_KP168423
MF925363.1	true	3517	3696	0.000000005914	3Seq	ref_FJ904435	ref_KP168423
MF925360.1	true	2242	3397	0.000000000000	3Seq	ref_MF925358	ref_AB073835
MF925358.1	true	3517	3703	0.000000068537	3Seq	ref_FJ904435	ref_KP168423
KY629634.1	true	2956	3781	0.000000072726	3Seq	ref_FJ904435	ref_GQ161817
KY629633.1	true	3517	3756	0.000000002694	3Seq	ref_FJ904435	ref_KP168423
KY629630.1	false	0	0				
KP322604.2	true	3444	3716	0.000000000001	3Seq	ref_FJ904435	ref_GQ161817
KP322603.2	false	0	0				
KX827302.1	true	2950	3741	0.000000006828	3Seq	ref_FJ904435	ref_GQ161817
KX827301.1	true	2956	3716	0.000000075465	3Seq	ref_FJ904435	ref_GQ161817
KX827300.1	true	2956	3781	0.000000007577	3Seq	ref_FJ904435	ref_GQ161817
KX827299.1	true	3043	3741	0.000000001308	3Seq	ref_FJ904435	ref_GQ161817
KX827292.1	true	3517	3703	0.000000025222	3Seq	ref_FJ904435	ref_KP168423
KX827291.1	true	2956	3781	0.000000000135	3Seq	ref_FJ904435	ref_GQ161817
KX827290.1	true	2956	3716	0.000000006352	3Seq	ref_FJ904435	ref_GQ161817
KX357641.1	false	0	0				
KX357639.1	false	0	0				
KX357638.1	false	0	0				
KX357637.1	false	0	0				
KX357635.1	true	3043	3896	0.000000000032	3Seq	ref_FJ904435	ref_GQ161817
KX357634.1	true	3043	3896	0.000000000091	3Seq	ref_FJ904435	ref_GQ161817
KX357633.1	true	3043	3896	0.000000000029	3Seq	ref_FJ904435	ref_GQ161817
KX357632.1	true	3043	3896	0.000000000854	3Seq	ref_FJ904435	ref_GQ161817
KX357631.1	true	3043	3896	0.000000002526	3Seq	ref_FJ904435	ref_GQ161817
KX357630.1	true	3043	3896	0.000000000254	3Seq	ref_FJ904435	ref_GQ161817
KX357629.1	true	3043	3896	0.000000000073	3Seq	ref_FJ904435	ref_GQ161817
KX357628.1	true	3043	3741	0.000000000222	3Seq	ref_FJ904435	ref_GQ161817
KX357627.1	true	3206	3741	0.000000000298	3Seq	ref_FJ904435	ref_GQ161817
KX357625.1	true	3043	3896	0.000000000015	3Seq	ref_FJ904435	ref_GQ161817
KX357624.1	true	3043	3896	0.000000000128	3Seq	ref_FJ904435	ref_GQ161817
KX357623.1	true	3043	3896	0.000000000865	3Seq	ref_FJ904435	ref_GQ161817
KX357622.1	true	3012	3896	0.000000000048	3Seq	ref_FJ904435	ref_GQ161817
KX260231.1	false	0	0				
JN642167.1	true	2950	3781	0.000000101792	3Seq	ref_FJ904435	ref_GQ161817
JN642166.1	true	3043	3781	0.000000014111	3Seq	ref_FJ904435	ref_GQ161817
JN642165.1	true	2956	3781	0.000000002782	3Seq	ref_FJ904435	ref_GQ161817
JN642164.1	true	2956	3781	0.000000066782	3Seq	ref_FJ904435	ref_GQ161817
JN642163.1	false	0	0				
JN642162.1	false	0	0				
JN642161.1	true	3517	3730	0.000000004471	3Seq	ref_FJ904435	ref_KP168423
JN642160.1	true	3517	3756	0.000000001855	3Seq	ref_FJ904435	ref_KP168423
JN642159.1	true	2956	3741	0.000000016369	3Seq	ref_FJ904435	ref_GQ161817
JN642158.1	true	3607	3691	0.000000047988	3Seq	ref_FJ904435	ref_AP011107
JN642157.1	true	3517	3756	0.000000000737	3Seq	ref_FJ904435	ref_KP168423
JN642156.1	false	0	0				
JN642154.1	true	3567	3756	0.000000000463	3Seq	ref_FJ904435	ref_FJ692601
JN642153.1	false	0	0				
JN642152.1	true	3601	3730	0.000000003886	3Seq	ref_FJ904435	ref_GQ331046
JN642151.1	true	3566	3689	0.000000035304	3Seq	ref_FJ904435	ref_GQ331046
JN642150.1	false	0	0				
JN642149.1	true	3567	3756	0.000000016662	3Seq	ref_FJ904435	ref_FJ692601
JN642148.1	false	0	0				
JN642147.1	true	2956	3781	0.000000036964	3Seq	ref_FJ904435	ref_GQ161817
JN642146.1	true	3517	3756	0.000000014223	3Seq	ref_FJ904435	ref_KP168423
JN642145.1	true	2956	3781	0.000000012124	3Seq	ref_FJ904435	ref_GQ161817
JN642144.1	false	0	0				
JN642143.1	false	0	0				
JN642142.1	true	3112	3896	0.000000004263	3Seq	ref_FJ904435	ref_GQ161817
JN642141.1	true	3601	3730	0.000000005185	3Seq	ref_FJ904435	ref_GQ331046
JN642140.1	true	2956	3781	0.000000040856	3Seq	ref_FJ904435	ref_GQ161817
JN642139.1	true	3567	3756	0.000000001129	3Seq	ref_FJ904435	ref_FJ692601
JN642138.1	true	2956	3896	0.000000004877	3Seq	ref_FJ904435	ref_GQ161817
JN642137.1	true	2956	3781	0.000000000624	3Seq	ref_FJ904435	ref_GQ161817
JN642136.1	true	2956	3896	0.000000001477	3Seq	ref_FJ904435	ref_GQ161817
JN642135.1	true	2956	3781	0.000000053790	3Seq	ref_FJ904435	ref_GQ161817
JN642134.1	true	2956	3781	0.000000034707	3Seq	ref_FJ904435	ref_GQ161817
JN642133.1	true	3601	3730	0.000000054044	3Seq	ref_FJ904435	ref_GQ331046
JN642132.1	false	0	0				
JN642131.1	true	2956	3781	0.000000002647	3Seq	ref_FJ904435	ref_GQ161817
JN642130.1	true	2956	3781	0.000000001445	3Seq	ref_FJ904435	ref_GQ161817
JN642129.1	true	2956	3781	0.000000001454	3Seq	ref_FJ904435	ref_GQ161817
JN642128.1	false	0	0				
JN642127.1	true	3517	3756	0.000000000013	3Seq	ref_FJ904435	ref_KP168423
JN642126.1	false	0	0				
KU736927.1	false	0	0				
KU736926.1	false	0	0				
KU736925.1	true	2956	3741	0.000000092966	3Seq	ref_FJ904435	ref_GQ161817
KU736924.1	true	2956	3741	0.000000102654	3Seq	ref_FJ904435	ref_GQ161817
KU736923.1	true	3043	3741	0.000000077503	3Seq	ref_FJ904435	ref_GQ161817
KU736922.1	true	3043	3741	0.000000000099	3Seq	ref_FJ904435	ref_GQ161817
KU736921.1	true	3043	3741	0.000000000099	3Seq	ref_FJ904435	ref_GQ161817
KU736917.1	false	0	0				
KU736916.1	true	3572	3730	0.000000095858	3Seq	ref_FJ904435	ref_GQ331046
KU736915.1	false	0	0				
KU736914.1	false	0	0				
KU736901.1	true	2419	3767	0.000000030818	3Seq	ref_AB056513	ref_X02763
KU711666.2	true	3043	3781	0.000000000000	3Seq	ref_FJ904435	ref_GQ161817
EU414143.1	true	2950	3741	0.000000025905	3Seq	ref_FJ904435	ref_GQ161817
EU414142.1	true	2950	3695	0.000000019910	3Seq	ref_FJ904435	ref_GQ161817
EU414141.1	true	2950	3728	0.000000002701	3Seq	ref_FJ904435	ref_GQ161817
EU414140.1	false	0	0				
EU414139.1	false	0	0				
EU414138.1	false	0	0				
EU414137.1	true	2956	3781	0.000000000624	3Seq	ref_FJ904435	ref_GQ161817
EU414136.1	true	2956	3781	0.000000000102	3Seq	ref_FJ904435	ref_GQ161817
EU414135.1	false	0	0				
GQ161754.1	true	3043	4007	0.000000003313	3Seq	ref_FJ904435	ref_GQ161817
KP148354.1	false	0	0				
KX276857.1	false	0	0				
KX276856.1	true	3517	3730	0.000000007906	3Seq	ref_FJ904435	ref_KP168423
KT963508.1	true	3601	3730	0.000000026740	3Seq	ref_FJ904435	ref_GQ331046
KT347090.1	true	2950	3741	0.000000002868	3Seq	ref_FJ904435	ref_GQ161817
KP168421.1	true	3512	3730	0.000000000082	3Seq	ref_FJ904435	ref_FJ692601
KP168420.1	true	3572	3689	0.000000013894	3Seq	ref_FJ904435	ref_GQ331046
KP168419.1	true	3043	3741	0.000000007161	3Seq	ref_FJ904435	ref_GQ161817
KP168418.1	true	3512	3730	0.000000000015	3Seq	ref_FJ904435	ref_FJ692601
KP168417.1	true	3512	3730	0.000000000015	3Seq	ref_FJ904435	ref_FJ692601
KP168416.1	true	3043	3741	0.000000000028	3Seq	ref_FJ904435	ref_GQ161817
KM577671.1	false	0	0				
KM577670.1	true	3517	3703	0.000000078610	3Seq	ref_FJ904435	ref_KP168423
KM577669.1	false	0	0				
KM577668.1	false	0	0				
KM577667.1	true	2950	3781	0.000000000608	3Seq	ref_FJ904435	ref_GQ161817
KM577665.1	true	2950	3741	0.000000002367	3Seq	ref_FJ904435	ref_GQ161817
KM577664.1	true	2950	3741	0.000000007140	3Seq	ref_FJ904435	ref_GQ161817
KM577663.1	true	2950	3741	0.000000007140	3Seq	ref_FJ904435	ref_GQ161817
KM392072.1	true	3286	4567	0.000000000000	3Seq	ref_D23679	ref_AP011098
KJ803771.1	true	3371	3806	0.000000000000	3Seq	ref_MF925358	ref_JQ801514
KJ586811.1	true	4046	4889	0.000000000000	3Seq	ref_NC_003977	ref_HM585194
JN792912.1	true	3572	3730	0.000000001741	3Seq	ref_FJ904435	ref_GQ331046
JN792911.1	true	3517	3730	0.000000000848	3Seq	ref_FJ904435	ref_KP168423
JN792910.1	true	2915	3896	0.000000009276	3Seq	ref_FJ904435	ref_GQ161817
JN792909.1	true	2915	3896	0.000000009276	3Seq	ref_FJ904435	ref_GQ161817
JN792908.1	false	0	0				
JN792907.1	true	2915	3896	0.000000016714	3Seq	ref_FJ904435	ref_GQ161817
JN792906.1	true	2915	3896	0.000000010369	3Seq	ref_FJ904435	ref_GQ161817
JN792905.1	true	2915	3896	0.000000010369	3Seq	ref_FJ904435	ref_GQ161817
JN792904.1	true	2915	3741	0.000000025985	3Seq	ref_FJ904435	ref_GQ161817
JN792903.1	true	2915	3896	0.000000009276	3Seq	ref_FJ904435	ref_GQ161817
KT151620.1	false	0	0				
KT151619.1	true	3043	3741	0.000000007988	3Seq	ref_FJ904435	ref_GQ161817
KM359442.1	false	0	0				
HQ833465.1	true	2956	3781	0.000000000309	3Seq	ref_FJ904435	ref_GQ161817
GQ358159.1	true	2956	3781	0.000000032629	3Seq	ref_FJ904435	ref_GQ161817
KR013883.1	true	1817	2521	0.000000000986	3Seq	ref_KF873526	ref_D23679
KP322602.1	true	2950	3741	0.000000000903	3Seq	ref_FJ904435	ref_GQ161817
KP322601.1	true	2956	3741	0.000000020517	3Seq	ref_FJ904435	ref_GQ161817
KP322599.1	true	2956	3781	0.000000000639	3Seq	ref_FJ904435	ref_GQ161817
KP090181.1	true	2950	3741	0.000000007050	3Seq	ref_FJ904435	ref_GQ161817
KP090180.1	true	2950	3741	0.000000025985	3Seq	ref_FJ904435	ref_GQ161817
KP090179.1	true	3517	3703	0.000000022515	3Seq	ref_FJ904435	ref_KP168423
KP090178.1	true	4608	5306	0.000000048047	3Seq	ref_FJ692557	ref_AB056513
KP090177.1	true	4608	5306	0.000000048047	3Seq	ref_FJ692557	ref_AB056513
KJ843187.1	true	2950	3741	0.000000004103	3Seq	ref_FJ904435	ref_GQ161817
KJ647356.1	true	2703	3197	0.000000000000	3Seq	ref_AB222711	ref_X02763
KJ647355.1	true	2950	3741	0.000000109429	3Seq	ref_FJ904435	ref_GQ161817
KJ647353.1	true	2950	3741	0.000000008282	3Seq	ref_FJ904435	ref_GQ161817
KJ647352.1	true	3601	3716	0.000000074492	3Seq	ref_FJ904435	ref_GQ331046
KJ647351.1	true	2703	3197	0.000000000000	3Seq	ref_AB222711	ref_X02763
KJ647350.1	true	733	3561	0.000000017984	3Seq	ref_NC_003977	ref_MF925358
KJ647349.1	true	2950	3728	0.000000106697	3Seq	ref_FJ904435	ref_GQ161817
KP406276.1	true	3498	4567	0.000000000000	3Seq	ref_D23679	ref_AP011098
KM108621.1	true	4798	5149	0.000000000090	3Seq	ref_FJ904435	ref_GQ161817
KM108620.1	true	4791	5149	0.000000000092	3Seq	ref_FJ904435	ref_GQ161817
KM108619.1	false	0	0				
KM108604.1	false	0	0				
KM108603.1	false	0	0				
KM108602.1	false	0	0				
KM108601.1	false	0	0				
KM108600.1	false	0	0				
KM108599.1	false	0	0				
KM108598.1	false	0	0				
KM108597.1	false	0	0				
KM108596.1	false	0	0				
KM108595.1	false	0	0				
KM108594.1	false	0	0				
KM108593.1	false	0	0				
KM108592.1	false	0	0				
KM108591.1	false	0	0				
KM386676.1	true	2950	3728	0.000000016300	3Seq	ref_FJ904435	ref_GQ161817
KF779382.1	false	0	0				
KF779380.1	false	0	0				
KF779377.1	false	0	0				
KF779376.1	false	0	0				
KF779353.1	false	0	0				
KF779343.1	true	2644	3012	0.000000033003	3Seq	ref_FJ904435	ref_EU594385
KF779341.1	false	0	0				
KF779340.1	false	0	0				
KF779318.1	false	0	0				
KF779303.1	false	0	0				
KF779302.1	false	0	0				
KF779301.1	false	0	0				
KF779296.1	false	0	0				
KF779292.1	false	0	0				
KF779289.1	false	0	0				
KF779288.1	false	0	0				
KF779285.1	false	0	0				
KF779250.1	true	2117	2411	0.000000000003	3Seq	ref_NC_003977	ref_GQ377617
KF779241.1	false	0	0				
KF779237.1	true	2188	2411	0.000000000129	3Seq	ref_NC_003977	ref_AP011098
KF779230.1	false	0	0				
KF779229.1	false	0	0				
KF779228.1	false	0	0				
KF779226.1	false	0	0				
KF779225.1	false	0	0				
KF779224.1	false	0	0				
KF779223.1	false	0	0				
KF779222.1	false	0	0				
KF779220.1	false	0	0				
KF779219.1	false	0	0				
KF779218.1	false	0	0				
KF779217.1	false	0	0				
KF779216.1	false	0	0				
KF779214.1	false	0	0				
KF779212.1	false	0	0				
KF779209.1	false	0	0				
KF584166.1	true	2956	3781	0.000000093483	3Seq	ref_FJ904435	ref_GQ161817
KF584165.1	true	2956	3781	0.000000093483	3Seq	ref_FJ904435	ref_GQ161817
KF584164.1	true	2956	3781	0.000000072726	3Seq	ref_FJ904435	ref_GQ161817
KF584163.1	true	2956	3781	0.000000101792	3Seq	ref_FJ904435	ref_GQ161817
KF584162.1	true	2956	3781	0.000000085893	3Seq	ref_FJ904435	ref_GQ161817
KF584161.1	true	2956	3781	0.000000085893	3Seq	ref_FJ904435	ref_GQ161817
KF584160.1	false	0	0				
KF584159.1	false	0	0				
KF584158.1	false	0	0				
KC774460.1	true	3517	3743	0.000000002294	3Seq	ref_FJ904435	ref_KP168423
KC774459.1	true	3027	3781	0.000000002619	3Seq	ref_FJ904435	ref_GQ161817
KC774450.1	true	2956	3741	0.000000006386	3Seq	ref_FJ904435	ref_GQ161817
KC774445.1	true	3112	3781	0.000000053790	3Seq	ref_FJ904435	ref_GQ161817
KC774444.1	true	3043	3781	0.000000002164	3Seq	ref_FJ904435	ref_GQ161817
KC774440.1	true	3043	3781	0.000000008885	3Seq	ref_FJ904435	ref_GQ161817
KC774437.1	true	2950	3741	0.000000022483	3Seq	ref_FJ904435	ref_GQ161817
KC774436.1	true	3517	3743	0.000000002014	3Seq	ref_FJ904435	ref_KP168423
KJ470898.1	true	3512	3756	0.000000000637	3Seq	ref_FJ904435	ref_FJ692601
KJ470897.1	true	3043	3781	0.000000006214	3Seq	ref_FJ904435	ref_GQ161817
KJ470896.1	true	3596	3730	0.000000001730	3Seq	ref_FJ904435	ref_GQ331046
KJ470895.1	true	3596	3736	0.000000000301	3Seq	ref_FJ904435	ref_GQ331046
KJ470894.1	true	3596	3756	0.000000013773	3Seq	ref_FJ904435	ref_FJ692557
KJ470893.1	true	3596	3730	0.000000003638	3Seq	ref_FJ904435	ref_GQ331046
KJ470892.1	false	0	0				
KJ470891.1	true	3043	3896	0.000000000360	3Seq	ref_FJ904435	ref_GQ161817
KJ470889.1	true	3043	3781	0.000000001200	3Seq	ref_FJ904435	ref_GQ161817
KJ470888.1	true	3596	3756	0.000000001416	3Seq	ref_FJ904435	ref_FJ692557
KJ470887.1	true	3598	3744	0.000000000405	3Seq	ref_FJ904435	ref_D23679
KJ470886.1	true	3567	3756	0.000000006380	3Seq	ref_FJ904435	ref_FJ692601
KJ470885.1	true	3043	3781	0.000000001757	3Seq	ref_FJ904435	ref_GQ161817
KJ470884.1	true	3567	3756	0.000000006792	3Seq	ref_FJ904435	ref_FJ692601
KF471660.1	true	2956	3781	0.000000008354	3Seq	ref_FJ904435	ref_GQ161817
KF471659.1	true	2956	3781	0.000000099641	3Seq	ref_FJ904435	ref_GQ161817
KF471658.1	false	0	0				
KF471657.1	false	0	0				
KF471656.1	true	2956	3781	0.000000000700	3Seq	ref_FJ904435	ref_GQ161817
KF471655.1	true	2950	3781	0.000000000559	3Seq	ref_FJ904435	ref_GQ161817
KF471654.1	false	0	0				
KF471653.1	false	0	0				
KF471652.1	true	2956	3781	0.000000001945	3Seq	ref_FJ904435	ref_GQ161817
KF471651.1	true	2956	3781	0.000000001945	3Seq	ref_FJ904435	ref_GQ161817
KF471650.1	true	2956	3741	0.000000014111	3Seq	ref_FJ904435	ref_GQ161817
KF471649.1	true	2950	3896	0.000000003183	3Seq	ref_FJ904435	ref_GQ161817
KF471648.1	true	2950	3781	0.000000005727	3Seq	ref_FJ904435	ref_GQ161817
KF471647.1	true	2950	3781	0.000000004113	3Seq	ref_FJ904435	ref_GQ161817
KF471646.1	true	2956	3781	0.000000014759	3Seq	ref_FJ904435	ref_GQ161817
KF471645.1	true	2956	3781	0.000000007988	3Seq	ref_FJ904435	ref_GQ161817
KF471644.1	true	2956	3781	0.000000021236	3Seq	ref_FJ904435	ref_GQ161817
KF471643.1	true	2950	3781	0.000000001304	3Seq	ref_FJ904435	ref_GQ161817
KF471642.1	true	2956	3781	0.000000047387	3Seq	ref_FJ904435	ref_GQ161817
KF471641.1	true	3043	3781	0.000000015455	3Seq	ref_FJ904435	ref_GQ161817
KF471640.1	true	3517	3756	0.000000000028	3Seq	ref_FJ904435	ref_KP168423
KC774477.1	true	2956	3781	0.000000008699	3Seq	ref_FJ904435	ref_GQ161817
KC774462.1	true	2956	3781	0.000000000420	3Seq	ref_FJ904435	ref_GQ161817
KC752182.1	false	0	0				
KC752181.1	false	0	0				
KC752177.1	false	0	0				
JN688722.2	true	2950	3741	0.000000075902	3Seq	ref_FJ904435	ref_GQ161817
JN688717.2	true	2644	3704	0.000000000000	3Seq	ref_FJ904435	ref_EU594385
JN688716.2	true	2676	3197	0.000000000000	3Seq	ref_NC_003977	ref_X02763
JN688715.2	true	2629	3125	0.000000002808	3Seq	ref_FJ904435	ref_X02763
JN688713.2	false	0	0				
JN688712.2	false	0	0				
JN688711.2	false	0	0				
JN688710.2	true	2950	3721	0.000000099641	3Seq	ref_FJ904435	ref_GQ161817
JN688708.2	true	3517	3703	0.000000027331	3Seq	ref_FJ904435	ref_KP168423
JN688695.2	false	0	0				
JN688689.2	false	0	0				
JN688685.2	true	2950	3728	0.000000016300	3Seq	ref_FJ904435	ref_GQ161817
JN688683.2	true	2644	3689	0.000000006587	3Seq	ref_FJ904435	ref_X02763
JN688679.2	false	0	0				
JN688678.2	true	2950	3741	0.000000032119	3Seq	ref_FJ904435	ref_GQ161817
KC752167.1	false	0	0				
KC752163.1	false	0	0				
KC752162.1	false	0	0				
KC752159.1	false	0	0				
KC752158.1	false	0	0				
KC752154.1	false	0	0				
KC752151.1	false	0	0				
KC012653.1	true	1607	2119	0.000000000000	3Seq	ref_NC_003977	ref_EU594385
KC012652.1	true	2950	3741	0.000000018282	3Seq	ref_FJ904435	ref_GQ161817
FJ562338.1	true	2950	3695	0.000000109429	3Seq	ref_FJ904435	ref_GQ161817
FJ562320.1	true	1965	2518	0.000000041386	3Seq	ref_AP011098	ref_DQ089781
FJ562309.1	true	736	5202	0.000000000000	3Seq	ref_DQ089781	ref_KC875277
EU939681.1	true	2956	3781	0.000000014759	3Seq	ref_FJ904435	ref_GQ161817
KF170787.1	false	0	0				
KF170778.1	true	4807	5149	0.000000000527	3Seq	ref_FJ692533	ref_GQ161817
KF170777.1	true	4798	5149	0.000000008198	3Seq	ref_FJ904435	ref_GQ161817
KF170776.1	false	0	0				
KF170775.1	false	0	0				
KF170774.1	false	0	0				
KF170773.1	false	0	0				
KF170772.1	false	0	0				
KF170771.1	false	0	0				
KF170770.1	false	0	0				
KF170769.1	false	0	0				
KF170768.1	false	0	0				
KF170767.1	false	0	0				
KF170766.1	false	0	0				
KF170765.1	false	0	0				
KF170764.1	false	0	0				
KF170763.1	false	0	0				
KF170762.1	false	0	0				
KF170761.1	false	0	0				
KF170760.1	false	0	0				
KF170759.1	false	0	0				
KF061170.1	true	2956	3781	0.000000006609	3Seq	ref_FJ904435	ref_GQ161817
KF061169.1	true	3517	3765	0.000000039309	3Seq	ref_FJ904435	ref_KP168423
KF061168.1	true	2956	3781	0.000000032132	3Seq	ref_FJ904435	ref_GQ161817
KF061167.1	true	3517	3756	0.000000001930	3Seq	ref_FJ904435	ref_KP168423
JN257217.1	true	2956	3896	0.000000006353	3Seq	ref_FJ904435	ref_GQ161817
JN257216.1	true	3517	3756	0.000000000386	3Seq	ref_FJ904435	ref_KP168423
JN257215.1	true	2956	3781	0.000000002613	3Seq	ref_FJ904435	ref_GQ161817
JN257214.1	true	2956	3781	0.000000003299	3Seq	ref_FJ904435	ref_GQ161817
JN257213.1	true	2956	3854	0.000000001266	3Seq	ref_FJ904435	ref_GQ161817
JN257212.1	true	2956	3854	0.000000000954	3Seq	ref_FJ904435	ref_GQ161817
JN257211.1	true	2956	3781	0.000000002449	3Seq	ref_FJ904435	ref_GQ161817
JN257210.1	true	3517	3756	0.000000001241	3Seq	ref_FJ904435	ref_KP168423
JN257209.1	true	3043	3781	0.000000005069	3Seq	ref_FJ904435	ref_GQ161817
JN257208.1	true	3043	3781	0.000000005069	3Seq	ref_FJ904435	ref_GQ161817
JN257207.1	true	3567	3756	0.000000010215	3Seq	ref_FJ904435	ref_FJ692601
JN257206.1	true	3567	3756	0.000000004471	3Seq	ref_FJ904435	ref_FJ692601
JN257205.1	true	3517	3756	0.000000006286	3Seq	ref_FJ904435	ref_KP168423
JN257204.1	true	2956	3695	0.000000045034	3Seq	ref_FJ904435	ref_GQ161817
JN257203.1	true	2956	3781	0.000000001058	3Seq	ref_FJ904435	ref_GQ161817
JN257202.1	true	2956	3781	0.000000004338	3Seq	ref_FJ904435	ref_GQ161817
JN257201.1	true	2956	3781	0.000000020289	3Seq	ref_FJ904435	ref_GQ161817
JN257200.1	true	3043	3896	0.000000000456	3Seq	ref_FJ904435	ref_GQ161817
JN257199.1	true	3567	3756	0.000000009383	3Seq	ref_FJ904435	ref_FJ692601
JN257198.1	true	3567	3756	0.000000010038	3Seq	ref_FJ904435	ref_FJ692601
JN257197.1	true	2956	3781	0.000000004338	3Seq	ref_FJ904435	ref_GQ161817
JN257196.1	true	2956	3781	0.000000004338	3Seq	ref_FJ904435	ref_GQ161817
JN257195.1	true	2950	3781	0.000000006892	3Seq	ref_FJ904435	ref_GQ161817
JN257194.1	true	2956	3781	0.000000002306	3Seq	ref_FJ904435	ref_GQ161817
JN257193.1	true	2956	3781	0.000000000960	3Seq	ref_FJ904435	ref_GQ161817
JN257192.1	false	0	0				
JN257191.1	false	0	0				
JN257190.1	true	2956	3741	0.000000060350	3Seq	ref_FJ904435	ref_GQ161817
JN257189.1	true	2956	3781	0.000000001424	3Seq	ref_FJ904435	ref_GQ161817
JN257188.1	true	2956	3781	0.000000010172	3Seq	ref_FJ904435	ref_GQ161817
JN257187.1	true	2956	3781	0.000000013727	3Seq	ref_FJ904435	ref_GQ161817
JN257186.1	true	2956	4007	0.000000001589	3Seq	ref_FJ904435	ref_GQ161817
JN257185.1	true	3444	3781	0.000000047324	3Seq	ref_FJ904435	ref_GQ161817
JN257184.1	false	0	0				
JN257183.1	true	3517	3756	0.000000000613	3Seq	ref_FJ904435	ref_KP168423
JN257182.1	true	2956	3781	0.000000001755	3Seq	ref_FJ904435	ref_GQ161817
JN257181.1	true	4608	5306	0.000000007449	3Seq	ref_FJ692557	ref_AB056513
JN257180.1	true	3504	3756	0.000000070579	3Seq	ref_FJ904435	ref_AM184126
JN257179.1	true	3504	3756	0.000000070579	3Seq	ref_FJ904435	ref_AM184126
JN257178.1	false	0	0				
JN257177.1	true	2956	3781	0.000000012725	3Seq	ref_FJ904435	ref_GQ161817
JN257176.1	true	2956	3781	0.000000012725	3Seq	ref_FJ904435	ref_GQ161817
JN257175.1	true	2956	3781	0.000000001775	3Seq	ref_FJ904435	ref_GQ161817
JN257174.1	true	2956	3781	0.000000001775	3Seq	ref_FJ904435	ref_GQ161817
JN257173.1	true	2956	3781	0.000000013346	3Seq	ref_FJ904435	ref_GQ161817
JN257172.1	true	2956	3781	0.000000011980	3Seq	ref_FJ904435	ref_GQ161817
JN257171.1	true	2956	3896	0.000000000007	3Seq	ref_FJ904435	ref_GQ161817
JN257170.1	true	2956	3781	0.000000006295	3Seq	ref_FJ904435	ref_GQ161817
JN257169.1	true	2956	3781	0.000000000294	3Seq	ref_FJ904435	ref_GQ161817
JN257168.1	false	0	0				
JN257167.1	false	0	0				
JN257166.1	true	2956	3781	0.000000000365	3Seq	ref_FJ904435	ref_GQ161817
JN257165.1	true	2956	3781	0.000000000365	3Seq	ref_FJ904435	ref_GQ161817
JN257164.1	true	3567	3756	0.000000002986	3Seq	ref_FJ904435	ref_FJ692601
JN257163.1	true	2956	3781	0.000000038045	3Seq	ref_FJ904435	ref_GQ161817
JN257162.1	true	2956	3781	0.000000000330	3Seq	ref_FJ904435	ref_GQ161817
JN257161.1	false	0	0				
JN257160.1	false	0	0				
JN257159.1	false	0	0				
JN257158.1	true	2956	3781	0.000000035283	3Seq	ref_FJ904435	ref_GQ161817
JN257157.1	true	3567	3756	0.000000004916	3Seq	ref_FJ904435	ref_FJ692601
JN257156.1	true	2956	3781	0.000000002154	3Seq	ref_FJ904435	ref_GQ161817
JN257155.1	true	2956	3781	0.000000002154	3Seq	ref_FJ904435	ref_GQ161817
JN257154.1	true	2956	4062	0.000000006828	3Seq	ref_FJ904435	ref_GQ161817
JN257153.1	true	2950	3781	0.000000006892	3Seq	ref_FJ904435	ref_GQ161817
JN257152.1	true	2950	3781	0.000000009981	3Seq	ref_FJ904435	ref_GQ161817
JN257151.1	true	2956	3781	0.000000012124	3Seq	ref_FJ904435	ref_GQ161817
JN257150.1	true	2956	3781	0.000000000231	3Seq	ref_FJ904435	ref_GQ161817
JN257149.1	true	3517	3756	0.000000000922	3Seq	ref_FJ904435	ref_KP168423
JN257148.1	true	2956	3781	0.000000009981	3Seq	ref_FJ904435	ref_GQ161817
KF170758.1	false	0	0				
KF170757.1	false	0	0				
KF170756.1	false	0	0				
KF170755.1	false	0	0				
KF170745.1	false	0	0				
KF170744.1	false	0	0				
KF170743.1	false	0	0				
KF170740.1	false	0	0				
KF170739.1	false	0	0				
HQ700525.1	true	3043	4062	0.000000003260	3Seq	ref_FJ904435	ref_GQ161817
HQ700524.1	true	3043	4062	0.000000003260	3Seq	ref_FJ904435	ref_GQ161817
HQ700514.1	false	0	0				
HQ700513.1	false	0	0				
HQ700512.1	true	3043	3741	0.000000113415	3Seq	ref_FJ904435	ref_GQ161817
HQ700511.1	true	2950	3896	0.000000036964	3Seq	ref_FJ904435	ref_GQ161817
HQ700510.1	false	0	0				
HQ700503.1	true	3595	4062	0.000000018520	3Seq	ref_FJ904435	ref_GQ161817
HQ700501.1	true	3043	4062	0.000000003260	3Seq	ref_FJ904435	ref_GQ161817
HQ700500.1	true	3043	4062	0.000000018520	3Seq	ref_FJ904435	ref_GQ161817
HQ700497.1	true	3043	4062	0.000000003260	3Seq	ref_FJ904435	ref_GQ161817
HQ700494.1	true	3043	4062	0.000000004636	3Seq	ref_FJ904435	ref_GQ161817
HQ700493.1	true	3043	4062	0.000000001474	3Seq	ref_FJ904435	ref_GQ161817
HQ700492.1	true	3595	4062	0.000000047375	3Seq	ref_FJ904435	ref_GQ161817
HQ700491.1	true	2956	3781	0.000000003910	3Seq	ref_FJ904435	ref_GQ161817
HQ700489.1	true	2956	3781	0.000000000370	3Seq	ref_FJ904435	ref_GQ161817
HQ700488.1	true	2956	3781	0.000000000058	3Seq	ref_FJ904435	ref_GQ161817
HQ700487.1	true	2956	3781	0.000000000114	3Seq	ref_FJ904435	ref_GQ161817
HQ700484.1	true	2956	3781	0.000000007050	3Seq	ref_FJ904435	ref_GQ161817
HQ700483.1	true	2956	3781	0.000000001057	3Seq	ref_FJ904435	ref_GQ161817
HQ700482.1	true	2956	3781	0.000000000004	3Seq	ref_FJ904435	ref_GQ161817
HQ700481.1	true	2956	3781	0.000000001775	3Seq	ref_FJ904435	ref_GQ161817
HQ700480.1	true	2956	3781	0.000000000596	3Seq	ref_FJ904435	ref_GQ161817
HQ700479.1	true	2956	3781	0.000000001776	3Seq	ref_FJ904435	ref_GQ161817
HQ700478.1	true	2956	3781	0.000000003910	3Seq	ref_FJ904435	ref_GQ161817
HQ700477.1	true	2956	3781	0.000000002884	3Seq	ref_FJ904435	ref_GQ161817
HQ700474.1	true	2956	3781	0.000000000200	3Seq	ref_FJ904435	ref_GQ161817
HQ700473.1	true	2956	3781	0.000000000128	3Seq	ref_FJ904435	ref_GQ161817
HQ700472.1	true	2956	3781	0.000000005348	3Seq	ref_FJ904435	ref_GQ161817
HQ700471.1	true	2956	3781	0.000000000065	3Seq	ref_FJ904435	ref_GQ161817
HQ700470.1	true	2956	3781	0.000000034707	3Seq	ref_FJ904435	ref_GQ161817
HQ700469.1	true	2956	3781	0.000000002647	3Seq	ref_FJ904435	ref_GQ161817
HQ700468.1	true	2956	3781	0.000000000028	3Seq	ref_FJ904435	ref_GQ161817
HQ700467.1	true	2956	4062	0.000000002187	3Seq	ref_FJ904435	ref_GQ161817
HQ700466.1	true	2956	3781	0.000000000058	3Seq	ref_FJ904435	ref_GQ161817
HQ700465.1	true	2956	3781	0.000000004695	3Seq	ref_FJ904435	ref_GQ161817
HQ700464.1	true	2956	3781	0.000000000058	3Seq	ref_FJ904435	ref_GQ161817
HQ700463.1	true	2956	3781	0.000000000008	3Seq	ref_FJ904435	ref_GQ161817
HQ700460.1	true	2956	3781	0.000000001601	3Seq	ref_FJ904435	ref_GQ161817
HQ700459.1	true	2956	3781	0.000000001445	3Seq	ref_FJ904435	ref_GQ161817
HQ700458.1	true	3595	4062	0.000000100640	3Seq	ref_FJ904435	ref_GQ161817
HQ700455.1	true	2956	3781	0.000000000065	3Seq	ref_FJ904435	ref_GQ161817
HQ700454.1	true	2956	3781	0.000000000058	3Seq	ref_FJ904435	ref_GQ161817
HQ700453.1	true	2956	3781	0.000000000092	3Seq	ref_FJ904435	ref_GQ161817
HQ700452.1	true	2956	3781	0.000000000172	3Seq	ref_FJ904435	ref_GQ161817
HQ700450.1	true	2956	3781	0.000000001445	3Seq	ref_FJ904435	ref_GQ161817
HQ700449.1	true	2956	3781	0.000000002430	3Seq	ref_FJ904435	ref_GQ161817
HQ700448.1	true	2956	3781	0.000000005175	3Seq	ref_FJ904435	ref_GQ161817
HQ700447.1	true	2956	3781	0.000000001601	3Seq	ref_FJ904435	ref_GQ161817
HQ700446.1	true	2956	3781	0.000000000007	3Seq	ref_FJ904435	ref_GQ161817
HQ700445.1	true	2956	3781	0.000000000007	3Seq	ref_FJ904435	ref_GQ161817
HQ700444.1	true	2956	3781	0.000000000624	3Seq	ref_FJ904435	ref_GQ161817
HQ700443.1	true	2956	3781	0.000000001445	3Seq	ref_FJ904435	ref_GQ161817
HQ700442.1	true	2956	3781	0.000000001445	3Seq	ref_FJ904435	ref_GQ161817
HQ700441.1	true	2956	3781	0.000000001445	3Seq	ref_FJ904435	ref_GQ161817
HQ700440.1	true	2956	3781	0.000000000058	3Seq	ref_FJ904435	ref_GQ161817
HQ700439.1	true	2956	3781	0.000000000312	3Seq	ref_FJ904435	ref_GQ161817
JX898699.1	true	2950	3741	0.000000062857	3Seq	ref_FJ904435	ref_GQ161817
JX898698.1	true	2950	3741	0.000000062857	3Seq	ref_FJ904435	ref_GQ161817
JX898697.1	true	2950	3741	0.000000039800	3Seq	ref_FJ904435	ref_GQ161817
JX898696.1	true	2950	3741	0.000000004103	3Seq	ref_FJ904435	ref_GQ161817
JX898695.1	true	2950	3741	0.000000004103	3Seq	ref_FJ904435	ref_GQ161817
JX898694.1	true	2950	3741	0.000000003114	3Seq	ref_FJ904435	ref_GQ161817
JX898693.1	true	2950	3741	0.000000004103	3Seq	ref_FJ904435	ref_GQ161817
JX898692.1	true	2950	3741	0.000000001447	3Seq	ref_FJ904435	ref_GQ161817
JX898691.1	true	2950	3741	0.000000001447	3Seq	ref_FJ904435	ref_GQ161817
JX898690.1	true	2950	3741	0.000000001447	3Seq	ref_FJ904435	ref_GQ161817
JX898689.1	true	2950	3741	0.000000002446	3Seq	ref_FJ904435	ref_GQ161817
JX898688.1	true	2950	3741	0.000000001447	3Seq	ref_FJ904435	ref_GQ161817
JX898687.1	true	2950	3741	0.000000001447	3Seq	ref_FJ904435	ref_GQ161817
JX898686.1	true	2950	3741	0.000000001447	3Seq	ref_FJ904435	ref_GQ161817
JX470760.1	true	2950	3741	0.000000018282	3Seq	ref_FJ904435	ref_GQ161817
JQ687532.1	false	0	0				
JQ687531.1	false	0	0				
JQ687530.1	false	0	0				
JX096958.1	true	2956	3716	0.000000008317	3Seq	ref_FJ904435	ref_GQ161817
JX096957.1	false	0	0				
JX096956.1	false	0	0				
JX096954.1	false	0	0				
JQ707706.1	false	0	0				
JQ707705.1	false	0	0				
JQ707704.1	false	0	0				
JQ707703.1	false	0	0				
JQ707702.1	false	0	0				
JQ707701.1	false	0	0				
JQ707700.1	false	0	0				
JQ707699.1	false	0	0				
JQ707698.1	false	0	0				
JQ707697.1	false	0	0				
JQ707696.1	false	0	0				
JQ707695.1	false	0	0				
JQ707694.1	false	0	0				
JQ707693.1	false	0	0				
JQ707692.1	false	0	0				
JQ707691.1	false	0	0				
JQ707690.1	false	0	0				
JQ707689.1	false	0	0				
JQ707688.1	false	0	0				
JQ707687.1	false	0	0				
JQ707686.1	false	0	0				
JQ707685.1	false	0	0				
HQ833471.1	true	2956	3781	0.000000000559	3Seq	ref_FJ904435	ref_GQ161817
HQ833470.1	true	3043	3781	0.000000072726	3Seq	ref_FJ904435	ref_GQ161817
HQ833469.1	true	3517	3756	0.000000028281	3Seq	ref_FJ904435	ref_KP168423
HQ833468.1	true	2956	3781	0.000000001304	3Seq	ref_FJ904435	ref_GQ161817
HQ833467.1	true	2956	3781	0.000000028929	3Seq	ref_FJ904435	ref_GQ161817
HQ833466.1	true	2956	3781	0.000000006733	3Seq	ref_FJ904435	ref_GQ161817
JQ707684.1	false	0	0				
JQ707683.1	false	0	0				
JQ707682.1	false	0	0				
JQ707530.1	false	0	0				
JQ707529.1	false	0	0				
JQ707528.1	false	0	0				
JQ707527.1	false	0	0				
JQ707526.1	false	0	0				
JQ707525.1	false	0	0				
JQ707524.1	false	0	0				
JQ707523.1	false	0	0				
JQ707522.1	false	0	0				
JQ707521.1	false	0	0				
JQ707520.1	false	0	0				
JQ707519.1	false	0	0				
JQ707518.1	false	0	0				
JQ707517.1	false	0	0				
JQ707516.1	false	0	0				
JQ707515.1	false	0	0				
JQ707514.1	false	0	0				
JQ707513.1	false	0	0				
JQ707512.1	false	0	0				
JQ707511.1	false	0	0				
JQ707510.1	false	0	0				
JQ707509.1	false	0	0				
JQ707508.1	false	0	0				
JQ707507.1	false	0	0				
JQ707506.1	false	0	0				
JQ707505.1	false	0	0				
JQ707504.1	false	0	0				
JQ707503.1	false	0	0				
JQ707502.1	false	0	0				
JQ707501.1	false	0	0				
JQ707500.1	false	0	0				
JQ707499.1	false	0	0				
JQ707498.1	false	0	0				
JQ707497.1	false	0	0				
JQ707496.1	false	0	0				
JQ707495.1	false	0	0				
JQ707494.1	false	0	0				
JQ707493.1	false	0	0				
JQ707492.1	false	0	0				
JQ707491.1	false	0	0				
JQ707490.1	false	0	0				
JQ707489.1	false	0	0				
JQ707488.1	false	0	0				
JQ707487.1	false	0	0				
JQ707486.1	false	0	0				
JQ707485.1	false	0	0				
JQ707484.1	false	0	0				
JQ707483.1	false	0	0				
JQ707482.1	false	0	0				
JQ707481.1	false	0	0				
JQ707480.1	false	0	0				
JQ707479.1	false	0	0				
JQ707478.1	false	0	0				
JQ707477.1	false	0	0				
JQ707476.1	false	0	0				
JQ707416.1	false	0	0				
JN040830.1	true	2956	3781	0.000000085762	3Seq	ref_FJ904435	ref_GQ161817
JN040829.1	true	3517	3756	0.000000012853	3Seq	ref_FJ904435	ref_KP168423
JN040828.1	true	2950	3781	0.000000001276	3Seq	ref_FJ904435	ref_GQ161817
JN040827.1	true	2956	3781	0.000000000570	3Seq	ref_FJ904435	ref_GQ161817
JN040826.1	true	2956	3781	0.000000000264	3Seq	ref_FJ904435	ref_GQ161817
JN040825.1	true	2956	3781	0.000000002619	3Seq	ref_FJ904435	ref_GQ161817
JN040824.1	true	3319	3703	0.000000001695	3Seq	ref_FJ904435	ref_EU594385
JN040823.1	true	2950	3781	0.000000000404	3Seq	ref_FJ904435	ref_GQ161817
JN040822.1	true	2950	3781	0.000000000390	3Seq	ref_FJ904435	ref_GQ161817
JN040821.1	true	2950	4062	0.000000000001	3Seq	ref_FJ904435	ref_GQ161817
JN040820.1	true	2956	3781	0.000000033187	3Seq	ref_FJ904435	ref_GQ161817
JN040819.1	true	2950	3896	0.000000000275	3Seq	ref_FJ904435	ref_GQ161817
JN040818.1	true	3043	3781	0.000000010018	3Seq	ref_FJ904435	ref_GQ161817
JN040817.1	false	0	0				
JN040816.1	true	2950	3781	0.000000006009	3Seq	ref_FJ904435	ref_GQ161817
JN040815.1	true	2950	3781	0.000000002884	3Seq	ref_FJ904435	ref_GQ161817
JN040814.1	true	2933	4062	0.000000000309	3Seq	ref_FJ904435	ref_GQ161817
JN040813.1	true	2950	4062	0.000000001145	3Seq	ref_FJ904435	ref_GQ161817
JN040812.1	true	2950	3896	0.000000010997	3Seq	ref_FJ904435	ref_GQ161817
JN040811.1	true	3567	3756	0.000000000551	3Seq	ref_FJ904435	ref_FJ692601
JN040810.1	true	2950	3781	0.000000007829	3Seq	ref_FJ904435	ref_GQ161817
JN040809.1	true	2950	3781	0.000000001145	3Seq	ref_FJ904435	ref_GQ161817
JN040808.1	true	2950	3781	0.000000000213	3Seq	ref_FJ904435	ref_GQ161817
JN040807.1	true	2950	3781	0.000000009064	3Seq	ref_FJ904435	ref_GQ161817
JN040806.1	true	2950	3781	0.000000001424	3Seq	ref_FJ904435	ref_GQ161817
JN040805.1	true	2950	3781	0.000000001145	3Seq	ref_FJ904435	ref_GQ161817
JN040804.1	true	2950	3781	0.000000008303	3Seq	ref_FJ904435	ref_GQ161817
JN040803.1	true	2950	3781	0.000000001713	3Seq	ref_FJ904435	ref_GQ161817
JN040802.1	false	0	0				
JN040801.1	true	2950	3781	0.000000000312	3Seq	ref_FJ904435	ref_GQ161817
JN040800.1	true	2950	3781	0.000000000102	3Seq	ref_FJ904435	ref_GQ161817
JN040799.1	true	3601	3703	0.000000010226	3Seq	ref_FJ904435	ref_GQ331046
JN040798.1	true	2950	3781	0.000000015829	3Seq	ref_FJ904435	ref_GQ161817
JN040797.1	true	2950	3781	0.000000000365	3Seq	ref_FJ904435	ref_GQ161817
JN040796.1	true	2950	4007	0.000000000275	3Seq	ref_FJ904435	ref_GQ161817
JN040795.1	true	2933	3781	0.000000004338	3Seq	ref_FJ904435	ref_GQ161817
JN040794.1	true	3043	3781	0.000000013373	3Seq	ref_FJ904435	ref_GQ161817
JN040793.1	true	2956	3781	0.000000001304	3Seq	ref_FJ904435	ref_GQ161817
JN040792.1	true	2956	3781	0.000000007050	3Seq	ref_FJ904435	ref_GQ161817
JN040791.1	true	2956	3781	0.000000000960	3Seq	ref_FJ904435	ref_GQ161817
JN040790.1	true	2956	3781	0.000000008885	3Seq	ref_FJ904435	ref_GQ161817
JN040789.1	true	2956	3781	0.000000050271	3Seq	ref_FJ904435	ref_GQ161817
JN040788.1	true	2956	3781	0.000000000761	3Seq	ref_FJ904435	ref_GQ161817
JN040787.1	false	0	0				
JN040786.1	true	2956	3781	0.000000009064	3Seq	ref_FJ904435	ref_GQ161817
JN040785.1	true	2956	3781	0.000000044799	3Seq	ref_FJ904435	ref_GQ161817
JN040784.1	true	2950	3781	0.000000015455	3Seq	ref_FJ904435	ref_GQ161817
JN040783.1	false	0	0				
JN040782.1	true	3517	3756	0.000000003282	3Seq	ref_FJ904435	ref_KP168423
JN040781.1	false	0	0				
JN040780.1	true	2956	3781	0.000000034854	3Seq	ref_FJ904435	ref_GQ161817
JN040779.1	true	3566	3689	0.000000042310	3Seq	ref_FJ904435	ref_GQ331046
JN040778.1	true	2950	3781	0.000000079237	3Seq	ref_FJ904435	ref_GQ161817
JN040777.1	true	2956	3781	0.000000000211	3Seq	ref_FJ904435	ref_GQ161817
JN040776.1	true	2915	3781	0.000000031674	3Seq	ref_FJ904435	ref_GQ161817
JN040775.1	true	2956	3781	0.000000000960	3Seq	ref_FJ904435	ref_GQ161817
JN040774.1	false	0	0				
JN040773.1	true	2956	4007	0.000000025229	3Seq	ref_FJ904435	ref_GQ161817
JN040772.1	false	0	0				
JN040771.1	true	2956	3781	0.000000001057	3Seq	ref_FJ904435	ref_GQ161817
JN040770.1	true	3043	3781	0.000000006243	3Seq	ref_FJ904435	ref_GQ161817
JN040769.1	true	2956	4007	0.000000003621	3Seq	ref_FJ904435	ref_GQ161817
JN040768.1	true	3512	3756	0.000000026781	3Seq	ref_FJ904435	ref_FJ692601
JN040767.1	true	2956	3781	0.000000045546	3Seq	ref_FJ904435	ref_GQ161817
JN040766.1	true	2956	3781	0.000000071049	3Seq	ref_FJ904435	ref_GQ161817
JN040765.1	true	2956	3781	0.000000021236	3Seq	ref_FJ904435	ref_GQ161817
JN040764.1	true	3601	3765	0.000000021543	3Seq	ref_FJ904435	ref_GQ331046
JN040763.1	true	3601	3765	0.000000033928	3Seq	ref_FJ904435	ref_GQ331046
JN040762.1	false	0	0				
JN040761.1	true	2956	3781	0.000000007829	3Seq	ref_FJ904435	ref_GQ161817
JN040760.1	false	0	0				
JN040759.1	true	2967	3781	0.000000005348	3Seq	ref_FJ904435	ref_GQ161817
JN040758.1	true	2956	3781	0.000000027470	3Seq	ref_FJ904435	ref_GQ161817
JN040757.1	true	2956	3781	0.000000001776	3Seq	ref_FJ904435	ref_GQ161817
JN040756.1	true	2956	3781	0.000000008119	3Seq	ref_FJ904435	ref_GQ161817
JN040755.1	true	2956	4062	0.000000018184	3Seq	ref_FJ904435	ref_GQ161817
JN040754.1	false	0	0				
JN040752.1	true	2956	4062	0.000000000485	3Seq	ref_FJ904435	ref_GQ161817
JN040751.1	true	2956	3781	0.000000001970	3Seq	ref_FJ904435	ref_GQ161817
JN040750.1	true	2950	3781	0.000000000624	3Seq	ref_FJ904435	ref_GQ161817
AB697490.1	true	3345	5422	0.000000000500	3Seq	ref_GQ161817	ref_FJ023669
HQ236016.1	false	0	0				
HQ236015.1	true	2950	3695	0.000000036964	3Seq	ref_FJ904435	ref_GQ161817
HQ236014.1	true	2950	3741	0.000000012628	3Seq	ref_FJ904435	ref_GQ161817
FJ692536.2	true	3043	4080	0.000000000001	3Seq	ref_FJ904435	ref_GQ161817
FJ692533.2	true	3043	3741	0.000000014761	3Seq	ref_FJ904435	ref_GQ161817
FJ692532.2	true	3043	3741	0.000000014761	3Seq	ref_FJ904435	ref_GQ161817
FJ692507.2	true	2950	3741	0.000000018184	3Seq	ref_FJ904435	ref_GQ161817
FJ692506.2	true	2950	3741	0.000000018184	3Seq	ref_FJ904435	ref_GQ161817
GU456684.1	true	2956	3781	0.000000056162	3Seq	ref_FJ904435	ref_GQ161817
GU456683.1	true	2956	3781	0.000000000570	3Seq	ref_FJ904435	ref_GQ161817
GU456682.1	true	2956	3781	0.000000005943	3Seq	ref_FJ904435	ref_GQ161817
GU456681.1	true	2956	3781	0.000000001601	3Seq	ref_FJ904435	ref_GQ161817
GU456680.1	true	3517	3765	0.000000001513	3Seq	ref_FJ904435	ref_KP168423
GU456679.1	false	0	0				
GU456678.1	false	0	0				
GU456677.1	false	0	0				
GU456676.1	true	2952	3781	0.000000040856	3Seq	ref_FJ904435	ref_GQ161817
GU456675.1	true	2956	3781	0.000000011234	3Seq	ref_FJ904435	ref_GQ161817
GU456674.1	true	2933	4062	0.000000006682	3Seq	ref_FJ904435	ref_GQ161817
GU456673.1	true	2956	3781	0.000000013373	3Seq	ref_FJ904435	ref_GQ161817
GU456672.1	false	0	0				
GU456671.1	true	3043	3781	0.000000005943	3Seq	ref_FJ904435	ref_GQ161817
GU456670.1	true	2956	3781	0.000000044346	3Seq	ref_FJ904435	ref_GQ161817
GU456669.1	false	0	0				
GU456668.1	true	2956	3781	0.000000009216	3Seq	ref_FJ904435	ref_GQ161817
GU456667.1	true	2956	3781	0.000000050677	3Seq	ref_FJ904435	ref_GQ161817
GU456666.1	false	0	0				
GU456665.1	false	0	0				
GU456664.1	true	3601	3736	0.000000005129	3Seq	ref_FJ904435	ref_GQ331046
GU456663.1	true	2956	3741	0.000000003495	3Seq	ref_FJ904435	ref_GQ161817
GU456662.1	true	2956	3781	0.000000010236	3Seq	ref_FJ904435	ref_GQ161817
GU456661.1	true	2956	3781	0.000000005368	3Seq	ref_FJ904435	ref_GQ161817
GU456660.1	true	2956	3781	0.000000009276	3Seq	ref_FJ904435	ref_GQ161817
GU456659.1	true	2956	3781	0.000000081285	3Seq	ref_FJ904435	ref_GQ161817
GU456658.1	false	0	0				
GU456657.1	true	3512	3756	0.000000001760	3Seq	ref_FJ904435	ref_FJ692601
GU456656.1	true	2956	4062	0.000000000006	3Seq	ref_FJ904435	ref_GQ161817
GU456655.1	false	0	0				
GU456654.1	false	0	0				
GU456653.1	true	3517	3756	0.000000059412	3Seq	ref_FJ904435	ref_KP168423
GU456652.1	true	2950	3781	0.000000000849	3Seq	ref_FJ904435	ref_GQ161817
GU456651.1	true	3502	3756	0.000000000690	3Seq	ref_FJ904435	ref_EU594385
GU456650.1	true	2950	3781	0.000000044799	3Seq	ref_FJ904435	ref_GQ161817
GU456649.1	true	2950	3896	0.000000000683	3Seq	ref_FJ904435	ref_GQ161817
GU456648.1	true	2950	3781	0.000000000922	3Seq	ref_FJ904435	ref_GQ161817
GU456647.1	true	2950	3896	0.000000000450	3Seq	ref_FJ904435	ref_GQ161817
GU456646.1	true	2950	3741	0.000000016942	3Seq	ref_FJ904435	ref_GQ161817
GU456645.1	true	2950	3781	0.000000026431	3Seq	ref_FJ904435	ref_GQ161817
GU456644.1	false	0	0				
GU456643.1	true	2950	3781	0.000000001276	3Seq	ref_FJ904435	ref_GQ161817
GU456642.1	true	2950	3781	0.000000000848	3Seq	ref_FJ904435	ref_GQ161817
GU456641.1	true	2950	3781	0.000000002121	3Seq	ref_FJ904435	ref_GQ161817
GU456640.1	true	2950	3781	0.000000005155	3Seq	ref_FJ904435	ref_GQ161817
GU456639.1	true	2950	3781	0.000000001589	3Seq	ref_FJ904435	ref_GQ161817
GU456638.1	true	2956	3781	0.000000000159	3Seq	ref_FJ904435	ref_GQ161817
GU456637.1	true	2956	3781	0.000000000559	3Seq	ref_FJ904435	ref_GQ161817
GU456636.1	false	0	0				
GU456635.1	false	0	0				
GQ183486.1	true	2950	3741	0.000000028881	3Seq	ref_FJ904435	ref_GQ161817
GQ183485.1	true	2956	3741	0.000000019244	3Seq	ref_FJ904435	ref_GQ161817
GQ183484.1	false	0	0				
GQ183483.1	false	0	0				
GQ183482.1	false	0	0				
GQ183481.1	false	0	0				
GQ183480.1	true	2956	3781	0.000000012889	3Seq	ref_FJ904435	ref_GQ161817
GQ183479.1	false	0	0				
GQ183478.1	true	2950	3741	0.000000002171	3Seq	ref_FJ904435	ref_GQ161817
GQ183477.1	true	3517	3696	0.000000011122	3Seq	ref_FJ904435	ref_KP168423
GQ183476.1	false	0	0				
GQ183475.1	false	0	0				
GQ183474.1	true	3517	3696	0.000000112996	3Seq	ref_FJ904435	ref_KP168423
GQ183473.1	false	0	0				
GQ183472.1	true	3601	3689	0.000000112889	3Seq	ref_FJ904435	ref_X02763
GQ183471.1	true	3517	3696	0.000000013809	3Seq	ref_FJ904435	ref_KP168423
GQ183470.1	false	0	0				
GQ183469.1	true	3043	3781	0.000000002129	3Seq	ref_FJ904435	ref_GQ161817
GQ183468.1	true	3043	3781	0.000000001058	3Seq	ref_FJ904435	ref_GQ161817
GQ183467.1	true	3043	3781	0.000000001058	3Seq	ref_FJ904435	ref_GQ161817
GQ183466.1	true	3043	3781	0.000000001058	3Seq	ref_FJ904435	ref_GQ161817
GQ183465.1	true	3043	3781	0.000000001058	3Seq	ref_FJ904435	ref_GQ161817
GQ183464.1	true	3043	3781	0.000000001058	3Seq	ref_FJ904435	ref_GQ161817
GQ183463.1	true	3043	3781	0.000000001058	3Seq	ref_FJ904435	ref_GQ161817
GU563560.1	true	2950	3741	0.000000012984	3Seq	ref_FJ904435	ref_GQ161817
GU563549.1	true	2956	3781	0.000000009216	3Seq	ref_FJ904435	ref_GQ161817
GQ924652.1	true	3517	3696	0.000000011122	3Seq	ref_FJ904435	ref_KP168423
GQ922005.1	true	3566	3736	0.000000118011	3Seq	ref_FJ904435	ref_GQ331046
GQ922004.1	true	3566	3736	0.000000054759	3Seq	ref_FJ904435	ref_GQ331046
GQ922003.1	true	3043	3741	0.000000004102	3Seq	ref_FJ904435	ref_GQ161817
GQ922002.1	true	2950	3741	0.000000035742	3Seq	ref_FJ904435	ref_GQ161817
GQ922001.1	true	2950	3741	0.000000099422	3Seq	ref_FJ904435	ref_GQ161817
GQ922000.1	true	2950	3741	0.000000053281	3Seq	ref_FJ904435	ref_GQ161817
GQ183462.1	true	3043	3781	0.000000001058	3Seq	ref_FJ904435	ref_GQ161817
GQ183461.1	true	3043	3781	0.000000001755	3Seq	ref_FJ904435	ref_GQ161817
GQ183460.1	true	3043	3781	0.000000002129	3Seq	ref_FJ904435	ref_GQ161817
GQ183459.1	true	3043	3781	0.000000001058	3Seq	ref_FJ904435	ref_GQ161817
GQ183458.1	true	3043	3781	0.000000000962	3Seq	ref_FJ904435	ref_GQ161817
GQ183457.1	true	3043	3781	0.000000001595	3Seq	ref_FJ904435	ref_GQ161817
GQ183456.1	true	3043	3781	0.000000001058	3Seq	ref_FJ904435	ref_GQ161817
GQ183455.1	true	3043	3781	0.000000001058	3Seq	ref_FJ904435	ref_GQ161817
GQ183454.1	true	3043	3781	0.000000001058	3Seq	ref_FJ904435	ref_GQ161817
GQ183453.1	true	3043	3781	0.000000001058	3Seq	ref_FJ904435	ref_GQ161817
GQ183452.1	true	3043	3781	0.000000001058	3Seq	ref_FJ904435	ref_GQ161817
GQ183451.1	true	3043	3781	0.000000001058	3Seq	ref_FJ904435	ref_GQ161817
GQ183450.1	true	3043	3781	0.000000001058	3Seq	ref_FJ904435	ref_GQ161817
GQ183449.1	true	3043	3781	0.000000001755	3Seq	ref_FJ904435	ref_GQ161817
GQ183448.1	true	3043	3781	0.000000001755	3Seq	ref_FJ904435	ref_GQ161817
GQ477459.1	true	2956	3781	0.000000001776	3Seq	ref_FJ904435	ref_GQ161817
GQ477458.1	true	3566	3689	0.000000083900	3Seq	ref_FJ904435	ref_GQ331046
GQ205389.1	true	3043	3741	0.000000112071	3Seq	ref_FJ904435	ref_GQ161817
GQ205388.1	true	3244	4237	0.000000000000	3Seq	ref_GQ205389	ref_NC_003977
GQ205387.1	false	0	0				
GQ205386.1	false	0	0				
GQ205385.1	true	3642	3951	0.000000000000	3Seq	ref_GQ205389	ref_AB222711
GQ205384.1	true	3043	3741	0.000000105895	3Seq	ref_FJ904435	ref_GQ161817
GQ205383.1	false	0	0				
GQ205382.1	true	3012	3896	0.000000014608	3Seq	ref_FJ904435	ref_GQ161817
GQ205381.1	false	0	0				
GQ205380.1	true	2398	5432	0.000000000004	3Seq	ref_KC875277	ref_GQ205389
GQ205379.1	false	0	0				
GQ205378.1	false	0	0				
GQ205377.1	false	0	0				
FJ899792.1	false	0	0				
GQ477457.1	false	0	0				
GQ477456.1	true	2956	3709	0.000000030310	3Seq	ref_FJ904435	ref_GQ161817
GQ477455.1	false	0	0				
GQ477454.1	true	2956	3741	0.000000057842	3Seq	ref_FJ904435	ref_GQ161817
GQ477453.1	true	2956	3716	0.000000035742	3Seq	ref_FJ904435	ref_GQ161817
GQ477452.1	false	0	0				
GQ475342.1	true	3767	5209	0.000000052276	3Seq	ref_AP011099	ref_AB562463
GQ377627.1	true	1730	3355	0.000000000000	3Seq	ref_KC875277	ref_GQ377617
GQ377589.1	true	2956	3781	0.000000002387	3Seq	ref_FJ904435	ref_GQ161817
GQ377532.1	true	1730	3330	0.000000000000	3Seq	ref_NC_003977	ref_GQ377617
GU357846.1	true	2956	3781	0.000000002937	3Seq	ref_FJ904435	ref_GQ161817
FJ904447.1	true	3444	3716	0.000000000027	3Seq	ref_FJ904435	ref_GQ161817
FJ904446.1	true	2956	3781	0.000000034707	3Seq	ref_FJ904435	ref_GQ161817
FJ904445.1	true	3601	3756	0.000000012147	3Seq	ref_FJ904435	ref_KP168423
FJ904444.1	true	3281	3716	0.000000000014	3Seq	ref_FJ904435	ref_GQ161817
FJ904443.1	true	2956	3781	0.000000007577	3Seq	ref_FJ904435	ref_GQ161817
FJ904442.1	true	3567	3689	0.000000000046	3Seq	ref_FJ904435	ref_FJ692601
FJ904438.1	true	3444	3741	0.000000000415	3Seq	ref_FJ904435	ref_GQ161817
FJ904437.1	true	3281	3716	0.000000000007	3Seq	ref_FJ904435	ref_GQ161817
FJ904435.1	false	0	0				
FJ904433.1	true	3444	3716	0.000000001308	3Seq	ref_FJ904435	ref_GQ161817
FJ904432.1	true	2956	4062	0.000000002647	3Seq	ref_FJ904435	ref_GQ161817
FJ904430.1	true	3601	3689	0.000000000004	3Seq	ref_FJ904435	ref_GQ331046
FJ904429.1	true	2956	3781	0.000000025905	3Seq	ref_FJ904435	ref_GQ161817
FJ904428.1	true	3601	3730	0.000000001130	3Seq	ref_FJ904435	ref_FJ692557
FJ904427.1	true	2956	3781	0.000000004815	3Seq	ref_FJ904435	ref_GQ161817
FJ904426.1	true	2956	3741	0.000000073561	3Seq	ref_FJ904435	ref_GQ161817
FJ904425.1	true	3043	4007	0.000000000112	3Seq	ref_FJ904435	ref_GQ161817
FJ349235.1	true	2950	3781	0.000000001181	3Seq	ref_FJ904435	ref_GQ161817
FJ349234.1	true	2956	3781	0.000000005175	3Seq	ref_FJ904435	ref_GQ161817
FJ349233.1	true	3601	3756	0.000000001011	3Seq	ref_FJ904435	ref_GQ331046
FJ349232.1	true	2950	3741	0.000000014039	3Seq	ref_FJ904435	ref_GQ161817
FJ349231.1	true	2933	3781	0.000000000450	3Seq	ref_FJ904435	ref_GQ161817
FJ349230.1	true	2956	3781	0.000000001309	3Seq	ref_FJ904435	ref_GQ161817
FJ349229.1	true	2956	3896	0.000000000041	3Seq	ref_FJ904435	ref_GQ161817
FJ349228.1	true	3517	3756	0.000000024058	3Seq	ref_FJ904435	ref_FJ692557
FJ349221.1	true	2950	3741	0.000000001470	3Seq	ref_FJ904435	ref_GQ161817
FJ349220.1	true	2956	3781	0.000000024348	3Seq	ref_FJ904435	ref_GQ161817
FJ349219.1	false	0	0				
FJ349218.1	true	2956	3741	0.000000068860	3Seq	ref_FJ904435	ref_GQ161817
FJ349217.1	true	2956	3781	0.000000071049	3Seq	ref_FJ904435	ref_GQ161817
FJ349216.1	true	3567	3756	0.000000033638	3Seq	ref_FJ904435	ref_FJ692601
FJ349215.1	true	2956	3781	0.000000051542	3Seq	ref_FJ904435	ref_GQ161817
FJ349214.1	false	0	0				
FJ349213.1	false	0	0				
FJ349212.1	true	2950	3741	0.000000056422	3Seq	ref_FJ904435	ref_GQ161817
FJ349211.1	true	2950	3741	0.000000067408	3Seq	ref_FJ904435	ref_GQ161817
FJ349210.1	true	2956	3741	0.000000061354	3Seq	ref_FJ904435	ref_GQ161817
FJ349209.1	true	2950	3741	0.000000001928	3Seq	ref_FJ904435	ref_GQ161817
FJ349208.1	false	0	0				
FJ349207.1	true	3043	3741	0.000000010974	3Seq	ref_FJ904435	ref_GQ161817
FJ349206.1	false	0	0				
FJ349205.1	false	0	0				
FJ904424.1	true	2956	3781	0.000000007577	3Seq	ref_FJ904435	ref_GQ161817
FJ904422.1	true	3043	3709	0.000000036001	3Seq	ref_FJ904435	ref_GQ161817
FJ904421.1	true	2956	3781	0.000000000114	3Seq	ref_FJ904435	ref_GQ161817
FJ904420.1	true	2956	3781	0.000000000114	3Seq	ref_FJ904435	ref_GQ161817
FJ904417.1	true	3444	3716	0.000000000081	3Seq	ref_FJ904435	ref_GQ161817
FJ904416.1	true	3112	3716	0.000000000000	3Seq	ref_FJ904435	ref_GQ161817
FJ904415.1	true	2956	4007	0.000000000013	3Seq	ref_FJ904435	ref_GQ161817
FJ904414.1	true	3281	3707	0.000000000321	3Seq	ref_FJ904435	ref_GQ161817
FJ904413.1	true	3444	3741	0.000000001313	3Seq	ref_FJ904435	ref_GQ161817
FJ904412.1	true	2933	3781	0.000000003527	3Seq	ref_FJ904435	ref_GQ161817
FJ904410.1	true	3596	3689	0.000000000000	3Seq	ref_FJ904435	ref_GQ331046
FJ904409.1	true	3596	3689	0.000000000000	3Seq	ref_FJ904435	ref_GQ331046
FJ904408.1	true	3566	3688	0.000000000061	3Seq	ref_FJ904435	ref_GQ331046
FJ904406.1	true	3043	3741	0.000000000013	3Seq	ref_FJ904435	ref_GQ161817
FJ904405.1	true	3595	3709	0.000000000001	3Seq	ref_FJ904435	ref_GQ161817
FJ904403.1	true	3567	3689	0.000000000004	3Seq	ref_FJ904435	ref_FJ692601
FJ904402.1	true	2956	3781	0.000000034707	3Seq	ref_FJ904435	ref_GQ161817
FJ904401.1	true	3444	3695	0.000000000253	3Seq	ref_FJ904435	ref_GQ161817
FJ904400.1	true	3043	3741	0.000000000308	3Seq	ref_FJ904435	ref_GQ161817
FJ904399.1	true	2956	3781	0.000000003502	3Seq	ref_FJ904435	ref_GQ161817
FJ904398.1	true	3043	3716	0.000000000000	3Seq	ref_FJ904435	ref_GQ161817
FJ904397.1	true	3444	3781	0.000000000022	3Seq	ref_FJ904435	ref_GQ161817
FJ904396.1	true	3444	3716	0.000000000001	3Seq	ref_FJ904435	ref_GQ161817
FJ904394.1	true	3595	3741	0.000000000008	3Seq	ref_FJ904435	ref_GQ161817
EU921419.1	false	0	0				
EU921418.1	false	0	0				
FJ386590.1	true	2956	3896	0.000000000017	3Seq	ref_FJ904435	ref_GQ161817
AB270550.1	true	2915	3781	0.000000001447	3Seq	ref_FJ904435	ref_GQ161817
AB270549.1	true	2956	3781	0.000000009122	3Seq	ref_FJ904435	ref_GQ161817
AB270548.1	true	3043	3781	0.000000008885	3Seq	ref_FJ904435	ref_GQ161817
AB270547.1	true	2956	3781	0.000000001445	3Seq	ref_FJ904435	ref_GQ161817
AB270546.1	true	2956	3781	0.000000002187	3Seq	ref_FJ904435	ref_GQ161817
AB270545.1	true	2956	3781	0.000000066813	3Seq	ref_FJ904435	ref_GQ161817
AB270544.1	true	2956	3781	0.000000049076	3Seq	ref_FJ904435	ref_GQ161817
AB270543.1	true	2956	3781	0.000000002387	3Seq	ref_FJ904435	ref_GQ161817
AB270542.1	true	2956	3741	0.000000034707	3Seq	ref_FJ904435	ref_GQ161817
AB270541.1	false	0	0				
AB270540.1	true	2956	3781	0.000000040856	3Seq	ref_FJ904435	ref_GQ161817
AB270539.1	true	2956	3741	0.000000017448	3Seq	ref_FJ904435	ref_GQ161817
AB270538.1	false	0	0				
AB270537.1	true	2950	3741	0.000000005569	3Seq	ref_FJ904435	ref_GQ161817
AB267090.1	false	0	0				
EU939680.1	true	2950	3741	0.000000004877	3Seq	ref_FJ904435	ref_GQ161817
AB330370.1	false	0	0				
AB330369.1	true	2956	3741	0.000000113415	3Seq	ref_FJ904435	ref_GQ161817
AB330368.1	true	3617	4316	0.000000000000	3Seq	ref_KC875277	ref_EU594385
AB330367.1	true	3517	3788	0.000000006447	3Seq	ref_FJ904435	ref_KP168423
AB330366.1	true	2956	3781	0.000000033463	3Seq	ref_FJ904435	ref_GQ161817
PX584970.1	false	0	0				
PX584969.1	false	0	0				
PX584968.1	false	0	0				
PX584967.1	false	0	0				
PX584966.1	false	0	0				
PX584965.1	false	0	0				
PX584964.1	false	0	0				
PX584963.1	false	0	0				
PX584962.1	false	0	0				
PX584961.1	false	0	0				
PX584960.1	false	0	0				
PX584959.1	false	0	0				
PX584958.1	false	0	0				
PX584957.1	false	0	0				
PX584956.1	false	0	0				
PX584955.1	false	0	0				
PX584954.1	false	0	0				
PX584953.1	false	0	0				
PX584952.1	false	0	0				
PX584951.1	false	0	0				
PX584950.1	false	0	0				
PX584949.1	false	0	0				
PX584948.1	false	0	0				
PX584947.1	false	0	0				
PX584946.1	false	0	0				
PX584945.1	false	0	0				
PX584943.1	false	0	0				
PX584942.1	false	0	0				
PX584941.1	false	0	0				
PX584940.1	false	0	0				
PX584939.1	false	0	0				
PX584938.1	false	0	0				
PX584937.1	false	0	0				
PX584936.1	false	0	0				
PX584935.1	false	0	0				
PX584934.1	false	0	0				
PX584933.1	false	0	0				
PX584932.1	false	0	0				
PX584931.1	false	0	0				
PX584930.1	false	0	0				
PX584929.1	false	0	0				
PX584928.1	false	0	0				
PX584927.1	false	0	0				
PX584926.1	false	0	0				
PX584925.1	false	0	0				
PX584924.1	false	0	0				
PX584923.1	false	0	0				
PX584922.1	false	0	0				
PX584921.1	false	0	0				
PX584920.1	false	0	0				
PX584919.1	false	0	0				
PX584918.1	false	0	0				
PX584917.1	false	0	0				
PX584916.1	false	0	0				
PX584915.1	false	0	0				
PX584914.1	false	0	0				
PX584913.1	false	0	0				
PX584911.1	false	0	0				
PX584830.1	false	0	0				
PV526196.1	true	2343	5872	0.000000040432	3Seq	ref_AB222711	ref_KF873526
PV526195.1	false	0	0				
PV526194.1	false	0	0				
PV526193.1	false	0	0				
PV526192.1	false	0	0				
PV526191.1	false	0	0				
PV526190.1	true	1645	2123	0.000000000100	3Seq	ref_DQ089781	ref_GU815637
PV526189.1	true	2343	5872	0.000000009011	3Seq	ref_AB222711	ref_KF873526
PV526188.1	true	2343	5872	0.000000013256	3Seq	ref_AB222711	ref_KF873526
PV526187.1	false	0	0				
PV526186.1	false	0	0				
PV526185.1	false	0	0				
PV526184.1	false	0	0				
PV526183.1	false	0	0				
PV526182.1	false	0	0				
PV526181.1	false	0	0				
PV526180.1	false	0	0				
PV526179.1	false	0	0				
PV526178.1	false	0	0				
PV526177.1	true	2538	5854	0.000000034330	3Seq	ref_GQ161817	ref_KF873526
PV526176.1	false	0	0				
PV526175.1	false	0	0				
PV526174.1	false	0	0				
PV526173.1	false	0	0				
PV526172.1	false	0	0				
PV526171.1	false	0	0				
PV526170.1	false	0	0				
PV526169.1	false	0	0				
PV526168.1	false	0	0				
PV526167.1	false	0	0				
PV526166.1	false	0	0				
PV526165.1	false	0	0				
PV526164.1	false	0	0				
PV526163.1	false	0	0				
PV526162.1	false	0	0				
PV526161.1	false	0	0				
PV526160.1	false	0	0				
PV526159.1	false	0	0				
PV526158.1	false	0	0				
PV526157.1	false	0	0				
PV526156.1	false	0	0				
PV526155.1	false	0	0				
PV526154.1	false	0	0				
PV526153.1	false	0	0				
PV526152.1	false	0	0				
PV526151.1	false	0	0				
PV526150.1	false	0	0				
PV526149.1	false	0	0				
PV526148.1	false	0	0				
PV526147.1	false	0	0				
PV526146.1	false	0	0				
PV526145.1	false	0	0				
PV526144.1	false	0	0				
PV526143.1	true	2343	5872	0.000000010391	3Seq	ref_AB222711	ref_KF873526
PV526142.1	false	0	0				
PV526141.1	false	0	0				
PV526140.1	true	2592	5812	0.000000019449	3Seq	ref_GQ331046	ref_KF873526
PV526139.1	false	0	0				
PV526138.1	false	0	0				
PV526137.1	false	0	0				
PV526136.1	true	2343	5872	0.000000014657	3Seq	ref_AB222711	ref_KF873526
PV526135.1	false	0	0				
PV526134.1	false	0	0				
PV526133.1	false	0	0				
PV526132.1	false	0	0				
PV526131.1	false	0	0				
PV526130.1	false	0	0				
PV526129.1	false	0	0				
PV526128.1	false	0	0				
PV526127.1	false	0	0				
PV526126.1	true	2543	5812	0.000000043969	3Seq	ref_KP168423	ref_KF873526
PV526125.1	true	4073	4992	0.000000023100	3Seq	ref_KM606737	ref_AB486012
PV526124.1	true	4073	4992	0.000000040066	3Seq	ref_KM606737	ref_AB486012
PV526123.1	false	0	0				
PV526122.1	false	0	0				
PV526121.1	false	0	0				
PV526120.1	false	0	0				
PV526119.1	false	0	0				
PV526118.1	false	0	0				
PV526117.1	false	0	0				
PV526116.1	false	0	0				
PV526115.1	false	0	0				
PV526114.1	false	0	0				
PV526113.1	false	0	0				
PV526112.1	false	0	0				
PV526111.1	false	0	0				
PV526110.1	false	0	0				
PV526109.1	false	0	0				
PV526108.1	false	0	0				
PV526107.1	false	0	0				
PV526106.1	false	0	0				
PV526105.1	false	0	0				
PV526104.1	false	0	0				
PV526103.1	false	0	0				
PV526102.1	false	0	0				
PV526101.1	false	0	0				
PV526100.1	false	0	0				
PV526099.1	false	0	0				
PV526098.1	false	0	0				
PV526097.1	false	0	0				
PV526096.1	false	0	0				
PV526095.1	false	0	0				
PV526094.1	false	0	0				
PV526093.1	false	0	0				
PV526092.1	false	0	0				
PV526091.1	false	0	0				
PV526090.1	false	0	0				
PV526089.1	true	4771	5691	0.000000016562	3Seq	ref_AP011099	ref_AB562463
PV526088.1	false	0	0				
PV526087.1	true	4771	5691	0.000000008462	3Seq	ref_AP011099	ref_AB562463
PV526086.1	true	4771	5691	0.000000002356	3Seq	ref_AP011099	ref_AB562463
PV526085.1	true	4771	5691	0.000000019816	3Seq	ref_AP011099	ref_AB562463
PV526084.1	true	4771	5691	0.000000029622	3Seq	ref_AP011099	ref_AB562463
PV526083.1	true	4771	5691	0.000000043987	3Seq	ref_AP011099	ref_AB562463
PV526082.1	false	0	0				
PV526081.1	true	4771	5691	0.000000035474	3Seq	ref_AP011099	ref_AB562463
PV526080.1	true	4771	5691	0.000000035474	3Seq	ref_AP011099	ref_AB562463
PV526079.1	true	4771	5691	0.000000029622	3Seq	ref_AP011099	ref_AB562463
PV526078.1	true	4771	5691	0.000000035474	3Seq	ref_AP011099	ref_AB562463
PV526077.1	true	4771	5691	0.000000004614	3Seq	ref_AP011099	ref_AB562463
PV526076.1	true	4771	5691	0.000000016562	3Seq	ref_AP011099	ref_AB562463
PV526075.1	true	4771	5691	0.000000029622	3Seq	ref_AP011099	ref_AB562463
PV526074.1	true	4771	5691	0.000000010190	3Seq	ref_AP011099	ref_AB562463
PV526073.1	true	4765	5691	0.000000022429	3Seq	ref_AP011099	ref_AB562463
PV526072.1	true	4771	5691	0.000000006686	3Seq	ref_AP011099	ref_AB562463
PV526071.1	true	4771	5691	0.000000009203	3Seq	ref_AP011099	ref_AB562463
PV526070.1	true	1533	3805	0.000000010791	3Seq	ref_AB562463	ref_GQ161817
PV526069.1	true	1533	3805	0.000000015649	3Seq	ref_AB562463	ref_GQ161817
PV526068.1	true	1533	3805	0.000000022618	3Seq	ref_AB562463	ref_GQ161817
PV526067.1	true	1533	3805	0.000000003619	3Seq	ref_AB562463	ref_GQ161817
PV526066.1	true	1533	3805	0.000000022618	3Seq	ref_AB562463	ref_GQ161817
PV526065.1	true	1533	3805	0.000000005353	3Seq	ref_AB562463	ref_GQ161817
PV526064.1	true	1533	3805	0.000000002197	3Seq	ref_AB562463	ref_GQ161817
PV526063.1	true	1533	3805	0.000000032581	3Seq	ref_AB562463	ref_GQ161817
PV526055.1	true	2868	4594	0.000000000000	3Seq	ref_DQ089781	ref_AP011085
PQ559291.1	false	0	0				
PQ559290.1	true	4771	5691	0.000000005157	3Seq	ref_AP011099	ref_AB562463
PX440353.1	false	0	0				
PX440351.1	true	1798	2594	0.000000005918	3Seq	ref_KF873526	ref_D23679
PX440350.1	false	0	0				
PX440325.1	false	0	0				
PX440310.1	false	0	0				
PX440305.1	false	0	0				
PX275767.1	false	0	0				
PX275766.1	true	4201	5217	0.000000032292	3Seq	ref_KM606737	ref_GU815637
PX275765.1	false	0	0				
PX275764.1	false	0	0				
PX275763.1	false	0	0				
PX275762.1	false	0	0				
PX275761.1	false	0	0				
PX275760.1	false	0	0				
PX275759.1	false	0	0				
PX275758.1	true	4771	5308	0.000000000667	3Seq	ref_AP011099	ref_AB562463
PX275757.1	false	0	0				
PX275756.1	true	4146	5065	0.000000014729	3Seq	ref_FJ692601	ref_AB486012
PX275755.1	false	0	0				
PX275754.1	true	2820	5812	0.000000041228	3Seq	ref_FJ692601	ref_KF873526
PX275753.1	true	2422	5771	0.000000000106	3Seq	ref_AP011099	ref_DQ089781
PX275752.1	false	0	0				
PX275751.1	true	4579	5457	0.000000004930	3Seq	ref_GQ377617	ref_AP011099
PX275750.1	true	2422	5871	0.000000001767	3Seq	ref_AP011099	ref_DQ089781
PX275749.1	false	0	0				
PX275748.1	false	0	0				
PX275747.1	true	2294	5434	0.000000000224	3Seq	ref_AP011099	ref_DQ089781
PQ559288.1	false	0	0				
PQ559280.1	false	0	0				
PQ559279.1	true	4085	5108	0.000000000000	3Seq	ref_D23679	ref_AP011098
PQ559278.1	false	0	0				
PQ559277.1	true	4771	5756	0.000000025850	3Seq	ref_AP011099	ref_AB562463
PQ493595.1	false	0	0				
LC896057.1	true	4154	5888	0.000000001150	3Seq	ref_GQ161817	ref_FJ023669
LC896056.1	true	4118	5063	0.000000021669	3Seq	ref_X02763	ref_AB486012
LC896055.1	true	4814	5696	0.000000018946	3Seq	ref_AP011099	ref_KF873526
LC896054.1	false	0	0				
LC896053.1	false	0	0				
LC896052.1	false	0	0				
LC896051.1	true	4584	5888	0.000000000438	3Seq	ref_GQ161817	ref_AB562463
LC896050.1	true	4073	5063	0.000000001734	3Seq	ref_X02763	ref_AB486012
LC896049.1	true	1533	3805	0.000000009165	3Seq	ref_AB562463	ref_GQ161817
LC896048.1	true	4771	5691	0.000000002990	3Seq	ref_AP011099	ref_AB562463
LC896047.1	true	4807	5696	0.000000000178	3Seq	ref_AP011099	ref_KF873526
LC896046.1	false	0	0				
LC882189.1	true	4807	5696	0.000000000180	3Seq	ref_AP011099	ref_KF873526
LC882188.1	true	4771	5691	0.000000018565	3Seq	ref_AP011099	ref_AB562463
LC882187.1	true	4814	5696	0.000000023857	3Seq	ref_AP011099	ref_KF873526
LC882186.1	true	4154	5888	0.000000022102	3Seq	ref_GQ161817	ref_FJ023669
LC882185.1	true	1464	4771	0.000000015597	3Seq	ref_AB562463	ref_AP011099
LC882184.1	false	0	0				
LC882183.1	true	4771	5756	0.000000002042	3Seq	ref_AP011099	ref_AB562463
LC882182.1	true	4807	5696	0.000000004167	3Seq	ref_AP011099	ref_KF873526
LC852228.1	true	4771	5691	0.000000007763	3Seq	ref_AP011099	ref_AB562463
LC852227.1	false	0	0				
LC852226.1	true	4093	4404	0.000000001647	3Seq	ref_GQ377617	ref_KP168423
LC852225.1	true	4584	5888	0.000000000025	3Seq	ref_GQ161817	ref_FJ023669
LC852224.1	true	4154	5888	0.000000000087	3Seq	ref_GQ161817	ref_FJ023669
LC852223.1	true	4154	5888	0.000000019813	3Seq	ref_GQ161817	ref_FJ023669
LC852222.1	false	0	0				
LC852221.1	true	4771	5691	0.000000010848	3Seq	ref_AP011099	ref_AB562463
LC852220.1	true	4771	5691	0.000000000440	3Seq	ref_AP011099	ref_AB562463
LC852219.1	false	0	0				
LC852218.1	false	0	0				
LC852217.1	false	0	0				
LC852216.1	true	4584	5888	0.000000002008	3Seq	ref_GQ161817	ref_FJ023669
LC852215.1	true	4771	5691	0.000000019025	3Seq	ref_AP011099	ref_AB562463
LC852214.1	true	4154	5888	0.000000003729	3Seq	ref_GQ161817	ref_FJ023669
PQ046057.1	false	0	0				
PQ046056.1	false	0	0				
PQ046055.1	false	0	0				
PV797340.1	true	1533	3805	0.000000002667	3Seq	ref_AB562463	ref_GQ161817
PQ046054.1	false	0	0				
PQ335745.1	false	0	0				
PQ335723.1	false	0	0				
PQ335722.1	false	0	0				
PQ335721.1	false	0	0				
PQ335720.1	false	0	0				
PQ335719.1	false	0	0				
PQ335718.1	false	0	0				
PQ335717.1	false	0	0				
PQ335716.1	false	0	0				
PQ335715.1	false	0	0				
PQ335714.1	false	0	0				
PQ335713.1	false	0	0				
PQ335712.1	false	0	0				
PQ335711.1	false	0	0				
PQ335710.1	false	0	0				
PQ335709.1	false	0	0				
PQ335708.1	false	0	0				
PQ335707.1	false	0	0				
PQ335706.1	false	0	0				
PQ335705.1	false	0	0				
PQ335704.1	false	0	0				
PQ335703.1	false	0	0				
PQ335702.1	false	0	0				
PQ335701.1	false	0	0				
PQ335699.1	false	0	0				
PQ335698.1	false	0	0				
PQ335697.1	false	0	0				
PQ335696.1	false	0	0				
PQ335695.1	false	0	0				
PQ335694.1	false	0	0				
PQ335693.1	false	0	0				
PQ335692.1	false	0	0				
PQ335691.1	false	0	0				
PQ335690.1	false	0	0				
PQ335689.1	false	0	0				
PQ335688.1	false	0	0				
PQ335687.1	false	0	0				
PQ335686.1	false	0	0				
PQ335685.1	false	0	0				
PQ335684.1	false	0	0				
PQ335683.1	false	0	0				
PQ335682.1	false	0	0				
PQ335681.1	false	0	0				
PQ335680.1	false	0	0				
PQ335679.1	false	0	0				
PQ335678.1	false	0	0				
PQ335677.1	false	0	0				
PQ335676.1	false	0	0				
PQ335675.1	false	0	0				
PQ335674.1	false	0	0				
PQ335673.1	false	0	0				
PQ335672.1	false	0	0				
PQ335671.1	false	0	0				
PQ335670.1	false	0	0				
PQ335669.1	false	0	0				
PQ335668.1	false	0	0				
PQ335667.1	false	0	0				
PQ335666.1	false	0	0				
PQ335665.1	false	0	0				
PQ335664.1	false	0	0				
PQ335663.1	false	0	0				
PQ335662.1	false	0	0				
PQ335661.1	false	0	0				
PQ335660.1	false	0	0				
PQ335659.1	false	0	0				
PQ335658.1	false	0	0				
PQ335657.1	false	0	0				
PQ335656.1	false	0	0				
PQ335654.1	false	0	0				
PQ335653.1	false	0	0				
PQ335448.1	false	0	0				
PQ335447.1	false	0	0				
PQ335446.1	false	0	0				
PQ335445.1	false	0	0				
PQ335444.1	false	0	0				
PQ335443.1	false	0	0				
PQ335442.1	false	0	0				
PQ335441.1	false	0	0				
PQ335440.1	false	0	0				
PQ335439.1	false	0	0				
PQ335438.1	false	0	0				
PQ335437.1	false	0	0				
PQ335436.1	false	0	0				
PQ335435.1	false	0	0				
PQ335434.1	false	0	0				
PQ335433.1	false	0	0				
PQ335432.1	false	0	0				
PQ335431.1	false	0	0				
PQ335430.1	false	0	0				
PQ335429.1	false	0	0				
PQ335428.1	false	0	0				
PQ335427.1	false	0	0				
PQ335426.1	false	0	0				
PQ335425.1	false	0	0				
PQ335424.1	false	0	0				
PQ335423.1	false	0	0				
PQ335422.1	false	0	0				
PQ335421.1	false	0	0				
PQ335420.1	false	0	0				
PQ335419.1	false	0	0				
PQ335418.1	false	0	0				
PQ335388.1	false	0	0				
PQ335302.1	false	0	0				
PV555148.1	false	0	0				
PQ601165.1	true	4598	4713	0.000000025878	3Seq	ref_FJ904435	ref_GQ331046
PQ601125.1	true	2422	5871	0.000000000784	3Seq	ref_AP011099	ref_DQ089781
PQ256974.1	true	2960	4741	0.000000000596	3Seq	ref_FJ904435	ref_GQ161817
PP921796.1	true	1533	4358	0.000000000000	3Seq	ref_AB562463	ref_AP011099
OZ178207.1	false	0	0				
OZ178193.1	false	0	0				
OX344837.1	false	0	0				
OX341769.1	false	0	0				
OR250059.1	true	4118	4992	0.000000003863	3Seq	ref_KM606737	ref_AB486012
OR250058.1	false	0	0				
OR250057.1	false	0	0				
OR250055.1	false	0	0				
OR250054.1	true	4118	4992	0.000000002800	3Seq	ref_KM606737	ref_AB486012
LC832945.1	true	4771	5691	0.000000002042	3Seq	ref_AP011099	ref_AB562463
LC784056.1	true	1533	3805	0.000000034848	3Seq	ref_AB562463	ref_GQ161817
LC784055.1	true	4154	5888	0.000000006933	3Seq	ref_GQ161817	ref_FJ023669
LC784054.1	true	4154	5888	0.000000000270	3Seq	ref_GQ161817	ref_FJ023669
LC784053.1	true	1533	4584	0.000000000831	3Seq	ref_AB562463	ref_GQ161817
LC784052.1	true	4771	5691	0.000000002601	3Seq	ref_AP011099	ref_AB562463
LC784051.1	true	4154	5888	0.000000000878	3Seq	ref_GQ161817	ref_FJ023669
LC784050.1	true	4771	5691	0.000000002273	3Seq	ref_AP011099	ref_AB562463
LC778017.1	true	4154	5888	0.000000000270	3Seq	ref_GQ161817	ref_FJ023669
LC778016.1	false	0	0				
LC777919.1	false	0	0				
OR833942.1	false	0	0				
OQ454917.1	true	4807	5696	0.000000044126	3Seq	ref_AP011099	ref_KF873526
OQ454916.1	true	4807	5696	0.000000044126	3Seq	ref_AP011099	ref_KF873526
OP153982.1	true	4771	5691	0.000000014568	3Seq	ref_AP011099	ref_AB562463
OP153981.1	true	4154	5888	0.000000001993	3Seq	ref_GQ161817	ref_FJ023669
OP153980.1	true	4771	5691	0.000000018188	3Seq	ref_AP011099	ref_AB562463
OP153979.1	true	4807	5787	0.000000004005	3Seq	ref_AP011099	ref_KF873526
LC458432.1	false	0	0				
OM732335.1	true	4771	5691	0.000000000750	3Seq	ref_AP011099	ref_AB562463
OM732334.1	true	4771	5691	0.000000001182	3Seq	ref_AP011099	ref_AB562463
OM732333.1	true	4771	5691	0.000000005157	3Seq	ref_AP011099	ref_AB562463
OM688318.1	true	4771	5691	0.000000012233	3Seq	ref_AP011099	ref_AB562463
OM688317.1	true	2883	5888	0.000000020849	3Seq	ref_GQ161817	ref_FJ023669
OM688313.1	true	4807	5696	0.000000017569	3Seq	ref_AP011099	ref_KF873526
OM688312.1	true	4771	5691	0.000000000310	3Seq	ref_AP011099	ref_AB562463
LC753673.1	true	4118	4931	0.000000001111	3Seq	ref_KM606737	ref_AB486012
LC753672.1	false	0	0				
LC753671.1	true	2820	5812	0.000000001160	3Seq	ref_FJ692557	ref_KF873526
LC753669.1	false	0	0				
LC753668.1	false	0	0				
LC753667.1	false	0	0				
LC753666.1	false	0	0				
LC753665.1	false	0	0				
LC753664.1	false	0	0				
LC753662.1	false	0	0				
LC753661.1	false	0	0				
LC753659.1	false	0	0				
LC753658.1	false	0	0				
LC753657.1	false	0	0				
LC753656.1	false	0	0				
LC753655.1	false	0	0				
LC753654.1	false	0	0				
LC753653.1	false	0	0				
LC753652.1	false	0	0				
LC753649.1	false	0	0				
LC753648.1	false	0	0				
LC753647.1	false	0	0				
LC753646.1	true	5531	5822	0.000000000000	3Seq	ref_DQ089781	ref_AB073835
LC753644.1	false	0	0				
LC753643.1	false	0	0				
LC753642.1	false	0	0				
ON402783.1	false	0	0				
ON402782.1	false	0	0				
ON402780.1	false	0	0				
ON402779.1	false	0	0				
ON402777.1	false	0	0				
ON402776.1	true	1470	5434	0.000000009756	3Seq	ref_AP011099	ref_DQ089781
ON402774.1	false	0	0				
MW999633.1	true	1374	2291	0.000000000000	3Seq	ref_GQ377617	ref_FJ904435
MW999630.1	false	0	0				
MW999629.1	false	0	0				
MW999628.1	false	0	0				
MW999627.1	false	0	0				
MW999626.1	false	0	0				
MW999625.1	false	0	0				
MW999624.1	false	0	0				
MW999623.1	false	0	0				
MW999622.1	false	0	0				
MW999621.1	false	0	0				
MW999620.1	false	0	0				
MW999619.1	false	0	0				
MW999618.1	false	0	0				
MW999617.1	false	0	0				
LC730886.1	true	4771	5691	0.000000004117	3Seq	ref_AP011099	ref_AB562463
OL780537.1	true	4201	5227	0.000000012928	3Seq	ref_KM606737	ref_GU815637
MZ934434.1	false	0	0				
MZ934433.1	false	0	0				
MZ934432.1	false	0	0				
MZ934431.1	false	0	0				
MZ934425.1	false	0	0				
MZ934424.1	true	4771	5691	0.000000004869	3Seq	ref_AP011099	ref_AB562463
MZ934422.1	false	0	0				
MW999496.1	false	0	0				
MW847942.1	false	0	0				
MW847935.1	false	0	0				
MW755445.1	true	4807	5696	0.000000044126	3Seq	ref_AP011099	ref_KF873526
MW675896.1	true	4163	5063	0.000000038303	3Seq	ref_X02763	ref_AB486012
MW675895.1	false	0	0				
MW675894.1	true	1798	2594	0.000000032944	3Seq	ref_KF873526	ref_D23679
MW675893.1	false	0	0				
MW675892.1	true	1798	2594	0.000000039887	3Seq	ref_KF873526	ref_D23679
MW675891.1	false	0	0				
MW675890.1	true	4170	4992	0.000000005936	3Seq	ref_KM606737	ref_AB486012
MW675889.1	false	0	0				
MW675888.1	true	4170	4992	0.000000026490	3Seq	ref_KM606737	ref_AB486012
MW675887.1	true	4064	5063	0.000000034024	3Seq	ref_X02763	ref_AB486012
MW675886.1	false	0	0				
MW675885.1	true	4163	5063	0.000000029959	3Seq	ref_X02763	ref_AB486012
OM669697.1	false	0	0				
OM669696.1	false	0	0				
OM669695.1	false	0	0				
OM669694.1	false	0	0				
OM669693.1	true	2825	5870	0.000000007954	3Seq	ref_GQ161817	ref_KF873526
OM669692.1	true	2496	5812	0.000000044688	3Seq	ref_FJ692601	ref_KF873526
OM669691.1	true	4771	5691	0.000000006172	3Seq	ref_AP011099	ref_AB562463
OM669690.1	true	4154	5871	0.000000004037	3Seq	ref_GQ161817	ref_FJ023669
OM669689.1	false	0	0				
OM669688.1	false	0	0				
OM669687.1	false	0	0				
OM669686.1	false	0	0				
OM669685.1	true	2592	5812	0.000000017211	3Seq	ref_GQ331046	ref_KF873526
OM669684.1	false	0	0				
OM669683.1	false	0	0				
OM669682.1	false	0	0				
OM669681.1	true	2816	5804	0.000000023223	3Seq	ref_FJ692557	ref_KF873526
OM669650.1	false	0	0				
OM669649.1	false	0	0				
OM669648.1	false	0	0				
OM669647.1	false	0	0				
OM669646.1	false	0	0				
OM669645.1	false	0	0				
OM669644.1	false	0	0				
OM669643.1	false	0	0				
OM669642.1	false	0	0				
OM669641.1	false	0	0				
OM669640.1	false	0	0				
OM669639.1	false	0	0				
OM669638.1	true	4170	5061	0.000000037303	3Seq	ref_KM606737	ref_AB486012
OM669637.1	false	0	0				
OM669636.1	false	0	0				
OM669635.1	false	0	0				
OM669634.1	false	0	0				
OM669633.1	false	0	0				
OM669632.1	false	0	0				
OM669631.1	false	0	0				
OM669630.1	false	0	0				
OM669629.1	false	0	0				
OM669628.1	false	0	0				
OM669577.1	true	4488	5108	0.000000000000	3Seq	ref_D23679	ref_AP011098
LC535950.1	true	2820	5812	0.000000014479	3Seq	ref_FJ692557	ref_KF873526
LC535949.1	true	2820	5812	0.000000014479	3Seq	ref_FJ692557	ref_KF873526
LC535948.1	false	0	0				
LC535947.1	false	0	0				
LC535946.1	false	0	0				
LC535942.1	false	0	0				
LC535939.1	false	0	0				
LC535938.1	false	0	0				
LC535937.1	false	0	0				
LC535936.1	true	4118	4992	0.000000036162	3Seq	ref_KM606737	ref_AB486012
LC535935.1	false	0	0				
LC535932.1	false	0	0				
LC535931.1	true	2820	5812	0.000000037008	3Seq	ref_FJ692557	ref_KF873526
LC535928.1	false	0	0				
LC535927.1	false	0	0				
LC535926.1	false	0	0				
LC535925.1	false	0	0				
LC535923.1	false	0	0				
LC535922.1	false	0	0				
LC535921.1	false	0	0				
LC535919.1	true	4170	4992	0.000000005393	3Seq	ref_KM606737	ref_AB486012
LC535918.1	true	4118	4992	0.000000001765	3Seq	ref_KM606737	ref_AB486012
LC535917.1	false	0	0				
LC535916.1	false	0	0				
LC535915.1	false	0	0				
LC535914.1	false	0	0				
LC535912.1	false	0	0				
LC519822.1	true	1798	2552	0.000000009062	3Seq	ref_KF873526	ref_D23679
LC519821.1	false	0	0				
LC519818.1	false	0	0				
LC519813.1	true	2594	5812	0.000000006497	3Seq	ref_FJ692557	ref_KF873526
LC519812.1	false	0	0				
LC519807.1	false	0	0				
LC519805.1	true	4118	5061	0.000000007192	3Seq	ref_KM606737	ref_AB486012
LC519804.1	false	0	0				
LC519803.1	false	0	0				
LC519801.1	true	3962	4499	0.000000008354	3Seq	ref_DQ089781	ref_FJ692601
LC519800.1	true	2592	5812	0.000000016538	3Seq	ref_GQ331046	ref_KF873526
LC519799.1	false	0	0				
LC519797.1	false	0	0				
LC519796.1	false	0	0				
LC519792.1	false	0	0				
LC519790.1	false	0	0				
LC456135.1	false	0	0				
LC456134.1	false	0	0				
LC456133.1	false	0	0				
LC456132.1	false	0	0				
LC456131.1	false	0	0				
LC456130.1	false	0	0				
LC456129.1	false	0	0				
LC456128.1	false	0	0				
LC456126.1	false	0	0				
LC456125.1	false	0	0				
LC456124.1	false	0	0				
LC456123.1	false	0	0				
LC456122.1	false	0	0				
LC456121.1	false	0	0				
LC456120.1	false	0	0				
LC456119.1	false	0	0				
LC456118.1	false	0	0				
LC456117.1	false	0	0				
LC456116.1	false	0	0				
LC456115.1	false	0	0				
LC456114.1	false	0	0				
LC456113.1	true	2828	5812	0.000000011104	3Seq	ref_FJ692557	ref_KF873526
LC456111.1	true	4118	4992	0.000000000708	3Seq	ref_KM606737	ref_AB486012
LC456110.1	false	0	0				
LC365290.1	true	4771	5691	0.000000000170	3Seq	ref_AP011099	ref_AB562463
LC360507.1	true	4771	5691	0.000000015769	3Seq	ref_AP011099	ref_AB562463
LC170477.1	true	4771	5691	0.000000007939	3Seq	ref_AP011099	ref_AB562463
LC170476.1	true	4085	5076	0.000000032599	3Seq	ref_EU594385	ref_JQ801514
LC170475.1	true	4771	5691	0.000000020636	3Seq	ref_AP011099	ref_AB562463
LC170474.1	true	4771	5691	0.000000038103	3Seq	ref_AP011099	ref_AB562463
LC155820.1	true	4771	5691	0.000000022596	3Seq	ref_AP011099	ref_AB562463
LC155819.1	true	4771	5756	0.000000001940	3Seq	ref_AP011099	ref_AB562463
LC155818.1	true	4771	5756	0.000000003630	3Seq	ref_AP011099	ref_AB562463
LC155817.1	true	4771	5756	0.000000002356	3Seq	ref_AP011099	ref_AB562463
LC155816.1	true	4771	5756	0.000000001940	3Seq	ref_AP011099	ref_AB562463
LC155815.1	true	4771	5756	0.000000000912	3Seq	ref_AP011099	ref_AB562463
LC155814.1	true	4771	5756	0.000000000912	3Seq	ref_AP011099	ref_AB562463
LC064755.1	true	4807	5741	0.000000002395	3Seq	ref_AP011099	ref_KF873526
LC064754.1	true	4807	5741	0.000000002395	3Seq	ref_AP011099	ref_KF873526
AB981580.1	true	4154	5888	0.000000000772	3Seq	ref_GQ161817	ref_FJ023669
AB560662.1	false	0	0				
AB560661.1	false	0	0				
MZ439772.1	true	1538	2891	0.000000000000	3Seq	ref_AP011098	ref_AB056513
MZ439737.1	false	0	0				
MZ439736.1	false	0	0				
MZ439735.1	false	0	0				
MZ439734.1	false	0	0				
MZ439733.1	false	0	0				
MZ439732.1	false	0	0				
MZ439731.1	false	0	0				
MZ439730.1	false	0	0				
MZ439729.1	false	0	0				
MZ439728.1	false	0	0				
MZ439727.1	false	0	0				
MZ439726.1	false	0	0				
MZ439725.1	false	0	0				
MZ439724.1	false	0	0				
MZ439723.1	false	0	0				
MZ439722.1	false	0	0				
MZ439721.1	false	0	0				
MZ439720.1	false	0	0				
MZ439719.1	false	0	0				
MZ439718.1	false	0	0				
MZ439717.1	false	0	0				
MZ439716.1	false	0	0				
MZ439715.1	false	0	0				
MZ439714.1	false	0	0				
MZ439713.1	false	0	0				
MZ439712.1	false	0	0				
MZ439711.1	false	0	0				
MZ439710.1	false	0	0				
MZ439709.1	false	0	0				
MZ439708.1	false	0	0				
MZ439707.1	false	0	0				
MZ439706.1	false	0	0				
MZ439705.1	false	0	0				
MZ439704.1	false	0	0				
MZ439703.1	false	0	0				
MZ439702.1	false	0	0				
MZ439701.1	false	0	0				
MZ439700.1	false	0	0				
MZ439699.1	false	0	0				
MZ439698.1	false	0	0				
MZ439697.1	false	0	0				
MZ439696.1	false	0	0				
MZ439695.1	false	0	0				
MZ439694.1	false	0	0				
MZ439693.1	false	0	0				
MZ439692.1	false	0	0				
MZ439691.1	false	0	0				
MZ439690.1	false	0	0				
MZ439689.1	false	0	0				
MZ439688.1	false	0	0				
MZ439687.1	false	0	0				
MZ439686.1	false	0	0				
MZ439685.1	false	0	0				
MZ439684.1	false	0	0				
MZ439683.1	false	0	0				
MZ439682.1	false	0	0				
MZ439681.1	false	0	0				
MZ439680.1	false	0	0				
MZ439679.1	false	0	0				
MZ439678.1	false	0	0				
MZ439677.1	false	0	0				
MZ439676.1	false	0	0				
MZ439675.1	false	0	0				
MZ439674.1	false	0	0				
MZ439673.1	false	0	0				
MZ439672.1	false	0	0				
MZ439671.1	false	0	0				
MZ439670.1	false	0	0				
MZ439669.1	false	0	0				
MZ439668.1	false	0	0				
MZ439667.1	false	0	0				
MZ439666.1	false	0	0				
MZ439665.1	false	0	0				
MZ439664.1	false	0	0				
MZ439663.1	false	0	0				
MZ439662.1	false	0	0				
MZ439661.1	false	0	0				
MZ439660.1	false	0	0				
MZ439659.1	false	0	0				
MZ439657.1	false	0	0				
MZ439656.1	false	0	0				
MZ439655.1	false	0	0				
MZ439654.1	false	0	0				
MZ439653.1	false	0	0				
MZ439652.1	false	0	0				
MZ439651.1	false	0	0				
MZ439650.1	false	0	0				
MZ439649.1	false	0	0				
MZ439648.1	false	0	0				
MZ439647.1	false	0	0				
MZ439646.1	false	0	0				
MZ439645.1	false	0	0				
MZ439644.1	false	0	0				
MZ439643.1	false	0	0				
MZ439642.1	false	0	0				
MZ439641.1	false	0	0				
MZ439640.1	false	0	0				
MZ439639.1	false	0	0				
MZ439638.1	true	4201	5217	0.000000014171	3Seq	ref_KM606737	ref_GU815637
MZ439637.1	true	4201	5217	0.000000014171	3Seq	ref_KM606737	ref_GU815637
MZ439636.1	true	4201	5217	0.000000010917	3Seq	ref_KM606737	ref_GU815637
MZ439635.1	true	4201	5217	0.000000041733	3Seq	ref_KM606737	ref_GU815637
MZ439634.1	true	4201	5217	0.000000014171	3Seq	ref_KM606737	ref_GU815637
MZ439633.1	true	2294	2739	0.000000008368	3Seq	ref_AP011099	ref_DQ089781
MZ439632.1	true	4201	5217	0.000000024712	3Seq	ref_KM606737	ref_GU815637
MZ439631.1	false	0	0				
MZ439630.1	true	4201	5217	0.000000021790	3Seq	ref_KM606737	ref_GU815637
MZ439628.1	false	0	0				
MZ439627.1	false	0	0				
MZ439626.1	false	0	0				
MZ439625.1	true	4201	5217	0.000000031726	3Seq	ref_KM606737	ref_GU815637
MZ439624.1	false	0	0				
MZ439623.1	true	4201	4990	0.000000043948	3Seq	ref_KM606737	ref_GU815637
MZ439622.1	false	0	0				
MZ439621.1	true	4201	4990	0.000000003504	3Seq	ref_KM606737	ref_GU815637
MZ439620.1	false	0	0				
MZ439619.1	true	4201	4990	0.000000037388	3Seq	ref_KM606737	ref_GU815637
MZ439618.1	true	4201	4990	0.000000019276	3Seq	ref_KM606737	ref_GU815637
MZ439617.1	false	0	0				
MZ439616.1	true	4201	4990	0.000000021790	3Seq	ref_KM606737	ref_GU815637
MZ439615.1	true	4201	4990	0.000000028316	3Seq	ref_KM606737	ref_GU815637
MZ439614.1	true	4201	4990	0.000000028316	3Seq	ref_KM606737	ref_GU815637
MZ439613.1	true	4201	4990	0.000000014171	3Seq	ref_KM606737	ref_GU815637
MZ439612.1	true	4201	4990	0.000000007061	3Seq	ref_KM606737	ref_GU815637
MZ439611.1	false	0	0				
MZ439610.1	false	0	0				
MZ439609.1	false	0	0				
MZ439608.1	false	0	0				
MZ439607.1	false	0	0				
MZ439606.1	false	0	0				
MZ439605.1	false	0	0				
MZ439604.1	false	0	0				
MZ439603.1	false	0	0				
MZ439602.1	false	0	0				
MZ439601.1	true	4201	4990	0.000000014171	3Seq	ref_KM606737	ref_GU815637
MZ439600.1	false	0	0				
MZ439599.1	true	2592	5812	0.000000007317	3Seq	ref_GQ331046	ref_KF873526
MZ439598.1	true	2592	5812	0.000000031267	3Seq	ref_GQ331046	ref_KF873526
MZ439597.1	true	2592	5812	0.000000031267	3Seq	ref_GQ331046	ref_KF873526
MZ439596.1	true	2816	5812	0.000000019528	3Seq	ref_FJ692557	ref_KF873526
MZ439595.1	false	0	0				
MZ439594.1	false	0	0				
MZ439593.1	false	0	0				
MZ439592.1	false	0	0				
MZ439591.1	false	0	0				
MZ439590.1	true	2592	5812	0.000000031267	3Seq	ref_GQ331046	ref_KF873526
MZ439589.1	false	0	0				
MZ439588.1	false	0	0				
MZ439587.1	false	0	0				
MZ439586.1	false	0	0				
MZ439585.1	false	0	0				
MZ439584.1	false	0	0				
MZ439583.1	false	0	0				
MZ439582.1	false	0	0				
MZ439581.1	true	2592	5812	0.000000007317	3Seq	ref_GQ331046	ref_KF873526
MZ439580.1	true	2592	5812	0.000000027107	3Seq	ref_GQ331046	ref_KF873526
MZ439579.1	false	0	0				
MZ439578.1	false	0	0				
MZ439577.1	true	2592	5812	0.000000033911	3Seq	ref_GQ331046	ref_KF873526
MZ439576.1	false	0	0				
MZ439575.1	false	0	0				
MZ439574.1	false	0	0				
MZ439573.1	false	0	0				
MZ439572.1	false	0	0				
MZ439571.1	true	2592	5812	0.000000043969	3Seq	ref_GQ331046	ref_KF873526
MZ439570.1	false	0	0				
MZ439569.1	false	0	0				
MZ439568.1	false	0	0				
MZ439567.1	false	0	0				
MZ439566.1	false	0	0				
MZ439565.1	false	0	0				
MZ439564.1	false	0	0				
MZ439563.1	false	0	0				
MZ439562.1	false	0	0				
MZ439561.1	false	0	0				
MZ439560.1	false	0	0				
MZ439559.1	false	0	0				
MZ439558.1	false	0	0				
MZ439557.1	false	0	0				
MZ439556.1	false	0	0				
MZ439555.1	false	0	0				
MZ439554.1	false	0	0				
MZ439553.1	false	0	0				
MZ439552.1	false	0	0				
MZ439516.1	false	0	0				
MZ439515.1	false	0	0				
MZ439514.1	false	0	0				
MZ439513.1	false	0	0				
MZ439512.1	false	0	0				
MZ439511.1	false	0	0				
MZ439510.1	false	0	0				
MZ439509.1	false	0	0				
MZ439508.1	false	0	0				
MZ439507.1	false	0	0				
MZ439506.1	false	0	0				
MZ439505.1	false	0	0				
MZ439504.1	false	0	0				
MZ439503.1	false	0	0				
MZ439502.1	false	0	0				
MZ439501.1	false	0	0				
MZ439500.1	false	0	0				
MZ439499.1	false	0	0				
MZ439498.1	false	0	0				
MZ439497.1	false	0	0				
MZ439496.1	false	0	0				
MZ439495.1	false	0	0				
MZ439494.1	false	0	0				
MZ439493.1	false	0	0				
MZ439492.1	false	0	0				
MZ439491.1	false	0	0				
MZ439490.1	false	0	0				
MZ439489.1	false	0	0				
MZ439488.1	false	0	0				
MZ439487.1	false	0	0				
MZ439486.1	false	0	0				
MZ439485.1	false	0	0				
MZ439484.1	false	0	0				
MZ439483.1	false	0	0				
MZ439482.1	false	0	0				
MZ439481.1	false	0	0				
MZ439480.1	false	0	0				
MZ439479.1	false	0	0				
MZ439478.1	false	0	0				
MZ439477.1	false	0	0				
MZ439476.1	false	0	0				
MZ439475.1	false	0	0				
MZ439474.1	false	0	0				
MZ439473.1	false	0	0				
MZ439472.1	false	0	0				
MZ439471.1	false	0	0				
MZ439470.1	false	0	0				
MZ439469.1	false	0	0				
MZ439468.1	false	0	0				
MZ439467.1	false	0	0				
MZ439466.1	false	0	0				
MZ439465.1	false	0	0				
MZ439464.1	false	0	0				
MZ439463.1	false	0	0				
MZ439462.1	false	0	0				
MZ439461.1	false	0	0				
MZ439460.1	false	0	0				
MZ439459.1	false	0	0				
MZ439458.1	false	0	0				
MZ439457.1	false	0	0				
MZ439456.1	false	0	0				
MZ439455.1	false	0	0				
MZ439454.1	false	0	0				
MZ439453.1	false	0	0				
MZ439452.1	false	0	0				
MZ439451.1	false	0	0				
MZ439450.1	false	0	0				
MZ439449.1	false	0	0				
MZ439448.1	false	0	0				
MZ439447.1	false	0	0				
MZ439446.1	false	0	0				
MZ439445.1	false	0	0				
MZ439444.1	false	0	0				
MZ439443.1	false	0	0				
MZ439442.1	false	0	0				
MZ439441.1	false	0	0				
MZ439440.1	false	0	0				
MZ439439.1	false	0	0				
MZ439438.1	false	0	0				
MZ439437.1	false	0	0				
MZ439436.1	false	0	0				
MZ439435.1	false	0	0				
MZ439434.1	false	0	0				
MZ439433.1	false	0	0				
MZ439432.1	false	0	0				
MZ439431.1	false	0	0				
MZ439430.1	false	0	0				
MZ439429.1	false	0	0				
MZ439428.1	false	0	0				
MZ439427.1	false	0	0				
MZ439426.1	false	0	0				
MZ439425.1	false	0	0				
MZ439424.1	false	0	0				
MZ439423.1	false	0	0				
MZ439422.1	false	0	0				
MZ439421.1	false	0	0				
MZ439420.1	false	0	0				
MZ439419.1	false	0	0				
MZ439418.1	false	0	0				
MZ439417.1	false	0	0				
MZ439416.1	false	0	0				
MZ439415.1	false	0	0				
MZ439414.1	false	0	0				
MZ439413.1	false	0	0				
MZ439412.1	false	0	0				
MZ439411.1	false	0	0				
MZ439410.1	false	0	0				
MZ439409.1	false	0	0				
MZ439408.1	false	0	0				
MZ439407.1	false	0	0				
MZ439406.1	true	2543	5812	0.000000040702	3Seq	ref_KP168423	ref_KF873526
MZ439405.1	false	0	0				
MZ439404.1	false	0	0				
MZ439403.1	true	2543	5812	0.000000029606	3Seq	ref_KP168423	ref_KF873526
MZ439402.1	false	0	0				
MZ439401.1	false	0	0				
MZ439400.1	false	0	0				
MZ439399.1	true	2543	5812	0.000000029606	3Seq	ref_KP168423	ref_KF873526
MZ439398.1	true	2543	5812	0.000000040702	3Seq	ref_KP168423	ref_KF873526
MZ439397.1	false	0	0				
MZ439396.1	true	2543	5812	0.000000040702	3Seq	ref_KP168423	ref_KF873526
MZ439395.1	false	0	0				
MZ439394.1	false	0	0				
MZ439393.1	true	2543	5812	0.000000040702	3Seq	ref_KP168423	ref_KF873526
MZ439392.1	false	0	0				
MZ439391.1	false	0	0				
MZ439390.1	false	0	0				
OK106255.1	false	0	0				
MZ439389.1	false	0	0				
MZ439388.1	false	0	0				
MZ439387.1	true	2543	5812	0.000000021907	3Seq	ref_KP168423	ref_KF873526
MZ439386.1	false	0	0				
MZ439385.1	true	2543	5812	0.000000013485	3Seq	ref_KP168423	ref_KF873526
MZ439384.1	true	2543	5812	0.000000030104	3Seq	ref_KP168423	ref_KF873526
MZ439383.1	true	2543	5812	0.000000030104	3Seq	ref_KP168423	ref_KF873526
MZ439382.1	false	0	0				
MZ439381.1	false	0	0				
MZ439380.1	true	2543	5812	0.000000030104	3Seq	ref_KP168423	ref_KF873526
MZ439379.1	false	0	0				
MZ439378.1	false	0	0				
MZ439377.1	true	2543	5812	0.000000030104	3Seq	ref_KP168423	ref_KF873526
MZ439376.1	false	0	0				
MZ439375.1	false	0	0				
MZ439374.1	true	2543	5812	0.000000034990	3Seq	ref_KP168423	ref_KF873526
MZ439373.1	false	0	0				
MZ439372.1	false	0	0				
MZ439371.1	true	2543	5812	0.000000030104	3Seq	ref_KP168423	ref_KF873526
MZ439370.1	true	2543	5812	0.000000041228	3Seq	ref_KP168423	ref_KF873526
MZ439369.1	false	0	0				
MZ439368.1	false	0	0				
MZ439367.1	true	2543	5812	0.000000018733	3Seq	ref_KP168423	ref_KF873526
MZ439365.1	false	0	0				
MZ439364.1	false	0	0				
MZ439363.1	false	0	0				
MZ439362.1	true	2543	5812	0.000000030104	3Seq	ref_KP168423	ref_KF873526
MZ439361.1	true	2543	5812	0.000000030104	3Seq	ref_KP168423	ref_KF873526
MZ439360.1	false	0	0				
MZ439359.1	false	0	0				
MZ439358.1	false	0	0				
MZ439357.1	false	0	0				
MZ439356.1	false	0	0				
MZ439355.1	false	0	0				
MZ439354.1	false	0	0				
MZ439353.1	false	0	0				
MZ439352.1	false	0	0				
MZ439351.1	false	0	0				
MZ439350.1	false	0	0				
MZ439349.1	false	0	0				
MZ439348.1	false	0	0				
MZ439347.1	false	0	0				
MZ439346.1	false	0	0				
MZ439345.1	false	0	0				
MZ439344.1	false	0	0				
MZ439343.1	false	0	0				
MZ439342.1	false	0	0				
MZ439341.1	false	0	0				
MZ439340.1	false	0	0				
MZ439339.1	false	0	0				
MZ439338.1	false	0	0				
MZ439337.1	false	0	0				
MZ439336.1	false	0	0				
MZ439335.1	false	0	0				
MZ439334.1	false	0	0				
MZ439333.1	false	0	0				
MZ439332.1	false	0	0				
MZ439331.1	false	0	0				
MZ439330.1	false	0	0				
MZ439329.1	false	0	0				
MZ439328.1	false	0	0				
MZ439327.1	false	0	0				
MZ439326.1	false	0	0				
MZ439325.1	false	0	0				
MZ439324.1	false	0	0				
MZ439323.1	false	0	0				
MZ439322.1	false	0	0				
MZ439321.1	false	0	0				
MZ439320.1	false	0	0				
MZ439319.1	false	0	0				
MZ439318.1	false	0	0				
MZ439317.1	false	0	0				
MZ439316.1	false	0	0				
MZ439315.1	false	0	0				
MZ439314.1	false	0	0				
MZ439313.1	false	0	0				
MZ439312.1	false	0	0				
MZ439311.1	false	0	0				
MZ439310.1	false	0	0				
MZ439309.1	false	0	0				
MZ439308.1	false	0	0				
MZ439307.1	false	0	0				
MZ439306.1	false	0	0				
MZ439305.1	false	0	0				
MZ439304.1	false	0	0				
MZ439303.1	false	0	0				
MZ439301.1	false	0	0				
MZ439300.1	false	0	0				
MZ439299.1	false	0	0				
MZ439298.1	false	0	0				
MZ439297.1	false	0	0				
MZ439296.1	false	0	0				
MZ439295.1	false	0	0				
MZ439294.1	false	0	0				
MZ439293.1	false	0	0				
MZ439292.1	false	0	0				
MZ439291.1	false	0	0				
MZ439290.1	false	0	0				
MZ439289.1	false	0	0				
MZ439288.1	false	0	0				
MZ439287.1	false	0	0				
MZ439286.1	false	0	0				
MZ439285.1	false	0	0				
MZ439284.1	false	0	0				
MZ439283.1	false	0	0				
MZ439282.1	false	0	0				
MZ439281.1	false	0	0				
MZ439280.1	false	0	0				
MZ439279.1	false	0	0				
MZ439278.1	false	0	0				
MZ439277.1	false	0	0				
MZ439276.1	false	0	0				
MZ439275.1	false	0	0				
MZ439274.1	false	0	0				
MZ439273.1	false	0	0				
MZ439272.1	false	0	0				
MZ439271.1	false	0	0				
MZ439270.1	false	0	0				
MW601300.1	false	0	0				
MZ675793.1	false	0	0				
MZ675792.1	false	0	0				
MZ675791.1	true	4771	5308	0.000000005913	3Seq	ref_AP011099	ref_AB562463
MZ675790.1	false	0	0				
MZ675789.1	false	0	0				
MZ675788.1	false	0	0				
MZ675787.1	false	0	0				
MZ671251.1	true	3142	5414	0.000000001065	3Seq	ref_DQ089781	ref_AP011099
MZ671250.1	true	4771	5308	0.000000006337	3Seq	ref_AP011099	ref_AB562463
MZ671249.1	false	0	0				
MZ671248.1	false	0	0				
MZ671247.1	false	0	0				
MZ671246.1	false	0	0				
MZ671245.1	false	0	0				
MZ671244.1	false	0	0				
MZ671243.1	true	1798	2552	0.000000042529	3Seq	ref_KF873526	ref_D23679
MZ671242.1	false	0	0				
MZ671241.1	true	1798	2552	0.000000041470	3Seq	ref_KF873526	ref_D23679
MZ671240.1	true	4771	5691	0.000000027870	3Seq	ref_AP011099	ref_AB562463
MZ671235.1	false	0	0				
MZ671234.1	true	2206	5434	0.000000003889	3Seq	ref_AP011099	ref_DQ089781
MW310260.1	false	0	0				
MW310259.1	true	4146	5065	0.000000026310	3Seq	ref_FJ692601	ref_AB486012
MT427189.1	true	2412	4771	0.000000000290	3Seq	ref_AB056513	ref_X02763
LC592172.1	false	0	0				
LC592171.1	false	0	0				
MT426969.1	true	4085	5108	0.000000000000	3Seq	ref_D23679	ref_AP011098
MT426858.1	true	4771	5691	0.000000020734	3Seq	ref_AP011099	ref_AB562463
MT426857.1	true	4771	5691	0.000000020734	3Seq	ref_AP011099	ref_AB562463
MT426856.1	true	4771	5691	0.000000030279	3Seq	ref_AP011099	ref_AB562463
MT426855.1	true	4771	5691	0.000000014812	3Seq	ref_AP011099	ref_AB562463
MT426854.1	true	4771	5691	0.000000014812	3Seq	ref_AP011099	ref_AB562463
MT426853.1	true	4771	5691	0.000000014812	3Seq	ref_AP011099	ref_AB562463
MT426852.1	true	4771	5691	0.000000030279	3Seq	ref_AP011099	ref_AB562463
MT426851.1	true	4771	5691	0.000000014812	3Seq	ref_AP011099	ref_AB562463
MT426850.1	true	4771	5691	0.000000014812	3Seq	ref_AP011099	ref_AB562463
MT426849.1	true	4807	5696	0.000000028972	3Seq	ref_AP011099	ref_KF873526
MT426848.1	true	4771	5691	0.000000010015	3Seq	ref_AP011099	ref_AB562463
MT426847.1	true	4771	5691	0.000000014812	3Seq	ref_AP011099	ref_AB562463
MT426846.1	true	4771	5691	0.000000008496	3Seq	ref_AP011099	ref_AB562463
MT426845.1	true	4771	5691	0.000000010015	3Seq	ref_AP011099	ref_AB562463
MT426844.1	true	4771	5691	0.000000010015	3Seq	ref_AP011099	ref_AB562463
MT426843.1	true	4771	5691	0.000000030279	3Seq	ref_AP011099	ref_AB562463
MT426842.1	true	4771	5691	0.000000014812	3Seq	ref_AP011099	ref_AB562463
MT426841.1	true	4771	5691	0.000000012569	3Seq	ref_AP011099	ref_AB562463
MT426840.1	true	4771	5691	0.000000014812	3Seq	ref_AP011099	ref_AB562463
MT426839.1	true	4771	5691	0.000000014812	3Seq	ref_AP011099	ref_AB562463
MT426838.1	false	0	0				
MT426837.1	true	4807	5696	0.000000018051	3Seq	ref_AP011099	ref_KF873526
MT426836.1	true	4771	5691	0.000000014812	3Seq	ref_AP011099	ref_AB562463
MT426835.1	true	4771	5691	0.000000014812	3Seq	ref_AP011099	ref_AB562463
MT426834.1	true	4771	5691	0.000000014812	3Seq	ref_AP011099	ref_AB562463
MT426833.1	true	4771	5691	0.000000014812	3Seq	ref_AP011099	ref_AB562463
MT426832.1	true	4771	5691	0.000000030279	3Seq	ref_AP011099	ref_AB562463
MT426831.1	true	4771	5691	0.000000014812	3Seq	ref_AP011099	ref_AB562463
MT426830.1	false	0	0				
MT426829.1	true	4771	5691	0.000000014812	3Seq	ref_AP011099	ref_AB562463
MT426828.1	true	4771	5691	0.000000014812	3Seq	ref_AP011099	ref_AB562463
MT426827.1	true	4771	5691	0.000000014812	3Seq	ref_AP011099	ref_AB562463
MT426826.1	true	4771	5691	0.000000014812	3Seq	ref_AP011099	ref_AB562463
MT426825.1	true	4771	5691	0.000000014812	3Seq	ref_AP011099	ref_AB562463
MT426824.1	true	4771	5691	0.000000030279	3Seq	ref_AP011099	ref_AB562463
MT426823.1	true	4771	5691	0.000000014812	3Seq	ref_AP011099	ref_AB562463
MT426822.1	true	4771	5691	0.000000014812	3Seq	ref_AP011099	ref_AB562463
MT426821.1	true	4771	5691	0.000000014812	3Seq	ref_AP011099	ref_AB562463
MT426820.1	true	4771	5691	0.000000014812	3Seq	ref_AP011099	ref_AB562463
MT426819.1	true	4771	5691	0.000000014812	3Seq	ref_AP011099	ref_AB562463
MT426818.1	true	4771	5691	0.000000014812	3Seq	ref_AP011099	ref_AB562463
MT426817.1	true	4771	5691	0.000000025672	3Seq	ref_AP011099	ref_AB562463
MT426816.1	true	4771	5691	0.000000014812	3Seq	ref_AP011099	ref_AB562463
MT426815.1	true	4771	5691	0.000000017475	3Seq	ref_AP011099	ref_AB562463
MT426814.1	true	4771	5691	0.000000014812	3Seq	ref_AP011099	ref_AB562463
MT426813.1	true	4771	5691	0.000000014812	3Seq	ref_AP011099	ref_AB562463
MT426812.1	true	4771	5691	0.000000025672	3Seq	ref_AP011099	ref_AB562463
MT426811.1	true	4771	5691	0.000000014812	3Seq	ref_AP011099	ref_AB562463
MT426810.1	true	4771	5691	0.000000014812	3Seq	ref_AP011099	ref_AB562463
MT426809.1	true	4771	5691	0.000000014812	3Seq	ref_AP011099	ref_AB562463
MT426808.1	true	4771	5691	0.000000014812	3Seq	ref_AP011099	ref_AB562463
MT426807.1	true	4771	5691	0.000000014812	3Seq	ref_AP011099	ref_AB562463
MT426806.1	true	4771	5691	0.000000008496	3Seq	ref_AP011099	ref_AB562463
MT426805.1	true	4771	5691	0.000000014812	3Seq	ref_AP011099	ref_AB562463
MT426804.1	true	4771	5691	0.000000014812	3Seq	ref_AP011099	ref_AB562463
MT426803.1	true	4771	5691	0.000000014812	3Seq	ref_AP011099	ref_AB562463
MT426802.1	true	4771	5691	0.000000014812	3Seq	ref_AP011099	ref_AB562463
MT426801.1	true	4771	5691	0.000000014812	3Seq	ref_AP011099	ref_AB562463
MT426800.1	true	4771	5691	0.000000014812	3Seq	ref_AP011099	ref_AB562463
MT426799.1	true	4771	5691	0.000000030279	3Seq	ref_AP011099	ref_AB562463
MT426798.1	true	4771	5691	0.000000014812	3Seq	ref_AP011099	ref_AB562463
MT426797.1	true	4771	5691	0.000000014812	3Seq	ref_AP011099	ref_AB562463
MT426796.1	true	4771	5691	0.000000014812	3Seq	ref_AP011099	ref_AB562463
MT426795.1	true	4771	5691	0.000000014812	3Seq	ref_AP011099	ref_AB562463
MT426794.1	true	4771	5691	0.000000014812	3Seq	ref_AP011099	ref_AB562463
MT426793.1	true	4771	5691	0.000000014812	3Seq	ref_AP011099	ref_AB562463
MT426792.1	true	4771	5691	0.000000014812	3Seq	ref_AP011099	ref_AB562463
MT426791.1	true	4771	5691	0.000000014812	3Seq	ref_AP011099	ref_AB562463
MT426790.1	true	4771	5691	0.000000025672	3Seq	ref_AP011099	ref_AB562463
MT426789.1	true	4771	5691	0.000000014812	3Seq	ref_AP011099	ref_AB562463
MT426788.1	true	4771	5691	0.000000014812	3Seq	ref_AP011099	ref_AB562463
MT426787.1	true	4771	5691	0.000000014812	3Seq	ref_AP011099	ref_AB562463
MT426786.1	true	4771	5691	0.000000025672	3Seq	ref_AP011099	ref_AB562463
MT426785.1	true	4771	5691	0.000000014812	3Seq	ref_AP011099	ref_AB562463
MT426784.1	true	4771	5691	0.000000030279	3Seq	ref_AP011099	ref_AB562463
MT426783.1	true	4771	5691	0.000000025672	3Seq	ref_AP011099	ref_AB562463
MT426782.1	true	4771	5691	0.000000025672	3Seq	ref_AP011099	ref_AB562463
MT426781.1	true	4771	5691	0.000000014812	3Seq	ref_AP011099	ref_AB562463
MT426780.1	true	4771	5691	0.000000014812	3Seq	ref_AP011099	ref_AB562463
MT426779.1	true	4771	5691	0.000000010015	3Seq	ref_AP011099	ref_AB562463
MT426778.1	true	4771	5691	0.000000014812	3Seq	ref_AP011099	ref_AB562463
MT426777.1	true	4771	5691	0.000000014812	3Seq	ref_AP011099	ref_AB562463
MT426776.1	true	4771	5691	0.000000014812	3Seq	ref_AP011099	ref_AB562463
MT426775.1	true	4771	5691	0.000000010015	3Seq	ref_AP011099	ref_AB562463
MT426774.1	true	4771	5691	0.000000014812	3Seq	ref_AP011099	ref_AB562463
MT426773.1	true	4771	5691	0.000000014812	3Seq	ref_AP011099	ref_AB562463
MT426772.1	true	4771	5691	0.000000014812	3Seq	ref_AP011099	ref_AB562463
MT426771.1	true	4771	5691	0.000000014812	3Seq	ref_AP011099	ref_AB562463
MT426770.1	true	4771	5691	0.000000014812	3Seq	ref_AP011099	ref_AB562463
MT426769.1	true	4807	5696	0.000000009180	3Seq	ref_AP011099	ref_KF873526
MT426768.1	true	4771	5691	0.000000014812	3Seq	ref_AP011099	ref_AB562463
MT426767.1	true	4771	5691	0.000000014812	3Seq	ref_AP011099	ref_AB562463
MT426766.1	true	4771	5691	0.000000014812	3Seq	ref_AP011099	ref_AB562463
MT426765.1	true	4771	5691	0.000000014812	3Seq	ref_AP011099	ref_AB562463
MT426764.1	true	4771	5691	0.000000014812	3Seq	ref_AP011099	ref_AB562463
MT426763.1	true	4771	5691	0.000000014812	3Seq	ref_AP011099	ref_AB562463
MT426762.1	true	4771	5691	0.000000014812	3Seq	ref_AP011099	ref_AB562463
MT426761.1	true	4771	5691	0.000000014812	3Seq	ref_AP011099	ref_AB562463
MT426760.1	true	4771	5691	0.000000014812	3Seq	ref_AP011099	ref_AB562463
MT426759.1	true	4771	5691	0.000000014812	3Seq	ref_AP011099	ref_AB562463
MT426758.1	true	4771	5691	0.000000014812	3Seq	ref_AP011099	ref_AB562463
MT426757.1	true	4771	5691	0.000000014812	3Seq	ref_AP011099	ref_AB562463
MT426756.1	true	4771	5691	0.000000014812	3Seq	ref_AP011099	ref_AB562463
MT426755.1	true	4807	5696	0.000000008594	3Seq	ref_AP011099	ref_KF873526
MT426754.1	true	4807	5696	0.000000008594	3Seq	ref_AP011099	ref_KF873526
MT426753.1	true	4807	5696	0.000000008594	3Seq	ref_AP011099	ref_KF873526
MT426752.1	true	4584	5888	0.000000012904	3Seq	ref_GQ161817	ref_FJ023669
MT426751.1	true	4807	5696	0.000000008594	3Seq	ref_AP011099	ref_KF873526
MT426750.1	true	4807	5696	0.000000005321	3Seq	ref_AP011099	ref_KF873526
MT426749.1	true	4807	5696	0.000000011205	3Seq	ref_AP011099	ref_KF873526
MT426748.1	true	4807	5696	0.000000008594	3Seq	ref_AP011099	ref_KF873526
MT426747.1	true	4584	5888	0.000000014485	3Seq	ref_GQ161817	ref_FJ023669
MT426746.1	true	4807	5696	0.000000008594	3Seq	ref_AP011099	ref_KF873526
MT426745.1	true	4807	5696	0.000000008594	3Seq	ref_AP011099	ref_KF873526
MT426744.1	true	4584	5888	0.000000016269	3Seq	ref_GQ161817	ref_FJ023669
MT426743.1	true	4807	5696	0.000000008594	3Seq	ref_AP011099	ref_KF873526
MT426742.1	true	4807	5696	0.000000008594	3Seq	ref_AP011099	ref_KF873526
MT426741.1	true	4807	5696	0.000000008594	3Seq	ref_AP011099	ref_KF873526
MT426740.1	true	4807	5696	0.000000008594	3Seq	ref_AP011099	ref_KF873526
MT426739.1	true	4584	5888	0.000000006539	3Seq	ref_GQ161817	ref_FJ023669
MT426738.1	true	4807	5696	0.000000008594	3Seq	ref_AP011099	ref_KF873526
MT426737.1	true	4807	5696	0.000000006604	3Seq	ref_AP011099	ref_KF873526
MT426736.1	true	4807	5696	0.000000008594	3Seq	ref_AP011099	ref_KF873526
MT426735.1	true	4807	5696	0.000000008594	3Seq	ref_AP011099	ref_KF873526
MT426734.1	true	4807	5696	0.000000008594	3Seq	ref_AP011099	ref_KF873526
MT426733.1	true	4807	5696	0.000000008594	3Seq	ref_AP011099	ref_KF873526
MT426732.1	true	4807	5696	0.000000008594	3Seq	ref_AP011099	ref_KF873526
MT426731.1	true	4807	5696	0.000000008594	3Seq	ref_AP011099	ref_KF873526
MT426730.1	true	4584	5888	0.000000001683	3Seq	ref_GQ161817	ref_FJ023669
MT426729.1	true	4584	5888	0.000000002733	3Seq	ref_GQ161817	ref_FJ023669
MT426728.1	true	4807	5696	0.000000008594	3Seq	ref_AP011099	ref_KF873526
MT426727.1	true	4807	5696	0.000000008594	3Seq	ref_AP011099	ref_KF873526
MT426726.1	true	4807	5696	0.000000008594	3Seq	ref_AP011099	ref_KF873526
MT426725.1	true	4807	5696	0.000000008594	3Seq	ref_AP011099	ref_KF873526
MT426724.1	true	4807	5696	0.000000008594	3Seq	ref_AP011099	ref_KF873526
MT426723.1	true	4807	5696	0.000000008594	3Seq	ref_AP011099	ref_KF873526
MT426722.1	true	4807	5696	0.000000008594	3Seq	ref_AP011099	ref_KF873526
MT426721.1	true	4807	5696	0.000000008594	3Seq	ref_AP011099	ref_KF873526
MT426720.1	true	4807	5696	0.000000008594	3Seq	ref_AP011099	ref_KF873526
MT426719.1	true	4807	5696	0.000000008594	3Seq	ref_AP011099	ref_KF873526
MT426718.1	true	4807	5696	0.000000008594	3Seq	ref_AP011099	ref_KF873526
MT426717.1	true	4807	5696	0.000000008594	3Seq	ref_AP011099	ref_KF873526
MT426716.1	true	4807	5696	0.000000008594	3Seq	ref_AP011099	ref_KF873526
MT426715.1	true	4807	5696	0.000000005321	3Seq	ref_AP011099	ref_KF873526
MT426714.1	true	4807	5696	0.000000008594	3Seq	ref_AP011099	ref_KF873526
MT426713.1	true	4807	5741	0.000000004227	3Seq	ref_AP011099	ref_KF873526
MT426712.1	true	4807	5696	0.000000008594	3Seq	ref_AP011099	ref_KF873526
MT426711.1	true	4807	5696	0.000000008594	3Seq	ref_AP011099	ref_KF873526
MT426710.1	true	4771	5691	0.000000014105	3Seq	ref_AP011099	ref_AB562463
MT426709.1	true	4807	5696	0.000000008594	3Seq	ref_AP011099	ref_KF873526
MT426708.1	true	4807	5696	0.000000008594	3Seq	ref_AP011099	ref_KF873526
MT426707.1	true	4807	5696	0.000000008594	3Seq	ref_AP011099	ref_KF873526
MT426706.1	true	4807	5696	0.000000008594	3Seq	ref_AP011099	ref_KF873526
MT426705.1	true	4807	5696	0.000000008594	3Seq	ref_AP011099	ref_KF873526
MT426704.1	true	4807	5696	0.000000008594	3Seq	ref_AP011099	ref_KF873526
MT426703.1	true	4807	5696	0.000000008594	3Seq	ref_AP011099	ref_KF873526
MT426702.1	true	4807	5696	0.000000008594	3Seq	ref_AP011099	ref_KF873526
MT426701.1	true	4584	5888	0.000000014485	3Seq	ref_GQ161817	ref_FJ023669
MT426700.1	true	4807	5696	0.000000008594	3Seq	ref_AP011099	ref_KF873526
MT426699.1	true	4807	5696	0.000000018177	3Seq	ref_AP011099	ref_KF873526
MT426698.1	true	4807	5696	0.000000008594	3Seq	ref_AP011099	ref_KF873526
MT426697.1	true	4807	5696	0.000000008594	3Seq	ref_AP011099	ref_KF873526
MT426696.1	true	4807	5696	0.000000004038	3Seq	ref_AP011099	ref_KF873526
MT426695.1	true	4807	5696	0.000000008594	3Seq	ref_AP011099	ref_KF873526
MT426694.1	true	4807	5696	0.000000005256	3Seq	ref_AP011099	ref_KF873526
MT426693.1	true	4807	5696	0.000000004038	3Seq	ref_AP011099	ref_KF873526
MT426692.1	true	4807	5696	0.000000008594	3Seq	ref_AP011099	ref_KF873526
MT426691.1	true	4807	5696	0.000000008594	3Seq	ref_AP011099	ref_KF873526
MT426690.1	true	4807	5696	0.000000008594	3Seq	ref_AP011099	ref_KF873526
MT426689.1	true	4807	5696	0.000000008594	3Seq	ref_AP011099	ref_KF873526
MT426688.1	true	4807	5696	0.000000008594	3Seq	ref_AP011099	ref_KF873526
MT426687.1	true	4807	5696	0.000000008594	3Seq	ref_AP011099	ref_KF873526
MT426686.1	true	4807	5696	0.000000011205	3Seq	ref_AP011099	ref_KF873526
MT426685.1	true	4807	5696	0.000000008594	3Seq	ref_AP011099	ref_KF873526
MT426684.1	true	4807	5696	0.000000008594	3Seq	ref_AP011099	ref_KF873526
MT426683.1	true	4807	5696	0.000000008594	3Seq	ref_AP011099	ref_KF873526
MT426682.1	true	4807	5696	0.000000008594	3Seq	ref_AP011099	ref_KF873526
MT426681.1	true	4807	5696	0.000000008594	3Seq	ref_AP011099	ref_KF873526
MT426680.1	true	4807	5696	0.000000008594	3Seq	ref_AP011099	ref_KF873526
MT426679.1	true	4807	5696	0.000000008594	3Seq	ref_AP011099	ref_KF873526
MT426678.1	true	4807	5696	0.000000008594	3Seq	ref_AP011099	ref_KF873526
MT426677.1	true	4771	5756	0.000000003574	3Seq	ref_AP011099	ref_AB562463
MT426676.1	true	4807	5696	0.000000011205	3Seq	ref_AP011099	ref_KF873526
MT426675.1	true	4771	5691	0.000000014105	3Seq	ref_AP011099	ref_AB562463
MT426674.1	true	4807	5696	0.000000008594	3Seq	ref_AP011099	ref_KF873526
MT426673.1	true	4807	5696	0.000000005256	3Seq	ref_AP011099	ref_KF873526
MT426672.1	true	4807	5696	0.000000008594	3Seq	ref_AP011099	ref_KF873526
MT426671.1	true	4807	5696	0.000000004038	3Seq	ref_AP011099	ref_KF873526
MT426670.1	true	4807	5696	0.000000008594	3Seq	ref_AP011099	ref_KF873526
MT426669.1	true	4807	5696	0.000000008594	3Seq	ref_AP011099	ref_KF873526
MT426668.1	true	4807	5696	0.000000008594	3Seq	ref_AP011099	ref_KF873526
MT426667.1	true	4807	5696	0.000000008594	3Seq	ref_AP011099	ref_KF873526
MT426666.1	true	4807	5696	0.000000008594	3Seq	ref_AP011099	ref_KF873526
MT426665.1	true	4807	5696	0.000000008594	3Seq	ref_AP011099	ref_KF873526
MT426664.1	true	4584	5888	0.000000014485	3Seq	ref_GQ161817	ref_FJ023669
MT426663.1	true	4807	5696	0.000000008594	3Seq	ref_AP011099	ref_KF873526
MT426662.1	true	4807	5696	0.000000008594	3Seq	ref_AP011099	ref_KF873526
MT426661.1	true	4807	5696	0.000000008594	3Seq	ref_AP011099	ref_KF873526
MT426660.1	true	4771	5691	0.000000014105	3Seq	ref_AP011099	ref_AB562463
MT426659.1	true	4807	5696	0.000000008594	3Seq	ref_AP011099	ref_KF873526
MT426658.1	true	4584	5888	0.000000014485	3Seq	ref_GQ161817	ref_FJ023669
MT426657.1	true	4807	5696	0.000000008594	3Seq	ref_AP011099	ref_KF873526
MT426656.1	true	4807	5696	0.000000008594	3Seq	ref_AP011099	ref_KF873526
MT426655.1	true	4807	5696	0.000000008594	3Seq	ref_AP011099	ref_KF873526
MT426654.1	true	4807	5696	0.000000004038	3Seq	ref_AP011099	ref_KF873526
MT426653.1	true	4807	5696	0.000000008594	3Seq	ref_AP011099	ref_KF873526
MT426652.1	true	4807	5696	0.000000008594	3Seq	ref_AP011099	ref_KF873526
MT426651.1	true	4807	5696	0.000000011205	3Seq	ref_AP011099	ref_KF873526
MT426650.1	true	4807	5696	0.000000008594	3Seq	ref_AP011099	ref_KF873526
MT426649.1	true	4807	5696	0.000000008594	3Seq	ref_AP011099	ref_KF873526
MT426648.1	true	4584	5888	0.000000014485	3Seq	ref_GQ161817	ref_FJ023669
MT426647.1	true	4807	5696	0.000000008594	3Seq	ref_AP011099	ref_KF873526
MT426646.1	true	4807	5696	0.000000008594	3Seq	ref_AP011099	ref_KF873526
MT426645.1	true	4807	5696	0.000000008594	3Seq	ref_AP011099	ref_KF873526
MT426644.1	true	4807	5696	0.000000008594	3Seq	ref_AP011099	ref_KF873526
MT426643.1	true	4807	5696	0.000000002004	3Seq	ref_AP011099	ref_KF873526
MT426642.1	true	4807	5696	0.000000002004	3Seq	ref_AP011099	ref_KF873526
MT426641.1	true	4807	5696	0.000000002004	3Seq	ref_AP011099	ref_KF873526
MT426640.1	true	4807	5696	0.000000002004	3Seq	ref_AP011099	ref_KF873526
MT426639.1	true	4807	5696	0.000000002004	3Seq	ref_AP011099	ref_KF873526
MT426638.1	true	4807	5696	0.000000002004	3Seq	ref_AP011099	ref_KF873526
MT426637.1	true	4807	5696	0.000000002004	3Seq	ref_AP011099	ref_KF873526
MT426636.1	true	4807	5741	0.000000000901	3Seq	ref_AP011099	ref_KF873526
MT426635.1	true	4807	5696	0.000000002004	3Seq	ref_AP011099	ref_KF873526
MT426634.1	true	4807	5696	0.000000002004	3Seq	ref_AP011099	ref_KF873526
MT426633.1	true	4807	5696	0.000000002004	3Seq	ref_AP011099	ref_KF873526
MT426632.1	true	4807	5696	0.000000002004	3Seq	ref_AP011099	ref_KF873526
MT426631.1	true	4807	5696	0.000000002004	3Seq	ref_AP011099	ref_KF873526
MT426630.1	true	4807	5696	0.000000002563	3Seq	ref_AP011099	ref_KF873526
MT426629.1	true	4807	5696	0.000000002004	3Seq	ref_AP011099	ref_KF873526
MT426628.1	true	4807	5696	0.000000002004	3Seq	ref_AP011099	ref_KF873526
MT426627.1	true	4807	5696	0.000000002004	3Seq	ref_AP011099	ref_KF873526
MT426626.1	true	4807	5696	0.000000002563	3Seq	ref_AP011099	ref_KF873526
MT426625.1	true	4807	5696	0.000000002004	3Seq	ref_AP011099	ref_KF873526
MT426624.1	true	4807	5696	0.000000002004	3Seq	ref_AP011099	ref_KF873526
MT426623.1	true	4807	5696	0.000000002004	3Seq	ref_AP011099	ref_KF873526
MT426622.1	true	4813	5696	0.000000003478	3Seq	ref_AP011099	ref_KF873526
MT426621.1	true	4807	5696	0.000000002004	3Seq	ref_AP011099	ref_KF873526
MT426620.1	true	4807	5696	0.000000002004	3Seq	ref_AP011099	ref_KF873526
MT426619.1	true	4807	5696	0.000000002004	3Seq	ref_AP011099	ref_KF873526
MT426618.1	true	4807	5696	0.000000000957	3Seq	ref_AP011099	ref_KF873526
MT426617.1	true	4807	5696	0.000000002004	3Seq	ref_AP011099	ref_KF873526
MT426616.1	true	4807	5696	0.000000002004	3Seq	ref_AP011099	ref_KF873526
MT426615.1	true	4807	5696	0.000000002004	3Seq	ref_AP011099	ref_KF873526
MT426614.1	true	4807	5696	0.000000002004	3Seq	ref_AP011099	ref_KF873526
MT426613.1	true	4807	5696	0.000000002004	3Seq	ref_AP011099	ref_KF873526
MT426612.1	true	4807	5696	0.000000002004	3Seq	ref_AP011099	ref_KF873526
MT426611.1	true	4807	5696	0.000000002004	3Seq	ref_AP011099	ref_KF873526
MT426610.1	true	4807	5696	0.000000002004	3Seq	ref_AP011099	ref_KF873526
MT426609.1	true	4807	5696	0.000000002004	3Seq	ref_AP011099	ref_KF873526
MT426608.1	true	4807	5696	0.000000002004	3Seq	ref_AP011099	ref_KF873526
MT426607.1	true	4807	5696	0.000000002004	3Seq	ref_AP011099	ref_KF873526
MT426606.1	true	4807	5696	0.000000002004	3Seq	ref_AP011099	ref_KF873526
MT426605.1	true	4807	5696	0.000000002563	3Seq	ref_AP011099	ref_KF873526
MT426604.1	true	4807	5696	0.000000002004	3Seq	ref_AP011099	ref_KF873526
MT426603.1	true	4807	5696	0.000000002004	3Seq	ref_AP011099	ref_KF873526
MT426602.1	true	4807	5696	0.000000002004	3Seq	ref_AP011099	ref_KF873526
MT426601.1	true	4807	5696	0.000000002004	3Seq	ref_AP011099	ref_KF873526
MT426600.1	true	4807	5696	0.000000002004	3Seq	ref_AP011099	ref_KF873526
MT426599.1	true	4787	5696	0.000000001493	3Seq	ref_AP011099	ref_KF873526
MT426598.1	true	4807	5696	0.000000002004	3Seq	ref_AP011099	ref_KF873526
MT426597.1	true	4807	5696	0.000000002004	3Seq	ref_AP011099	ref_KF873526
MT426596.1	true	4807	5696	0.000000002004	3Seq	ref_AP011099	ref_KF873526
MT426595.1	true	4807	5696	0.000000002004	3Seq	ref_AP011099	ref_KF873526
MT426594.1	true	4807	5696	0.000000002004	3Seq	ref_AP011099	ref_KF873526
MT426593.1	true	4807	5696	0.000000002004	3Seq	ref_AP011099	ref_KF873526
MT426592.1	true	4807	5696	0.000000002004	3Seq	ref_AP011099	ref_KF873526
MT426591.1	true	4807	5696	0.000000002004	3Seq	ref_AP011099	ref_KF873526
MT426590.1	true	4807	5696	0.000000002004	3Seq	ref_AP011099	ref_KF873526
MT426589.1	true	4807	5696	0.000000002004	3Seq	ref_AP011099	ref_KF873526
MT426588.1	true	4807	5696	0.000000002563	3Seq	ref_AP011099	ref_KF873526
MT426587.1	true	4807	5696	0.000000002004	3Seq	ref_AP011099	ref_KF873526
MT426586.1	true	4807	5696	0.000000004167	3Seq	ref_AP011099	ref_KF873526
MT426585.1	true	4807	5696	0.000000003284	3Seq	ref_AP011099	ref_KF873526
MT426584.1	true	4807	5696	0.000000002004	3Seq	ref_AP011099	ref_KF873526
MT426583.1	true	4807	5696	0.000000002004	3Seq	ref_AP011099	ref_KF873526
MT426582.1	true	4807	5696	0.000000002004	3Seq	ref_AP011099	ref_KF873526
MT426581.1	true	4807	5696	0.000000002004	3Seq	ref_AP011099	ref_KF873526
MT426580.1	true	4807	5696	0.000000002004	3Seq	ref_AP011099	ref_KF873526
MT426579.1	true	4807	5696	0.000000002004	3Seq	ref_AP011099	ref_KF873526
MT426578.1	true	4807	5696	0.000000002004	3Seq	ref_AP011099	ref_KF873526
MT426577.1	true	4807	5696	0.000000000957	3Seq	ref_AP011099	ref_KF873526
MT426576.1	true	4807	5843	0.000000000398	3Seq	ref_AP011099	ref_KF873526
MT426575.1	true	4807	5843	0.000000000398	3Seq	ref_AP011099	ref_KF873526
MT426574.1	true	4829	5843	0.000000001502	3Seq	ref_AP011099	ref_KF873526
MT426573.1	true	4807	5843	0.000000000398	3Seq	ref_AP011099	ref_KF873526
MT426572.1	true	4807	5843	0.000000000398	3Seq	ref_AP011099	ref_KF873526
MT426571.1	true	4807	5843	0.000000000398	3Seq	ref_AP011099	ref_KF873526
MT426570.1	true	4807	5843	0.000000000398	3Seq	ref_AP011099	ref_KF873526
MT426569.1	true	4807	5843	0.000000000398	3Seq	ref_AP011099	ref_KF873526
MT426568.1	true	4807	5843	0.000000000398	3Seq	ref_AP011099	ref_KF873526
MT426567.1	true	4807	5843	0.000000000398	3Seq	ref_AP011099	ref_KF873526
MT426566.1	true	4807	5843	0.000000000398	3Seq	ref_AP011099	ref_KF873526
MT426565.1	true	4807	5843	0.000000000398	3Seq	ref_AP011099	ref_KF873526
MT426564.1	true	4807	5843	0.000000001502	3Seq	ref_AP011099	ref_KF873526
MT426563.1	true	4807	5843	0.000000000524	3Seq	ref_AP011099	ref_KF873526
MT426562.1	true	4807	5843	0.000000000398	3Seq	ref_AP011099	ref_KF873526
MT426561.1	true	4807	5843	0.000000000398	3Seq	ref_AP011099	ref_KF873526
MT426560.1	true	4807	5843	0.000000000398	3Seq	ref_AP011099	ref_KF873526
MT426559.1	true	4807	5843	0.000000000231	3Seq	ref_AP011099	ref_KF873526
MT426558.1	true	4807	5843	0.000000000398	3Seq	ref_AP011099	ref_KF873526
MT426557.1	true	4807	5843	0.000000000521	3Seq	ref_AP011099	ref_KF873526
MT426556.1	true	4807	5843	0.000000000398	3Seq	ref_AP011099	ref_KF873526
MT426555.1	true	4807	5843	0.000000000398	3Seq	ref_AP011099	ref_KF873526
MT426554.1	true	4807	5843	0.000000000894	3Seq	ref_AP011099	ref_KF873526
MT426553.1	true	4807	5843	0.000000000398	3Seq	ref_AP011099	ref_KF873526
MT426552.1	true	4584	5888	0.000000000390	3Seq	ref_GQ161817	ref_FJ023669
MT426551.1	true	4807	5843	0.000000000398	3Seq	ref_AP011099	ref_KF873526
MT426550.1	true	4807	5843	0.000000000398	3Seq	ref_AP011099	ref_KF873526
MT426549.1	true	4807	5843	0.000000000105	3Seq	ref_AP011099	ref_KF873526
MT426548.1	true	4584	5888	0.000000002410	3Seq	ref_GQ161817	ref_FJ023669
MT426547.1	true	4807	5843	0.000000000398	3Seq	ref_AP011099	ref_KF873526
MT426546.1	true	4584	5888	0.000000002410	3Seq	ref_GQ161817	ref_FJ023669
MT426545.1	true	4807	5843	0.000000000398	3Seq	ref_AP011099	ref_KF873526
MT426544.1	true	4807	5843	0.000000000398	3Seq	ref_AP011099	ref_KF873526
MT426543.1	true	4807	5843	0.000000000231	3Seq	ref_AP011099	ref_KF873526
MT426542.1	true	4807	5843	0.000000000894	3Seq	ref_AP011099	ref_KF873526
MT426541.1	true	4807	5843	0.000000000304	3Seq	ref_AP011099	ref_KF873526
MT426540.1	true	4807	5843	0.000000000398	3Seq	ref_AP011099	ref_KF873526
MT426539.1	true	4807	5843	0.000000000398	3Seq	ref_AP011099	ref_KF873526
MT426538.1	true	4807	5843	0.000000001502	3Seq	ref_AP011099	ref_KF873526
MT426537.1	true	4807	5843	0.000000000398	3Seq	ref_AP011099	ref_KF873526
MT426536.1	true	4807	5843	0.000000000894	3Seq	ref_AP011099	ref_KF873526
MT426535.1	true	4807	5843	0.000000002573	3Seq	ref_AP011099	ref_KF873526
MT426534.1	true	4807	5843	0.000000000398	3Seq	ref_AP011099	ref_KF873526
MT426533.1	true	4807	5843	0.000000001502	3Seq	ref_AP011099	ref_KF873526
MT426532.1	true	4807	5843	0.000000000524	3Seq	ref_AP011099	ref_KF873526
MT426531.1	true	4807	5843	0.000000000176	3Seq	ref_AP011099	ref_KF873526
MT426530.1	true	4807	5843	0.000000000398	3Seq	ref_AP011099	ref_KF873526
MT426528.1	true	4807	5843	0.000000000176	3Seq	ref_AP011099	ref_KF873526
MT426527.1	true	4807	5843	0.000000000135	3Seq	ref_AP011099	ref_KF873526
MT426526.1	true	4807	5843	0.000000000176	3Seq	ref_AP011099	ref_KF873526
MT426525.1	true	4807	5843	0.000000000176	3Seq	ref_AP011099	ref_KF873526
MT426524.1	true	4807	5843	0.000000000680	3Seq	ref_AP011099	ref_KF873526
MT426523.1	true	4807	5843	0.000000000058	3Seq	ref_AP011099	ref_KF873526
MT426522.1	true	4807	5843	0.000000000398	3Seq	ref_AP011099	ref_KF873526
MT426521.1	true	4807	5843	0.000000001165	3Seq	ref_AP011099	ref_KF873526
MT426520.1	true	4807	5843	0.000000001165	3Seq	ref_AP011099	ref_KF873526
MT426519.1	true	4807	5843	0.000000001165	3Seq	ref_AP011099	ref_KF873526
MT426518.1	true	4807	5843	0.000000001165	3Seq	ref_AP011099	ref_KF873526
MT426517.1	true	4807	5843	0.000000001165	3Seq	ref_AP011099	ref_KF873526
MT426516.1	true	4807	5843	0.000000002005	3Seq	ref_AP011099	ref_KF873526
MT426515.1	true	4807	5843	0.000000001165	3Seq	ref_AP011099	ref_KF873526
MT426514.1	true	4807	5843	0.000000001165	3Seq	ref_AP011099	ref_KF873526
MT426513.1	true	4807	5843	0.000000001165	3Seq	ref_AP011099	ref_KF873526
MT426512.1	true	4807	5843	0.000000000692	3Seq	ref_AP011099	ref_KF873526
MT426511.1	true	4807	5843	0.000000000692	3Seq	ref_AP011099	ref_KF873526
MT426510.1	true	4829	5843	0.000000004430	3Seq	ref_AP011099	ref_KF873526
MT426509.1	true	4807	5843	0.000000000692	3Seq	ref_AP011099	ref_KF873526
MT426508.1	true	4807	5843	0.000000001165	3Seq	ref_AP011099	ref_KF873526
MT426507.1	true	4807	5843	0.000000001165	3Seq	ref_AP011099	ref_KF873526
MT426506.1	true	4807	5843	0.000000001165	3Seq	ref_AP011099	ref_KF873526
MT426505.1	true	4807	5843	0.000000001165	3Seq	ref_AP011099	ref_KF873526
MT426504.1	true	4807	5843	0.000000001165	3Seq	ref_AP011099	ref_KF873526
MT426503.1	true	4807	5843	0.000000001165	3Seq	ref_AP011099	ref_KF873526
MT426502.1	true	4807	5843	0.000000001165	3Seq	ref_AP011099	ref_KF873526
MT426501.1	true	4807	5843	0.000000001165	3Seq	ref_AP011099	ref_KF873526
MT426500.1	true	4807	5843	0.000000000692	3Seq	ref_AP011099	ref_KF873526
MT426499.1	true	4807	5843	0.000000000899	3Seq	ref_AP011099	ref_KF873526
MT426498.1	true	4807	5843	0.000000001165	3Seq	ref_AP011099	ref_KF873526
MT426497.1	true	4807	5843	0.000000001165	3Seq	ref_AP011099	ref_KF873526
MT426496.1	true	4807	5843	0.000000001165	3Seq	ref_AP011099	ref_KF873526
MT426495.1	true	4807	5843	0.000000001165	3Seq	ref_AP011099	ref_KF873526
MT426494.1	true	4807	5843	0.000000001511	3Seq	ref_AP011099	ref_KF873526
MT426493.1	true	4807	5843	0.000000001165	3Seq	ref_AP011099	ref_KF873526
MT426492.1	true	4807	5843	0.000000001165	3Seq	ref_AP011099	ref_KF873526
MT426491.1	true	4807	5843	0.000000001165	3Seq	ref_AP011099	ref_KF873526
MT426490.1	true	4807	5843	0.000000001165	3Seq	ref_AP011099	ref_KF873526
MT426489.1	true	4807	5843	0.000000001165	3Seq	ref_AP011099	ref_KF873526
MT426488.1	true	4807	5843	0.000000001165	3Seq	ref_AP011099	ref_KF873526
MT426487.1	true	4807	5843	0.000000001165	3Seq	ref_AP011099	ref_KF873526
MT426486.1	true	4807	5843	0.000000001165	3Seq	ref_AP011099	ref_KF873526
MT426485.1	true	4807	5843	0.000000000899	3Seq	ref_AP011099	ref_KF873526
MT426484.1	true	4807	5843	0.000000001165	3Seq	ref_AP011099	ref_KF873526
MT426483.1	true	4807	5843	0.000000001165	3Seq	ref_AP011099	ref_KF873526
MT426482.1	true	4807	5843	0.000000001165	3Seq	ref_AP011099	ref_KF873526
MT426481.1	true	4807	5843	0.000000004264	3Seq	ref_AP011099	ref_KF873526
MT426480.1	true	4807	5843	0.000000001165	3Seq	ref_AP011099	ref_KF873526
MT426479.1	true	4807	5843	0.000000001165	3Seq	ref_AP011099	ref_KF873526
MT426478.1	true	4807	5843	0.000000001165	3Seq	ref_AP011099	ref_KF873526
MT426477.1	true	4807	5843	0.000000001165	3Seq	ref_AP011099	ref_KF873526
MT426476.1	true	4807	5843	0.000000000534	3Seq	ref_AP011099	ref_KF873526
MT426475.1	true	4807	5843	0.000000001511	3Seq	ref_AP011099	ref_KF873526
MT426474.1	true	4807	5843	0.000000002128	3Seq	ref_AP011099	ref_KF873526
MT426473.1	true	4807	5843	0.000000001165	3Seq	ref_AP011099	ref_KF873526
MT426472.1	true	4807	5843	0.000000001165	3Seq	ref_AP011099	ref_KF873526
MT426471.1	true	4807	5843	0.000000001165	3Seq	ref_AP011099	ref_KF873526
MT426470.1	true	4807	5843	0.000000001165	3Seq	ref_AP011099	ref_KF873526
MT426469.1	true	4807	5843	0.000000002522	3Seq	ref_AP011099	ref_KF873526
MT426468.1	true	4807	5843	0.000000001165	3Seq	ref_AP011099	ref_KF873526
MT426467.1	true	4807	5843	0.000000000899	3Seq	ref_AP011099	ref_KF873526
MT426466.1	true	4807	5843	0.000000001511	3Seq	ref_AP011099	ref_KF873526
MT426465.1	true	4771	5756	0.000000001157	3Seq	ref_AP011099	ref_AB562463
MT426464.1	true	4807	5843	0.000000001165	3Seq	ref_AP011099	ref_KF873526
MT426463.1	true	4807	5843	0.000000001165	3Seq	ref_AP011099	ref_KF873526
MT426462.1	true	4807	5843	0.000000000899	3Seq	ref_AP011099	ref_KF873526
MT426461.1	true	4807	5843	0.000000001165	3Seq	ref_AP011099	ref_KF873526
MT426460.1	true	4807	5843	0.000000001165	3Seq	ref_AP011099	ref_KF873526
MT426459.1	true	4807	5843	0.000000002005	3Seq	ref_AP011099	ref_KF873526
MT426458.1	true	4807	5843	0.000000002128	3Seq	ref_AP011099	ref_KF873526
MT426457.1	true	4829	5843	0.000000004430	3Seq	ref_AP011099	ref_KF873526
MT426456.1	true	4807	5843	0.000000000413	3Seq	ref_AP011099	ref_KF873526
MT426455.1	true	4807	5843	0.000000000413	3Seq	ref_AP011099	ref_KF873526
MT426454.1	true	2543	5812	0.000000011540	3Seq	ref_KP168423	ref_KF873526
MT426453.1	true	2816	5812	0.000000008705	3Seq	ref_FJ692557	ref_KF873526
MT426452.1	true	2816	5812	0.000000008705	3Seq	ref_FJ692557	ref_KF873526
MT426451.1	true	2543	5812	0.000000011540	3Seq	ref_KP168423	ref_KF873526
MT426450.1	true	2543	5812	0.000000011540	3Seq	ref_KP168423	ref_KF873526
MT426448.1	true	2543	5812	0.000000018733	3Seq	ref_KP168423	ref_KF873526
MT426447.1	true	2543	5812	0.000000007085	3Seq	ref_KP168423	ref_KF873526
MT426446.1	true	2543	5812	0.000000011540	3Seq	ref_KP168423	ref_KF873526
MT426445.1	true	2543	5812	0.000000011540	3Seq	ref_KP168423	ref_KF873526
MT426444.1	true	2543	5812	0.000000011540	3Seq	ref_KP168423	ref_KF873526
MT426443.1	true	2543	5812	0.000000011540	3Seq	ref_KP168423	ref_KF873526
MT426442.1	true	2543	5812	0.000000011540	3Seq	ref_KP168423	ref_KF873526
MT426441.1	true	2543	5812	0.000000018733	3Seq	ref_KP168423	ref_KF873526
MT426440.1	true	2543	5812	0.000000011540	3Seq	ref_KP168423	ref_KF873526
MT426439.1	true	2543	5812	0.000000011540	3Seq	ref_KP168423	ref_KF873526
MT426438.1	true	2543	5812	0.000000011540	3Seq	ref_KP168423	ref_KF873526
MT426437.1	true	2543	5812	0.000000011540	3Seq	ref_KP168423	ref_KF873526
MT426436.1	true	2543	5812	0.000000018733	3Seq	ref_KP168423	ref_KF873526
MT426435.1	true	2543	5812	0.000000011540	3Seq	ref_KP168423	ref_KF873526
MT426434.1	true	2543	5812	0.000000018733	3Seq	ref_KP168423	ref_KF873526
MT426433.1	true	2543	5812	0.000000011540	3Seq	ref_KP168423	ref_KF873526
MT426432.1	true	2543	5812	0.000000011540	3Seq	ref_KP168423	ref_KF873526
MT426431.1	true	2543	5812	0.000000011540	3Seq	ref_KP168423	ref_KF873526
MT426430.1	true	2543	5812	0.000000013485	3Seq	ref_KP168423	ref_KF873526
MT426429.1	true	2543	5812	0.000000011540	3Seq	ref_KP168423	ref_KF873526
MT426428.1	true	2543	5812	0.000000011540	3Seq	ref_KP168423	ref_KF873526
MT426427.1	true	2543	5812	0.000000011540	3Seq	ref_KP168423	ref_KF873526
MT426426.1	true	2543	5812	0.000000011540	3Seq	ref_KP168423	ref_KF873526
MT426425.1	true	2543	5812	0.000000011540	3Seq	ref_KP168423	ref_KF873526
MT426424.1	true	2543	5812	0.000000013485	3Seq	ref_KP168423	ref_KF873526
MT426423.1	true	2543	5812	0.000000011540	3Seq	ref_KP168423	ref_KF873526
MT426422.1	true	2543	5812	0.000000011540	3Seq	ref_KP168423	ref_KF873526
MT426421.1	true	2543	5812	0.000000011540	3Seq	ref_KP168423	ref_KF873526
MT426420.1	true	2543	5812	0.000000011540	3Seq	ref_KP168423	ref_KF873526
MT426419.1	true	2543	5812	0.000000013485	3Seq	ref_KP168423	ref_KF873526
MT426418.1	true	2543	5812	0.000000011540	3Seq	ref_KP168423	ref_KF873526
MT426417.1	true	2543	5812	0.000000011540	3Seq	ref_KP168423	ref_KF873526
MT426416.1	true	2543	5812	0.000000011540	3Seq	ref_KP168423	ref_KF873526
MT426415.1	true	2543	5812	0.000000011540	3Seq	ref_KP168423	ref_KF873526
MT426414.1	true	2543	5812	0.000000011540	3Seq	ref_KP168423	ref_KF873526
MT426413.1	true	2543	5812	0.000000011540	3Seq	ref_KP168423	ref_KF873526
MT426412.1	true	2543	5812	0.000000011540	3Seq	ref_KP168423	ref_KF873526
MT426411.1	true	2543	5812	0.000000011540	3Seq	ref_KP168423	ref_KF873526
MT426410.1	true	2543	5812	0.000000011540	3Seq	ref_KP168423	ref_KF873526
MT426409.1	true	2543	5812	0.000000011540	3Seq	ref_KP168423	ref_KF873526
MT426408.1	true	2543	5812	0.000000011540	3Seq	ref_KP168423	ref_KF873526
MT426407.1	true	2543	5812	0.000000011540	3Seq	ref_KP168423	ref_KF873526
MT426406.1	true	2543	5812	0.000000011540	3Seq	ref_KP168423	ref_KF873526
MT426405.1	true	2543	5812	0.000000011540	3Seq	ref_KP168423	ref_KF873526
MT426404.1	true	2543	5812	0.000000011540	3Seq	ref_KP168423	ref_KF873526
MT426403.1	true	2543	5812	0.000000018733	3Seq	ref_KP168423	ref_KF873526
MT426402.1	true	2543	5812	0.000000011540	3Seq	ref_KP168423	ref_KF873526
MT426401.1	true	2543	5812	0.000000011540	3Seq	ref_KP168423	ref_KF873526
MT426400.1	true	2543	5812	0.000000011540	3Seq	ref_KP168423	ref_KF873526
MT426399.1	true	2543	5812	0.000000011540	3Seq	ref_KP168423	ref_KF873526
MT426398.1	true	2543	5812	0.000000011540	3Seq	ref_KP168423	ref_KF873526
MT426397.1	true	2543	5812	0.000000018733	3Seq	ref_KP168423	ref_KF873526
MT426396.1	true	2543	5812	0.000000011540	3Seq	ref_KP168423	ref_KF873526
MT426395.1	true	2543	5812	0.000000011540	3Seq	ref_KP168423	ref_KF873526
MT426394.1	true	2816	5812	0.000000004669	3Seq	ref_FJ692557	ref_KF873526
MT426393.1	true	2543	5812	0.000000011540	3Seq	ref_KP168423	ref_KF873526
MT426392.1	true	2543	5812	0.000000011540	3Seq	ref_KP168423	ref_KF873526
MT426391.1	true	2543	5812	0.000000011540	3Seq	ref_KP168423	ref_KF873526
MT426390.1	true	2543	5812	0.000000011540	3Seq	ref_KP168423	ref_KF873526
MT426389.1	true	2543	5812	0.000000011540	3Seq	ref_KP168423	ref_KF873526
MT426388.1	true	2543	5812	0.000000011540	3Seq	ref_KP168423	ref_KF873526
MT426387.1	true	2543	5812	0.000000018733	3Seq	ref_KP168423	ref_KF873526
MT426386.1	true	2543	5812	0.000000011540	3Seq	ref_KP168423	ref_KF873526
MT426385.1	true	2543	5812	0.000000013485	3Seq	ref_KP168423	ref_KF873526
MT426384.1	true	2543	5812	0.000000011540	3Seq	ref_KP168423	ref_KF873526
MT426383.1	true	2543	5812	0.000000011540	3Seq	ref_KP168423	ref_KF873526
MT426382.1	true	2543	5812	0.000000011540	3Seq	ref_KP168423	ref_KF873526
MT426381.1	true	2543	5812	0.000000011540	3Seq	ref_KP168423	ref_KF873526
MT426380.1	true	2543	5812	0.000000011540	3Seq	ref_KP168423	ref_KF873526
MT426379.1	true	2543	5812	0.000000018733	3Seq	ref_KP168423	ref_KF873526
MT426378.1	true	2543	5812	0.000000007085	3Seq	ref_KP168423	ref_KF873526
MT426377.1	true	2543	5812	0.000000011540	3Seq	ref_KP168423	ref_KF873526
MT426376.1	true	2543	5812	0.000000011540	3Seq	ref_KP168423	ref_KF873526
MT426375.1	true	2543	5812	0.000000011540	3Seq	ref_KP168423	ref_KF873526
MT426374.1	true	2543	5812	0.000000011540	3Seq	ref_KP168423	ref_KF873526
MT426373.1	true	2543	5812	0.000000011540	3Seq	ref_KP168423	ref_KF873526
MT426372.1	true	2543	5812	0.000000021894	3Seq	ref_KP168423	ref_KF873526
MT426371.1	true	2543	5812	0.000000011540	3Seq	ref_KP168423	ref_KF873526
MT426370.1	true	2543	5812	0.000000011540	3Seq	ref_KP168423	ref_KF873526
MT426369.1	true	2543	5812	0.000000011540	3Seq	ref_KP168423	ref_KF873526
MT426368.1	true	2543	5812	0.000000011540	3Seq	ref_KP168423	ref_KF873526
MT426367.1	true	2543	5812	0.000000011540	3Seq	ref_KP168423	ref_KF873526
MT426366.1	true	2543	5812	0.000000011540	3Seq	ref_KP168423	ref_KF873526
MT426365.1	true	2543	5812	0.000000011540	3Seq	ref_KP168423	ref_KF873526
MT426364.1	true	2816	5812	0.000000008705	3Seq	ref_FJ692557	ref_KF873526
MT426363.1	true	2543	5812	0.000000011540	3Seq	ref_KP168423	ref_KF873526
MT426362.1	true	2543	5812	0.000000011540	3Seq	ref_KP168423	ref_KF873526
MT426361.1	true	2543	5812	0.000000011540	3Seq	ref_KP168423	ref_KF873526
MT426360.1	true	2543	5812	0.000000011540	3Seq	ref_KP168423	ref_KF873526
MT426359.1	true	2543	5812	0.000000011540	3Seq	ref_KP168423	ref_KF873526
MT426358.1	true	2543	5812	0.000000011540	3Seq	ref_KP168423	ref_KF873526
MT426357.1	true	2543	5812	0.000000009885	3Seq	ref_KP168423	ref_KF873526
MT426356.1	true	2543	5812	0.000000013485	3Seq	ref_KP168423	ref_KF873526
MT426355.1	true	2543	5812	0.000000011540	3Seq	ref_KP168423	ref_KF873526
MT426354.1	true	2543	5812	0.000000011540	3Seq	ref_KP168423	ref_KF873526
MT426353.1	true	2543	5812	0.000000011540	3Seq	ref_KP168423	ref_KF873526
MT426352.1	true	2543	5812	0.000000018733	3Seq	ref_KP168423	ref_KF873526
MT426351.1	true	2543	5812	0.000000011540	3Seq	ref_KP168423	ref_KF873526
MT426350.1	true	2543	5812	0.000000011540	3Seq	ref_KP168423	ref_KF873526
MT426349.1	true	2543	5812	0.000000018733	3Seq	ref_KP168423	ref_KF873526
MT426348.1	true	2543	5812	0.000000013485	3Seq	ref_KP168423	ref_KF873526
MT426347.1	true	2543	5812	0.000000011540	3Seq	ref_KP168423	ref_KF873526
MT426346.1	true	2543	5812	0.000000011540	3Seq	ref_KP168423	ref_KF873526
MT426345.1	false	0	0				
MT426344.1	false	0	0				
MT426343.1	false	0	0				
MT426342.1	false	0	0				
MT426341.1	false	0	0				
MT426340.1	false	0	0				
MT426339.1	false	0	0				
MT426338.1	false	0	0				
MT426337.1	false	0	0				
MT426336.1	false	0	0				
MT426335.1	false	0	0				
MT426334.1	false	0	0				
MT426333.1	false	0	0				
MT426332.1	false	0	0				
MT426331.1	false	0	0				
MT426330.1	false	0	0				
MT426329.1	false	0	0				
MT426328.1	false	0	0				
MT426327.1	false	0	0				
MT426326.1	false	0	0				
MT426325.1	false	0	0				
MT426324.1	false	0	0				
MT426323.1	false	0	0				
MT426322.1	false	0	0				
MT426321.1	false	0	0				
MT426320.1	false	0	0				
MT426319.1	false	0	0				
MT426318.1	false	0	0				
MT426317.1	false	0	0				
MT426316.1	false	0	0				
MT426315.1	false	0	0				
MT426314.1	false	0	0				
MT426313.1	false	0	0				
MT426312.1	false	0	0				
MT426311.1	false	0	0				
MT426310.1	false	0	0				
MT426309.1	false	0	0				
MT426308.1	false	0	0				
MT426307.1	false	0	0				
MT426306.1	false	0	0				
MT426305.1	false	0	0				
MT426304.1	false	0	0				
MT426303.1	false	0	0				
MT426302.1	false	0	0				
MT426301.1	false	0	0				
MT426300.1	false	0	0				
MT426299.1	false	0	0				
MT426298.1	false	0	0				
MT426297.1	false	0	0				
MT426296.1	false	0	0				
MT426295.1	false	0	0				
MT426294.1	false	0	0				
MT426293.1	false	0	0				
MT426292.1	false	0	0				
MT426291.1	false	0	0				
MT426290.1	false	0	0				
MT426289.1	false	0	0				
MT426288.1	false	0	0				
MT426287.1	false	0	0				
MT426286.1	false	0	0				
MT426285.1	false	0	0				
MT426284.1	false	0	0				
MT426283.1	false	0	0				
MT426282.1	false	0	0				
MT426281.1	false	0	0				
MT426280.1	false	0	0				
MT426279.1	false	0	0				
MT426278.1	false	0	0				
MT426277.1	false	0	0				
MT426276.1	false	0	0				
MT426275.1	false	0	0				
MT426274.1	false	0	0				
MT426273.1	false	0	0				
MT426272.1	false	0	0				
MT426271.1	false	0	0				
MT426270.1	false	0	0				
MT426269.1	false	0	0				
MT426268.1	false	0	0				
MT426267.1	false	0	0				
MT426266.1	false	0	0				
MT426265.1	false	0	0				
MT426264.1	false	0	0				
MT426263.1	false	0	0				
MT426262.1	false	0	0				
MT426261.1	false	0	0				
MT426260.1	false	0	0				
MT426259.1	false	0	0				
MT426258.1	false	0	0				
MT426257.1	false	0	0				
MT426256.1	false	0	0				
MT426255.1	false	0	0				
MT426254.1	false	0	0				
MT426253.1	false	0	0				
MT426252.1	false	0	0				
MT426251.1	false	0	0				
MT426250.1	false	0	0				
MT426249.1	false	0	0				
MT426248.1	false	0	0				
MT111596.1	false	0	0				
MT740718.1	false	0	0				
MT114171.1	false	0	0				
MN683731.1	true	2291	5888	0.000000000000	3Seq	ref_FJ904435	ref_AP011098
MN683730.1	true	2291	5888	0.000000000000	3Seq	ref_FJ904435	ref_AP011098
MN683729.1	false	0	0				
MN683728.1	true	2322	5872	0.000000000000	3Seq	ref_FJ692533	ref_KF873526
MN683727.1	true	4771	5691	0.000000000179	3Seq	ref_AP011099	ref_AB562463
MN683726.1	true	4771	5691	0.000000000217	3Seq	ref_AP011099	ref_AB562463
MN683717.1	true	2972	5888	0.000000000000	3Seq	ref_AB222711	ref_AP011098
MN683715.1	true	2972	5888	0.000000000000	3Seq	ref_AB222711	ref_AP011098
MN683714.1	true	2822	5888	0.000000000000	3Seq	ref_AB222711	ref_AP011098
MN683704.1	true	2972	5888	0.000000000000	3Seq	ref_AB222711	ref_AP011098
MN683701.1	true	2975	5888	0.000000000000	3Seq	ref_AB222711	ref_AP011098
MN683698.1	true	2972	5888	0.000000000000	3Seq	ref_AB222711	ref_AP011098
MN683695.1	true	2972	5888	0.000000000000	3Seq	ref_AB222711	ref_AP011098
MN683693.1	true	2972	5888	0.000000000000	3Seq	ref_AB222711	ref_AP011098
MN683691.1	true	2960	5872	0.000000000000	3Seq	ref_AB222711	ref_KF873526
MN683690.1	true	2972	5888	0.000000000000	3Seq	ref_AB222711	ref_AP011098
MN683689.1	true	2972	5888	0.000000000000	3Seq	ref_AB222711	ref_AP011098
MN683685.1	true	2291	5888	0.000000000000	3Seq	ref_FJ904435	ref_AP011098
MN683684.1	true	2291	5888	0.000000000000	3Seq	ref_FJ904435	ref_AP011098
MN683683.1	true	2291	5888	0.000000000000	3Seq	ref_FJ904435	ref_AP011098
MN683682.1	true	2291	5888	0.000000000000	3Seq	ref_FJ904435	ref_AP011098
MN683681.1	true	2291	5888	0.000000000000	3Seq	ref_FJ904435	ref_AP011098
MN683680.1	true	2291	5888	0.000000000000	3Seq	ref_FJ904435	ref_AP011098
MN683679.1	true	2291	5888	0.000000000000	3Seq	ref_FJ904435	ref_AP011098
MN683678.1	true	2291	5888	0.000000000000	3Seq	ref_FJ904435	ref_AP011098
MN683677.1	true	2291	5888	0.000000000000	3Seq	ref_FJ904435	ref_AP011098
MN683676.1	true	2291	5888	0.000000000000	3Seq	ref_FJ904435	ref_AP011098
MN683675.1	true	2291	5888	0.000000000000	3Seq	ref_FJ692533	ref_AP011098
MN683674.1	true	2291	5888	0.000000000000	3Seq	ref_FJ904435	ref_AP011098
MN683673.1	true	2291	5888	0.000000000000	3Seq	ref_FJ904435	ref_AP011098
MN683672.1	true	2291	5899	0.000000000000	3Seq	ref_KC875277	ref_AP011098
MN683671.1	true	2291	5888	0.000000000000	3Seq	ref_FJ904435	ref_AP011098
MN683670.1	true	2291	5888	0.000000000000	3Seq	ref_FJ904435	ref_AP011098
MN683669.1	true	2291	5888	0.000000000000	3Seq	ref_FJ904435	ref_AP011098
MN683668.1	true	2291	5888	0.000000000000	3Seq	ref_FJ904435	ref_AP011098
MN683667.1	true	2291	5888	0.000000000000	3Seq	ref_FJ904435	ref_AP011098
MN683666.1	true	2291	5888	0.000000000000	3Seq	ref_FJ904435	ref_AP011098
MN683665.1	true	2291	5888	0.000000000000	3Seq	ref_FJ904435	ref_AP011098
MN683664.1	true	2291	5888	0.000000000000	3Seq	ref_FJ904435	ref_AP011098
MN683663.1	true	2291	5888	0.000000000000	3Seq	ref_FJ904435	ref_AP011098
MN683661.1	true	2291	5888	0.000000000000	3Seq	ref_FJ904435	ref_AP011098
MN683660.1	true	2291	5888	0.000000000000	3Seq	ref_FJ904435	ref_AP011098
MN683659.1	true	2291	5888	0.000000000000	3Seq	ref_FJ904435	ref_AP011098
MN683658.1	true	2291	5888	0.000000000000	3Seq	ref_FJ904435	ref_AP011098
MN683657.1	true	1374	2291	0.000000000000	3Seq	ref_AP011098	ref_FJ904435
MN683656.1	true	2291	5888	0.000000000000	3Seq	ref_FJ904435	ref_AP011098
MN683655.1	true	2291	5899	0.000000000000	3Seq	ref_KC875277	ref_AP011098
MN683654.1	true	2291	5888	0.000000000000	3Seq	ref_FJ904435	ref_AP011098
MN683653.1	true	2291	5888	0.000000000000	3Seq	ref_FJ904435	ref_AP011098
MN683652.1	true	2291	5888	0.000000000000	3Seq	ref_FJ904435	ref_AP011098
MN683651.1	true	2291	5888	0.000000000000	3Seq	ref_FJ904435	ref_AP011098
MN683650.1	true	2291	5888	0.000000000000	3Seq	ref_FJ904435	ref_AP011098
MN683649.1	true	2291	5888	0.000000000000	3Seq	ref_FJ904435	ref_AP011098
MN683648.1	true	2291	5888	0.000000000000	3Seq	ref_FJ904435	ref_AP011098
MN683647.1	true	2291	5888	0.000000000000	3Seq	ref_FJ904435	ref_AP011098
MN683646.1	true	2291	5888	0.000000000000	3Seq	ref_FJ904435	ref_AP011098
MN657318.1	true	2291	5888	0.000000000000	3Seq	ref_FJ904435	ref_AP011098
MN657317.1	true	2291	5888	0.000000000000	3Seq	ref_FJ904435	ref_AP011098
MN657316.1	true	2291	5888	0.000000000000	3Seq	ref_FJ904435	ref_AP011098
MN657315.1	true	2291	5888	0.000000000000	3Seq	ref_FJ904435	ref_AP011098
MN650086.1	true	2972	5888	0.000000000000	3Seq	ref_AB222711	ref_AP011098
MN650077.1	true	2972	5888	0.000000000000	3Seq	ref_AB222711	ref_AP011098
MN650075.1	true	2972	5888	0.000000000000	3Seq	ref_AB222711	ref_AP011098
MN650072.1	true	2972	5888	0.000000000000	3Seq	ref_AB222711	ref_AP011098
MN650068.1	true	2291	5780	0.000000000000	3Seq	ref_FJ904435	ref_AP011098
MN683645.1	true	2291	5888	0.000000000000	3Seq	ref_FJ904435	ref_AP011098
MN683644.1	true	2291	5888	0.000000000000	3Seq	ref_FJ904435	ref_AP011098
MN683643.1	true	2291	5888	0.000000000000	3Seq	ref_FJ904435	ref_AP011098
MN683642.1	true	2291	5888	0.000000000000	3Seq	ref_FJ904435	ref_AP011098
MN683641.1	true	2291	5888	0.000000000000	3Seq	ref_FJ904435	ref_AP011098
MN683640.1	true	2291	5888	0.000000000000	3Seq	ref_FJ904435	ref_AP011098
MN683639.1	true	2291	5888	0.000000000000	3Seq	ref_FJ904435	ref_AP011098
MN683638.1	true	2291	5888	0.000000000000	3Seq	ref_FJ904435	ref_AP011098
MN683637.1	true	2291	5888	0.000000000000	3Seq	ref_FJ904435	ref_AP011098
MN683636.1	true	2291	5888	0.000000000000	3Seq	ref_FJ904435	ref_AP011098
MN683635.1	true	2291	5888	0.000000000000	3Seq	ref_FJ904435	ref_AP011098
MN683634.1	true	2291	5888	0.000000000000	3Seq	ref_FJ904435	ref_AP011098
MN683633.1	true	2291	5888	0.000000000000	3Seq	ref_FJ904435	ref_AP011098
MN683632.1	true	2291	5888	0.000000000000	3Seq	ref_FJ904435	ref_AP011098
MN683631.1	true	2291	5888	0.000000000000	3Seq	ref_FJ904435	ref_AP011098
MN683630.1	true	2291	5888	0.000000000000	3Seq	ref_FJ904435	ref_AP011098
MN683629.1	true	2291	5888	0.000000000000	3Seq	ref_FJ904435	ref_AP011098
MN683628.1	true	2291	5888	0.000000000000	3Seq	ref_FJ904435	ref_AP011098
MN683627.1	true	2291	5888	0.000000000000	3Seq	ref_FJ904435	ref_AP011098
MN683626.1	true	2291	5888	0.000000000000	3Seq	ref_FJ904435	ref_AP011098
MN683625.1	true	2291	5888	0.000000000000	3Seq	ref_FJ904435	ref_AP011098
MN683624.1	true	1479	2291	0.000000000000	3Seq	ref_AP011098	ref_KC875277
MN683623.1	true	2291	5888	0.000000000000	3Seq	ref_FJ904435	ref_AP011098
MN683622.1	true	2291	5888	0.000000000000	3Seq	ref_FJ904435	ref_AP011098
MN683621.1	true	2291	5888	0.000000000000	3Seq	ref_FJ904435	ref_AP011098
MN683620.1	true	2291	5899	0.000000000000	3Seq	ref_KC875277	ref_AP011098
MN683619.1	true	2291	5888	0.000000000000	3Seq	ref_FJ904435	ref_AP011098
MN683618.1	true	2291	5899	0.000000000000	3Seq	ref_KC875277	ref_AP011098
MN683617.1	true	2291	5888	0.000000000000	3Seq	ref_FJ904435	ref_AP011098
MN683616.1	true	2291	5888	0.000000000000	3Seq	ref_FJ904435	ref_AP011098
MN683615.1	true	2291	5888	0.000000000000	3Seq	ref_FJ904435	ref_AP011098
MN683614.1	true	2291	5888	0.000000000000	3Seq	ref_FJ904435	ref_AP011098
MN683613.1	true	2291	5888	0.000000000000	3Seq	ref_FJ904435	ref_AP011098
MN683612.1	true	2291	5888	0.000000000000	3Seq	ref_FJ904435	ref_AP011098
MN683611.1	true	2291	5899	0.000000000000	3Seq	ref_KC875277	ref_AP011098
MN683610.1	true	2291	5899	0.000000000000	3Seq	ref_KC875277	ref_AP011098
MN683609.1	true	2291	5888	0.000000000000	3Seq	ref_FJ904435	ref_AP011098
MN683608.1	true	2311	5888	0.000000000000	3Seq	ref_FJ904435	ref_AP011098
MN683607.1	true	2291	5888	0.000000000000	3Seq	ref_FJ904435	ref_AP011098
MN683606.1	true	2291	5888	0.000000000000	3Seq	ref_FJ904435	ref_AP011098
MN683605.1	true	2291	5888	0.000000000000	3Seq	ref_FJ904435	ref_AP011098
MN683604.1	true	2291	5888	0.000000000000	3Seq	ref_FJ904435	ref_AP011098
MN683603.1	true	2291	5888	0.000000000000	3Seq	ref_FJ904435	ref_AP011098
MN683602.1	true	2291	5888	0.000000000000	3Seq	ref_FJ904435	ref_AP011098
MN683601.1	true	2291	5888	0.000000000000	3Seq	ref_FJ904435	ref_AP011098
MN683600.1	true	2316	5888	0.000000000000	3Seq	ref_FJ904435	ref_AP011098
MN683599.1	true	2311	5888	0.000000000000	3Seq	ref_FJ904435	ref_AP011098
MN683598.1	true	2311	5888	0.000000000000	3Seq	ref_FJ904435	ref_AP011098
MN683597.1	true	2291	5888	0.000000000000	3Seq	ref_FJ904435	ref_AP011098
MN683596.1	true	2291	5888	0.000000000000	3Seq	ref_FJ904435	ref_AP011098
MN683595.1	true	2291	5888	0.000000000000	3Seq	ref_FJ904435	ref_AP011098
MN683594.1	true	2291	5888	0.000000000000	3Seq	ref_FJ904435	ref_AP011098
MN683593.1	true	2291	5888	0.000000000000	3Seq	ref_FJ904435	ref_AP011098
MN683592.1	true	2291	5888	0.000000000000	3Seq	ref_FJ904435	ref_AP011098
MN683591.1	true	2291	5888	0.000000000000	3Seq	ref_FJ904435	ref_AP011098
MN683590.1	true	2291	5888	0.000000000000	3Seq	ref_FJ904435	ref_AP011098
MN683589.1	true	2291	5888	0.000000000000	3Seq	ref_FJ904435	ref_AP011098
MN683588.1	true	2045	5888	0.000000000000	3Seq	ref_FJ692533	ref_AP011098
MN683587.1	true	2291	5888	0.000000000000	3Seq	ref_FJ904435	ref_AP011098
MN683586.1	true	2291	5888	0.000000000000	3Seq	ref_FJ904435	ref_AP011098
MN683585.1	true	1374	2291	0.000000000000	3Seq	ref_AP011098	ref_FJ904435
MN683584.1	true	2291	5888	0.000000000000	3Seq	ref_FJ904435	ref_AP011098
MN683583.1	true	1374	2291	0.000000000000	3Seq	ref_AP011098	ref_FJ904435
MN683582.1	true	2291	5888	0.000000000000	3Seq	ref_FJ904435	ref_AP011098
MN683581.1	true	2291	5888	0.000000000000	3Seq	ref_FJ904435	ref_AP011098
MN683580.1	true	2291	5888	0.000000000000	3Seq	ref_FJ904435	ref_AP011098
MN683579.1	true	2291	5888	0.000000000000	3Seq	ref_FJ904435	ref_AP011098
MN683578.1	true	2291	5888	0.000000000000	3Seq	ref_FJ904435	ref_AP011098
MN683577.1	true	2291	5888	0.000000000000	3Seq	ref_FJ904435	ref_AP011098
MN683576.1	true	1374	2291	0.000000000000	3Seq	ref_AP011098	ref_FJ904435
MN683575.1	true	2291	5888	0.000000000000	3Seq	ref_FJ904435	ref_AP011098
MN683574.1	true	1374	2291	0.000000000000	3Seq	ref_AP011098	ref_FJ904435
MN683573.1	true	2291	5888	0.000000000000	3Seq	ref_FJ904435	ref_AP011098
MN683572.1	true	2291	5888	0.000000000000	3Seq	ref_FJ904435	ref_AP011098
MN683571.1	true	2291	5888	0.000000000000	3Seq	ref_FJ904435	ref_AP011098
MN683570.1	true	2311	5888	0.000000000000	3Seq	ref_FJ904435	ref_AP011098
KU695746.1	false	0	0				
KU695745.1	false	0	0				
KU695744.1	false	0	0				
KU695743.1	true	2332	5804	0.000000017194	3Seq	ref_AM184126	ref_KF873526
KU695742.1	false	0	0				
KU695741.1	true	2332	5804	0.000000015372	3Seq	ref_AM184126	ref_KF873526
KU679960.1	true	1749	2391	0.000000011464	3Seq	ref_KJ173333	ref_AB486012
KU679959.1	true	1738	2407	0.000000000063	3Seq	ref_AB554015	ref_AB486012
KU679958.1	false	0	0				
KU679957.1	true	2407	5871	0.000000003024	3Seq	ref_AB486012	ref_EU670263
KU679956.1	true	3067	5076	0.000000008104	3Seq	ref_EU594385	ref_JQ801514
KU679955.1	true	1749	2365	0.000000031320	3Seq	ref_KJ173333	ref_AB486012
JQ688404.1	true	4771	5691	0.000000004106	3Seq	ref_AP011099	ref_AB562463
JQ688403.1	false	0	0				
MN535017.1	true	4771	5691	0.000000003963	3Seq	ref_AP011099	ref_AB562463
MK720630.1	true	4771	5653	0.000000015294	3Seq	ref_AP011099	ref_AB562463
MK720629.1	true	4771	5653	0.000000015294	3Seq	ref_AP011099	ref_AB562463
MK720628.1	true	4771	5691	0.000000003133	3Seq	ref_AP011099	ref_AB562463
MK720627.1	true	4771	5691	0.000000003133	3Seq	ref_AP011099	ref_AB562463
MK321266.1	true	4771	5653	0.000000018188	3Seq	ref_AP011099	ref_AB562463
MK321265.1	true	4771	5653	0.000000006172	3Seq	ref_AP011099	ref_AB562463
MK286461.1	false	0	0				
KU679954.1	true	1772	2348	0.000000001207	3Seq	ref_AP011098	ref_AB486012
KU679953.1	true	1772	2409	0.000000000025	3Seq	ref_AP011098	ref_AB486012
KU679952.1	true	1941	2476	0.000000002239	3Seq	ref_KJ173333	ref_AB486012
KU679951.1	true	3067	5076	0.000000007954	3Seq	ref_EU594385	ref_JQ801514
KU679950.1	true	1749	2407	0.000000000608	3Seq	ref_KJ173333	ref_AB486012
KU679949.1	true	1772	2409	0.000000000001	3Seq	ref_AP011098	ref_AB486012
KU679948.1	true	1738	2407	0.000000000045	3Seq	ref_AB554015	ref_AB486012
KU679947.1	true	2407	5871	0.000000025757	3Seq	ref_AB486012	ref_AB554015
KU679946.1	true	1738	2407	0.000000000021	3Seq	ref_AB554015	ref_AB486012
KU679945.1	true	1772	2348	0.000000000558	3Seq	ref_AP011098	ref_AB486012
KU679944.1	true	1749	2407	0.000000000024	3Seq	ref_KJ173333	ref_AB486012
KU679943.1	true	1772	2348	0.000000000535	3Seq	ref_AP011098	ref_AB486012
KU679942.1	true	1772	2348	0.000000000575	3Seq	ref_AP011098	ref_AB486012
KU679941.1	true	1772	2469	0.000000002288	3Seq	ref_AP011098	ref_AB486012
KU679940.1	true	1749	2391	0.000000028597	3Seq	ref_KJ173333	ref_AB486012
KU679939.1	true	1749	2391	0.000000015156	3Seq	ref_KJ173333	ref_AB486012
KU679938.1	true	1772	2409	0.000000000113	3Seq	ref_AP011098	ref_AB486012
KU679937.1	true	1941	2476	0.000000023941	3Seq	ref_KJ173333	ref_AB486012
KU679936.1	true	1749	2365	0.000000020620	3Seq	ref_KJ173333	ref_AB486012
MK818227.1	false	0	0				
MK628732.1	false	0	0				
MH891502.1	false	0	0				
MH887433.1	true	4771	5691	0.000000030311	3Seq	ref_AP011099	ref_AB562463
MH818373.1	true	4584	5888	0.000000000009	3Seq	ref_GQ161817	ref_FJ023669
MG571359.1	false	0	0				
MG571345.1	false	0	0				
LC416040.1	true	2397	3085	0.000000005089	3Seq	ref_AB562463	ref_X02763
LC373512.1	true	4814	5696	0.000000037125	3Seq	ref_AP011099	ref_KF873526
LC373511.1	false	0	0				
MG893561.1	true	4771	5691	0.000000011818	3Seq	ref_AP011099	ref_AB562463
MG893560.1	true	4787	5696	0.000000002423	3Seq	ref_AP011099	ref_KF873526
MG893559.1	true	1533	3805	0.000000024956	3Seq	ref_AB562463	ref_GQ161817
MG893558.1	true	4771	5691	0.000000003229	3Seq	ref_AP011099	ref_AB562463
MG893557.1	false	0	0				
MG893556.1	true	4771	5691	0.000000025672	3Seq	ref_AP011099	ref_AB562463
MG893555.1	true	4771	5778	0.000000002356	3Seq	ref_AP011099	ref_AB562463
MG893554.1	true	4771	5778	0.000000001940	3Seq	ref_AP011099	ref_AB562463
MG893553.1	true	4771	5691	0.000000005781	3Seq	ref_AP011099	ref_AB562463
MG826127.1	true	4771	5691	0.000000016632	3Seq	ref_AP011099	ref_AB562463
MG571335.1	false	0	0				
MG571332.1	false	0	0				
MH220971.1	false	0	0				
MG725248.1	false	0	0				
MF925410.1	false	0	0				
MF925409.1	false	0	0				
MF925408.1	false	0	0				
MF925406.1	false	0	0				
MF925405.1	false	0	0				
MF925403.1	true	2868	4489	0.000000000000	3Seq	ref_DQ089781	ref_AB562463
MF925399.1	true	2868	4519	0.000000000000	3Seq	ref_DQ089781	ref_GU815637
MF925398.1	false	0	0				
MF925395.1	false	0	0				
MF925394.1	false	0	0				
MF925389.1	true	2343	5820	0.000000000002	3Seq	ref_AB222711	ref_KF873526
MF925387.1	false	0	0				
MF925382.1	true	2868	4489	0.000000000000	3Seq	ref_DQ089781	ref_D23679
MF925381.1	true	2868	4515	0.000000000000	3Seq	ref_DQ089781	ref_AB073835
MF925379.1	true	2976	4300	0.000000000000	3Seq	ref_MF925358	ref_AB562463
MF925378.1	false	0	0				
MF925377.1	false	0	0				
MF925376.1	false	0	0				
MF925375.1	false	0	0				
MF925374.1	false	0	0				
MF925370.1	true	2868	4529	0.000000000000	3Seq	ref_DQ089781	ref_AP011085
MF925369.1	false	0	0				
MF925367.1	false	0	0				
MF925365.1	false	0	0				
MF925359.1	false	0	0				
KY882003.1	false	0	0				
KY882002.1	true	4765	5691	0.000000028870	3Seq	ref_AP011099	ref_AB562463
KY882001.1	false	0	0				
KY882000.1	true	4771	5691	0.000000010015	3Seq	ref_AP011099	ref_AB562463
KY881999.1	true	4771	5691	0.000000017475	3Seq	ref_AP011099	ref_AB562463
KY881998.1	true	4771	5691	0.000000030311	3Seq	ref_AP011099	ref_AB562463
KY881997.1	false	0	0				
KY881996.1	true	4771	5691	0.000000017475	3Seq	ref_AP011099	ref_AB562463
KY881995.1	true	4771	5691	0.000000017475	3Seq	ref_AP011099	ref_AB562463
KY881994.1	false	0	0				
KY881993.1	false	0	0				
KY881992.1	true	4771	5691	0.000000030311	3Seq	ref_AP011099	ref_AB562463
KY881991.1	false	0	0				
KY881990.1	false	0	0				
KY881989.1	false	0	0				
KY881988.1	false	0	0				
KY881987.1	false	0	0				
KY881986.1	true	4771	5691	0.000000030311	3Seq	ref_AP011099	ref_AB562463
KY881985.1	true	4771	5691	0.000000030311	3Seq	ref_AP011099	ref_AB562463
KY881984.1	false	0	0				
KY881983.1	true	4771	5691	0.000000017475	3Seq	ref_AP011099	ref_AB562463
KY881982.1	true	4771	5691	0.000000030311	3Seq	ref_AP011099	ref_AB562463
KY881981.1	false	0	0				
KY881980.1	false	0	0				
KY881979.1	true	4807	5741	0.000000037125	3Seq	ref_AP011099	ref_KF873526
KY881978.1	false	0	0				
KY881977.1	true	4771	5691	0.000000017475	3Seq	ref_AP011099	ref_AB562463
KY881976.1	true	4163	5063	0.000000026194	3Seq	ref_X02763	ref_AB486012
KY881975.1	true	4771	5691	0.000000017475	3Seq	ref_AP011099	ref_AB562463
KY881974.1	false	0	0				
KY881973.1	false	0	0				
KY881972.1	false	0	0				
KY881971.1	false	0	0				
KY881970.1	true	4771	5691	0.000000010015	3Seq	ref_AP011099	ref_AB562463
KY881969.1	true	4771	5691	0.000000030311	3Seq	ref_AP011099	ref_AB562463
KY881968.1	true	4771	5691	0.000000030311	3Seq	ref_AP011099	ref_AB562463
KY881967.1	true	4771	5691	0.000000017475	3Seq	ref_AP011099	ref_AB562463
KY881966.1	false	0	0				
KY881965.1	true	4771	5691	0.000000030311	3Seq	ref_AP011099	ref_AB562463
KY881964.1	true	4771	5691	0.000000006727	3Seq	ref_AP011099	ref_AB562463
KY881963.1	true	4771	5691	0.000000030311	3Seq	ref_AP011099	ref_AB562463
KY881962.1	false	0	0				
KY881961.1	false	0	0				
KY881960.1	false	0	0				
KY881959.1	true	4771	5691	0.000000030311	3Seq	ref_AP011099	ref_AB562463
KY881943.1	true	4771	5691	0.000000010015	3Seq	ref_AP011099	ref_AB562463
KY881942.1	true	4771	5691	0.000000017475	3Seq	ref_AP011099	ref_AB562463
KY881941.1	true	4771	5691	0.000000017475	3Seq	ref_AP011099	ref_AB562463
KY881940.1	true	4771	5691	0.000000017475	3Seq	ref_AP011099	ref_AB562463
KY881939.1	true	4771	5691	0.000000030311	3Seq	ref_AP011099	ref_AB562463
KY881938.1	true	4771	5691	0.000000030311	3Seq	ref_AP011099	ref_AB562463
KY881937.1	true	4771	5691	0.000000005705	3Seq	ref_AP011099	ref_AB562463
KY881936.1	true	4771	5691	0.000000017475	3Seq	ref_AP011099	ref_AB562463
KY881935.1	true	4771	5691	0.000000017475	3Seq	ref_AP011099	ref_AB562463
KY881934.1	true	4771	5691	0.000000030311	3Seq	ref_AP011099	ref_AB562463
KY881933.1	true	4771	5691	0.000000030311	3Seq	ref_AP011099	ref_AB562463
KY881932.1	true	4771	5691	0.000000030311	3Seq	ref_AP011099	ref_AB562463
KY881931.1	true	4771	5691	0.000000017475	3Seq	ref_AP011099	ref_AB562463
KY881930.1	true	4771	5691	0.000000030311	3Seq	ref_AP011099	ref_AB562463
KY881929.1	false	0	0				
KY881928.1	false	0	0				
KY881927.1	true	4771	5691	0.000000030311	3Seq	ref_AP011099	ref_AB562463
KY881926.1	true	4771	5691	0.000000017475	3Seq	ref_AP011099	ref_AB562463
KY881924.1	true	4771	5691	0.000000030311	3Seq	ref_AP011099	ref_AB562463
KY881923.1	true	4771	5691	0.000000030311	3Seq	ref_AP011099	ref_AB562463
KY881922.1	true	4771	5691	0.000000017475	3Seq	ref_AP011099	ref_AB562463
KY881921.1	true	4771	5691	0.000000017475	3Seq	ref_AP011099	ref_AB562463
KY881920.1	true	4771	5691	0.000000017475	3Seq	ref_AP011099	ref_AB562463
KY881919.1	true	4771	5691	0.000000017475	3Seq	ref_AP011099	ref_AB562463
KY881918.1	true	4771	5691	0.000000017475	3Seq	ref_AP011099	ref_AB562463
KY881917.1	true	4771	5691	0.000000010015	3Seq	ref_AP011099	ref_AB562463
KY881916.1	true	4771	5691	0.000000017475	3Seq	ref_AP011099	ref_AB562463
KY881915.1	true	4771	5691	0.000000017475	3Seq	ref_AP011099	ref_AB562463
KY881892.1	false	0	0				
KY881891.1	false	0	0				
KY881890.1	false	0	0				
KY881889.1	true	4771	5691	0.000000033540	3Seq	ref_AP011099	ref_AB562463
KY881888.1	false	0	0				
KY881887.1	true	4771	5691	0.000000034713	3Seq	ref_AP011099	ref_AB562463
KY881886.1	false	0	0				
KY881885.1	true	4771	5691	0.000000033540	3Seq	ref_AP011099	ref_AB562463
KY881884.1	false	0	0				
KY881883.1	false	0	0				
KY881882.1	false	0	0				
KY881881.1	false	0	0				
KY881880.1	true	4771	5691	0.000000040561	3Seq	ref_AP011099	ref_AB562463
KY881879.1	false	0	0				
KY881878.1	false	0	0				
KY881877.1	false	0	0				
KY881876.1	false	0	0				
KY881875.1	false	0	0				
KY881874.1	false	0	0				
KY881873.1	false	0	0				
KY881872.1	false	0	0				
KY881871.1	false	0	0				
KY881870.1	false	0	0				
KY881867.1	true	4488	5108	0.000000000000	3Seq	ref_D23679	ref_AP011098
KY881840.1	true	4771	5691	0.000000024395	3Seq	ref_AP011099	ref_AB562463
KY881819.1	true	4771	5691	0.000000001322	3Seq	ref_AP011099	ref_AB562463
KY881818.1	true	4771	5691	0.000000000450	3Seq	ref_AP011099	ref_AB562463
KY881817.1	true	4771	5691	0.000000005424	3Seq	ref_AP011099	ref_AB562463
KY881816.1	true	4771	5691	0.000000008174	3Seq	ref_AP011099	ref_AB562463
KY881815.1	true	4771	5691	0.000000006870	3Seq	ref_AP011099	ref_AB562463
KY881814.1	true	4771	5691	0.000000000705	3Seq	ref_AP011099	ref_AB562463
KY881813.1	true	4807	5696	0.000000004167	3Seq	ref_AP011099	ref_KF873526
KY881812.1	true	4807	5741	0.000000025860	3Seq	ref_AP011099	ref_KF873526
KY881811.1	true	4771	5691	0.000000000705	3Seq	ref_AP011099	ref_AB562463
KY881810.1	true	4771	5691	0.000000001322	3Seq	ref_AP011099	ref_AB562463
KY881809.1	true	4771	5691	0.000000024395	3Seq	ref_AP011099	ref_AB562463
KY881807.1	true	4771	5691	0.000000003594	3Seq	ref_AP011099	ref_AB562463
KY881806.1	true	4771	5691	0.000000001322	3Seq	ref_AP011099	ref_AB562463
KY881805.1	true	4771	5691	0.000000003834	3Seq	ref_AP011099	ref_AB562463
KY881804.1	true	4771	5691	0.000000006870	3Seq	ref_AP011099	ref_AB562463
KY881803.1	true	4771	5691	0.000000006870	3Seq	ref_AP011099	ref_AB562463
KY881802.1	true	4771	5691	0.000000009736	3Seq	ref_AP011099	ref_AB562463
KY881777.1	true	4771	5691	0.000000010015	3Seq	ref_AP011099	ref_AB562463
KY881776.1	true	4771	5691	0.000000010015	3Seq	ref_AP011099	ref_AB562463
KY881775.1	true	4771	5691	0.000000010015	3Seq	ref_AP011099	ref_AB562463
KY881774.1	true	4771	5691	0.000000010015	3Seq	ref_AP011099	ref_AB562463
KY881773.1	true	4771	5691	0.000000010015	3Seq	ref_AP011099	ref_AB562463
KY881772.1	true	4771	5691	0.000000010015	3Seq	ref_AP011099	ref_AB562463
KY881771.1	true	4771	5691	0.000000010015	3Seq	ref_AP011099	ref_AB562463
KY881770.1	true	4771	5691	0.000000010015	3Seq	ref_AP011099	ref_AB562463
KY881769.1	true	4771	5691	0.000000010015	3Seq	ref_AP011099	ref_AB562463
KY881768.1	true	4771	5691	0.000000010015	3Seq	ref_AP011099	ref_AB562463
KY881767.1	true	4771	5691	0.000000010015	3Seq	ref_AP011099	ref_AB562463
KY881766.1	true	4771	5691	0.000000010015	3Seq	ref_AP011099	ref_AB562463
KY881765.1	true	4771	5691	0.000000010015	3Seq	ref_AP011099	ref_AB562463
KY881764.1	true	4771	5691	0.000000010015	3Seq	ref_AP011099	ref_AB562463
KY881763.1	true	4771	5691	0.000000010015	3Seq	ref_AP011099	ref_AB562463
KY881762.1	true	4771	5691	0.000000010015	3Seq	ref_AP011099	ref_AB562463
KY881758.1	true	4771	5691	0.000000010015	3Seq	ref_AP011099	ref_AB562463
KY881755.1	true	4771	5691	0.000000010015	3Seq	ref_AP011099	ref_AB562463
KY881754.1	true	4771	5691	0.000000010015	3Seq	ref_AP011099	ref_AB562463
KY881751.1	true	4771	5691	0.000000010015	3Seq	ref_AP011099	ref_AB562463
KY881750.1	true	4771	5691	0.000000010015	3Seq	ref_AP011099	ref_AB562463
KY881749.1	true	4771	5691	0.000000010015	3Seq	ref_AP011099	ref_AB562463
KY881748.1	true	4771	5691	0.000000010015	3Seq	ref_AP011099	ref_AB562463
KY881744.1	true	4771	5691	0.000000010015	3Seq	ref_AP011099	ref_AB562463
KY881743.1	true	4771	5691	0.000000010015	3Seq	ref_AP011099	ref_AB562463
KY881742.1	true	4771	5691	0.000000010015	3Seq	ref_AP011099	ref_AB562463
KY881739.1	true	4771	5691	0.000000010015	3Seq	ref_AP011099	ref_AB562463
KY881738.1	true	4771	5691	0.000000010015	3Seq	ref_AP011099	ref_AB562463
KY881737.1	true	4771	5691	0.000000010015	3Seq	ref_AP011099	ref_AB562463
KY881736.1	true	4771	5691	0.000000010015	3Seq	ref_AP011099	ref_AB562463
KX774507.1	false	0	0				
KX774506.1	false	0	0				
KX774504.1	false	0	0				
KX774503.1	false	0	0				
KX765855.1	false	0	0				
KX765853.1	false	0	0				
KX765852.1	false	0	0				
KX765851.1	false	0	0				
KX765850.1	false	0	0				
KX765849.1	false	0	0				
KX765848.1	false	0	0				
KX765847.1	false	0	0				
KX765846.1	false	0	0				
KX765845.1	false	0	0				
KX765844.1	false	0	0				
KX765843.1	false	0	0				
KX765842.1	false	0	0				
KX765840.1	false	0	0				
KX765839.1	false	0	0				
KX765838.1	false	0	0				
KX765837.1	false	0	0				
KX765836.1	false	0	0				
KX765834.1	false	0	0				
KX765833.1	false	0	0				
KX765832.1	false	0	0				
KX765831.1	false	0	0				
KX765830.1	false	0	0				
KX765829.1	false	0	0				
KX765828.1	false	0	0				
KX765827.1	false	0	0				
KX765826.1	false	0	0				
KX765825.1	false	0	0				
KX765824.1	false	0	0				
KX765823.1	false	0	0				
KX765822.1	false	0	0				
KX765821.1	false	0	0				
KX765820.1	false	0	0				
KX765819.1	false	0	0				
KX765818.1	false	0	0				
MF674514.1	false	0	0				
MF674504.1	true	2543	5812	0.000000022339	3Seq	ref_KP168423	ref_KF873526
MF674502.1	false	0	0				
MF674501.1	false	0	0				
MF674494.1	false	0	0				
MF674489.1	false	0	0				
MF674486.1	false	0	0				
MF674484.1	false	0	0				
MF674477.1	true	4085	5180	0.000000000000	3Seq	ref_D23679	ref_AP011098
MF674475.1	false	0	0				
MF674474.1	false	0	0				
MF674472.1	false	0	0				
MF674471.1	false	0	0				
MF674468.1	false	0	0				
MF674467.1	false	0	0				
MF674463.1	false	0	0				
MF674458.1	true	2543	5812	0.000000019459	3Seq	ref_KP168423	ref_KF873526
MF674457.1	false	0	0				
MF674454.1	false	0	0				
MF674444.1	false	0	0				
MF674442.1	false	0	0				
MF674435.1	false	0	0				
MF674430.1	false	0	0				
MF674429.1	false	0	0				
MF674428.1	true	4118	4992	0.000000007970	3Seq	ref_KM606737	ref_AB486012
MF674425.1	true	2543	5812	0.000000019459	3Seq	ref_KP168423	ref_KF873526
MF674418.1	false	0	0				
MF674417.1	false	0	0				
MF674412.1	false	0	0				
MF674411.1	false	0	0				
MF674408.1	false	0	0				
MF674403.1	false	0	0				
MF674402.1	false	0	0				
MF674399.1	false	0	0				
MF674398.1	false	0	0				
MF674390.1	true	2813	5812	0.000000010345	3Seq	ref_FJ692557	ref_KF873526
MF674388.1	false	0	0				
MF674386.1	false	0	0				
MF674384.1	true	4085	5180	0.000000000000	3Seq	ref_D23679	ref_AP011098
LC064379.1	false	0	0				
KY670782.1	true	4771	5691	0.000000002356	3Seq	ref_AP011099	ref_AB562463
KY670781.1	true	2291	5888	0.000000000000	3Seq	ref_FJ904435	ref_AP011098
KY670780.1	false	0	0				
KY629637.1	true	4771	5691	0.000000006870	3Seq	ref_AP011099	ref_AB562463
KY629632.1	true	2291	5899	0.000000000000	3Seq	ref_KC875277	ref_AP011098
KY629631.1	false	0	0				
KY470991.1	true	4771	5691	0.000000011608	3Seq	ref_AP011099	ref_AB562463
KY470990.1	true	4771	5691	0.000000011608	3Seq	ref_AP011099	ref_AB562463
KY470989.1	true	4771	5691	0.000000020630	3Seq	ref_AP011099	ref_AB562463
KY470988.1	true	4771	5691	0.000000020630	3Seq	ref_AP011099	ref_AB562463
KY470987.1	true	4771	5691	0.000000020630	3Seq	ref_AP011099	ref_AB562463
KY470986.1	true	4771	5691	0.000000036457	3Seq	ref_AP011099	ref_AB562463
KY470985.1	true	4771	5691	0.000000020630	3Seq	ref_AP011099	ref_AB562463
KY470984.1	true	4771	5691	0.000000020630	3Seq	ref_AP011099	ref_AB562463
KY470983.1	true	4771	5691	0.000000011608	3Seq	ref_AP011099	ref_AB562463
KY470982.1	true	4771	5691	0.000000020630	3Seq	ref_AP011099	ref_AB562463
KY470981.1	true	4771	5691	0.000000020630	3Seq	ref_AP011099	ref_AB562463
KY470980.1	true	4771	5691	0.000000020630	3Seq	ref_AP011099	ref_AB562463
KY470979.1	true	4807	5696	0.000000020733	3Seq	ref_AP011099	ref_KF873526
KY470978.1	true	4807	5696	0.000000020733	3Seq	ref_AP011099	ref_KF873526
KY470977.1	true	4807	5696	0.000000020733	3Seq	ref_AP011099	ref_KF873526
KY470976.1	true	4807	5696	0.000000025860	3Seq	ref_AP011099	ref_KF873526
KY470975.1	true	4807	5696	0.000000020733	3Seq	ref_AP011099	ref_KF873526
KY470974.1	true	4807	5696	0.000000005563	3Seq	ref_AP011099	ref_KF873526
KY470973.1	true	4807	5696	0.000000039822	3Seq	ref_AP011099	ref_KF873526
KY470972.1	true	4807	5696	0.000000020733	3Seq	ref_AP011099	ref_KF873526
KY470971.1	true	4807	5696	0.000000020733	3Seq	ref_AP011099	ref_KF873526
KY470970.1	true	4807	5696	0.000000005563	3Seq	ref_AP011099	ref_KF873526
KY470969.1	true	4807	5696	0.000000005563	3Seq	ref_AP011099	ref_KF873526
KY470968.1	true	4807	5696	0.000000020733	3Seq	ref_AP011099	ref_KF873526
KY470967.1	true	4807	5696	0.000000010730	3Seq	ref_AP011099	ref_KF873526
KY470966.1	true	4807	5696	0.000000020733	3Seq	ref_AP011099	ref_KF873526
KY470965.1	true	4807	5696	0.000000005563	3Seq	ref_AP011099	ref_KF873526
KY470952.1	false	0	0				
KY470951.1	false	0	0				
KY470950.1	true	1798	2594	0.000000043026	3Seq	ref_KF873526	ref_D23679
KY470949.1	false	0	0				
KY470948.1	true	1798	2594	0.000000043026	3Seq	ref_KF873526	ref_D23679
KY470947.1	false	0	0				
KY470946.1	true	1798	2594	0.000000043026	3Seq	ref_KF873526	ref_D23679
KY470945.1	false	0	0				
KY470944.1	false	0	0				
KY470943.1	true	1798	2594	0.000000043026	3Seq	ref_KF873526	ref_D23679
KY470942.1	true	1798	2594	0.000000043026	3Seq	ref_KF873526	ref_D23679
KY470941.1	true	1798	2594	0.000000043026	3Seq	ref_KF873526	ref_D23679
KY470940.1	true	1798	2594	0.000000043026	3Seq	ref_KF873526	ref_D23679
KY470939.1	true	1798	2594	0.000000043026	3Seq	ref_KF873526	ref_D23679
KY470938.1	true	1798	2594	0.000000043026	3Seq	ref_KF873526	ref_D23679
KY470937.1	true	1798	2594	0.000000038158	3Seq	ref_KF873526	ref_D23679
KY470936.1	true	1798	2594	0.000000043026	3Seq	ref_KF873526	ref_D23679
KY470935.1	true	1798	2594	0.000000043026	3Seq	ref_KF873526	ref_D23679
KY470934.1	false	0	0				
KY470933.1	false	0	0				
KY470932.1	false	0	0				
KY470931.1	false	0	0				
KY470930.1	false	0	0				
KY470929.1	false	0	0				
KY470928.1	false	0	0				
KY470927.1	false	0	0				
KY470926.1	false	0	0				
KY470925.1	false	0	0				
KY470924.1	false	0	0				
KY470923.1	false	0	0				
KY470922.1	false	0	0				
KY470921.1	false	0	0				
KY470920.1	false	0	0				
KY470919.1	false	0	0				
KY470918.1	false	0	0				
KY470917.1	false	0	0				
KY470916.1	false	0	0				
KY470915.1	false	0	0				
KY470913.1	false	0	0				
KY470912.1	false	0	0				
KY470911.1	false	0	0				
KY470910.1	false	0	0				
KY470909.1	false	0	0				
KY470908.1	false	0	0				
KY470907.1	false	0	0				
KY470906.1	false	0	0				
KY470905.1	true	4771	5691	0.000000003229	3Seq	ref_AP011099	ref_AB562463
KY470904.1	true	4771	5691	0.000000003229	3Seq	ref_AP011099	ref_AB562463
KY470903.1	true	4771	5691	0.000000003229	3Seq	ref_AP011099	ref_AB562463
KY363287.1	true	4118	5063	0.000000036732	3Seq	ref_X02763	ref_AB486012
KY363286.1	true	4118	5063	0.000000011893	3Seq	ref_X02763	ref_AB486012
KY363285.1	true	4771	5756	0.000000017919	3Seq	ref_AP011099	ref_AB562463
KY363284.1	true	4771	5756	0.000000023236	3Seq	ref_AP011099	ref_AB562463
KY363283.1	true	4771	5756	0.000000019942	3Seq	ref_AP011099	ref_AB562463
KY363282.1	true	4771	5756	0.000000014568	3Seq	ref_AP011099	ref_AB562463
KY363281.1	false	0	0				
KY363280.1	false	0	0				
KY363279.1	false	0	0				
KY363278.1	false	0	0				
KY363277.1	true	4154	5888	0.000000000726	3Seq	ref_GQ161817	ref_FJ023669
KY363276.1	true	4154	5888	0.000000001137	3Seq	ref_GQ161817	ref_FJ023669
KY363275.1	true	4771	5691	0.000000022596	3Seq	ref_AP011099	ref_AB562463
KY363274.1	true	4771	5691	0.000000027940	3Seq	ref_AP011099	ref_AB562463
KY363273.1	true	4771	5756	0.000000000570	3Seq	ref_AP011099	ref_AB562463
KY363272.1	true	4771	5756	0.000000002818	3Seq	ref_AP011099	ref_AB562463
KY363271.1	false	0	0				
KY363270.1	false	0	0				
KY363269.1	true	4771	5691	0.000000001172	3Seq	ref_AP011099	ref_AB562463
KY363268.1	true	4771	5691	0.000000003834	3Seq	ref_AP011099	ref_AB562463
KY363267.1	false	0	0				
KY363266.1	false	0	0				
KY363265.1	false	0	0				
KY363264.1	true	4771	5691	0.000000013073	3Seq	ref_AP011099	ref_AB562463
KY363263.1	false	0	0				
KY363262.1	false	0	0				
KY363261.1	false	0	0				
KY363260.1	false	0	0				
KY363259.1	true	4584	5888	0.000000004100	3Seq	ref_GQ161817	ref_FJ023669
KY363258.1	true	4584	5888	0.000000000808	3Seq	ref_GQ161817	ref_FJ023669
KY363257.1	true	4771	5691	0.000000000293	3Seq	ref_AP011099	ref_AB562463
KY363256.1	true	4771	5691	0.000000005167	3Seq	ref_AP011099	ref_AB562463
KY363255.1	false	0	0				
KY363254.1	false	0	0				
KY363253.1	false	0	0				
KY363252.1	false	0	0				
KX096713.1	true	2025	2474	0.000000000000	3Seq	ref_AP011098	ref_X02763
KY470902.1	true	4771	5691	0.000000003229	3Seq	ref_AP011099	ref_AB562463
KY470901.1	true	4771	5691	0.000000003229	3Seq	ref_AP011099	ref_AB562463
KY470900.1	true	4807	5696	0.000000015069	3Seq	ref_AP011099	ref_KF873526
KY470899.1	true	4771	5691	0.000000003229	3Seq	ref_AP011099	ref_AB562463
KY470898.1	true	4771	5691	0.000000003229	3Seq	ref_AP011099	ref_AB562463
KY470897.1	true	4771	5691	0.000000003229	3Seq	ref_AP011099	ref_AB562463
KY470896.1	true	4771	5691	0.000000003229	3Seq	ref_AP011099	ref_AB562463
KY470895.1	true	4771	5691	0.000000003229	3Seq	ref_AP011099	ref_AB562463
KY470894.1	true	4771	5691	0.000000003229	3Seq	ref_AP011099	ref_AB562463
KY470893.1	true	4771	5691	0.000000003229	3Seq	ref_AP011099	ref_AB562463
KY470892.1	true	4154	5888	0.000000022102	3Seq	ref_GQ161817	ref_FJ023669
KY470891.1	true	4154	5888	0.000000007770	3Seq	ref_GQ161817	ref_FJ023669
KY470890.1	true	4154	5888	0.000000007770	3Seq	ref_GQ161817	ref_FJ023669
KY470889.1	true	4154	5888	0.000000019813	3Seq	ref_GQ161817	ref_FJ023669
KY470888.1	true	4154	5888	0.000000015163	3Seq	ref_GQ161817	ref_FJ023669
KY470887.1	true	4154	5888	0.000000007770	3Seq	ref_GQ161817	ref_FJ023669
KY470886.1	true	4154	5888	0.000000015163	3Seq	ref_GQ161817	ref_FJ023669
KY470885.1	true	4154	5888	0.000000009775	3Seq	ref_GQ161817	ref_FJ023669
KY470884.1	true	4154	5888	0.000000019813	3Seq	ref_GQ161817	ref_FJ023669
KY470883.1	true	4154	5888	0.000000022102	3Seq	ref_GQ161817	ref_FJ023669
KY470882.1	true	4154	5888	0.000000011502	3Seq	ref_GQ161817	ref_FJ023669
KY470881.1	true	4771	5691	0.000000015294	3Seq	ref_AP011099	ref_AB562463
KY470880.1	true	4154	5888	0.000000024668	3Seq	ref_GQ161817	ref_FJ023669
KY470879.1	true	4154	5888	0.000000019813	3Seq	ref_GQ161817	ref_FJ023669
KY470878.1	true	4154	5888	0.000000019813	3Seq	ref_GQ161817	ref_FJ023669
KY470877.1	true	4154	5888	0.000000025804	3Seq	ref_GQ161817	ref_FJ023669
KY470876.1	true	4154	5888	0.000000019813	3Seq	ref_GQ161817	ref_FJ023669
KY470875.1	true	4154	5888	0.000000016915	3Seq	ref_GQ161817	ref_FJ023669
KY470873.1	true	4154	5888	0.000000015163	3Seq	ref_GQ161817	ref_FJ023669
KY470872.1	true	1468	2880	0.000000000000	3Seq	ref_KJ173333	ref_AB056513
KY470855.1	true	2291	5888	0.000000000000	3Seq	ref_FJ904435	ref_AP011098
KY470854.1	true	2291	5888	0.000000000000	3Seq	ref_FJ904435	ref_AP011098
KY470853.1	true	2291	5888	0.000000000000	3Seq	ref_FJ904435	ref_AP011098
KY470852.1	true	2291	5888	0.000000000000	3Seq	ref_FJ904435	ref_AP011098
KY470851.1	true	2291	5888	0.000000000000	3Seq	ref_FJ904435	ref_AP011098
KY470850.1	true	2291	5888	0.000000000000	3Seq	ref_FJ904435	ref_AP011098
KY470849.1	true	2291	5888	0.000000000000	3Seq	ref_FJ904435	ref_AP011098
KY470848.1	true	2291	5888	0.000000000000	3Seq	ref_FJ904435	ref_AP011098
KY470847.1	true	2291	5888	0.000000000000	3Seq	ref_FJ904435	ref_AP011098
KY470846.1	true	2291	5888	0.000000000000	3Seq	ref_FJ904435	ref_AP011098
KY470845.1	true	2291	5888	0.000000000000	3Seq	ref_FJ904435	ref_AP011098
KY470844.1	true	2291	5888	0.000000000000	3Seq	ref_FJ904435	ref_AP011098
KY470843.1	true	2291	5888	0.000000000000	3Seq	ref_FJ904435	ref_AP011098
KY022423.1	false	0	0				
KX357636.1	true	3054	4741	0.000000000116	3Seq	ref_FJ904435	ref_GQ161817
KX357626.1	true	3054	4904	0.000000001920	3Seq	ref_FJ904435	ref_GQ161817
KX660685.1	true	2291	5888	0.000000000000	3Seq	ref_FJ904435	ref_AP011098
KX660683.1	true	2291	5899	0.000000000000	3Seq	ref_KC875277	ref_AP011098
KX660682.1	true	2291	5888	0.000000000000	3Seq	ref_FJ904435	ref_AP011098
KX660680.1	true	2291	5888	0.000000000000	3Seq	ref_FJ904435	ref_AP011098
KX660677.1	true	2291	5888	0.000000000000	3Seq	ref_FJ904435	ref_AP011098
KX660676.1	true	2291	5888	0.000000000000	3Seq	ref_FJ904435	ref_AP011098
KX660675.1	true	2291	5888	0.000000000000	3Seq	ref_FJ904435	ref_AP011098
KX660674.1	true	2291	5888	0.000000000000	3Seq	ref_FJ904435	ref_AP011098
KX354997.1	true	1374	2972	0.000000008993	3Seq	ref_AP011098	ref_AB222711
KP148578.1	true	1798	2552	0.000000019680	3Seq	ref_KF873526	ref_D23679
KP148577.1	false	0	0				
KP148576.1	true	1798	2552	0.000000019680	3Seq	ref_KF873526	ref_D23679
KP148575.1	true	1798	2552	0.000000019680	3Seq	ref_KF873526	ref_D23679
KP148574.1	true	1798	2552	0.000000022035	3Seq	ref_KF873526	ref_D23679
KP148573.1	true	1798	2552	0.000000019680	3Seq	ref_KF873526	ref_D23679
KP148572.1	true	1798	2552	0.000000019680	3Seq	ref_KF873526	ref_D23679
KP148571.1	true	1798	2552	0.000000019680	3Seq	ref_KF873526	ref_D23679
KP148570.1	true	1798	2552	0.000000019680	3Seq	ref_KF873526	ref_D23679
KP148569.1	true	1798	2552	0.000000019680	3Seq	ref_KF873526	ref_D23679
KP148568.1	false	0	0				
KP148567.1	true	1798	2552	0.000000019680	3Seq	ref_KF873526	ref_D23679
KP148566.1	true	1798	2552	0.000000029236	3Seq	ref_KF873526	ref_D23679
KP148565.1	true	1798	2552	0.000000019680	3Seq	ref_KF873526	ref_D23679
KP148564.1	true	1798	2552	0.000000019680	3Seq	ref_KF873526	ref_D23679
KP148563.1	false	0	0				
KP148562.1	true	1798	2552	0.000000019680	3Seq	ref_KF873526	ref_D23679
KP148561.1	true	1798	2552	0.000000014776	3Seq	ref_KF873526	ref_D23679
KP148560.1	true	1798	2552	0.000000006937	3Seq	ref_KF873526	ref_D23679
KP148559.1	false	0	0				
KP148558.1	true	1798	2552	0.000000019680	3Seq	ref_KF873526	ref_D23679
KP148557.1	true	1798	2552	0.000000019680	3Seq	ref_KF873526	ref_D23679
KP148556.1	true	1798	2552	0.000000019680	3Seq	ref_KF873526	ref_D23679
KP148555.1	true	1798	2552	0.000000032748	3Seq	ref_KF873526	ref_D23679
KP148554.1	true	1798	2552	0.000000019680	3Seq	ref_KF873526	ref_D23679
KP148553.1	true	1798	2552	0.000000019680	3Seq	ref_KF873526	ref_D23679
KP148552.1	true	1798	2552	0.000000019680	3Seq	ref_KF873526	ref_D23679
KP148551.1	true	1798	2552	0.000000029236	3Seq	ref_KF873526	ref_D23679
KP148550.1	true	1798	2552	0.000000029236	3Seq	ref_KF873526	ref_D23679
KP148549.1	true	1798	2552	0.000000029236	3Seq	ref_KF873526	ref_D23679
KP148548.1	true	1798	2552	0.000000032748	3Seq	ref_KF873526	ref_D23679
KP148547.1	true	1798	2552	0.000000019680	3Seq	ref_KF873526	ref_D23679
KP148546.1	true	1798	2552	0.000000007404	3Seq	ref_KF873526	ref_D23679
KP148545.1	true	1798	2552	0.000000022035	3Seq	ref_KF873526	ref_D23679
KP148544.1	true	1798	2552	0.000000014776	3Seq	ref_KF873526	ref_D23679
KP148543.1	true	1798	2552	0.000000029236	3Seq	ref_KF873526	ref_D23679
KP148542.1	true	1798	2552	0.000000029236	3Seq	ref_KF873526	ref_D23679
KP148541.1	true	1798	2552	0.000000029236	3Seq	ref_KF873526	ref_D23679
KP148540.1	true	1798	2552	0.000000029236	3Seq	ref_KF873526	ref_D23679
KP148539.1	true	1798	2552	0.000000019680	3Seq	ref_KF873526	ref_D23679
KP148538.1	true	1798	2552	0.000000019680	3Seq	ref_KF873526	ref_D23679
KP148537.1	true	1798	2552	0.000000017586	3Seq	ref_KF873526	ref_D23679
KP148536.1	true	1798	2552	0.000000043285	3Seq	ref_KF873526	ref_D23679
KP148535.1	true	1798	2552	0.000000022035	3Seq	ref_KF873526	ref_D23679
KP148534.1	true	1798	2552	0.000000013202	3Seq	ref_KF873526	ref_D23679
KP148533.1	true	1798	2552	0.000000019680	3Seq	ref_KF873526	ref_D23679
KP148532.1	true	1798	2552	0.000000029236	3Seq	ref_KF873526	ref_D23679
KP148531.1	true	1798	2552	0.000000019680	3Seq	ref_KF873526	ref_D23679
KP148530.1	true	1798	2552	0.000000019680	3Seq	ref_KF873526	ref_D23679
KP148529.1	true	1798	2552	0.000000019680	3Seq	ref_KF873526	ref_D23679
KP148528.1	true	1798	2552	0.000000019680	3Seq	ref_KF873526	ref_D23679
KP148527.1	true	1798	2552	0.000000019680	3Seq	ref_KF873526	ref_D23679
KP148526.1	true	1798	2552	0.000000039480	3Seq	ref_KF873526	ref_D23679
KP148525.1	true	1798	2552	0.000000019680	3Seq	ref_KF873526	ref_D23679
KP148524.1	true	1798	2552	0.000000022035	3Seq	ref_KF873526	ref_D23679
KP148523.1	true	1798	2552	0.000000019680	3Seq	ref_KF873526	ref_D23679
KP148522.1	true	1798	2552	0.000000019680	3Seq	ref_KF873526	ref_D23679
KP148521.1	true	1798	2552	0.000000022035	3Seq	ref_KF873526	ref_D23679
KP148520.1	false	0	0				
KP148519.1	true	1798	2552	0.000000019680	3Seq	ref_KF873526	ref_D23679
KP148518.1	true	1798	2552	0.000000029236	3Seq	ref_KF873526	ref_D23679
KP148517.1	true	1798	2552	0.000000019680	3Seq	ref_KF873526	ref_D23679
KP148516.1	true	1798	2552	0.000000019680	3Seq	ref_KF873526	ref_D23679
KP148515.1	true	1798	2552	0.000000011214	3Seq	ref_KF873526	ref_D23679
KP148514.1	true	1798	2552	0.000000019680	3Seq	ref_KF873526	ref_D23679
KP148513.1	true	1798	2552	0.000000019680	3Seq	ref_KF873526	ref_D23679
KP148512.1	false	0	0				
KP148511.1	false	0	0				
KP148493.1	true	1798	2552	0.000000019680	3Seq	ref_KF873526	ref_D23679
KP148492.1	true	1798	2552	0.000000019680	3Seq	ref_KF873526	ref_D23679
KP148491.1	true	1798	2552	0.000000022035	3Seq	ref_KF873526	ref_D23679
KP148490.1	true	1798	2552	0.000000019680	3Seq	ref_KF873526	ref_D23679
KP148489.1	true	1798	2552	0.000000019680	3Seq	ref_KF873526	ref_D23679
KP148488.1	true	1798	2552	0.000000019680	3Seq	ref_KF873526	ref_D23679
KP148487.1	true	1798	2552	0.000000019680	3Seq	ref_KF873526	ref_D23679
KP148486.1	true	1798	2552	0.000000019680	3Seq	ref_KF873526	ref_D23679
KP148485.1	true	1798	2552	0.000000019680	3Seq	ref_KF873526	ref_D23679
KP148484.1	true	1798	2552	0.000000019680	3Seq	ref_KF873526	ref_D23679
KP148483.1	true	1798	2552	0.000000022035	3Seq	ref_KF873526	ref_D23679
KP148482.1	true	1798	2552	0.000000019680	3Seq	ref_KF873526	ref_D23679
KP148481.1	true	1798	2552	0.000000019680	3Seq	ref_KF873526	ref_D23679
KP148480.1	true	1798	2552	0.000000019680	3Seq	ref_KF873526	ref_D23679
KP148479.1	true	1798	2552	0.000000013202	3Seq	ref_KF873526	ref_D23679
KP148478.1	true	1798	2552	0.000000036700	3Seq	ref_KF873526	ref_D23679
KP148477.1	true	1798	2552	0.000000019680	3Seq	ref_KF873526	ref_D23679
KP148476.1	false	0	0				
KP148475.1	true	1798	2552	0.000000029236	3Seq	ref_KF873526	ref_D23679
KP148474.1	true	1798	2552	0.000000013202	3Seq	ref_KF873526	ref_D23679
KP148473.1	true	1798	2552	0.000000019680	3Seq	ref_KF873526	ref_D23679
KP148472.1	true	1798	2552	0.000000019680	3Seq	ref_KF873526	ref_D23679
KP148471.1	true	1798	2552	0.000000019680	3Seq	ref_KF873526	ref_D23679
KP148470.1	true	1798	2552	0.000000029236	3Seq	ref_KF873526	ref_D23679
KP148469.1	true	1798	2552	0.000000029236	3Seq	ref_KF873526	ref_D23679
KP148468.1	true	1798	2552	0.000000038648	3Seq	ref_KF873526	ref_D23679
KP148467.1	true	1798	2552	0.000000019680	3Seq	ref_KF873526	ref_D23679
KP148466.1	true	1798	2552	0.000000019680	3Seq	ref_KF873526	ref_D23679
KP148465.1	true	1798	2552	0.000000019680	3Seq	ref_KF873526	ref_D23679
KP148464.1	true	1798	2552	0.000000019680	3Seq	ref_KF873526	ref_D23679
KP148463.1	true	1798	2552	0.000000019680	3Seq	ref_KF873526	ref_D23679
KP148462.1	true	1798	2552	0.000000032748	3Seq	ref_KF873526	ref_D23679
KU964365.1	true	4154	5888	0.000000008401	3Seq	ref_GQ161817	ref_FJ023669
KU964364.1	true	4154	5888	0.000000006231	3Seq	ref_GQ161817	ref_FJ023669
KU964363.1	true	4584	5888	0.000000003834	3Seq	ref_GQ161817	ref_FJ023669
KU964362.1	false	0	0				
KU964361.1	false	0	0				
KU964360.1	true	4154	5888	0.000000008401	3Seq	ref_GQ161817	ref_FJ023669
KU964359.1	true	4154	5888	0.000000008401	3Seq	ref_GQ161817	ref_FJ023669
KU964358.1	true	4584	5888	0.000000001489	3Seq	ref_GQ161817	ref_FJ023669
KU964357.1	true	4154	5888	0.000000008401	3Seq	ref_GQ161817	ref_FJ023669
KU964356.1	false	0	0				
KU964355.1	false	0	0				
KU964354.1	true	4154	5888	0.000000008401	3Seq	ref_GQ161817	ref_FJ023669
KU964353.1	true	4154	5888	0.000000009465	3Seq	ref_GQ161817	ref_FJ023669
KU964352.1	true	4154	5888	0.000000008401	3Seq	ref_GQ161817	ref_FJ023669
KU964351.1	true	4584	5888	0.000000016977	3Seq	ref_GQ161817	ref_FJ023669
KU964350.1	true	4154	5888	0.000000008401	3Seq	ref_GQ161817	ref_FJ023669
KU964349.1	true	4584	5888	0.000000003834	3Seq	ref_GQ161817	ref_FJ023669
KU964348.1	true	1533	3805	0.000000002512	3Seq	ref_AB562463	ref_GQ161817
KU964347.1	true	1533	3805	0.000000002512	3Seq	ref_AB562463	ref_GQ161817
KU964346.1	true	1533	3805	0.000000002512	3Seq	ref_AB562463	ref_GQ161817
KU964345.1	true	1533	3805	0.000000002512	3Seq	ref_AB562463	ref_GQ161817
KU964344.1	true	1533	3805	0.000000002512	3Seq	ref_AB562463	ref_GQ161817
KU964343.1	true	1533	3805	0.000000009420	3Seq	ref_AB562463	ref_GQ161817
KU964342.1	true	1533	3805	0.000000002512	3Seq	ref_AB562463	ref_GQ161817
KU964341.1	true	4771	5691	0.000000043941	3Seq	ref_AP011099	ref_AB562463
KU964340.1	true	1533	3805	0.000000002512	3Seq	ref_AB562463	ref_GQ161817
KU964339.1	true	1533	3805	0.000000002512	3Seq	ref_AB562463	ref_GQ161817
KU964338.1	true	1533	3805	0.000000002512	3Seq	ref_AB562463	ref_GQ161817
KU964337.1	true	1533	3805	0.000000002512	3Seq	ref_AB562463	ref_GQ161817
KU964336.1	true	1533	3805	0.000000002512	3Seq	ref_AB562463	ref_GQ161817
KU964335.1	true	1533	3805	0.000000002512	3Seq	ref_AB562463	ref_GQ161817
KU964334.1	true	1533	3805	0.000000000893	3Seq	ref_AB562463	ref_GQ161817
KU964333.1	true	4196	5869	0.000000034020	3Seq	ref_GQ161817	ref_JQ801514
KU964332.1	true	4771	5691	0.000000018188	3Seq	ref_AP011099	ref_AB562463
KU964331.1	false	0	0				
KU964330.1	false	0	0				
KU964329.1	true	4771	5691	0.000000021653	3Seq	ref_AP011099	ref_AB562463
KU964328.1	true	4771	5691	0.000000012233	3Seq	ref_AP011099	ref_AB562463
KU964327.1	true	4196	5330	0.000000028833	3Seq	ref_KM606737	ref_JQ801514
KU964326.1	true	4771	5691	0.000000012233	3Seq	ref_AP011099	ref_AB562463
KU964325.1	false	0	0				
KU964324.1	true	4771	5691	0.000000026866	3Seq	ref_AP011099	ref_AB562463
KU964323.1	true	4771	5691	0.000000018188	3Seq	ref_AP011099	ref_AB562463
KU964322.1	true	4154	5888	0.000000030778	3Seq	ref_GQ161817	ref_FJ023669
KU964321.1	true	4771	5691	0.000000012233	3Seq	ref_AP011099	ref_AB562463
KU964320.1	false	0	0				
KU964319.1	false	0	0				
KU964318.1	true	4154	5888	0.000000030778	3Seq	ref_GQ161817	ref_FJ023669
KU964317.1	true	4807	5696	0.000000017123	3Seq	ref_AP011099	ref_KF873526
KU964316.1	true	4807	5696	0.000000017123	3Seq	ref_AP011099	ref_KF873526
KU964315.1	true	4807	5696	0.000000017123	3Seq	ref_AP011099	ref_KF873526
KU964314.1	true	4807	5696	0.000000017123	3Seq	ref_AP011099	ref_KF873526
KU964313.1	true	4807	5696	0.000000017123	3Seq	ref_AP011099	ref_KF873526
KU964312.1	true	4807	5696	0.000000017123	3Seq	ref_AP011099	ref_KF873526
KU964311.1	true	4807	5696	0.000000017123	3Seq	ref_AP011099	ref_KF873526
KU964310.1	true	4807	5696	0.000000017123	3Seq	ref_AP011099	ref_KF873526
KU964309.1	true	4807	5696	0.000000017123	3Seq	ref_AP011099	ref_KF873526
KU964308.1	true	4807	5696	0.000000017123	3Seq	ref_AP011099	ref_KF873526
KU964307.1	true	4807	5696	0.000000017123	3Seq	ref_AP011099	ref_KF873526
KU964306.1	true	4807	5696	0.000000017123	3Seq	ref_AP011099	ref_KF873526
KU964305.1	true	4807	5696	0.000000017123	3Seq	ref_AP011099	ref_KF873526
KU964304.1	true	4807	5696	0.000000017123	3Seq	ref_AP011099	ref_KF873526
KU964303.1	true	4807	5696	0.000000017123	3Seq	ref_AP011099	ref_KF873526
KU519423.1	true	2291	5888	0.000000000000	3Seq	ref_FJ904435	ref_AP011098
KU519422.1	true	2291	5899	0.000000000000	3Seq	ref_KC875277	ref_AP011098
KP148355.1	false	0	0				
KP148353.1	false	0	0				
KP148352.1	false	0	0				
KP148351.1	false	0	0				
KP148350.1	false	0	0				
KP148315.1	true	1798	2552	0.000000019680	3Seq	ref_KF873526	ref_D23679
KU964243.1	false	0	0				
KU964242.1	true	4120	5225	0.000000020543	3Seq	ref_KM606737	ref_AB073835
KU964241.1	true	3827	5227	0.000000014581	3Seq	ref_KM606737	ref_JQ801514
KU964240.1	true	3827	5227	0.000000020093	3Seq	ref_KM606737	ref_JQ801514
KU964239.1	true	3827	5227	0.000000008905	3Seq	ref_KM606737	ref_JQ801514
KU964238.1	false	0	0				
KU964237.1	true	3827	5227	0.000000010561	3Seq	ref_KM606737	ref_JQ801514
KU964236.1	false	0	0				
KU964235.1	false	0	0				
KU964234.1	true	3827	5227	0.000000020093	3Seq	ref_KM606737	ref_JQ801514
KU964233.1	true	3827	5227	0.000000020093	3Seq	ref_KM606737	ref_JQ801514
KU964232.1	true	3827	5227	0.000000020093	3Seq	ref_KM606737	ref_JQ801514
KU964231.1	true	3827	5227	0.000000020093	3Seq	ref_KM606737	ref_JQ801514
KU964230.1	true	4120	5225	0.000000022288	3Seq	ref_KM606737	ref_AB073835
KU964229.1	true	3827	5227	0.000000044642	3Seq	ref_KM606737	ref_JQ801514
KU964228.1	true	4196	5869	0.000000010882	3Seq	ref_GQ161817	ref_GU815637
KU964227.1	true	4771	5691	0.000000000759	3Seq	ref_AP011099	ref_AB562463
KU964226.1	true	4771	5691	0.000000006870	3Seq	ref_AP011099	ref_AB562463
KU964225.1	true	4771	5691	0.000000000912	3Seq	ref_AP011099	ref_AB562463
KU964224.1	true	4771	5691	0.000000005781	3Seq	ref_AP011099	ref_AB562463
KU964223.1	true	4771	5691	0.000000001696	3Seq	ref_AP011099	ref_AB562463
KU964222.1	true	4771	5691	0.000000000912	3Seq	ref_AP011099	ref_AB562463
KU964221.1	true	4771	5691	0.000000000195	3Seq	ref_AP011099	ref_AB562463
KU964220.1	true	4771	5691	0.000000000912	3Seq	ref_AP011099	ref_AB562463
KU964219.1	true	4771	5691	0.000000000912	3Seq	ref_AP011099	ref_AB562463
KU964218.1	true	4771	5691	0.000000008655	3Seq	ref_AP011099	ref_AB562463
KU964217.1	true	4771	5691	0.000000000912	3Seq	ref_AP011099	ref_AB562463
KU964216.1	true	4771	5691	0.000000000912	3Seq	ref_AP011099	ref_AB562463
KU964215.1	true	4771	5691	0.000000001696	3Seq	ref_AP011099	ref_AB562463
KU964214.1	true	4771	5691	0.000000001696	3Seq	ref_AP011099	ref_AB562463
KU964213.1	true	4771	5691	0.000000006870	3Seq	ref_AP011099	ref_AB562463
KU964212.1	true	4771	5691	0.000000000659	3Seq	ref_AP011099	ref_AB562463
KU964211.1	true	4771	5691	0.000000006870	3Seq	ref_AP011099	ref_AB562463
KU964210.1	true	4771	5691	0.000000006870	3Seq	ref_AP011099	ref_AB562463
KU964209.1	true	4771	5691	0.000000001322	3Seq	ref_AP011099	ref_AB562463
KU964208.1	true	4771	5691	0.000000006870	3Seq	ref_AP011099	ref_AB562463
KU964207.1	true	4771	5691	0.000000006870	3Seq	ref_AP011099	ref_AB562463
KU964206.1	true	4771	5691	0.000000001322	3Seq	ref_AP011099	ref_AB562463
KU964205.1	true	4771	5691	0.000000000659	3Seq	ref_AP011099	ref_AB562463
KU964204.1	true	4771	5691	0.000000006870	3Seq	ref_AP011099	ref_AB562463
KU964203.1	true	4771	5691	0.000000000659	3Seq	ref_AP011099	ref_AB562463
KU964202.1	true	4771	5691	0.000000000659	3Seq	ref_AP011099	ref_AB562463
KU964201.1	true	4771	5691	0.000000006870	3Seq	ref_AP011099	ref_AB562463
KU964199.1	true	4771	5691	0.000000006870	3Seq	ref_AP011099	ref_AB562463
KU964198.1	true	4771	5691	0.000000006870	3Seq	ref_AP011099	ref_AB562463
KU964197.1	true	4771	5691	0.000000006870	3Seq	ref_AP011099	ref_AB562463
KU964196.1	true	4771	5691	0.000000006870	3Seq	ref_AP011099	ref_AB562463
KU964195.1	true	4771	5691	0.000000006870	3Seq	ref_AP011099	ref_AB562463
KU964194.1	true	4771	5691	0.000000008174	3Seq	ref_AP011099	ref_AB562463
KU964193.1	true	4771	5691	0.000000013959	3Seq	ref_AP011099	ref_AB562463
KU964192.1	true	4771	5691	0.000000006870	3Seq	ref_AP011099	ref_AB562463
KU964191.1	true	4771	5691	0.000000006870	3Seq	ref_AP011099	ref_AB562463
KU964190.1	true	4771	5691	0.000000006870	3Seq	ref_AP011099	ref_AB562463
KU964189.1	true	4771	5691	0.000000006870	3Seq	ref_AP011099	ref_AB562463
KU964188.1	true	4771	5691	0.000000006870	3Seq	ref_AP011099	ref_AB562463
KU964187.1	true	4771	5691	0.000000006870	3Seq	ref_AP011099	ref_AB562463
KU964185.1	true	4771	5691	0.000000006870	3Seq	ref_AP011099	ref_AB562463
KU964184.1	true	1533	4771	0.000000037393	3Seq	ref_AB562463	ref_AP011099
KU964183.1	true	4771	5691	0.000000043987	3Seq	ref_AP011099	ref_AB562463
KU964182.1	false	0	0				
KU964181.1	true	4771	5691	0.000000043987	3Seq	ref_AP011099	ref_AB562463
KU964180.1	true	4771	5691	0.000000022726	3Seq	ref_AP011099	ref_AB562463
KU964179.1	false	0	0				
KU964178.1	true	4771	5691	0.000000043987	3Seq	ref_AP011099	ref_AB562463
KU964177.1	false	0	0				
KU964176.1	true	4771	5691	0.000000043987	3Seq	ref_AP011099	ref_AB562463
KU964175.1	false	0	0				
KU964174.1	true	4771	5691	0.000000043987	3Seq	ref_AP011099	ref_AB562463
KU964173.1	false	0	0				
KU964172.1	false	0	0				
KU964171.1	false	0	0				
KU964169.1	true	4771	5721	0.000000030792	3Seq	ref_AP011099	ref_AB562463
KU964111.1	true	4153	4822	0.000000000000	3Seq	ref_D23679	ref_KC774182
KU964078.1	true	1533	3805	0.000000000135	3Seq	ref_AB562463	ref_GQ161817
KU964077.1	true	1533	3805	0.000000002512	3Seq	ref_AB562463	ref_GQ161817
KU964076.1	true	1533	3805	0.000000002512	3Seq	ref_AB562463	ref_GQ161817
KU964075.1	true	1533	3805	0.000000002512	3Seq	ref_AB562463	ref_GQ161817
KU964074.1	true	1533	3805	0.000000002512	3Seq	ref_AB562463	ref_GQ161817
KU964073.1	true	1533	3805	0.000000002512	3Seq	ref_AB562463	ref_GQ161817
KU964072.1	true	1533	3805	0.000000002512	3Seq	ref_AB562463	ref_GQ161817
KU964071.1	true	1533	3805	0.000000002512	3Seq	ref_AB562463	ref_GQ161817
KU964070.1	true	1533	3805	0.000000002512	3Seq	ref_AB562463	ref_GQ161817
KU964069.1	true	1533	3805	0.000000002512	3Seq	ref_AB562463	ref_GQ161817
KU964068.1	true	1533	3805	0.000000002512	3Seq	ref_AB562463	ref_GQ161817
KU964067.1	true	1533	3805	0.000000002512	3Seq	ref_AB562463	ref_GQ161817
KU964066.1	true	1533	3805	0.000000002512	3Seq	ref_AB562463	ref_GQ161817
KU964065.1	true	1533	3805	0.000000002512	3Seq	ref_AB562463	ref_GQ161817
KU964064.1	true	1533	3805	0.000000002512	3Seq	ref_AB562463	ref_GQ161817
KU964063.1	false	0	0				
KU964062.1	false	0	0				
KU964061.1	false	0	0				
KU964060.1	false	0	0				
KU964059.1	false	0	0				
KU964058.1	false	0	0				
KU964057.1	false	0	0				
KU964056.1	false	0	0				
KU964055.1	false	0	0				
KU964054.1	false	0	0				
KU964053.1	false	0	0				
KU964052.1	false	0	0				
KU964051.1	false	0	0				
KU964050.1	false	0	0				
KU964049.1	false	0	0				
KU964048.1	true	4771	5756	0.000000003133	3Seq	ref_AP011099	ref_AB562463
KU964047.1	true	4771	5756	0.000000003133	3Seq	ref_AP011099	ref_AB562463
KU964046.1	true	4771	5756	0.000000003133	3Seq	ref_AP011099	ref_AB562463
KU964045.1	true	4771	5756	0.000000003133	3Seq	ref_AP011099	ref_AB562463
KU964044.1	true	4771	5756	0.000000003133	3Seq	ref_AP011099	ref_AB562463
KU964043.1	true	4771	5756	0.000000003133	3Seq	ref_AP011099	ref_AB562463
KU964042.1	true	4771	5756	0.000000003133	3Seq	ref_AP011099	ref_AB562463
KU964041.1	true	4771	5756	0.000000003133	3Seq	ref_AP011099	ref_AB562463
KU964040.1	true	4771	5756	0.000000015294	3Seq	ref_AP011099	ref_AB562463
KU964039.1	true	4771	5756	0.000000003133	3Seq	ref_AP011099	ref_AB562463
KU964038.1	true	4771	5756	0.000000003133	3Seq	ref_AP011099	ref_AB562463
KU964037.1	true	4771	5756	0.000000003133	3Seq	ref_AP011099	ref_AB562463
KU964036.1	true	4771	5756	0.000000003133	3Seq	ref_AP011099	ref_AB562463
KU964035.1	true	4771	5756	0.000000003133	3Seq	ref_AP011099	ref_AB562463
KU964034.1	true	4771	5756	0.000000003133	3Seq	ref_AP011099	ref_AB562463
KU964033.1	true	4771	5691	0.000000006751	3Seq	ref_AP011099	ref_AB562463
KU964032.1	true	4771	5691	0.000000006751	3Seq	ref_AP011099	ref_AB562463
KU964031.1	true	4771	5691	0.000000006751	3Seq	ref_AP011099	ref_AB562463
KU964030.1	true	4771	5691	0.000000006751	3Seq	ref_AP011099	ref_AB562463
KU964029.1	true	4771	5691	0.000000006751	3Seq	ref_AP011099	ref_AB562463
KU964028.1	true	4771	5691	0.000000012481	3Seq	ref_AP011099	ref_AB562463
KU964027.1	true	4771	5691	0.000000006751	3Seq	ref_AP011099	ref_AB562463
KU964026.1	true	4771	5691	0.000000006751	3Seq	ref_AP011099	ref_AB562463
KU964025.1	true	4771	5691	0.000000006751	3Seq	ref_AP011099	ref_AB562463
KU964024.1	true	4771	5691	0.000000006751	3Seq	ref_AP011099	ref_AB562463
KU964023.1	true	4771	5691	0.000000006751	3Seq	ref_AP011099	ref_AB562463
KU964022.1	true	4771	5691	0.000000006751	3Seq	ref_AP011099	ref_AB562463
KU964021.1	true	4771	5691	0.000000006751	3Seq	ref_AP011099	ref_AB562463
KU964020.1	true	4771	5691	0.000000006751	3Seq	ref_AP011099	ref_AB562463
KU964019.1	false	0	0				
KU964018.1	false	0	0				
KU964017.1	false	0	0				
KU964016.1	false	0	0				
KU964015.1	false	0	0				
KU964014.1	false	0	0				
KU964013.1	false	0	0				
KU964012.1	false	0	0				
KU964011.1	false	0	0				
KU964010.1	true	4807	5696	0.000000017123	3Seq	ref_AP011099	ref_KF873526
KU964009.1	true	4807	5696	0.000000017123	3Seq	ref_AP011099	ref_KF873526
KU964008.1	true	4807	5696	0.000000017123	3Seq	ref_AP011099	ref_KF873526
KU964007.1	true	4807	5696	0.000000027036	3Seq	ref_AP011099	ref_KF873526
KU964006.1	true	4807	5696	0.000000017123	3Seq	ref_AP011099	ref_KF873526
KU964005.1	true	4807	5696	0.000000017123	3Seq	ref_AP011099	ref_KF873526
KU964004.1	true	4771	5691	0.000000004869	3Seq	ref_AP011099	ref_AB562463
KU964003.1	true	4771	5691	0.000000002670	3Seq	ref_AP011099	ref_AB562463
KU964002.1	true	4771	5691	0.000000002670	3Seq	ref_AP011099	ref_AB562463
KU964001.1	true	4771	5691	0.000000002670	3Seq	ref_AP011099	ref_AB562463
KU964000.1	true	4771	5691	0.000000002229	3Seq	ref_AP011099	ref_AB562463
KU963999.1	true	4771	5691	0.000000002670	3Seq	ref_AP011099	ref_AB562463
KU963998.1	true	4771	5691	0.000000002670	3Seq	ref_AP011099	ref_AB562463
KU963997.1	true	4771	5691	0.000000002670	3Seq	ref_AP011099	ref_AB562463
KU963996.1	true	4771	5691	0.000000002670	3Seq	ref_AP011099	ref_AB562463
KU963995.1	true	4771	5691	0.000000002670	3Seq	ref_AP011099	ref_AB562463
KU963994.1	true	4771	5691	0.000000002670	3Seq	ref_AP011099	ref_AB562463
KU963993.1	true	4771	5691	0.000000002670	3Seq	ref_AP011099	ref_AB562463
KU963992.1	true	4771	5691	0.000000002670	3Seq	ref_AP011099	ref_AB562463
KU963991.1	true	4771	5691	0.000000002670	3Seq	ref_AP011099	ref_AB562463
KU963990.1	true	4771	5691	0.000000004882	3Seq	ref_AP011099	ref_AB562463
KU963944.1	false	0	0				
KU963943.1	false	0	0				
KU963942.1	false	0	0				
KU963941.1	false	0	0				
KU963940.1	false	0	0				
KU963939.1	false	0	0				
KU963938.1	false	0	0				
KU963937.1	false	0	0				
KU963936.1	false	0	0				
KU963935.1	false	0	0				
KU963934.1	false	0	0				
KU963933.1	false	0	0				
KU963932.1	false	0	0				
KU963931.1	false	0	0				
KU963930.1	false	0	0				
KU963929.1	true	4771	5691	0.000000000450	3Seq	ref_AP011099	ref_AB562463
KU963928.1	true	4771	5691	0.000000000450	3Seq	ref_AP011099	ref_AB562463
KU963927.1	true	4771	5691	0.000000000450	3Seq	ref_AP011099	ref_AB562463
KU963926.1	true	4771	5691	0.000000000450	3Seq	ref_AP011099	ref_AB562463
KU963925.1	true	4771	5691	0.000000000450	3Seq	ref_AP011099	ref_AB562463
KU963924.1	true	4771	5691	0.000000000450	3Seq	ref_AP011099	ref_AB562463
KU963923.1	true	4771	5691	0.000000000450	3Seq	ref_AP011099	ref_AB562463
KU963922.1	true	4771	5691	0.000000000450	3Seq	ref_AP011099	ref_AB562463
KU963921.1	true	4771	5691	0.000000000450	3Seq	ref_AP011099	ref_AB562463
KU963920.1	true	4771	5691	0.000000000450	3Seq	ref_AP011099	ref_AB562463
KU963919.1	true	4771	5691	0.000000000450	3Seq	ref_AP011099	ref_AB562463
KU963918.1	true	4771	5691	0.000000000450	3Seq	ref_AP011099	ref_AB562463
KU963917.1	true	4771	5691	0.000000000450	3Seq	ref_AP011099	ref_AB562463
KU963916.1	true	4771	5691	0.000000000450	3Seq	ref_AP011099	ref_AB562463
KU963915.1	true	4771	5691	0.000000000450	3Seq	ref_AP011099	ref_AB562463
KU963914.1	false	0	0				
KU963913.1	false	0	0				
KU963912.1	false	0	0				
KU963911.1	false	0	0				
KU963910.1	false	0	0				
KU963909.1	false	0	0				
KU963908.1	false	0	0				
KU963907.1	false	0	0				
KU963906.1	false	0	0				
KU963905.1	false	0	0				
KU963904.1	false	0	0				
KU963903.1	false	0	0				
KU963902.1	false	0	0				
KU963901.1	false	0	0				
KU963900.1	false	0	0				
KU963899.1	true	4771	5691	0.000000000543	3Seq	ref_AP011099	ref_AB562463
KU963898.1	true	4771	5691	0.000000000543	3Seq	ref_AP011099	ref_AB562463
KU963897.1	true	4771	5691	0.000000001030	3Seq	ref_AP011099	ref_AB562463
KU963896.1	true	4771	5691	0.000000000543	3Seq	ref_AP011099	ref_AB562463
KU963895.1	true	4771	5691	0.000000000543	3Seq	ref_AP011099	ref_AB562463
KU963894.1	true	4771	5691	0.000000000543	3Seq	ref_AP011099	ref_AB562463
KU963893.1	true	4771	5691	0.000000000543	3Seq	ref_AP011099	ref_AB562463
KU963892.1	true	4771	5691	0.000000000543	3Seq	ref_AP011099	ref_AB562463
KU963891.1	true	4771	5691	0.000000000543	3Seq	ref_AP011099	ref_AB562463
KU963890.1	true	4771	5691	0.000000000543	3Seq	ref_AP011099	ref_AB562463
KU963889.1	true	4771	5691	0.000000000543	3Seq	ref_AP011099	ref_AB562463
KU963888.1	true	4771	5691	0.000000000543	3Seq	ref_AP011099	ref_AB562463
KX276855.1	false	0	0				
KX276854.1	true	4170	4992	0.000000033890	3Seq	ref_KM606737	ref_AB486012
KX276853.1	false	0	0				
KX276852.1	true	2592	5812	0.000000036093	3Seq	ref_GQ331046	ref_KF873526
KX276851.1	false	0	0				
KX276850.1	false	0	0				
KX276849.1	false	0	0				
KX276848.1	false	0	0				
KX276847.1	false	0	0				
KX276846.1	false	0	0				
KX276845.1	false	0	0				
KX276844.1	true	4118	4992	0.000000006897	3Seq	ref_KM606737	ref_AB486012
KX276843.1	false	0	0				
KX276842.1	false	0	0				
KX276841.1	false	0	0				
KX276840.1	false	0	0				
KX276839.1	true	4771	5691	0.000000001945	3Seq	ref_AP011099	ref_AB562463
KX276838.1	true	4771	5691	0.000000035824	3Seq	ref_AP011099	ref_AB562463
KX276837.1	false	0	0				
KX276836.1	true	4771	5691	0.000000015294	3Seq	ref_AP011099	ref_AB562463
KX276835.1	true	4196	5869	0.000000020667	3Seq	ref_GQ161817	ref_GU815637
KX276834.1	false	0	0				
KX276833.1	true	4771	5691	0.000000011609	3Seq	ref_AP011099	ref_AB562463
KX276832.1	false	0	0				
KX276831.1	true	4771	5756	0.000000016505	3Seq	ref_AP011099	ref_AB562463
KU963887.1	true	4771	5691	0.000000000543	3Seq	ref_AP011099	ref_AB562463
KU963886.1	true	4771	5691	0.000000000543	3Seq	ref_AP011099	ref_AB562463
KU963885.1	true	4771	5691	0.000000008655	3Seq	ref_AP011099	ref_AB562463
KU963884.1	true	4771	5691	0.000000007292	3Seq	ref_AP011099	ref_AB562463
KU963883.1	true	4121	5115	0.000000005081	3Seq	ref_AB554015	ref_AB073835
KU963882.1	true	4771	5691	0.000000008655	3Seq	ref_AP011099	ref_AB562463
KU963881.1	true	4771	5691	0.000000008655	3Seq	ref_AP011099	ref_AB562463
KU963880.1	true	4771	5691	0.000000008655	3Seq	ref_AP011099	ref_AB562463
KU963879.1	true	4771	5691	0.000000008655	3Seq	ref_AP011099	ref_AB562463
KU963878.1	true	4771	5691	0.000000008655	3Seq	ref_AP011099	ref_AB562463
KU963877.1	true	4771	5691	0.000000010284	3Seq	ref_AP011099	ref_AB562463
KU963876.1	true	4771	5691	0.000000008655	3Seq	ref_AP011099	ref_AB562463
KU963875.1	true	4771	5691	0.000000008655	3Seq	ref_AP011099	ref_AB562463
KU963874.1	true	4771	5691	0.000000008655	3Seq	ref_AP011099	ref_AB562463
KU963873.1	true	4771	5691	0.000000008655	3Seq	ref_AP011099	ref_AB562463
KU963872.1	true	4771	5691	0.000000008655	3Seq	ref_AP011099	ref_AB562463
KU963871.1	true	4771	5691	0.000000008655	3Seq	ref_AP011099	ref_AB562463
KU963870.1	true	4789	5691	0.000000005781	3Seq	ref_AP011099	ref_AB562463
KU963869.1	true	4789	5691	0.000000005781	3Seq	ref_AP011099	ref_AB562463
KU963868.1	true	4789	5691	0.000000006870	3Seq	ref_AP011099	ref_AB562463
KU963867.1	true	4789	5691	0.000000005781	3Seq	ref_AP011099	ref_AB562463
KU963866.1	true	4789	5691	0.000000005781	3Seq	ref_AP011099	ref_AB562463
KU963865.1	true	4789	5691	0.000000005781	3Seq	ref_AP011099	ref_AB562463
KU963864.1	true	4789	5691	0.000000005781	3Seq	ref_AP011099	ref_AB562463
KU963863.1	true	4789	5691	0.000000005781	3Seq	ref_AP011099	ref_AB562463
KU963862.1	true	4789	5691	0.000000005781	3Seq	ref_AP011099	ref_AB562463
KU963861.1	true	4789	5691	0.000000005781	3Seq	ref_AP011099	ref_AB562463
KU963860.1	true	4789	5691	0.000000005781	3Seq	ref_AP011099	ref_AB562463
KU963859.1	true	4789	5691	0.000000005781	3Seq	ref_AP011099	ref_AB562463
KU963858.1	true	4789	5691	0.000000005781	3Seq	ref_AP011099	ref_AB562463
KU963857.1	true	4789	5691	0.000000005781	3Seq	ref_AP011099	ref_AB562463
KU963856.1	true	4789	5691	0.000000005781	3Seq	ref_AP011099	ref_AB562463
KU051427.1	false	0	0				
KU051426.1	false	0	0				
KU051425.1	false	0	0				
KU051424.1	false	0	0				
KU051423.1	false	0	0				
KT991435.1	true	4771	5691	0.000000035824	3Seq	ref_AP011099	ref_AB562463
KT991434.1	true	2291	4791	0.000000000000	3Seq	ref_GQ377617	ref_GU815637
KT991433.1	true	2291	2975	0.000000000000	3Seq	ref_AP011098	ref_GU815637
KT991432.1	true	2291	2975	0.000000000000	3Seq	ref_AP011098	ref_GU815637
KT991431.1	true	2657	2978	0.000000000000	3Seq	ref_GQ377617	ref_GU815637
KT991430.1	true	2291	2975	0.000000000000	3Seq	ref_AP011098	ref_GU815637
KT991429.1	true	2656	2978	0.000000000000	3Seq	ref_GQ377617	ref_GU815637
KT991423.1	true	2291	5888	0.000000000000	3Seq	ref_FJ904435	ref_AP011098
KT991422.1	true	2291	5888	0.000000000000	3Seq	ref_FJ904435	ref_AP011098
KT991421.1	true	2291	5888	0.000000000000	3Seq	ref_FJ904435	ref_AP011098
KT991420.1	true	2291	5888	0.000000000000	3Seq	ref_FJ904435	ref_AP011098
KT991419.1	true	2291	5888	0.000000000000	3Seq	ref_FJ904435	ref_AP011098
KT991418.1	true	2291	5888	0.000000000000	3Seq	ref_FJ904435	ref_AP011098
KT991417.1	true	2291	5888	0.000000000000	3Seq	ref_FJ904435	ref_AP011098
KT987426.1	false	0	0				
KT987425.1	false	0	0				
KT987424.1	false	0	0				
KT987423.1	false	0	0				
KT364752.1	false	0	0				
KT364751.1	true	4771	5691	0.000000018587	3Seq	ref_AP011099	ref_AB562463
KT347089.1	false	0	0				
KT343273.1	true	4298	5869	0.000000041762	3Seq	ref_GQ161817	ref_GU815637
KT284759.1	true	4771	5691	0.000000030311	3Seq	ref_AP011099	ref_AB562463
KT284758.1	true	4771	5691	0.000000000170	3Seq	ref_AP011099	ref_AB562463
KT284757.1	true	4771	5691	0.000000000449	3Seq	ref_AP011099	ref_AB562463
KT284756.1	true	1533	3805	0.000000037670	3Seq	ref_AB562463	ref_GQ161817
KT284755.1	true	4771	5691	0.000000013959	3Seq	ref_AP011099	ref_AB562463
KT284754.1	true	4771	5691	0.000000030311	3Seq	ref_AP011099	ref_AB562463
KT284753.1	false	0	0				
KP017272.1	true	4771	5691	0.000000001307	3Seq	ref_AP011099	ref_AB562463
KP017271.1	true	4771	5691	0.000000007292	3Seq	ref_AP011099	ref_AB562463
KP017270.1	true	4771	5691	0.000000009151	3Seq	ref_AP011099	ref_AB562463
KP017269.1	true	4771	5691	0.000000004106	3Seq	ref_AP011099	ref_AB562463
KP017268.1	false	0	0				
KP017267.1	false	0	0				
KP017266.1	false	0	0				
KM999993.1	true	4163	5063	0.000000032464	3Seq	ref_X02763	ref_AB486012
KM999992.1	false	0	0				
KM999991.1	true	4771	5691	0.000000001512	3Seq	ref_AP011099	ref_AB562463
KM999990.1	false	0	0				
KJ803827.1	true	3292	5895	0.000000000000	3Seq	ref_AP011085	ref_AP011098
KJ803826.1	false	0	0				
KJ803823.1	false	0	0				
KJ803822.1	false	0	0				
KJ803818.1	false	0	0				
KJ803815.1	false	0	0				
KJ803814.1	false	0	0				
KJ803813.1	false	0	0				
KJ803812.1	false	0	0				
KJ803811.1	false	0	0				
KJ803810.1	true	2816	5812	0.000000017056	3Seq	ref_FJ692557	ref_KF873526
KJ803809.1	false	0	0				
KJ803804.1	true	641	5586	0.000000000000	3Seq	ref_GU815637	ref_DQ089781
KJ803800.1	false	0	0				
KJ803799.1	false	0	0				
KJ803798.1	true	2269	2732	0.000000000019	3Seq	ref_AP011098	ref_JQ801514
KJ803794.1	false	0	0				
KJ803793.1	false	0	0				
KJ803792.1	false	0	0				
KJ803790.1	false	0	0				
KJ790199.1	true	4771	5691	0.000000004313	3Seq	ref_AP011099	ref_AB562463
KJ410521.1	true	4771	5691	0.000000013887	3Seq	ref_AP011099	ref_AB562463
KJ410520.1	true	4154	5888	0.000000025804	3Seq	ref_GQ161817	ref_FJ023669
KJ410519.1	false	0	0				
KJ410518.1	false	0	0				
KJ410515.1	true	2343	5872	0.000000032714	3Seq	ref_AB222711	ref_KF873526
KJ410514.1	false	0	0				
KJ410513.1	false	0	0				
KJ410512.1	true	641	4096	0.000000000000	3Seq	ref_JQ801514	ref_KC774182
KJ410511.1	false	0	0				
KJ410510.1	false	0	0				
KJ410508.1	true	4120	5127	0.000000034351	3Seq	ref_KM606737	ref_AB073835
KJ410506.1	false	0	0				
KJ410505.1	false	0	0				
KJ410504.1	true	4170	4992	0.000000014279	3Seq	ref_KM606737	ref_AB486012
KJ410503.1	true	4771	5691	0.000000025238	3Seq	ref_AP011099	ref_AB562463
KJ410501.1	false	0	0				
KJ410499.1	false	0	0				
KJ410498.1	false	0	0				
KJ410496.1	true	2594	5812	0.000000017121	3Seq	ref_FJ692601	ref_KF873526
KJ410495.1	false	0	0				
KJ410494.1	false	0	0				
KJ410493.1	false	0	0				
KJ410492.1	false	0	0				
KJ410491.1	false	0	0				
KJ410489.1	false	0	0				
KT364721.1	false	0	0				
KT364720.1	false	0	0				
KT364719.1	false	0	0				
KT364718.1	false	0	0				
KT003704.1	false	0	0				
KR184665.1	true	4771	5691	0.000000002744	3Seq	ref_AP011099	ref_AB562463
KR184664.1	true	4771	5691	0.000000003296	3Seq	ref_AP011099	ref_AB562463
KR184663.1	true	4771	5691	0.000000001800	3Seq	ref_AP011099	ref_AB562463
KR184662.1	true	4771	5691	0.000000002744	3Seq	ref_AP011099	ref_AB562463
KR184661.1	true	4771	5691	0.000000002744	3Seq	ref_AP011099	ref_AB562463
KR184660.1	true	4771	5691	0.000000002744	3Seq	ref_AP011099	ref_AB562463
KJ803788.1	true	1465	5531	0.000000000000	3Seq	ref_AB287314	ref_DQ089781
KJ803785.1	false	0	0				
KJ803780.1	false	0	0				
KJ803779.1	false	0	0				
KJ803778.1	true	1490	2470	0.000000000000	3Seq	ref_DQ089781	ref_D23679
KJ803777.1	true	2592	5851	0.000000020421	3Seq	ref_GQ331046	ref_KF873526
KJ803776.1	false	0	0				
KJ803774.1	true	1920	2261	0.000000000001	3Seq	ref_DQ089781	ref_AP011085
KJ803770.1	false	0	0				
KJ803769.1	true	4118	5063	0.000000004681	3Seq	ref_X02763	ref_AB486012
KJ803767.1	false	0	0				
KJ803766.1	true	2343	5872	0.000000020471	3Seq	ref_AB222711	ref_KF873526
KJ803765.1	true	4073	5063	0.000000001418	3Seq	ref_X02763	ref_AB486012
KJ803762.1	true	2345	5872	0.000000001304	3Seq	ref_AB222711	ref_KF873526
KJ803761.1	false	0	0				
KJ803760.1	false	0	0				
KJ803759.1	false	0	0				
KJ803757.1	false	0	0				
KJ803754.1	false	0	0				
KJ803753.1	true	5199	5847	0.000000000000	3Seq	ref_DQ089781	ref_GU815637
KJ173446.1	true	4771	5691	0.000000043941	3Seq	ref_AP011099	ref_AB562463
KJ173445.1	true	4771	5778	0.000000033697	3Seq	ref_AP011099	ref_AB562463
KJ173444.1	true	4807	5696	0.000000004038	3Seq	ref_AP011099	ref_KF873526
KJ173443.1	true	4807	5696	0.000000004038	3Seq	ref_AP011099	ref_KF873526
KJ173442.1	true	4771	5691	0.000000010848	3Seq	ref_AP011099	ref_AB562463
KJ173441.1	true	4771	5691	0.000000043941	3Seq	ref_AP011099	ref_AB562463
KJ173440.1	true	4771	5691	0.000000044241	3Seq	ref_AP011099	ref_AB562463
KJ173439.1	true	4771	5691	0.000000044241	3Seq	ref_AP011099	ref_AB562463
KJ173438.1	true	4807	5696	0.000000001231	3Seq	ref_AP011099	ref_KF873526
KJ173437.1	true	4807	5696	0.000000001231	3Seq	ref_AP011099	ref_KF873526
KJ173436.1	true	4163	5063	0.000000007283	3Seq	ref_X02763	ref_AB486012
KJ173435.1	true	4132	5888	0.000000014657	3Seq	ref_GQ161817	ref_AB562463
KJ173434.1	true	4771	5691	0.000000001595	3Seq	ref_AP011099	ref_AB562463
KJ173433.1	true	4771	5691	0.000000001595	3Seq	ref_AP011099	ref_AB562463
KJ173432.1	true	4771	5691	0.000000006150	3Seq	ref_AP011099	ref_AB562463
KJ173431.1	true	4771	5691	0.000000003465	3Seq	ref_AP011099	ref_AB562463
KJ173430.1	true	4787	5696	0.000000000956	3Seq	ref_AP011099	ref_KF873526
KJ173429.1	true	4771	5691	0.000000001409	3Seq	ref_AP011099	ref_AB562463
KJ173428.1	true	4807	5696	0.000000035981	3Seq	ref_AP011099	ref_KF873526
KJ173427.1	true	4807	5696	0.000000035981	3Seq	ref_AP011099	ref_KF873526
KJ173426.1	true	4771	5691	0.000000004106	3Seq	ref_AP011099	ref_AB562463
JX661498.1	false	0	0				
JX661497.1	false	0	0				
JX661496.1	false	0	0				
JX661495.1	false	0	0				
JX661494.1	false	0	0				
JX661493.1	false	0	0				
JX661492.1	false	0	0				
JX661491.1	false	0	0				
JX661490.1	false	0	0				
JX661489.1	false	0	0				
JX661488.1	false	0	0				
JX661487.1	false	0	0				
JX661486.1	false	0	0				
JX661485.1	true	1530	4109	0.000000000025	3Seq	ref_AP011085	ref_KC774182
AB971715.1	true	4771	5691	0.000000009289	3Seq	ref_AP011099	ref_AB562463
AB971714.1	true	4771	5691	0.000000009289	3Seq	ref_AP011099	ref_AB562463
KM359441.1	true	4771	5691	0.000000039600	3Seq	ref_AP011099	ref_AB562463
KJ173396.1	true	4807	5741	0.000000002455	3Seq	ref_AP011099	ref_KF873526
KJ173395.1	true	4807	5741	0.000000002455	3Seq	ref_AP011099	ref_KF873526
KJ173394.1	true	4771	5691	0.000000009076	3Seq	ref_AP011099	ref_AB562463
KJ173393.1	true	4771	5691	0.000000009076	3Seq	ref_AP011099	ref_AB562463
KJ173392.1	true	4771	5756	0.000000012874	3Seq	ref_AP011099	ref_AB562463
KJ173391.1	true	4771	5756	0.000000012874	3Seq	ref_AP011099	ref_AB562463
KJ173338.1	false	0	0				
KJ173337.1	true	4807	5696	0.000000001569	3Seq	ref_AP011099	ref_KF873526
KJ173336.1	false	0	0				
KJ173335.1	false	0	0				
KJ173334.1	false	0	0				
KJ173333.1	true	4771	5691	0.000000014812	3Seq	ref_AP011099	ref_AB562463
KJ173332.1	true	4771	5691	0.000000012569	3Seq	ref_AP011099	ref_AB562463
KJ173331.1	true	4771	5691	0.000000030279	3Seq	ref_AP011099	ref_AB562463
KJ173330.1	true	1464	4771	0.000000005603	3Seq	ref_AB562463	ref_AP011099
KJ173329.1	false	0	0				
KJ173328.1	false	0	0				
KJ173327.1	true	4771	5691	0.000000044241	3Seq	ref_AP011099	ref_AB562463
KJ173326.1	true	4771	5691	0.000000008174	3Seq	ref_AP011099	ref_AB562463
KJ173325.1	true	4807	5696	0.000000013405	3Seq	ref_AP011099	ref_KF873526
KJ173324.1	false	0	0				
KJ173323.1	false	0	0				
KJ173322.1	true	2291	3004	0.000000000000	3Seq	ref_AP011098	ref_GU815637
KJ173321.1	true	4771	5691	0.000000043941	3Seq	ref_AP011099	ref_AB562463
KJ173320.1	true	2291	3004	0.000000000000	3Seq	ref_AP011098	ref_GU815637
KJ173319.1	false	0	0				
KJ173318.1	false	0	0				
KJ173317.1	true	4771	5691	0.000000002127	3Seq	ref_AP011099	ref_AB562463
KJ173316.1	false	0	0				
KJ173315.1	true	4771	5691	0.000000043941	3Seq	ref_AP011099	ref_AB562463
KJ173314.1	true	4196	5869	0.000000026287	3Seq	ref_GQ161817	ref_GU815637
KJ173313.1	true	4196	5869	0.000000026287	3Seq	ref_GQ161817	ref_GU815637
KJ173312.1	false	0	0				
KJ173311.1	false	0	0				
KJ173310.1	true	4807	5696	0.000000003259	3Seq	ref_AP011099	ref_KF873526
KJ173309.1	true	4807	5696	0.000000005260	3Seq	ref_AP011099	ref_KF873526
KJ173308.1	true	4771	5691	0.000000006870	3Seq	ref_AP011099	ref_AB562463
KJ173307.1	true	4771	5691	0.000000008174	3Seq	ref_AP011099	ref_AB562463
KJ173306.1	true	4771	5691	0.000000003834	3Seq	ref_AP011099	ref_AB562463
KJ173305.1	true	4771	5691	0.000000008174	3Seq	ref_AP011099	ref_AB562463
KJ173304.1	false	0	0				
KJ173303.1	true	4807	5741	0.000000005594	3Seq	ref_AP011099	ref_KF873526
KJ173302.1	true	1533	3805	0.000000001667	3Seq	ref_AB562463	ref_GQ161817
KJ173301.1	true	1533	3805	0.000000001667	3Seq	ref_AB562463	ref_GQ161817
KJ173300.1	true	4807	5696	0.000000023857	3Seq	ref_AP011099	ref_KF873526
KJ173299.1	true	4807	5696	0.000000023857	3Seq	ref_AP011099	ref_KF873526
KJ173296.1	true	4771	5691	0.000000016035	3Seq	ref_AP011099	ref_AB562463
KJ173295.1	true	1464	4771	0.000000027791	3Seq	ref_AB562463	ref_AP011099
KJ173294.1	true	4771	5691	0.000000043941	3Seq	ref_AP011099	ref_AB562463
KJ173293.1	true	4771	5691	0.000000043941	3Seq	ref_AP011099	ref_AB562463
KJ173292.1	true	4807	5741	0.000000005594	3Seq	ref_AP011099	ref_KF873526
KJ173291.1	true	4807	5741	0.000000005594	3Seq	ref_AP011099	ref_KF873526
KJ173290.1	true	4132	5888	0.000000000248	3Seq	ref_GQ161817	ref_AB562463
KJ173289.1	true	1533	3805	0.000000001667	3Seq	ref_AB562463	ref_GQ161817
KJ173288.1	true	4787	5696	0.000000002423	3Seq	ref_AP011099	ref_KF873526
KJ173287.1	true	4787	5696	0.000000011162	3Seq	ref_AP011099	ref_KF873526
KJ173286.1	false	0	0				
KJ173285.1	true	2343	5872	0.000000037387	3Seq	ref_AB222711	ref_KF873526
KJ173284.1	true	4154	5888	0.000000003016	3Seq	ref_GQ161817	ref_FJ023669
KJ173283.1	true	4154	5888	0.000000003016	3Seq	ref_GQ161817	ref_FJ023669
KJ173282.1	true	4771	5691	0.000000031977	3Seq	ref_AP011099	ref_AB562463
KJ173281.1	true	4771	5691	0.000000031977	3Seq	ref_AP011099	ref_AB562463
KJ173280.1	true	2335	5190	0.000000000000	3Seq	ref_GQ377617	ref_GU815637
KJ173279.1	true	2334	5190	0.000000000000	3Seq	ref_GQ377617	ref_GU815637
GQ358158.1	false	0	0				
GQ358157.1	false	0	0				
GQ358156.1	true	2333	3074	0.000000029149	3Seq	ref_FJ023669	ref_GQ331046
GQ358155.1	false	0	0				
GQ358154.1	false	0	0				
GQ358153.1	false	0	0				
KT307719.1	false	0	0				
KT307718.1	false	0	0				
KR014097.1	false	0	0				
KR014094.1	true	4807	5696	0.000000044304	3Seq	ref_AP011099	ref_KF873526
KR014093.1	false	0	0				
KR014092.1	true	4807	5696	0.000000005161	3Seq	ref_AP011099	ref_KF873526
KR014091.1	false	0	0				
KR014090.1	true	4807	5787	0.000000035909	3Seq	ref_AP011099	ref_KF873526
KR014089.1	true	4807	5696	0.000000006606	3Seq	ref_AP011099	ref_KF873526
KR014088.1	false	0	0				
KR014087.1	true	4807	5696	0.000000010769	3Seq	ref_AP011099	ref_KF873526
KR014086.1	false	0	0				
KR014085.1	false	0	0				
KR014084.1	true	1464	4771	0.000000019422	3Seq	ref_AB562463	ref_AP011099
KR014083.1	true	2678	3014	0.000000033617	3Seq	ref_AB562463	ref_KJ843175
KR014082.1	false	0	0				
KR014081.1	false	0	0				
KR014080.1	true	4807	5741	0.000000004401	3Seq	ref_AP011099	ref_KF873526
KR014078.1	false	0	0				
KR014077.1	false	0	0				
KR014076.1	true	4170	4992	0.000000000758	3Seq	ref_KM606737	ref_AB486012
KR014075.1	true	4146	4992	0.000000001576	3Seq	ref_KM606737	ref_AB486012
KR014074.1	true	4771	5691	0.000000013774	3Seq	ref_AP011099	ref_AB562463
KR014073.1	true	4771	5691	0.000000035210	3Seq	ref_AP011099	ref_AB562463
KR014072.1	true	2528	5870	0.000000003121	3Seq	ref_GQ161817	ref_KF873526
KR014071.1	true	4796	4934	0.000000007684	3Seq	ref_AP011099	ref_HM585194
KR014070.1	true	4771	5691	0.000000023670	3Seq	ref_AP011099	ref_AB562463
KR014069.1	true	4139	5127	0.000000010975	3Seq	ref_KM606737	ref_AB073835
KR014068.1	true	3805	5854	0.000000031676	3Seq	ref_GQ161817	ref_AB562463
KR014067.1	true	2528	5870	0.000000029120	3Seq	ref_GQ161817	ref_KF873526
KR014066.1	false	0	0				
KR014065.1	false	0	0				
KR014064.1	true	4771	5756	0.000000001560	3Seq	ref_AP011099	ref_AB562463
KR014062.1	true	4771	5756	0.000000000850	3Seq	ref_AP011099	ref_AB562463
KR014061.1	false	0	0				
KR014060.1	true	4771	5691	0.000000009203	3Seq	ref_AP011099	ref_AB562463
KR014059.1	true	4771	5740	0.000000003945	3Seq	ref_AP011099	ref_AB562463
KR014058.1	true	4771	5691	0.000000024395	3Seq	ref_AP011099	ref_AB562463
KR014057.1	true	1464	4771	0.000000003692	3Seq	ref_AB562463	ref_AP011099
KR014056.1	true	1464	4771	0.000000004690	3Seq	ref_AB562463	ref_AP011099
KR014055.1	true	4771	5691	0.000000009203	3Seq	ref_AP011099	ref_AB562463
KR014054.1	false	0	0				
KR014053.1	false	0	0				
KR014052.1	false	0	0				
KR014051.1	false	0	0				
KR014050.1	false	0	0				
KR014049.1	false	0	0				
KR014048.1	false	0	0				
KR014046.1	false	0	0				
KR014045.1	false	0	0				
KR014044.1	true	4771	5691	0.000000030311	3Seq	ref_AP011099	ref_AB562463
KR014043.1	true	2528	5696	0.000000033030	3Seq	ref_AP011099	ref_KF873526
KR014042.1	false	0	0				
KR014040.1	false	0	0				
KR014039.1	false	0	0				
KR014038.1	false	0	0				
KR014037.1	false	0	0				
KR014036.1	false	0	0				
KR014035.1	false	0	0				
KR014034.1	true	4154	5888	0.000000000832	3Seq	ref_GQ161817	ref_FJ023669
KR014033.1	true	4154	5888	0.000000001137	3Seq	ref_GQ161817	ref_FJ023669
KR014032.1	true	4154	5888	0.000000002864	3Seq	ref_GQ161817	ref_FJ023669
KR014031.1	true	4154	5888	0.000000000999	3Seq	ref_GQ161817	ref_FJ023669
KR014030.1	true	4154	5888	0.000000004550	3Seq	ref_GQ161817	ref_FJ023669
KR014029.1	true	4154	5888	0.000000000731	3Seq	ref_GQ161817	ref_FJ023669
KR014028.1	true	4154	5888	0.000000002097	3Seq	ref_GQ161817	ref_FJ023669
KR014027.1	true	4154	5888	0.000000001137	3Seq	ref_GQ161817	ref_FJ023669
KR014026.1	true	4120	5200	0.000000017380	3Seq	ref_KM606737	ref_AB073835
KR014025.1	true	4120	5200	0.000000024614	3Seq	ref_KM606737	ref_AB073835
KR014024.1	false	0	0				
KR014023.1	false	0	0				
KR014022.1	false	0	0				
KR014021.1	false	0	0				
KR014020.1	true	4771	5691	0.000000001390	3Seq	ref_AP011099	ref_AB562463
KR014019.1	true	4771	5691	0.000000002526	3Seq	ref_AP011099	ref_AB562463
KR014018.1	false	0	0				
KR014017.1	false	0	0				
KR014016.1	false	0	0				
KR014015.1	false	0	0				
KR014012.1	false	0	0				
KR014011.1	false	0	0				
KR014010.1	false	0	0				
KR014009.1	false	0	0				
KR014008.1	false	0	0				
KR014007.1	true	1464	4771	0.000000008979	3Seq	ref_AB562463	ref_AP011099
KR014006.1	true	4771	5691	0.000000019537	3Seq	ref_AP011099	ref_AB562463
KR014005.1	true	1464	4771	0.000000013326	3Seq	ref_AB562463	ref_AP011099
KR014004.1	true	1464	4771	0.000000008979	3Seq	ref_AB562463	ref_AP011099
KR014003.1	false	0	0				
KR014002.1	true	1464	4771	0.000000008979	3Seq	ref_AB562463	ref_AP011099
KR014001.1	true	1464	4771	0.000000002181	3Seq	ref_AB562463	ref_AP011099
KR014000.1	true	1464	4771	0.000000005578	3Seq	ref_AB562463	ref_AP011099
KR013999.1	true	1464	4771	0.000000007436	3Seq	ref_AB562463	ref_AP011099
KR013998.1	true	1464	4771	0.000000012579	3Seq	ref_AB562463	ref_AP011099
KR013997.1	false	0	0				
KR013995.1	false	0	0				
KR013994.1	false	0	0				
KR013993.1	false	0	0				
KR013992.1	false	0	0				
KR013991.1	false	0	0				
KR013990.1	false	0	0				
KR013989.1	false	0	0				
KR013988.1	false	0	0				
KR013987.1	false	0	0				
KR013986.1	true	4807	5696	0.000000028250	3Seq	ref_AP011099	ref_KF873526
KR013985.1	true	1533	4771	0.000000034969	3Seq	ref_AB562463	ref_AP011099
KR013984.1	true	4771	5691	0.000000014105	3Seq	ref_AP011099	ref_AB562463
KR013983.1	true	4121	4915	0.000000003885	3Seq	ref_AB554015	ref_AB073835
KR013982.1	true	4121	4915	0.000000003885	3Seq	ref_AB554015	ref_AB073835
KR013981.1	true	4121	5108	0.000000002212	3Seq	ref_AB554015	ref_AB073835
KR013980.1	true	4121	4915	0.000000003885	3Seq	ref_AB554015	ref_AB073835
KR013979.1	true	4807	5696	0.000000005260	3Seq	ref_AP011099	ref_KF873526
KR013978.1	true	4771	5756	0.000000001212	3Seq	ref_AP011099	ref_AB562463
KR013977.1	true	4771	5691	0.000000030279	3Seq	ref_AP011099	ref_AB562463
KR013976.1	true	4771	5691	0.000000010015	3Seq	ref_AP011099	ref_AB562463
KR013975.1	true	4771	5691	0.000000005424	3Seq	ref_AP011099	ref_AB562463
KR013974.1	true	4771	5691	0.000000024315	3Seq	ref_AP011099	ref_AB562463
KR013973.1	true	4771	5691	0.000000004558	3Seq	ref_AP011099	ref_AB562463
KR013972.1	true	4771	5691	0.000000002722	3Seq	ref_AP011099	ref_AB562463
KR013971.1	true	4771	5756	0.000000001025	3Seq	ref_AP011099	ref_AB562463
KR013970.1	true	4771	5691	0.000000008132	3Seq	ref_AP011099	ref_AB562463
KR013969.1	true	4765	5691	0.000000003200	3Seq	ref_AP011099	ref_AB562463
KR013968.1	true	4771	5691	0.000000008655	3Seq	ref_AP011099	ref_AB562463
KR013967.1	true	4771	5778	0.000000019942	3Seq	ref_AP011099	ref_AB562463
KR013966.1	true	4771	5778	0.000000012811	3Seq	ref_AP011099	ref_AB562463
KR013965.1	true	4771	5778	0.000000023181	3Seq	ref_AP011099	ref_AB562463
KR013964.1	true	4771	5778	0.000000016023	3Seq	ref_AP011099	ref_AB562463
KR013963.1	true	4771	5778	0.000000016023	3Seq	ref_AP011099	ref_AB562463
KR013962.1	true	4771	5778	0.000000004413	3Seq	ref_AP011099	ref_AB562463
KR013961.1	true	4771	5778	0.000000016023	3Seq	ref_AP011099	ref_AB562463
KR013960.1	true	4771	5778	0.000000012811	3Seq	ref_AP011099	ref_AB562463
KR013959.1	true	4771	5691	0.000000000163	3Seq	ref_AP011099	ref_AB562463
KR013958.1	true	4771	5691	0.000000000311	3Seq	ref_AP011099	ref_AB562463
KR013957.1	true	4771	5691	0.000000000044	3Seq	ref_AP011099	ref_AB562463
KR013956.1	true	4771	5691	0.000000000044	3Seq	ref_AP011099	ref_AB562463
KR013955.1	true	4771	5691	0.000000000179	3Seq	ref_AP011099	ref_AB562463
KR013954.1	true	4771	5691	0.000000001792	3Seq	ref_AP011099	ref_AB562463
KR013953.1	false	0	0				
KR013952.1	false	0	0				
KR013951.1	false	0	0				
KR013950.1	true	4771	5778	0.000000042695	3Seq	ref_AP011099	ref_AB562463
KR013949.1	true	4771	5778	0.000000023939	3Seq	ref_AP011099	ref_AB562463
KR013948.1	true	1457	4771	0.000000031226	3Seq	ref_AB562463	ref_AP011099
KR013947.1	true	1457	4771	0.000000013410	3Seq	ref_AB562463	ref_AP011099
KR013946.1	false	0	0				
KR013945.1	true	4073	5063	0.000000030525	3Seq	ref_X02763	ref_AB486012
KR013944.1	false	0	0				
KR013943.1	true	4771	5778	0.000000041698	3Seq	ref_AP011099	ref_AB562463
KR013942.1	false	0	0				
KR013941.1	false	0	0				
KR013940.1	false	0	0				
KR013939.1	false	0	0				
KR013938.1	false	0	0				
KR013936.1	false	0	0				
KR013935.1	false	0	0				
KR013934.1	false	0	0				
KR013933.1	false	0	0				
KR013932.1	false	0	0				
KR013931.1	false	0	0				
KR013930.1	false	0	0				
KR013929.1	false	0	0				
KR013928.1	false	0	0				
KR013927.1	false	0	0				
KR013926.1	false	0	0				
KR013925.1	false	0	0				
KR013924.1	false	0	0				
KR013923.1	false	0	0				
KR013922.1	true	1533	3924	0.000000005867	3Seq	ref_AB562463	ref_GQ161817
KR013921.1	true	1533	3924	0.000000001109	3Seq	ref_AB562463	ref_GQ161817
KR013920.1	true	1533	3924	0.000000006379	3Seq	ref_AB562463	ref_GQ161817
KR013919.1	true	1533	3924	0.000000001402	3Seq	ref_AB562463	ref_GQ161817
KR013918.1	true	1533	3924	0.000000002442	3Seq	ref_AB562463	ref_GQ161817
KR013917.1	true	1533	3924	0.000000005058	3Seq	ref_AB562463	ref_GQ161817
KR013916.1	true	1533	3805	0.000000001004	3Seq	ref_AB562463	ref_GQ161817
KR013915.1	true	1533	3924	0.000000002966	3Seq	ref_AB562463	ref_GQ161817
KR013914.1	true	1533	3924	0.000000002967	3Seq	ref_AB562463	ref_GQ161817
KR013913.1	true	4196	5869	0.000000008021	3Seq	ref_GQ161817	ref_JQ801514
KR013912.1	true	1533	3924	0.000000002967	3Seq	ref_AB562463	ref_GQ161817
KR013911.1	true	1798	2552	0.000000025893	3Seq	ref_KF873526	ref_D23679
KR013910.1	true	4771	5691	0.000000000988	3Seq	ref_AP011099	ref_AB562463
KR013909.1	true	4771	5691	0.000000032801	3Seq	ref_AP011099	ref_AB562463
KR013908.1	true	4771	5691	0.000000008132	3Seq	ref_AP011099	ref_AB562463
KR013907.1	true	4771	5691	0.000000010224	3Seq	ref_AP011099	ref_AB562463
KR013906.1	false	0	0				
KR013905.1	false	0	0				
KR013903.1	false	0	0				
KR013902.1	false	0	0				
KR013901.1	false	0	0				
KR013900.1	false	0	0				
KR013899.1	false	0	0				
KR013898.1	false	0	0				
KP784761.1	true	4771	5691	0.000000018188	3Seq	ref_AP011099	ref_AB562463
KR013897.1	false	0	0				
KR013896.1	false	0	0				
KR013894.1	false	0	0				
KR013893.1	false	0	0				
KR013892.1	true	1512	3805	0.000000034848	3Seq	ref_AB562463	ref_GQ161817
KR013891.1	true	1798	2500	0.000000001266	3Seq	ref_KF873526	ref_D23679
KR013890.1	true	1512	3788	0.000000032987	3Seq	ref_AB562463	ref_GQ161817
KR013889.1	true	4132	5888	0.000000001563	3Seq	ref_GQ161817	ref_AB562463
KR013888.1	true	1512	3805	0.000000021729	3Seq	ref_AB562463	ref_GQ161817
KR013887.1	true	1512	3805	0.000000013284	3Seq	ref_AB562463	ref_GQ161817
KR013886.1	true	1512	3805	0.000000033862	3Seq	ref_AB562463	ref_GQ161817
KR013885.1	true	1798	2517	0.000000002896	3Seq	ref_KF873526	ref_D23679
KR013884.1	true	1798	2500	0.000000002567	3Seq	ref_KF873526	ref_D23679
KR013882.1	true	1512	3805	0.000000006322	3Seq	ref_AB562463	ref_GQ161817
KR013881.1	true	1798	2500	0.000000004852	3Seq	ref_KF873526	ref_D23679
KR013880.1	true	1512	3805	0.000000037641	3Seq	ref_AB562463	ref_GQ161817
KR013879.1	true	1798	2500	0.000000006349	3Seq	ref_KF873526	ref_D23679
KR013878.1	true	4132	5888	0.000000006062	3Seq	ref_GQ161817	ref_AB562463
KR013877.1	false	0	0				
KR013876.1	false	0	0				
KR013875.1	false	0	0				
KR013874.1	false	0	0				
KR013873.1	false	0	0				
KR013872.1	false	0	0				
KR013871.1	false	0	0				
KR013870.1	false	0	0				
KR013869.1	true	4771	5756	0.000000001560	3Seq	ref_AP011099	ref_AB562463
KR013868.1	false	0	0				
KR013867.1	true	4771	5756	0.000000001172	3Seq	ref_AP011099	ref_AB562463
KR013866.1	true	4771	5756	0.000000000850	3Seq	ref_AP011099	ref_AB562463
KR013865.1	true	4807	5741	0.000000002423	3Seq	ref_AP011099	ref_KF873526
KR013864.1	true	4771	5756	0.000000000850	3Seq	ref_AP011099	ref_AB562463
KR013863.1	true	4771	5756	0.000000001864	3Seq	ref_AP011099	ref_AB562463
KR013862.1	true	4771	5691	0.000000036782	3Seq	ref_AP011099	ref_AB562463
KR013861.1	true	4769	5691	0.000000025807	3Seq	ref_AP011099	ref_AB562463
KR013860.1	false	0	0				
KR013859.1	false	0	0				
KR013858.1	true	4771	5691	0.000000011818	3Seq	ref_AP011099	ref_AB562463
KR013857.1	false	0	0				
KR013856.1	false	0	0				
KR013855.1	false	0	0				
KR013854.1	false	0	0				
KR013853.1	true	4154	5888	0.000000003584	3Seq	ref_GQ161817	ref_FJ023669
KR013852.1	true	4154	5888	0.000000001137	3Seq	ref_GQ161817	ref_FJ023669
KR013851.1	true	4154	5888	0.000000000832	3Seq	ref_GQ161817	ref_FJ023669
KR013850.1	true	4154	5888	0.000000001295	3Seq	ref_GQ161817	ref_FJ023669
KR013849.1	true	4120	5200	0.000000024614	3Seq	ref_KM606737	ref_AB073835
KR013848.1	true	4120	5200	0.000000024614	3Seq	ref_KM606737	ref_AB073835
KR013847.1	false	0	0				
KR013846.1	false	0	0				
KR013845.1	true	4120	5200	0.000000040041	3Seq	ref_KM606737	ref_AB073835
KR013844.1	false	0	0				
KR013843.1	true	4120	5200	0.000000027018	3Seq	ref_KM606737	ref_AB073835
KR013842.1	true	4120	5200	0.000000024614	3Seq	ref_KM606737	ref_AB073835
KR013841.1	false	0	0				
KR013840.1	false	0	0				
KR013839.1	false	0	0				
KR013838.1	false	0	0				
KR013837.1	false	0	0				
KR013836.1	false	0	0				
KR013835.1	false	0	0				
KR013834.1	true	4771	5691	0.000000002526	3Seq	ref_AP011099	ref_AB562463
KR013833.1	true	4771	5691	0.000000002526	3Seq	ref_AP011099	ref_AB562463
KR013832.1	true	4771	5691	0.000000002526	3Seq	ref_AP011099	ref_AB562463
KR013831.1	true	4771	5691	0.000000002526	3Seq	ref_AP011099	ref_AB562463
KR013830.1	true	4771	5691	0.000000003003	3Seq	ref_AP011099	ref_AB562463
KR013829.1	true	4771	5691	0.000000005296	3Seq	ref_AP011099	ref_AB562463
KR013828.1	false	0	0				
KR013827.1	true	4771	5691	0.000000002846	3Seq	ref_AP011099	ref_AB562463
KR013826.1	false	0	0				
KR013825.1	false	0	0				
KR013824.1	false	0	0				
KR013823.1	false	0	0				
KR013822.1	false	0	0				
KR013821.1	false	0	0				
KR013820.1	false	0	0				
KR013819.1	false	0	0				
KR013818.1	false	0	0				
KR013817.1	true	1798	2500	0.000000033531	3Seq	ref_KF873526	ref_D23679
KR013816.1	true	4807	5696	0.000000028250	3Seq	ref_AP011099	ref_KF873526
KR013815.1	true	1533	4771	0.000000029410	3Seq	ref_AB562463	ref_AP011099
KR013814.1	false	0	0				
KR013813.1	true	4807	5696	0.000000028250	3Seq	ref_AP011099	ref_KF873526
KR013812.1	false	0	0				
KR013811.1	true	1533	4771	0.000000029410	3Seq	ref_AB562463	ref_AP011099
KR013810.1	true	4807	5696	0.000000007042	3Seq	ref_AP011099	ref_KF873526
KR013809.1	true	4807	5696	0.000000028250	3Seq	ref_AP011099	ref_KF873526
KR013808.1	true	4771	5691	0.000000008496	3Seq	ref_AP011099	ref_AB562463
KR013807.1	true	4121	5108	0.000000002008	3Seq	ref_AB554015	ref_AB073835
KR013806.1	true	4121	4915	0.000000003885	3Seq	ref_AB554015	ref_AB073835
KR013805.1	true	4807	5696	0.000000008929	3Seq	ref_AP011099	ref_KF873526
KR013804.1	true	4121	5108	0.000000003375	3Seq	ref_AB554015	ref_AB073835
KR013803.1	true	4771	5691	0.000000001560	3Seq	ref_AP011099	ref_AB562463
KR013802.1	true	4771	5691	0.000000017697	3Seq	ref_AP011099	ref_AB562463
KR013801.1	true	4807	5696	0.000000006724	3Seq	ref_AP011099	ref_KF873526
KR013800.1	true	4765	5691	0.000000005857	3Seq	ref_AP011099	ref_AB562463
KR013799.1	true	4771	5691	0.000000003834	3Seq	ref_AP011099	ref_AB562463
KR013798.1	true	4771	5778	0.000000006940	3Seq	ref_AP011099	ref_AB562463
KR013797.1	true	4771	5778	0.000000019942	3Seq	ref_AP011099	ref_AB562463
KR013796.1	true	4805	5691	0.000000001512	3Seq	ref_AP011099	ref_AB562463
KR013795.1	true	4771	5691	0.000000000259	3Seq	ref_AP011099	ref_AB562463
KR013794.1	true	4771	5691	0.000000000705	3Seq	ref_AP011099	ref_AB562463
KR013793.1	true	4771	5691	0.000000000044	3Seq	ref_AP011099	ref_AB562463
KR013792.1	true	4771	5691	0.000000000311	3Seq	ref_AP011099	ref_AB562463
KR013791.1	true	4771	5778	0.000000023939	3Seq	ref_AP011099	ref_AB562463
KR013790.1	true	4196	5869	0.000000034595	3Seq	ref_GQ161817	ref_GU815637
KR013789.1	false	0	0				
KR013788.1	false	0	0				
KR013787.1	false	0	0				
KR013786.1	false	0	0				
KR013785.1	false	0	0				
KR013784.1	false	0	0				
KR013783.1	false	0	0				
KR013782.1	false	0	0				
KR013781.1	true	1533	3805	0.000000032581	3Seq	ref_AB562463	ref_GQ161817
KR013780.1	false	0	0				
KR013779.1	false	0	0				
KR013778.1	true	4771	5756	0.000000012233	3Seq	ref_AP011099	ref_AB562463
KR013777.1	true	1533	3924	0.000000001378	3Seq	ref_AB562463	ref_GQ161817
KR013776.1	true	4771	5691	0.000000000163	3Seq	ref_AP011099	ref_AB562463
KR013775.1	true	4771	5691	0.000000001172	3Seq	ref_AP011099	ref_AB562463
KR013774.1	true	4771	5691	0.000000000413	3Seq	ref_AP011099	ref_AB562463
KR013773.1	true	4771	5691	0.000000000760	3Seq	ref_AP011099	ref_AB562463
KR013772.1	true	4771	5691	0.000000005937	3Seq	ref_AP011099	ref_AB562463
KR013771.1	true	4771	5691	0.000000000988	3Seq	ref_AP011099	ref_AB562463
KR013770.1	false	0	0				
KR013769.1	false	0	0				
KR013768.1	false	0	0				
KR013767.1	false	0	0				
KR013766.1	false	0	0				
KR013765.1	false	0	0				
KR013764.1	false	0	0				
KR013763.1	false	0	0				
KR013762.1	false	0	0				
KR013761.1	false	0	0				
KP276255.1	true	2291	5888	0.000000000000	3Seq	ref_FJ904435	ref_AP011098
KP276254.1	true	2291	5888	0.000000000000	3Seq	ref_FJ904435	ref_AP011098
KM875430.1	false	0	0				
KM875428.1	false	0	0				
KM875425.1	false	0	0				
KM875424.1	false	0	0				
KM875423.1	false	0	0				
KM875422.1	false	0	0				
KM875415.1	false	0	0				
KM875413.1	false	0	0				
KM875412.1	false	0	0				
KM875410.1	false	0	0				
KM875407.1	false	0	0				
KM875406.1	false	0	0				
KM875405.1	false	0	0				
KM875404.1	false	0	0				
KF214677.1	false	0	0				
KF214676.1	false	0	0				
KF214675.1	true	2543	5812	0.000000015008	3Seq	ref_KP168423	ref_KF873526
KF214674.1	true	2343	5872	0.000000036419	3Seq	ref_AB222711	ref_KF873526
KF214673.1	false	0	0				
KF214672.1	false	0	0				
KF214671.1	false	0	0				
KF214670.1	false	0	0				
KF214669.1	false	0	0				
KF214668.1	false	0	0				
KF214667.1	false	0	0				
KF214665.1	true	2391	5839	0.000000039931	3Seq	ref_AB056513	ref_KF873526
KF214655.1	true	4771	5778	0.000000031977	3Seq	ref_AP011099	ref_AB562463
KF214654.1	true	4771	5691	0.000000004535	3Seq	ref_AP011099	ref_AB562463
KF214653.1	true	1533	4771	0.000000003756	3Seq	ref_AB562463	ref_AP011099
KF214652.1	true	4163	5063	0.000000004368	3Seq	ref_X02763	ref_AB486012
KF214651.1	true	4771	5691	0.000000002742	3Seq	ref_AP011099	ref_AB562463
KP406242.1	true	4085	5108	0.000000000000	3Seq	ref_D23679	ref_AP011098
KP406241.1	true	4085	5108	0.000000000000	3Seq	ref_D23679	ref_AP011098
KP027477.1	false	0	0				
KM359477.1	true	4771	5691	0.000000007763	3Seq	ref_AP011099	ref_AB562463
KM229703.1	true	4771	5691	0.000000004559	3Seq	ref_AP011099	ref_AB562463
KF779327.1	false	0	0				
AB931171.1	true	4124	5531	0.000000000947	3Seq	ref_FJ692601	ref_AP011085
AB931170.1	true	4124	5531	0.000000002345	3Seq	ref_FJ692601	ref_AP011085
KM213037.1	false	0	0				
KM213033.1	false	0	0				
KF779300.1	false	0	0				
KF779242.1	false	0	0				
KC774458.1	true	2291	5899	0.000000000000	3Seq	ref_KC875277	ref_AP011098
KC774457.1	true	2291	5888	0.000000000000	3Seq	ref_FJ904435	ref_AP011098
KC774455.1	true	2291	5888	0.000000000000	3Seq	ref_FJ904435	ref_AP011098
KC774454.1	true	2291	5888	0.000000000000	3Seq	ref_FJ904435	ref_AP011098
KC774453.1	true	2291	5899	0.000000000000	3Seq	ref_KC875277	ref_AP011098
KC774452.1	true	2291	5888	0.000000000000	3Seq	ref_FJ904435	ref_AP011098
KC774451.1	true	2291	5888	0.000000000000	3Seq	ref_FJ904435	ref_AP011098
KC774449.1	true	2291	5888	0.000000000000	3Seq	ref_FJ904435	ref_AP011098
KC774448.1	true	2291	5888	0.000000000000	3Seq	ref_FJ904435	ref_AP011098
KC774447.1	true	2291	5888	0.000000000000	3Seq	ref_FJ904435	ref_AP011098
KC774446.1	true	2291	5888	0.000000000000	3Seq	ref_FJ904435	ref_AP011098
KC774443.1	true	2291	5888	0.000000000000	3Seq	ref_FJ904435	ref_AP011098
KC774442.1	true	2291	5888	0.000000000000	3Seq	ref_FJ904435	ref_AP011098
KC774441.1	true	2291	5888	0.000000000000	3Seq	ref_FJ904435	ref_AP011098
KC774439.1	true	2291	5888	0.000000000000	3Seq	ref_FJ904435	ref_AP011098
KC774438.1	true	2291	5888	0.000000000000	3Seq	ref_FJ904435	ref_AP011098
KC774435.1	true	2291	5888	0.000000000000	3Seq	ref_FJ904435	ref_AP011098
KC774279.1	true	4118	5063	0.000000010715	3Seq	ref_X02763	ref_AB486012
KC774278.1	true	4771	5691	0.000000004106	3Seq	ref_AP011099	ref_AB562463
KC774277.1	true	4154	5888	0.000000003849	3Seq	ref_GQ161817	ref_FJ023669
KC774276.1	true	4771	5691	0.000000001864	3Seq	ref_AP011099	ref_AB562463
KC774275.1	false	0	0				
KC774274.1	true	4807	5696	0.000000001834	3Seq	ref_AP011099	ref_KF873526
KC774273.1	true	4807	5696	0.000000022260	3Seq	ref_AP011099	ref_KF873526
KC774272.1	false	0	0				
KC774271.1	true	4771	5691	0.000000008174	3Seq	ref_AP011099	ref_AB562463
KC774270.1	false	0	0				
KC774269.1	true	4771	5756	0.000000004117	3Seq	ref_AP011099	ref_AB562463
KC774268.1	true	4771	5691	0.000000001864	3Seq	ref_AP011099	ref_AB562463
KC774267.1	true	4771	5691	0.000000000912	3Seq	ref_AP011099	ref_AB562463
KC774266.1	true	4787	5696	0.000000001141	3Seq	ref_AP011099	ref_KF873526
KC774265.1	true	4807	5696	0.000000004038	3Seq	ref_AP011099	ref_KF873526
KC774264.1	true	4771	5756	0.000000008462	3Seq	ref_AP011099	ref_AB562463
KC774263.1	true	4807	5696	0.000000034581	3Seq	ref_AP011099	ref_KF873526
KC774262.1	false	0	0				
KC774261.1	false	0	0				
KC774260.1	true	4771	5691	0.000000000912	3Seq	ref_AP011099	ref_AB562463
KC774259.1	false	0	0				
KC774258.1	true	4807	5696	0.000000012426	3Seq	ref_AP011099	ref_KF873526
KC774257.1	false	0	0				
KC774256.1	true	4154	5888	0.000000003849	3Seq	ref_GQ161817	ref_FJ023669
KC774255.1	true	4771	5691	0.000000016545	3Seq	ref_AP011099	ref_AB562463
KC774254.1	true	4154	5888	0.000000019846	3Seq	ref_GQ161817	ref_FJ023669
KC774253.1	true	4771	5756	0.000000000556	3Seq	ref_AP011099	ref_AB562463
KC774252.1	false	0	0				
KC774251.1	true	4771	5691	0.000000006870	3Seq	ref_AP011099	ref_AB562463
KC774250.1	true	1533	3924	0.000000027982	3Seq	ref_AB562463	ref_GQ161817
KC774249.1	true	4771	5691	0.000000001864	3Seq	ref_AP011099	ref_AB562463
KC774248.1	true	4807	5696	0.000000000464	3Seq	ref_AP011099	ref_KF873526
KC774247.1	true	4771	5691	0.000000000586	3Seq	ref_AP011099	ref_AB562463
KC774246.1	true	3178	5119	0.000000001161	3Seq	ref_AB554015	ref_JQ801514
KC774245.1	true	4807	5696	0.000000017961	3Seq	ref_AP011099	ref_KF873526
KC774244.1	true	4771	5691	0.000000001345	3Seq	ref_AP011099	ref_AB562463
KC774243.1	true	4807	5696	0.000000001484	3Seq	ref_AP011099	ref_KF873526
KC774179.1	true	4300	4915	0.000000000000	3Seq	ref_KC774298	ref_FJ692507
KJ470890.1	true	4593	4760	0.000000000744	3Seq	ref_FJ904435	ref_FJ692557
KC774499.1	true	2291	5888	0.000000000000	3Seq	ref_FJ904435	ref_AP011098
KC774498.1	true	2188	5888	0.000000000000	3Seq	ref_FJ904435	ref_AP011098
KC774497.1	true	2291	5888	0.000000000000	3Seq	ref_FJ904435	ref_AP011098
KC774496.1	true	2291	5888	0.000000000000	3Seq	ref_FJ904435	ref_AP011098
KC774495.1	true	2291	5888	0.000000000000	3Seq	ref_FJ904435	ref_AP011098
KC774494.1	true	2291	5888	0.000000000000	3Seq	ref_FJ904435	ref_AP011098
KC774493.1	true	2291	5888	0.000000000000	3Seq	ref_FJ904435	ref_AP011098
KC774491.1	true	2291	5888	0.000000000000	3Seq	ref_FJ904435	ref_AP011098
KC774490.1	true	2311	5888	0.000000000000	3Seq	ref_FJ904435	ref_AP011098
KC774489.1	true	2291	5888	0.000000000000	3Seq	ref_FJ904435	ref_AP011098
KC774488.1	true	2291	5888	0.000000000000	3Seq	ref_FJ904435	ref_AP011098
KC774487.1	true	2311	5888	0.000000000000	3Seq	ref_FJ904435	ref_AP011098
KC774486.1	true	2272	5899	0.000000000000	3Seq	ref_KC875277	ref_AP011098
KC774484.1	true	2291	5888	0.000000000000	3Seq	ref_FJ904435	ref_AP011098
KC774483.1	true	2291	5888	0.000000000000	3Seq	ref_FJ904435	ref_AP011098
KC774481.1	true	2291	5888	0.000000000000	3Seq	ref_FJ904435	ref_AP011098
KC774480.1	true	2291	5888	0.000000000000	3Seq	ref_FJ904435	ref_AP011098
KC774479.1	true	2291	5888	0.000000000000	3Seq	ref_FJ904435	ref_AP011098
KC774478.1	true	2291	5888	0.000000000000	3Seq	ref_FJ904435	ref_AP011098
KC774476.1	true	2291	5888	0.000000000000	3Seq	ref_FJ904435	ref_AP011098
KC774475.1	true	2291	5888	0.000000000000	3Seq	ref_FJ904435	ref_AP011098
KC774474.1	true	2291	5888	0.000000000000	3Seq	ref_FJ904435	ref_AP011098
KC774473.1	true	1599	2291	0.000000000000	3Seq	ref_AP011098	ref_KC875277
KC774472.1	true	2291	5888	0.000000000000	3Seq	ref_FJ904435	ref_AP011098
KC774471.1	true	2291	5873	0.000000000000	3Seq	ref_FJ904435	ref_AP011098
KC774470.1	true	2291	5899	0.000000000000	3Seq	ref_KC875277	ref_AP011098
KC774469.1	true	2291	5888	0.000000000000	3Seq	ref_FJ904435	ref_AP011098
KC774468.1	true	2291	5888	0.000000000000	3Seq	ref_FJ904435	ref_AP011098
KC774467.1	true	2291	5888	0.000000000000	3Seq	ref_FJ904435	ref_AP011098
KC774466.1	true	2291	5888	0.000000000000	3Seq	ref_FJ904435	ref_AP011098
KC774465.1	true	2291	5888	0.000000000000	3Seq	ref_FJ904435	ref_AP011098
KC774464.1	true	2291	5888	0.000000000000	3Seq	ref_FJ904435	ref_AP011098
KC774463.1	true	2291	5888	0.000000000000	3Seq	ref_FJ904435	ref_AP011098
KC774461.1	true	2272	5888	0.000000000000	3Seq	ref_FJ904435	ref_AP011098
KC774434.1	true	2291	5888	0.000000000000	3Seq	ref_FJ904435	ref_AP011098
KC774433.1	true	2291	5899	0.000000000000	3Seq	ref_KC875277	ref_AP011098
KC774432.1	true	2291	5899	0.000000000000	3Seq	ref_KC875277	ref_AP011098
KC774431.1	true	2188	5888	0.000000000000	3Seq	ref_FJ904435	ref_AP011098
KC774430.1	true	2291	5899	0.000000000000	3Seq	ref_KC875277	ref_AP011098
KC774429.1	true	2291	5888	0.000000000000	3Seq	ref_FJ904435	ref_AP011098
KC774428.1	true	2291	5888	0.000000000000	3Seq	ref_FJ904435	ref_AP011098
KC774427.1	true	2188	5888	0.000000000000	3Seq	ref_FJ904435	ref_AP011098
KC774426.1	true	2291	5899	0.000000000000	3Seq	ref_KC875277	ref_AP011098
KC774425.1	true	2291	5888	0.000000000000	3Seq	ref_FJ904435	ref_AP011098
KC774424.1	true	2291	5888	0.000000000000	3Seq	ref_FJ904435	ref_AP011098
KC774423.1	true	2291	5873	0.000000000000	3Seq	ref_FJ904435	ref_AP011098
KC774422.1	true	2291	5888	0.000000000000	3Seq	ref_FJ904435	ref_AP011098
KC774421.1	true	2291	5888	0.000000000000	3Seq	ref_FJ904435	ref_AP011098
KC774420.1	true	2291	5899	0.000000000000	3Seq	ref_KC875277	ref_AP011098
KC774361.1	true	4787	5696	0.000000000238	3Seq	ref_AP011099	ref_KF873526
KC774360.1	false	0	0				
KC774359.1	false	0	0				
KC774358.1	true	4807	5696	0.000000018946	3Seq	ref_AP011099	ref_KF873526
KC774357.1	false	0	0				
KC774356.1	true	4807	5696	0.000000000404	3Seq	ref_AP011099	ref_KF873526
KC774355.1	false	0	0				
KC774354.1	true	4807	5696	0.000000008427	3Seq	ref_AP011099	ref_KF873526
KC774353.1	false	0	0				
KC774352.1	true	1566	5888	0.000000000373	3Seq	ref_MF925358	ref_GQ377617
KC774350.1	true	1566	5888	0.000000000110	3Seq	ref_MF925358	ref_GQ377617
KC774349.1	true	4771	5691	0.000000026866	3Seq	ref_AP011099	ref_AB562463
KC774348.1	true	4807	5696	0.000000001120	3Seq	ref_AP011099	ref_KF873526
KC774347.1	true	4807	5696	0.000000001207	3Seq	ref_AP011099	ref_KF873526
KC774346.1	true	4807	5696	0.000000008257	3Seq	ref_AP011099	ref_KF873526
KC774345.1	true	4771	5691	0.000000010282	3Seq	ref_AP011099	ref_AB562463
KC774344.1	true	1566	5888	0.000000000004	3Seq	ref_MF925358	ref_GQ377617
KC774343.1	true	4771	5691	0.000000000148	3Seq	ref_AP011099	ref_AB562463
KC774342.1	true	4771	5691	0.000000015294	3Seq	ref_AP011099	ref_AB562463
KC774341.1	false	0	0				
KC774340.1	true	4771	5710	0.000000000850	3Seq	ref_AP011099	ref_AB562463
KC774339.1	true	4771	5778	0.000000029610	3Seq	ref_AP011099	ref_AB562463
KC774338.1	true	4771	5691	0.000000012931	3Seq	ref_AP011099	ref_AB562463
KC774337.1	true	4771	5691	0.000000007292	3Seq	ref_AP011099	ref_AB562463
KC774336.1	true	4118	5113	0.000000024555	3Seq	ref_KM606737	ref_JQ801514
KJ598780.1	true	4120	5225	0.000000003457	3Seq	ref_KM606737	ref_AB073835
KJ598779.1	false	0	0				
KJ598778.1	false	0	0				
KJ598777.1	false	0	0				
KJ598776.1	false	0	0				
KJ598775.1	false	0	0				
KJ598774.1	false	0	0				
KJ598773.1	false	0	0				
KJ598772.1	true	4771	5691	0.000000022091	3Seq	ref_AP011099	ref_AB562463
KJ598771.1	false	0	0				
KJ598770.1	false	0	0				
KJ598769.1	false	0	0				
KJ598768.1	false	0	0				
KJ598767.1	false	0	0				
KJ598766.1	false	0	0				
KJ598765.1	false	0	0				
KJ598764.1	false	0	0				
KJ598763.1	false	0	0				
KJ598762.1	false	0	0				
KJ598761.1	false	0	0				
KJ598760.1	false	0	0				
KJ598759.1	false	0	0				
KJ598757.1	false	0	0				
KJ598756.1	false	0	0				
KJ598755.1	false	0	0				
KJ598754.1	true	4807	5696	0.000000002553	3Seq	ref_AP011099	ref_KF873526
KJ598753.1	true	4807	5696	0.000000002003	3Seq	ref_AP011099	ref_KF873526
KJ598752.1	true	4807	5696	0.000000002553	3Seq	ref_AP011099	ref_KF873526
KJ598751.1	true	4807	5696	0.000000006724	3Seq	ref_AP011099	ref_KF873526
KJ598750.1	true	4807	5696	0.000000012086	3Seq	ref_AP011099	ref_KF873526
KJ598749.1	true	4807	5696	0.000000002553	3Seq	ref_AP011099	ref_KF873526
KJ598748.1	true	4807	5696	0.000000002553	3Seq	ref_AP011099	ref_KF873526
KJ598747.1	true	4807	5696	0.000000002553	3Seq	ref_AP011099	ref_KF873526
KJ598746.1	true	4807	5696	0.000000002553	3Seq	ref_AP011099	ref_KF873526
KJ598745.1	false	0	0				
KJ598744.1	true	4807	5696	0.000000002553	3Seq	ref_AP011099	ref_KF873526
KJ598743.1	true	4807	5696	0.000000005260	3Seq	ref_AP011099	ref_KF873526
KJ598742.1	true	4807	5696	0.000000002553	3Seq	ref_AP011099	ref_KF873526
KJ598741.1	true	4807	5696	0.000000002553	3Seq	ref_AP011099	ref_KF873526
KJ598740.1	true	4807	5696	0.000000002553	3Seq	ref_AP011099	ref_KF873526
KJ598739.1	true	3827	5227	0.000000012366	3Seq	ref_KM606737	ref_JQ801514
KJ598738.1	true	3827	5227	0.000000009002	3Seq	ref_KM606737	ref_JQ801514
KJ598737.1	true	3827	5227	0.000000034351	3Seq	ref_KM606737	ref_JQ801514
KJ598736.1	true	4120	5225	0.000000020543	3Seq	ref_KM606737	ref_AB073835
KJ598735.1	true	3827	5227	0.000000004677	3Seq	ref_KM606737	ref_JQ801514
KJ598734.1	true	3827	5227	0.000000009002	3Seq	ref_KM606737	ref_JQ801514
KJ598733.1	true	3827	5227	0.000000006448	3Seq	ref_KM606737	ref_JQ801514
KJ598732.1	true	3827	5227	0.000000002838	3Seq	ref_KM606737	ref_JQ801514
KJ598731.1	true	3827	5227	0.000000020093	3Seq	ref_KM606737	ref_JQ801514
KJ598730.1	true	4120	5225	0.000000009424	3Seq	ref_KM606737	ref_AB073835
KJ598729.1	true	3827	5227	0.000000009002	3Seq	ref_KM606737	ref_JQ801514
KJ598728.1	true	3827	5227	0.000000009002	3Seq	ref_KM606737	ref_JQ801514
KJ598727.1	true	4120	5225	0.000000032822	3Seq	ref_KM606737	ref_AB073835
KJ598726.1	false	0	0				
KJ598725.1	true	3827	5227	0.000000004677	3Seq	ref_KM606737	ref_JQ801514
KJ598724.1	true	3827	5227	0.000000003914	3Seq	ref_KM606737	ref_JQ801514
KJ598723.1	true	3827	5227	0.000000009002	3Seq	ref_KM606737	ref_JQ801514
KJ598722.1	true	3827	5227	0.000000006448	3Seq	ref_KM606737	ref_JQ801514
KJ598721.1	true	4120	5225	0.000000008941	3Seq	ref_KM606737	ref_AB073835
KJ598720.1	true	3827	5227	0.000000023549	3Seq	ref_KM606737	ref_JQ801514
KJ598719.1	true	4771	5691	0.000000001450	3Seq	ref_AP011099	ref_AB562463
KJ598718.1	true	4771	5691	0.000000001450	3Seq	ref_AP011099	ref_AB562463
KJ598717.1	true	4771	5691	0.000000001450	3Seq	ref_AP011099	ref_AB562463
KJ598716.1	true	4771	5691	0.000000002670	3Seq	ref_AP011099	ref_AB562463
KJ598715.1	true	4771	5691	0.000000005296	3Seq	ref_AP011099	ref_AB562463
KJ598714.1	true	4771	5691	0.000000003003	3Seq	ref_AP011099	ref_AB562463
KJ598713.1	true	4771	5691	0.000000001450	3Seq	ref_AP011099	ref_AB562463
KJ598712.1	true	4771	5691	0.000000002670	3Seq	ref_AP011099	ref_AB562463
KJ598711.1	true	4771	5691	0.000000001450	3Seq	ref_AP011099	ref_AB562463
KJ598710.1	true	1488	4771	0.000000000963	3Seq	ref_AB562463	ref_AP011099
KJ598709.1	true	4771	5691	0.000000001450	3Seq	ref_AP011099	ref_AB562463
KJ598708.1	true	4771	5691	0.000000001450	3Seq	ref_AP011099	ref_AB562463
KJ598707.1	true	4771	5691	0.000000002670	3Seq	ref_AP011099	ref_AB562463
KJ598706.1	true	4771	5691	0.000000001864	3Seq	ref_AP011099	ref_AB562463
KJ598705.1	true	4771	5691	0.000000001450	3Seq	ref_AP011099	ref_AB562463
KJ598704.1	true	3844	5696	0.000000032088	3Seq	ref_AP011099	ref_KF873526
KJ598703.1	false	0	0				
KJ598702.1	false	0	0				
KJ598701.1	true	4807	5696	0.000000007655	3Seq	ref_AP011099	ref_KF873526
KJ598700.1	false	0	0				
KC774335.1	true	1533	3805	0.000000000581	3Seq	ref_AB562463	ref_GQ161817
KC774334.1	false	0	0				
KC774333.1	true	4807	5843	0.000000000904	3Seq	ref_AP011099	ref_KF873526
KC774332.1	true	4807	5696	0.000000017123	3Seq	ref_AP011099	ref_KF873526
KC774331.1	true	4807	5696	0.000000010722	3Seq	ref_AP011099	ref_KF873526
KC774330.1	true	4771	5691	0.000000021989	3Seq	ref_AP011099	ref_AB562463
KC774329.1	true	4771	5691	0.000000022091	3Seq	ref_AP011099	ref_AB562463
KC774328.1	true	4771	5691	0.000000000705	3Seq	ref_AP011099	ref_AB562463
KC774327.1	true	4771	5691	0.000000001450	3Seq	ref_AP011099	ref_AB562463
KC774326.1	true	4771	5756	0.000000005157	3Seq	ref_AP011099	ref_AB562463
KC774325.1	false	0	0				
KC774324.1	false	0	0				
KC774323.1	true	1533	4584	0.000000018519	3Seq	ref_AB562463	ref_GQ161817
KC774322.1	true	4771	5691	0.000000002722	3Seq	ref_AP011099	ref_AB562463
KC774321.1	true	1893	5212	0.000000020869	3Seq	ref_AM184126	ref_AP011085
KC774320.1	true	4807	5696	0.000000006484	3Seq	ref_AP011099	ref_KF873526
KC774319.1	true	4771	5691	0.000000002973	3Seq	ref_AP011099	ref_AB562463
KC774318.1	true	4771	5691	0.000000009289	3Seq	ref_AP011099	ref_AB562463
KC774317.1	true	4771	5691	0.000000002722	3Seq	ref_AP011099	ref_AB562463
KC774316.1	true	4771	5691	0.000000010848	3Seq	ref_AP011099	ref_AB562463
KC774315.1	false	0	0				
KC774314.1	true	4771	5691	0.000000020636	3Seq	ref_AP011099	ref_AB562463
KC774313.1	false	0	0				
KC774312.1	true	4807	5696	0.000000007653	3Seq	ref_AP011099	ref_KF873526
KC774311.1	true	4771	5691	0.000000001599	3Seq	ref_AP011099	ref_AB562463
KC774310.1	true	4771	5691	0.000000004487	3Seq	ref_AP011099	ref_AB562463
KC774309.1	true	4154	5888	0.000000001750	3Seq	ref_GQ161817	ref_FJ023669
KC774308.1	true	1798	2539	0.000000030145	3Seq	ref_KF873526	ref_D23679
KC774307.1	true	1533	4584	0.000000002617	3Seq	ref_AB562463	ref_GQ161817
KC774306.1	false	0	0				
KC774305.1	true	4154	5888	0.000000004176	3Seq	ref_GQ161817	ref_FJ023669
KC774304.1	false	0	0				
KC774303.1	false	0	0				
KC774302.1	false	0	0				
KC774301.1	true	4807	5696	0.000000025860	3Seq	ref_AP011099	ref_KF873526
KC774300.1	true	4771	5691	0.000000024764	3Seq	ref_AP011099	ref_AB562463
KC774299.1	true	1533	3805	0.000000008679	3Seq	ref_AB562463	ref_GQ161817
KC774298.1	false	0	0				
KC774297.1	true	4689	4915	0.000000000000	3Seq	ref_KC774298	ref_FJ692507
KC774296.1	false	0	0				
KC774295.1	true	4807	5741	0.000000002455	3Seq	ref_AP011099	ref_KF873526
KC774294.1	true	4771	5691	0.000000010284	3Seq	ref_AP011099	ref_AB562463
KC774293.1	true	4771	5691	0.000000006870	3Seq	ref_AP011099	ref_AB562463
KC774292.1	true	4765	5756	0.000000003403	3Seq	ref_AP011099	ref_AB562463
KC774291.1	true	1533	4584	0.000000001516	3Seq	ref_AB562463	ref_GQ161817
KC774290.1	true	4807	5696	0.000000015069	3Seq	ref_AP011099	ref_KF873526
KC774289.1	true	4807	5696	0.000000018177	3Seq	ref_AP011099	ref_KF873526
KC774288.1	false	0	0				
KC774287.1	true	4771	5691	0.000000025807	3Seq	ref_AP011099	ref_AB562463
KC774286.1	true	4787	5696	0.000000003164	3Seq	ref_AP011099	ref_KF873526
KC774285.1	true	1533	4300	0.000000013194	3Seq	ref_AB562463	ref_GQ161817
KC774284.1	true	1533	3805	0.000000024486	3Seq	ref_AB562463	ref_GQ161817
KC774283.1	true	4771	5691	0.000000025807	3Seq	ref_AP011099	ref_AB562463
KC774282.1	false	0	0				
KC774281.1	true	4771	5691	0.000000002042	3Seq	ref_AP011099	ref_AB562463
KC774280.1	true	4771	5691	0.000000012811	3Seq	ref_AP011099	ref_AB562463
KC774242.1	true	4787	5696	0.000000000303	3Seq	ref_AP011099	ref_KF873526
KC774241.1	true	4771	5756	0.000000001696	3Seq	ref_AP011099	ref_AB562463
KC774240.1	true	4789	5778	0.000000025807	3Seq	ref_AP011099	ref_AB562463
KC774239.1	true	4807	5696	0.000000000394	3Seq	ref_AP011099	ref_KF873526
KC774238.1	true	1533	3805	0.000000013608	3Seq	ref_AB562463	ref_GQ161817
KC774237.1	true	4771	5691	0.000000000487	3Seq	ref_AP011099	ref_AB562463
KC774236.1	true	2543	5812	0.000000041228	3Seq	ref_KP168423	ref_KF873526
KC774235.1	true	3827	5217	0.000000030732	3Seq	ref_KM606737	ref_JQ801514
KC774234.1	true	4807	5696	0.000000006724	3Seq	ref_AP011099	ref_KF873526
KC774233.1	true	4771	5691	0.000000008655	3Seq	ref_AP011099	ref_AB562463
KC774232.1	true	4807	5696	0.000000005084	3Seq	ref_AP011099	ref_KF873526
KC774231.1	true	4771	5691	0.000000008655	3Seq	ref_AP011099	ref_AB562463
KC774230.1	true	4771	5756	0.000000006727	3Seq	ref_AP011099	ref_AB562463
KC774229.1	true	4771	5691	0.000000004869	3Seq	ref_AP011099	ref_AB562463
KC774228.1	false	0	0				
KC774227.1	false	0	0				
KC774226.1	true	4121	5108	0.000000006082	3Seq	ref_AB554015	ref_AB073835
KC774225.1	true	4807	5696	0.000000000674	3Seq	ref_AP011099	ref_KF873526
KC774224.1	false	0	0				
KC774223.1	true	1533	3805	0.000000034357	3Seq	ref_AB562463	ref_GQ161817
KC774222.1	true	4771	5778	0.000000013345	3Seq	ref_AP011099	ref_AB562463
KC774221.1	true	4584	5888	0.000000000256	3Seq	ref_GQ161817	ref_FJ023669
KC774220.1	true	4807	5696	0.000000011205	3Seq	ref_AP011099	ref_KF873526
KC774219.1	true	1566	5888	0.000000000006	3Seq	ref_MF925358	ref_GQ377617
KC774218.1	true	1893	5536	0.000000024312	3Seq	ref_AM184126	ref_AP011085
KC774217.1	true	2322	5872	0.000000000435	3Seq	ref_FJ692533	ref_KF873526
KC774216.1	true	4807	5696	0.000000000303	3Seq	ref_AP011099	ref_KF873526
KC774215.1	true	1533	3805	0.000000000581	3Seq	ref_AB562463	ref_GQ161817
KC774214.1	true	3805	5888	0.000000000050	3Seq	ref_GQ161817	ref_AB562463
KC774213.1	true	3805	5888	0.000000000957	3Seq	ref_GQ161817	ref_AB562463
KC774212.1	true	4789	5691	0.000000002229	3Seq	ref_AP011099	ref_AB562463
KC774211.1	true	4584	5888	0.000000001359	3Seq	ref_GQ161817	ref_FJ023669
KC774210.1	true	4771	5756	0.000000000460	3Seq	ref_AP011099	ref_AB562463
KC774209.1	true	4771	5691	0.000000000487	3Seq	ref_AP011099	ref_AB562463
KC774208.1	true	4771	5691	0.000000001512	3Seq	ref_AP011099	ref_AB562463
KC774207.1	true	2330	5872	0.000000004992	3Seq	ref_FJ904435	ref_KF873526
KC774206.1	false	0	0				
KC774205.1	true	2329	5872	0.000000001774	3Seq	ref_FJ692533	ref_KF873526
KC774204.1	true	1530	4656	0.000000020631	3Seq	ref_AM184126	ref_GQ161817
KC774203.1	true	4807	5696	0.000000002455	3Seq	ref_AP011099	ref_KF873526
KC774202.1	false	0	0				
KC774201.1	false	0	0				
KC774200.1	true	4771	5691	0.000000004869	3Seq	ref_AP011099	ref_AB562463
KC774199.1	true	4771	5691	0.000000015769	3Seq	ref_AP011099	ref_AB562463
KC774198.1	false	0	0				
KC774197.1	true	4807	5696	0.000000018177	3Seq	ref_AP011099	ref_KF873526
KC774196.1	false	0	0				
KC774195.1	true	4787	5696	0.000000000662	3Seq	ref_AP011099	ref_KF873526
KC774194.1	true	4584	5888	0.000000012518	3Seq	ref_GQ161817	ref_FJ023669
KC774193.1	true	1533	3805	0.000000032353	3Seq	ref_AB562463	ref_GQ161817
KC774192.1	true	4807	5696	0.000000013948	3Seq	ref_AP011099	ref_KF873526
KC774191.1	false	0	0				
KC774190.1	true	4154	5888	0.000000002378	3Seq	ref_GQ161817	ref_FJ023669
KC774189.1	true	4771	5628	0.000000015120	3Seq	ref_AP011099	ref_AB562463
KC774188.1	true	2873	5127	0.000000029317	3Seq	ref_KM606737	ref_AB073835
KC774187.1	true	4121	5104	0.000000025256	3Seq	ref_AB554015	ref_JQ801514
KC774186.1	true	4765	5691	0.000000001212	3Seq	ref_AP011099	ref_AB562463
KC774185.1	true	4771	5756	0.000000001439	3Seq	ref_AP011099	ref_AB562463
KC774184.1	true	4807	5696	0.000000005256	3Seq	ref_AP011099	ref_KF873526
KC774183.1	true	4765	5691	0.000000001015	3Seq	ref_AP011099	ref_AB562463
KC774182.1	false	0	0				
KC774181.1	true	4771	5691	0.000000003416	3Seq	ref_AP011099	ref_AB562463
KC774180.1	false	0	0				
KJ598699.1	true	4807	5696	0.000000012086	3Seq	ref_AP011099	ref_KF873526
KJ598698.1	true	4807	5696	0.000000004122	3Seq	ref_AP011099	ref_KF873526
KJ598697.1	true	4807	5696	0.000000012086	3Seq	ref_AP011099	ref_KF873526
KJ598696.1	true	4807	5696	0.000000012086	3Seq	ref_AP011099	ref_KF873526
KJ598695.1	true	4807	5696	0.000000012086	3Seq	ref_AP011099	ref_KF873526
KJ598694.1	true	4807	5696	0.000000006606	3Seq	ref_AP011099	ref_KF873526
KJ598693.1	false	0	0				
KJ598692.1	true	3844	5696	0.000000012463	3Seq	ref_AP011099	ref_KF873526
KJ598691.1	true	4807	5696	0.000000012086	3Seq	ref_AP011099	ref_KF873526
KJ598690.1	true	4807	5696	0.000000012086	3Seq	ref_AP011099	ref_KF873526
KJ598689.1	true	4807	5696	0.000000004122	3Seq	ref_AP011099	ref_KF873526
KJ598688.1	true	4807	5696	0.000000012086	3Seq	ref_AP011099	ref_KF873526
KJ598687.1	true	1464	4771	0.000000034969	3Seq	ref_AB562463	ref_AP011099
KJ598686.1	true	4771	5691	0.000000008871	3Seq	ref_AP011099	ref_AB562463
KJ598685.1	true	4771	5691	0.000000003200	3Seq	ref_AP011099	ref_AB562463
KJ598684.1	true	4765	5691	0.000000007036	3Seq	ref_AP011099	ref_AB562463
KJ598683.1	true	4771	5691	0.000000002670	3Seq	ref_AP011099	ref_AB562463
KJ598682.1	true	4771	5691	0.000000002670	3Seq	ref_AP011099	ref_AB562463
KJ598681.1	true	4771	5691	0.000000001450	3Seq	ref_AP011099	ref_AB562463
KJ598680.1	true	4771	5691	0.000000002670	3Seq	ref_AP011099	ref_AB562463
KJ598679.1	true	4771	5691	0.000000008871	3Seq	ref_AP011099	ref_AB562463
KJ598678.1	true	4771	5691	0.000000045452	3Seq	ref_AP011099	ref_AB562463
KJ598677.1	true	3827	5227	0.000000034351	3Seq	ref_KM606737	ref_JQ801514
KJ598676.1	false	0	0				
KJ598675.1	false	0	0				
KJ598674.1	false	0	0				
KJ598673.1	false	0	0				
KJ598672.1	false	0	0				
KJ598671.1	false	0	0				
KJ598670.1	true	3827	5227	0.000000032599	3Seq	ref_KM606737	ref_JQ801514
KJ598669.1	false	0	0				
KJ598668.1	false	0	0				
KJ598667.1	false	0	0				
KJ598666.1	false	0	0				
KJ598665.1	false	0	0				
KJ598664.1	true	4771	5691	0.000000013345	3Seq	ref_AP011099	ref_AB562463
KJ598663.1	true	3827	5227	0.000000034351	3Seq	ref_KM606737	ref_JQ801514
KJ598662.1	true	3827	5227	0.000000034351	3Seq	ref_KM606737	ref_JQ801514
KJ598661.1	true	1533	4771	0.000000017646	3Seq	ref_AB562463	ref_AP011099
KJ598660.1	true	1533	4771	0.000000009425	3Seq	ref_AB562463	ref_AP011099
KJ598659.1	true	1533	4771	0.000000021295	3Seq	ref_AB562463	ref_AP011099
KJ598658.1	true	1533	4771	0.000000018000	3Seq	ref_AB562463	ref_AP011099
KJ598657.1	true	1533	4771	0.000000031937	3Seq	ref_AB562463	ref_AP011099
KJ598656.1	false	0	0				
KJ598655.1	true	1533	4771	0.000000026597	3Seq	ref_AB562463	ref_AP011099
KJ598654.1	true	1533	4771	0.000000026597	3Seq	ref_AB562463	ref_AP011099
KJ598653.1	false	0	0				
KJ598652.1	true	1533	4771	0.000000020146	3Seq	ref_AB562463	ref_AP011099
KJ598651.1	true	1533	4771	0.000000026597	3Seq	ref_AB562463	ref_AP011099
KJ598650.1	true	3070	5127	0.000000044642	3Seq	ref_KM606737	ref_AB073835
KJ598649.1	false	0	0				
KJ598648.1	true	1533	4771	0.000000026597	3Seq	ref_AB562463	ref_AP011099
KJ598647.1	true	1533	4771	0.000000026597	3Seq	ref_AB562463	ref_AP011099
KJ598646.1	false	0	0				
KJ598645.1	true	1533	4771	0.000000041626	3Seq	ref_AB562463	ref_AP011099
KJ598644.1	true	3070	5127	0.000000044642	3Seq	ref_KM606737	ref_AB073835
KJ598643.1	true	3070	5127	0.000000027638	3Seq	ref_KM606737	ref_AB073835
KJ598642.1	true	1533	4771	0.000000021295	3Seq	ref_AB562463	ref_AP011099
KJ598641.1	true	1533	4771	0.000000021295	3Seq	ref_AB562463	ref_AP011099
KJ598640.1	true	1533	4771	0.000000009847	3Seq	ref_AB562463	ref_AP011099
KJ598639.1	true	1533	4771	0.000000009847	3Seq	ref_AB562463	ref_AP011099
KJ598638.1	true	1533	4771	0.000000021295	3Seq	ref_AB562463	ref_AP011099
KJ598637.1	true	1533	4771	0.000000011869	3Seq	ref_AB562463	ref_AP011099
KJ598636.1	true	1533	4771	0.000000017646	3Seq	ref_AB562463	ref_AP011099
KJ598635.1	true	1533	4771	0.000000017646	3Seq	ref_AB562463	ref_AP011099
KF917451.1	true	2291	5888	0.000000000000	3Seq	ref_FJ904435	ref_AP011098
KF873545.1	false	0	0				
KF873544.1	false	0	0				
KF873543.1	true	1749	2603	0.000000000104	3Seq	ref_KJ173333	ref_AB486012
KF873542.1	true	1749	2603	0.000000000155	3Seq	ref_KJ173333	ref_AB486012
KF873541.1	true	1749	2391	0.000000000378	3Seq	ref_KJ173333	ref_AB486012
KF873540.1	true	1749	2603	0.000000000153	3Seq	ref_KJ173333	ref_AB486012
KF873539.1	true	1749	2603	0.000000000126	3Seq	ref_KJ173333	ref_AB486012
KF873538.1	true	1749	2603	0.000000000104	3Seq	ref_KJ173333	ref_AB486012
KF873537.1	true	1749	2603	0.000000000762	3Seq	ref_KJ173333	ref_AB486012
KF873536.1	true	1749	2456	0.000000012963	3Seq	ref_KJ173333	ref_AB486012
KF873535.1	true	1941	2339	0.000000037491	3Seq	ref_KC774298	ref_AB486012
KF873534.1	true	1941	2476	0.000000000486	3Seq	ref_KJ173333	ref_AB486012
KF873533.1	true	1941	2476	0.000000000444	3Seq	ref_KJ173333	ref_AB486012
KF873532.1	true	1941	2476	0.000000000406	3Seq	ref_KJ173333	ref_AB486012
KF873531.1	true	1941	2476	0.000000004070	3Seq	ref_KJ173333	ref_AB486012
KF873530.1	true	1749	2603	0.000000000000	3Seq	ref_KJ173333	ref_AB486012
KF873529.1	true	1749	2469	0.000000011772	3Seq	ref_KJ173333	ref_AB486012
KF873528.1	true	1707	2477	0.000000012103	3Seq	ref_AB554015	ref_AB486012
KF873527.1	true	1749	2469	0.000000004599	3Seq	ref_KJ173333	ref_AB486012
KF873526.1	true	1749	2469	0.000000003849	3Seq	ref_KJ173333	ref_AB486012
KF873525.1	true	5217	5395	0.000000000000	3Seq	ref_KF873526	ref_AB056513
KF873524.1	true	1772	2469	0.000000000087	3Seq	ref_AP011098	ref_AB486012
KF873523.1	true	1772	2469	0.000000000022	3Seq	ref_AP011098	ref_AB486012
KF873522.1	true	1772	2469	0.000000005185	3Seq	ref_AP011098	ref_AB486012
KF873521.1	true	1749	2365	0.000000014044	3Seq	ref_KJ173333	ref_AB486012
KF873520.1	true	1613	2407	0.000000000007	3Seq	ref_AB554015	ref_AB486012
KF873519.1	true	1738	2407	0.000000000077	3Seq	ref_AB554015	ref_AB486012
KF873518.1	true	1772	2409	0.000000000014	3Seq	ref_AP011098	ref_AB486012
KF873517.1	true	1738	2407	0.000000000049	3Seq	ref_AB554015	ref_AB486012
KF873516.1	true	1738	2406	0.000000000257	3Seq	ref_AB554015	ref_AB486012
KF873515.1	true	1772	2405	0.000000000289	3Seq	ref_AP011098	ref_AB486012
KF873514.1	true	1738	2407	0.000000000174	3Seq	ref_AB554015	ref_AB486012
KF873513.1	true	1772	2407	0.000000000127	3Seq	ref_KC774182	ref_AB486012
KF873512.1	true	1772	2411	0.000000000156	3Seq	ref_AP011098	ref_AB486012
KF873511.1	true	1772	2409	0.000000000036	3Seq	ref_AP011098	ref_AB486012
KF485390.1	false	0	0				
KF485389.1	true	4771	5691	0.000000031977	3Seq	ref_AP011099	ref_AB562463
KF495606.1	true	4771	5691	0.000000035824	3Seq	ref_AP011099	ref_AB562463
FJ562340.1	true	4118	5063	0.000000027576	3Seq	ref_X02763	ref_AB486012
FJ562339.1	true	4118	5063	0.000000020915	3Seq	ref_X02763	ref_AB486012
FJ562337.1	true	4771	5691	0.000000024315	3Seq	ref_AP011099	ref_AB562463
FJ562336.1	false	0	0				
FJ562335.1	true	4121	4915	0.000000007878	3Seq	ref_AB554015	ref_AB073835
FJ562334.1	true	4771	5691	0.000000018565	3Seq	ref_AP011099	ref_AB562463
FJ562333.1	true	4771	5778	0.000000000024	3Seq	ref_AP011099	ref_AB562463
FJ562332.1	true	1893	5536	0.000000021534	3Seq	ref_AM184126	ref_AP011085
FJ562331.1	false	0	0				
FJ562330.1	true	4771	5691	0.000000000129	3Seq	ref_AP011099	ref_AB562463
FJ562329.1	true	4765	5756	0.000000004558	3Seq	ref_AP011099	ref_AB562463
FJ562327.1	true	4771	5691	0.000000002229	3Seq	ref_AP011099	ref_AB562463
FJ562326.1	true	4771	5691	0.000000020726	3Seq	ref_AP011099	ref_AB562463
FJ562325.1	true	4771	5778	0.000000005551	3Seq	ref_AP011099	ref_AB562463
FJ562324.1	true	4771	5691	0.000000000850	3Seq	ref_AP011099	ref_AB562463
FJ562323.1	false	0	0				
FJ562319.1	true	4154	5888	0.000000000093	3Seq	ref_GQ161817	ref_FJ023669
FJ562318.1	true	4771	5691	0.000000024315	3Seq	ref_AP011099	ref_AB562463
FJ562317.1	true	4118	5063	0.000000038979	3Seq	ref_X02763	ref_AB486012
FJ562315.1	true	4118	5061	0.000000002424	3Seq	ref_KM606737	ref_AB486012
FJ562314.1	true	4771	5691	0.000000020734	3Seq	ref_AP011099	ref_AB562463
FJ562313.1	true	641	5584	0.000000038572	3Seq	ref_DQ089781	ref_GQ377617
FJ562310.1	true	4064	4931	0.000000009201	3Seq	ref_KM606737	ref_AB486012
FJ562308.1	true	4118	5063	0.000000044344	3Seq	ref_X02763	ref_AB486012
FJ562307.1	true	4771	5691	0.000000000403	3Seq	ref_AP011099	ref_AB562463
FJ562306.1	true	4807	5696	0.000000008594	3Seq	ref_AP011099	ref_KF873526
FJ562305.1	true	4807	5696	0.000000010781	3Seq	ref_AP011099	ref_KF873526
FJ562304.1	true	4771	5691	0.000000011609	3Seq	ref_AP011099	ref_AB562463
FJ562302.1	true	4771	5691	0.000000040702	3Seq	ref_AP011099	ref_AB562463
FJ562301.1	true	4771	5691	0.000000012874	3Seq	ref_AP011099	ref_AB562463
FJ562300.1	true	4771	5691	0.000000010015	3Seq	ref_AP011099	ref_AB562463
FJ562299.1	true	4771	5778	0.000000042695	3Seq	ref_AP011099	ref_AB562463
FJ562298.1	true	4771	5691	0.000000019942	3Seq	ref_AP011099	ref_AB562463
FJ562297.1	false	0	0				
FJ562295.1	true	4787	5696	0.000000017280	3Seq	ref_AP011099	ref_KF873526
FJ562294.1	false	0	0				
FJ562293.1	true	4771	5691	0.000000042385	3Seq	ref_AP011099	ref_AB562463
FJ562292.1	true	4771	5691	0.000000014812	3Seq	ref_AP011099	ref_AB562463
FJ562291.1	true	1533	3805	0.000000010143	3Seq	ref_AB562463	ref_GQ161817
FJ562290.1	true	1464	4771	0.000000002496	3Seq	ref_AB562463	ref_AP011099
FJ562288.1	true	1533	3805	0.000000000028	3Seq	ref_AB562463	ref_GQ161817
FJ562287.1	true	4771	5691	0.000000003200	3Seq	ref_AP011099	ref_AB562463
FJ562286.1	true	1893	5139	0.000000007697	3Seq	ref_AM184126	ref_AP011085
FJ562285.1	true	4771	5778	0.000000016023	3Seq	ref_AP011099	ref_AB562463
FJ562284.1	true	4771	5691	0.000000000084	3Seq	ref_AP011099	ref_AB562463
FJ562283.1	true	4771	5691	0.000000003834	3Seq	ref_AP011099	ref_AB562463
FJ562282.1	false	0	0				
FJ562281.1	false	0	0				
FJ562280.1	false	0	0				
FJ562279.1	true	4807	5696	0.000000005041	3Seq	ref_AP011099	ref_KF873526
FJ562278.1	true	2291	5888	0.000000000000	3Seq	ref_FJ904435	ref_AP011098
FJ562277.1	true	4771	5691	0.000000003697	3Seq	ref_AP011099	ref_AB562463
FJ562276.1	true	4807	5696	0.000000022696	3Seq	ref_AP011099	ref_KF873526
FJ562275.1	true	4771	5691	0.000000004558	3Seq	ref_AP011099	ref_AB562463
FJ562274.1	true	4771	5691	0.000000006727	3Seq	ref_AP011099	ref_AB562463
FJ562273.1	true	4771	5691	0.000000025850	3Seq	ref_AP011099	ref_AB562463
FJ562272.1	false	0	0				
FJ562271.1	true	4789	5691	0.000000004171	3Seq	ref_AP011099	ref_AB562463
FJ562270.1	true	4771	5691	0.000000007255	3Seq	ref_AP011099	ref_AB562463
FJ562269.1	true	4118	5063	0.000000043720	3Seq	ref_X02763	ref_AB486012
FJ562268.1	true	4771	5691	0.000000000136	3Seq	ref_AP011099	ref_AB562463
FJ562267.1	true	4771	5691	0.000000033540	3Seq	ref_AP011099	ref_AB562463
FJ562266.1	true	1464	4771	0.000000034969	3Seq	ref_AB562463	ref_AP011099
FJ562265.1	true	4771	5691	0.000000008174	3Seq	ref_AP011099	ref_AB562463
FJ562264.1	true	4771	5691	0.000000018188	3Seq	ref_AP011099	ref_AB562463
FJ562261.1	true	4771	5691	0.000000020636	3Seq	ref_AP011099	ref_AB562463
FJ562258.1	false	0	0				
FJ562256.1	true	4771	5691	0.000000033778	3Seq	ref_AP011099	ref_AB562463
FJ562255.1	true	4771	5756	0.000000002973	3Seq	ref_AP011099	ref_AB562463
FJ562252.1	true	4807	5696	0.000000006604	3Seq	ref_AP011099	ref_KF873526
FJ562251.1	false	0	0				
FJ562250.1	true	4771	5691	0.000000000217	3Seq	ref_AP011099	ref_AB562463
FJ562249.1	true	4118	5063	0.000000044128	3Seq	ref_X02763	ref_AB486012
FJ562248.1	true	4765	5691	0.000000017367	3Seq	ref_AP011099	ref_AB562463
FJ562245.1	false	0	0				
FJ562244.1	false	0	0				
FJ562243.1	true	4571	4912	0.000000011897	3Seq	ref_AB554015	ref_AB073835
FJ562242.1	true	4807	5843	0.000000005161	3Seq	ref_AP011099	ref_KF873526
FJ562241.1	true	1566	5888	0.000000003782	3Seq	ref_MF925358	ref_GQ377617
FJ562239.1	true	4807	5696	0.000000002742	3Seq	ref_AP011099	ref_KF873526
FJ562238.1	false	0	0				
FJ562235.1	true	4771	5691	0.000000006870	3Seq	ref_AP011099	ref_AB562463
FJ562233.1	true	4771	5778	0.000000003488	3Seq	ref_AP011099	ref_AB562463
FJ562232.1	true	4771	5691	0.000000018188	3Seq	ref_AP011099	ref_AB562463
FJ562230.1	true	4771	5691	0.000000012678	3Seq	ref_AP011099	ref_AB562463
FJ562229.1	true	1508	4150	0.000000000000	3Seq	ref_GU815637	ref_AP011098
FJ562228.1	true	4807	5696	0.000000005287	3Seq	ref_AP011099	ref_KF873526
FJ562227.1	true	4807	5843	0.000000005041	3Seq	ref_AP011099	ref_KF873526
FJ562226.1	true	4118	4992	0.000000023425	3Seq	ref_KM606737	ref_AB486012
FJ562225.1	true	4771	5691	0.000000000093	3Seq	ref_AP011099	ref_AB562463
FJ562221.1	false	0	0				
FJ562220.1	true	1464	4771	0.000000033414	3Seq	ref_AB562463	ref_AP011099
FJ562218.1	false	0	0				
FJ386687.1	true	4118	4992	0.000000010685	3Seq	ref_KM606737	ref_AB486012
FJ386686.1	true	4121	4879	0.000000031029	3Seq	ref_AB554015	ref_AB073835
FJ386685.1	false	0	0				
FJ386679.1	true	4118	4992	0.000000043252	3Seq	ref_KM606737	ref_AB486012
FJ386678.1	true	4771	5691	0.000000037522	3Seq	ref_AP011099	ref_AB562463
FJ386677.1	true	4118	5063	0.000000011105	3Seq	ref_X02763	ref_AB486012
FJ386673.1	false	0	0				
FJ386672.1	true	4771	5691	0.000000000311	3Seq	ref_AP011099	ref_AB562463
FJ386671.1	true	4771	5691	0.000000008655	3Seq	ref_AP011099	ref_AB562463
FJ386670.1	true	4771	5691	0.000000026866	3Seq	ref_AP011099	ref_AB562463
FJ386667.1	false	0	0				
FJ386665.1	true	4073	4992	0.000000022135	3Seq	ref_KM606737	ref_AB486012
FJ386664.1	true	4771	5756	0.000000002144	3Seq	ref_AP011099	ref_AB562463
FJ386663.1	false	0	0				
FJ386662.1	true	4771	5691	0.000000013959	3Seq	ref_AP011099	ref_AB562463
FJ386661.1	false	0	0				
FJ386659.1	true	4807	5696	0.000000031937	3Seq	ref_AP011099	ref_KF873526
FJ386657.1	true	4771	5691	0.000000015294	3Seq	ref_AP011099	ref_AB562463
FJ386653.1	false	0	0				
FJ386652.1	true	4771	5691	0.000000023939	3Seq	ref_AP011099	ref_AB562463
FJ386651.1	true	4771	5756	0.000000001025	3Seq	ref_AP011099	ref_AB562463
FJ386650.1	true	4807	5843	0.000000044126	3Seq	ref_AP011099	ref_KF873526
FJ386649.1	false	0	0				
FJ386647.1	true	4771	5691	0.000000011608	3Seq	ref_AP011099	ref_AB562463
FJ386646.1	true	2291	2975	0.000000000000	3Seq	ref_AP011098	ref_GU815637
FJ386645.1	true	4771	5691	0.000000013858	3Seq	ref_AP011099	ref_AB562463
FJ386644.1	true	4771	5691	0.000000006133	3Seq	ref_AP011099	ref_AB562463
FJ386643.1	true	4118	4992	0.000000030394	3Seq	ref_KM606737	ref_AB486012
FJ386641.1	true	4771	5778	0.000000001667	3Seq	ref_AP011099	ref_AB562463
FJ386640.1	false	0	0				
FJ386639.1	false	0	0				
FJ386638.1	false	0	0				
FJ386637.1	true	4771	5691	0.000000017697	3Seq	ref_AP011099	ref_AB562463
FJ386635.1	true	4787	5696	0.000000010422	3Seq	ref_AP011099	ref_KF873526
FJ386633.1	true	4771	5691	0.000000006727	3Seq	ref_AP011099	ref_AB562463
FJ386632.1	true	4771	5691	0.000000013959	3Seq	ref_AP011099	ref_AB562463
FJ386631.1	false	0	0				
FJ386630.1	false	0	0				
FJ386629.1	true	4771	5691	0.000000000092	3Seq	ref_AP011099	ref_AB562463
FJ386628.1	false	0	0				
FJ386627.1	true	1533	3924	0.000000004548	3Seq	ref_AB562463	ref_GQ161817
FJ386626.1	false	0	0				
FJ386625.1	true	1882	5127	0.000000044147	3Seq	ref_AM184126	ref_AB073835
FJ386624.1	false	0	0				
FJ386623.1	false	0	0				
FJ386622.1	true	4807	5696	0.000000032686	3Seq	ref_AP011099	ref_KF873526
FJ386621.1	false	0	0				
FJ386620.1	true	4771	5691	0.000000007292	3Seq	ref_AP011099	ref_AB562463
FJ386619.1	true	4807	5696	0.000000003220	3Seq	ref_AP011099	ref_KF873526
FJ386618.1	true	4807	5696	0.000000008929	3Seq	ref_AP011099	ref_KF873526
FJ386617.1	true	4771	5691	0.000000035535	3Seq	ref_AP011099	ref_AB562463
FJ386616.1	true	1488	4771	0.000000031291	3Seq	ref_AB562463	ref_AP011099
FJ386614.1	true	4771	5691	0.000000000450	3Seq	ref_AP011099	ref_AB562463
FJ386613.1	true	4771	5691	0.000000005509	3Seq	ref_AP011099	ref_AB562463
FJ386612.1	true	4118	4992	0.000000038596	3Seq	ref_KM606737	ref_AB486012
FJ386611.1	false	0	0				
FJ386609.1	true	4771	5691	0.000000005781	3Seq	ref_AP011099	ref_AB562463
FJ386607.1	true	4073	5063	0.000000004895	3Seq	ref_X02763	ref_AB486012
FJ386606.1	true	2856	5888	0.000000041087	3Seq	ref_GQ161817	ref_FJ023669
FJ386605.1	true	4154	5888	0.000000010457	3Seq	ref_GQ161817	ref_FJ023669
FJ386604.1	true	4093	4992	0.000000014689	3Seq	ref_KM606737	ref_AB486012
FJ386603.1	true	4771	5778	0.000000035824	3Seq	ref_AP011099	ref_AB562463
FJ386602.1	true	4118	5063	0.000000018059	3Seq	ref_X02763	ref_AB486012
FJ386601.1	true	4771	5691	0.000000040990	3Seq	ref_AP011099	ref_AB562463
FJ386599.1	true	4807	5696	0.000000009646	3Seq	ref_AP011099	ref_KF873526
FJ386598.1	true	4771	5756	0.000000004073	3Seq	ref_AP011099	ref_AB562463
FJ386597.1	true	4771	5691	0.000000025672	3Seq	ref_AP011099	ref_AB562463
FJ386596.1	true	4118	4992	0.000000021765	3Seq	ref_KM606737	ref_AB486012
FJ386595.1	true	4807	5696	0.000000029492	3Seq	ref_AP011099	ref_KF873526
FJ386594.1	true	4771	5756	0.000000015565	3Seq	ref_AP011099	ref_AB562463
FJ386593.1	true	4771	5691	0.000000003325	3Seq	ref_AP011099	ref_AB562463
FJ386592.1	true	4771	5691	0.000000022832	3Seq	ref_AP011099	ref_AB562463
FJ386591.1	true	4807	5696	0.000000001134	3Seq	ref_AP011099	ref_KF873526
FJ386589.1	true	4771	5691	0.000000021653	3Seq	ref_AP011099	ref_AB562463
FJ386588.1	true	4807	5696	0.000000004038	3Seq	ref_AP011099	ref_KF873526
FJ386587.1	true	1893	5549	0.000000025110	3Seq	ref_AM184126	ref_AP011085
FJ386586.1	true	4771	5691	0.000000003403	3Seq	ref_AP011099	ref_AB562463
FJ386585.1	false	0	0				
FJ386581.1	true	4807	5696	0.000000000454	3Seq	ref_AP011099	ref_KF873526
FJ386580.1	true	4771	5756	0.000000029622	3Seq	ref_AP011099	ref_AB562463
FJ386579.1	true	4771	5691	0.000000021653	3Seq	ref_AP011099	ref_AB562463
FJ386578.1	false	0	0				
FJ386577.1	true	4771	5691	0.000000010015	3Seq	ref_AP011099	ref_AB562463
FJ386576.1	false	0	0				
FJ386575.1	true	4771	5691	0.000000030744	3Seq	ref_AP011099	ref_AB562463
FJ386574.1	false	0	0				
EU939668.1	false	0	0				
EU939659.1	true	1464	4771	0.000000041626	3Seq	ref_AB562463	ref_AP011099
EU939658.1	true	4771	5778	0.000000028769	3Seq	ref_AP011099	ref_AB562463
EU939657.1	false	0	0				
EU939656.1	false	0	0				
EU939655.1	false	0	0				
EU939654.1	true	4118	4992	0.000000008394	3Seq	ref_KM606737	ref_AB486012
EU939653.1	false	0	0				
EU939652.1	true	4771	5778	0.000000010233	3Seq	ref_AP011099	ref_AB562463
EU939651.1	true	4118	5063	0.000000018786	3Seq	ref_X02763	ref_AB486012
EU939650.1	false	0	0				
EU939649.1	true	4118	4992	0.000000006263	3Seq	ref_KM606737	ref_AB486012
EU939648.1	false	0	0				
EU939647.1	true	4154	5888	0.000000016915	3Seq	ref_GQ161817	ref_FJ023669
EU939646.1	true	4814	5843	0.000000013405	3Seq	ref_AP011099	ref_KF873526
EU939645.1	true	1464	4771	0.000000002875	3Seq	ref_AB562463	ref_AP011099
EU939644.1	false	0	0				
EU939643.1	false	0	0				
EU939642.1	false	0	0				
EU939641.1	true	3924	5779	0.000000020093	3Seq	ref_GQ161817	ref_AB562463
EU939640.1	false	0	0				
EU939626.1	true	1791	2500	0.000000014248	3Seq	ref_KF873526	ref_D23679
EU939625.1	true	1798	2500	0.000000012786	3Seq	ref_KF873526	ref_D23679
EU939624.1	false	0	0				
EU939622.1	true	1485	4581	0.000000000000	3Seq	ref_GU815637	ref_GQ377617
EU939619.1	true	4771	5738	0.000000002670	3Seq	ref_AP011099	ref_AB562463
EU939618.1	true	4771	5691	0.000000020734	3Seq	ref_AP011099	ref_AB562463
EU939617.1	false	0	0				
EU939616.1	true	4771	5778	0.000000035535	3Seq	ref_AP011099	ref_AB562463
EU939615.1	true	4807	5696	0.000000003478	3Seq	ref_AP011099	ref_KF873526
EU939614.1	true	4807	5696	0.000000017123	3Seq	ref_AP011099	ref_KF873526
EU939613.1	true	4807	5696	0.000000016679	3Seq	ref_AP011099	ref_KF873526
EU939612.1	true	4771	5691	0.000000000759	3Seq	ref_AP011099	ref_AB562463
EU939611.1	true	4807	5696	0.000000006606	3Seq	ref_AP011099	ref_KF873526
EU939610.1	false	0	0				
EU939609.1	false	0	0				
EU939608.1	true	4807	5741	0.000000003219	3Seq	ref_AP011099	ref_KF873526
EU939607.1	true	4771	5691	0.000000001792	3Seq	ref_AP011099	ref_AB562463
EU939606.1	true	4787	5696	0.000000034581	3Seq	ref_AP011099	ref_KF873526
EU939605.1	true	4771	5691	0.000000012569	3Seq	ref_AP011099	ref_AB562463
EU939604.1	true	4771	5691	0.000000030311	3Seq	ref_AP011099	ref_AB562463
EU939603.1	false	0	0				
EU939602.1	true	1464	4771	0.000000011221	3Seq	ref_AB562463	ref_AP011099
EU939601.1	true	4771	5691	0.000000007036	3Seq	ref_AP011099	ref_AB562463
EU939600.1	false	0	0				
EU939599.1	false	0	0				
EU939598.1	true	4771	5691	0.000000002307	3Seq	ref_AP011099	ref_AB562463
EU939597.1	false	0	0				
EU939596.1	true	4771	5691	0.000000029610	3Seq	ref_AP011099	ref_AB562463
EU939595.1	true	4118	4992	0.000000029180	3Seq	ref_KM606737	ref_AB486012
EU939594.1	true	2528	5696	0.000000014423	3Seq	ref_AP011099	ref_KF873526
EU939593.1	true	4771	5691	0.000000001322	3Seq	ref_AP011099	ref_AB562463
EU939592.1	true	4771	5778	0.000000042385	3Seq	ref_AP011099	ref_AB562463
EU939591.1	true	4771	5691	0.000000031977	3Seq	ref_AP011099	ref_AB562463
EU939590.1	true	4771	5691	0.000000031977	3Seq	ref_AP011099	ref_AB562463
EU939589.1	true	4807	5696	0.000000017123	3Seq	ref_AP011099	ref_KF873526
EU939588.1	true	4073	5063	0.000000003345	3Seq	ref_X02763	ref_AB486012
EU939587.1	true	4771	5691	0.000000004559	3Seq	ref_AP011099	ref_AB562463
EU939586.1	false	0	0				
EU939585.1	false	0	0				
EU939584.1	true	4807	5696	0.000000018697	3Seq	ref_AP011099	ref_KF873526
EU939583.1	true	4771	5691	0.000000002337	3Seq	ref_AP011099	ref_AB562463
EU939582.1	true	4807	5741	0.000000001493	3Seq	ref_AP011099	ref_KF873526
EU939581.1	true	1464	4771	0.000000010585	3Seq	ref_AB562463	ref_AP011099
EU939580.1	false	0	0				
EU939579.1	true	4771	5778	0.000000008216	3Seq	ref_AP011099	ref_AB562463
EU939578.1	false	0	0				
EU939577.1	true	4807	5696	0.000000044126	3Seq	ref_AP011099	ref_KF873526
EU939576.1	true	4771	5691	0.000000003325	3Seq	ref_AP011099	ref_AB562463
EU939575.1	true	4771	5691	0.000000009289	3Seq	ref_AP011099	ref_AB562463
EU939574.1	true	4771	5691	0.000000000978	3Seq	ref_AP011099	ref_AB562463
EU939573.1	true	4771	5691	0.000000000373	3Seq	ref_AP011099	ref_AB562463
EU939572.1	true	4154	5888	0.000000006189	3Seq	ref_GQ161817	ref_FJ023669
EU939571.1	true	4771	5778	0.000000034352	3Seq	ref_AP011099	ref_AB562463
EU939570.1	true	4807	5696	0.000000001885	3Seq	ref_AP011099	ref_KF873526
EU939569.1	true	4807	5696	0.000000014185	3Seq	ref_AP011099	ref_KF873526
EU939568.1	true	4771	5691	0.000000043207	3Seq	ref_AP011099	ref_AB562463
EU939567.1	true	4771	5756	0.000000010015	3Seq	ref_AP011099	ref_AB562463
EU939566.1	true	4771	5691	0.000000003403	3Seq	ref_AP011099	ref_AB562463
EU939565.1	false	0	0				
EU939564.1	false	0	0				
EU939563.1	true	4093	5063	0.000000044344	3Seq	ref_X02763	ref_AB486012
EU939562.1	true	4784	5691	0.000000031977	3Seq	ref_AP011099	ref_AB562463
EU939561.1	false	0	0				
EU939560.1	false	0	0				
EU939558.1	false	0	0				
EU939557.1	true	4807	5696	0.000000008559	3Seq	ref_AP011099	ref_KF873526
EU939556.1	true	4121	4915	0.000000005651	3Seq	ref_AB554015	ref_AB073835
EU939555.1	false	0	0				
EU939554.1	true	2600	4125	0.000000008286	3Seq	ref_GQ377617	ref_DQ089781
EU939553.1	true	4771	5691	0.000000002526	3Seq	ref_AP011099	ref_AB562463
EU939552.1	true	1536	4154	0.000000005796	3Seq	ref_FJ023669	ref_GQ161817
EU939551.1	true	1533	3805	0.000000000022	3Seq	ref_AB562463	ref_GQ161817
EU939550.1	true	4771	5691	0.000000009289	3Seq	ref_AP011099	ref_AB562463
EU939549.1	true	1533	3805	0.000000001492	3Seq	ref_AB562463	ref_GQ161817
EU939548.1	true	4771	5691	0.000000017367	3Seq	ref_AP011099	ref_AB562463
EU939547.1	false	0	0				
EU939546.1	true	4771	5691	0.000000003834	3Seq	ref_AP011099	ref_AB562463
EU939545.1	false	0	0				
EU939544.1	true	4771	5691	0.000000008655	3Seq	ref_AP011099	ref_AB562463
EU939543.1	true	4142	4992	0.000000037795	3Seq	ref_KM606737	ref_AB486012
EU939542.1	true	4771	5756	0.000000005857	3Seq	ref_AP011099	ref_AB562463
EU939541.1	false	0	0				
EU939540.1	false	0	0				
EU939539.1	true	4771	5691	0.000000014919	3Seq	ref_AP011099	ref_AB562463
EU939538.1	true	4771	5691	0.000000004869	3Seq	ref_AP011099	ref_AB562463
EU939537.1	true	4771	5691	0.000000044023	3Seq	ref_AP011099	ref_AB562463
EU939536.1	false	0	0				
KC315399.1	true	1798	2795	0.000000011343	3Seq	ref_KF873526	ref_D23679
JX870000.1	false	0	0				
JX507214.1	false	0	0				
JX507212.1	false	0	0				
JX507211.1	false	0	0				
JQ040175.1	true	1798	2803	0.000000024872	3Seq	ref_KF873526	ref_D23679
JQ040172.1	true	4163	5063	0.000000038407	3Seq	ref_X02763	ref_AB486012
JQ040168.1	true	4807	5696	0.000000002450	3Seq	ref_AP011099	ref_KF873526
JQ040167.1	true	5255	5653	0.000000000000	3Seq	ref_KC774182	ref_GU815637
JQ040166.1	true	4771	5778	0.000000005157	3Seq	ref_AP011099	ref_AB562463
JQ040165.1	true	4768	5361	0.000000018496	3Seq	ref_AP011107	ref_AB562463
JQ040164.1	false	0	0				
JQ040163.1	true	4807	5696	0.000000005260	3Seq	ref_AP011099	ref_KF873526
JQ040162.1	true	4771	5691	0.000000010284	3Seq	ref_AP011099	ref_AB562463
JQ040161.1	true	1533	3805	0.000000012377	3Seq	ref_AB562463	ref_GQ161817
JQ040160.1	true	4771	5691	0.000000020756	3Seq	ref_AP011099	ref_AB562463
JQ040159.1	true	4771	5756	0.000000031538	3Seq	ref_AP011099	ref_AB562463
JQ040158.1	true	4807	5696	0.000000015083	3Seq	ref_AP011099	ref_KF873526
JQ040156.1	true	4771	5778	0.000000000576	3Seq	ref_AP011099	ref_AB562463
JQ040155.1	false	0	0				
JQ040154.1	true	4807	5696	0.000000029199	3Seq	ref_AP011099	ref_KF873526
JQ040153.1	false	0	0				
JQ040152.1	true	4771	5691	0.000000012233	3Seq	ref_AP011099	ref_AB562463
JQ040151.1	true	4807	5696	0.000000007655	3Seq	ref_AP011099	ref_KF873526
JQ040150.1	true	4807	5696	0.000000003259	3Seq	ref_AP011099	ref_KF873526
JQ040149.1	false	0	0				
HQ700543.1	false	0	0				
HQ700542.1	false	0	0				
HQ700532.1	false	0	0				
HQ700531.1	true	4789	5756	0.000000004079	3Seq	ref_AP011099	ref_AB562463
HQ700530.1	true	4789	5756	0.000000001850	3Seq	ref_AP011099	ref_AB562463
HQ700529.1	false	0	0				
HQ700528.1	true	2322	5872	0.000000004472	3Seq	ref_FJ692533	ref_KF873526
HQ700527.1	true	2330	5872	0.000000003746	3Seq	ref_FJ904435	ref_KF873526
HQ700526.1	true	4170	5061	0.000000033220	3Seq	ref_KM606737	ref_AB486012
HQ700523.1	true	4789	5756	0.000000004079	3Seq	ref_AP011099	ref_AB562463
HQ700522.1	false	0	0				
HQ700521.1	false	0	0				
HQ700520.1	true	4771	5778	0.000000001055	3Seq	ref_AP011099	ref_AB562463
HQ700519.1	true	4789	5756	0.000000036291	3Seq	ref_AP011099	ref_AB562463
HQ700518.1	false	0	0				
HQ700517.1	false	0	0				
HQ700516.1	true	1536	3171	0.000000002386	3Seq	ref_FJ023669	ref_GQ161817
HQ700515.1	true	2330	5872	0.000000022889	3Seq	ref_FJ904435	ref_KF873526
HQ700509.1	false	0	0				
HQ700508.1	false	0	0				
HQ700507.1	false	0	0				
HQ700506.1	false	0	0				
HQ700505.1	false	0	0				
HQ700504.1	true	4170	4992	0.000000033549	3Seq	ref_KM606737	ref_AB486012
HQ700502.1	true	4170	4992	0.000000019260	3Seq	ref_KM606737	ref_AB486012
HQ700499.1	true	4170	4992	0.000000002399	3Seq	ref_KM606737	ref_AB486012
HQ700498.1	true	4170	4992	0.000000002399	3Seq	ref_KM606737	ref_AB486012
HQ700496.1	true	4170	5061	0.000000000496	3Seq	ref_KM606737	ref_AB486012
HQ700495.1	true	4170	5061	0.000000000588	3Seq	ref_KM606737	ref_AB486012
HQ700490.1	true	4161	5063	0.000000006160	3Seq	ref_X02763	ref_AB486012
HQ700486.1	true	4146	4992	0.000000003744	3Seq	ref_KM606737	ref_AB486012
HQ700485.1	true	4170	4992	0.000000001488	3Seq	ref_KM606737	ref_AB486012
HQ700476.1	true	4064	5063	0.000000001506	3Seq	ref_X02763	ref_AB486012
HQ700475.1	false	0	0				
HQ700462.1	true	4073	4992	0.000000000045	3Seq	ref_KM606737	ref_AB486012
HQ700461.1	true	4146	4992	0.000000001094	3Seq	ref_KM606737	ref_AB486012
HQ700457.1	true	1882	2511	0.000000036864	3Seq	ref_AB562463	ref_D23679
HQ700456.1	true	4163	5063	0.000000001605	3Seq	ref_X02763	ref_AB486012
JX560520.1	false	0	0				
JX560519.1	true	4771	5691	0.000000020636	3Seq	ref_AP011099	ref_AB562463
JQ801523.1	false	0	0				
JQ801522.1	false	0	0				
JQ801521.1	false	0	0				
JQ801520.1	false	0	0				
JQ801519.1	false	0	0				
JQ801518.1	false	0	0				
JQ801517.1	true	2552	5843	0.000000037008	3Seq	ref_D23679	ref_KF873526
JQ801515.1	true	4118	4931	0.000000030833	3Seq	ref_KM606737	ref_AB486012
JQ801513.1	false	0	0				
JQ801511.1	false	0	0				
JQ801510.1	false	0	0				
JQ801509.1	false	0	0				
JQ801508.1	false	0	0				
JQ801505.1	false	0	0				
JQ801504.1	false	0	0				
JQ801503.1	false	0	0				
JQ801502.1	false	0	0				
JQ801501.1	false	0	0				
JQ801500.1	false	0	0				
JQ801499.1	false	0	0				
JQ801498.1	false	0	0				
JQ801497.1	false	0	0				
JQ801496.1	false	0	0				
JQ801495.1	false	0	0				
JQ801493.1	false	0	0				
JQ801492.1	false	0	0				
JQ801491.1	false	0	0				
JQ801490.1	false	0	0				
JQ801489.1	false	0	0				
JQ801488.1	false	0	0				
JQ801487.1	false	0	0				
JQ801486.1	false	0	0				
JQ801484.1	false	0	0				
JQ801483.1	false	0	0				
JQ801482.1	false	0	0				
JQ801481.1	false	0	0				
JQ801480.1	false	0	0				
JQ801478.1	true	2456	2882	0.000000000000	3Seq	ref_DQ089781	ref_GU815637
JQ801475.1	false	0	0				
JQ801473.1	false	0	0				
JQ801472.1	false	0	0				
JQ801470.1	false	0	0				
JQ040148.1	true	4771	5691	0.000000001518	3Seq	ref_AP011099	ref_AB562463
JQ040146.1	false	0	0				
JQ040145.1	true	4771	5691	0.000000018188	3Seq	ref_AP011099	ref_AB562463
JQ040144.1	true	4771	5691	0.000000001847	3Seq	ref_AP011099	ref_AB562463
JQ040143.1	false	0	0				
JQ040142.1	true	4771	5691	0.000000034924	3Seq	ref_AP011099	ref_AB562463
JQ040141.1	true	4771	5778	0.000000005372	3Seq	ref_AP011099	ref_AB562463
JQ040140.1	true	4771	5691	0.000000000760	3Seq	ref_AP011099	ref_AB562463
JQ040139.1	true	4771	5691	0.000000007395	3Seq	ref_AP011099	ref_AB562463
JQ040136.1	true	4121	5108	0.000000026005	3Seq	ref_AB554015	ref_AB073835
JQ040135.1	true	4771	5691	0.000000000033	3Seq	ref_AP011099	ref_AB562463
JQ040133.1	false	0	0				
JQ040132.1	true	4771	5691	0.000000005857	3Seq	ref_AP011099	ref_AB562463
JQ040131.1	true	4807	5696	0.000000035909	3Seq	ref_AP011099	ref_KF873526
JQ040130.1	false	0	0				
JQ040129.1	true	4771	5778	0.000000026086	3Seq	ref_AP011099	ref_AB562463
JQ732168.1	false	0	0				
JQ707774.1	false	0	0				
JQ707773.1	false	0	0				
JQ707772.1	false	0	0				
JQ707771.1	false	0	0				
JQ707770.1	false	0	0				
JQ707769.1	false	0	0				
JQ707768.1	false	0	0				
JQ707743.1	false	0	0				
JQ707733.1	false	0	0				
JQ707732.1	false	0	0				
JQ707731.1	false	0	0				
JQ707730.1	false	0	0				
JQ707729.1	false	0	0				
JQ707728.1	false	0	0				
JQ707727.1	false	0	0				
JQ707726.1	false	0	0				
JQ707725.1	false	0	0				
JQ707724.1	false	0	0				
JQ707723.1	false	0	0				
JQ707722.1	false	0	0				
JQ707721.1	false	0	0				
JQ707720.1	false	0	0				
JQ707719.1	false	0	0				
JQ707718.1	false	0	0				
JQ707717.1	false	0	0				
JQ707716.1	false	0	0				
JQ707715.1	false	0	0				
JQ707714.1	false	0	0				
JQ707713.1	false	0	0				
JQ707712.1	false	0	0				
JQ707711.1	false	0	0				
JQ707710.1	false	0	0				
JQ707709.1	false	0	0				
JQ707708.1	false	0	0				
JQ707707.1	false	0	0				
JN827425.1	false	0	0				
JN827424.1	false	0	0				
JN827423.1	false	0	0				
JN827422.1	true	4771	5601	0.000000028769	3Seq	ref_AP011099	ref_AB562463
JN827421.1	false	0	0				
JN827420.1	true	1798	2552	0.000000014776	3Seq	ref_KF873526	ref_D23679
JN827418.1	false	0	0				
JN827417.1	false	0	0				
JN827416.1	false	0	0				
JN827415.1	true	2659	3174	0.000000019254	3Seq	ref_AB562463	ref_KJ843175
JN827414.1	false	0	0				
JN315779.1	true	4771	5691	0.000000016035	3Seq	ref_AP011099	ref_AB562463
AB642100.1	false	0	0				
AB642099.1	true	4771	5691	0.000000003229	3Seq	ref_AP011099	ref_AB562463
AB642097.1	true	4584	5888	0.000000003897	3Seq	ref_GQ161817	ref_FJ023669
AB642096.1	true	4771	5691	0.000000004117	3Seq	ref_AP011099	ref_AB562463
AB642095.1	true	4771	5756	0.000000000403	3Seq	ref_AP011099	ref_AB562463
JQ707641.1	false	0	0				
JQ707561.1	true	1465	4118	0.000000045336	3Seq	ref_AB486012	ref_X02763
JQ707556.1	false	0	0				
JF899336.1	false	0	0				
JQ664504.1	false	0	0				
JN040753.1	false	0	0				
AB697510.1	false	0	0				
AB697502.1	true	4771	5691	0.000000008871	3Seq	ref_AP011099	ref_AB562463
AB697500.1	true	4771	5756	0.000000002035	3Seq	ref_AP011099	ref_AB562463
AB697494.1	false	0	0				
JQ027333.1	false	0	0				
JQ027332.1	true	4771	5691	0.000000003954	3Seq	ref_AP011099	ref_AB562463
JQ027327.1	false	0	0				
JQ027326.1	false	0	0				
JQ027324.1	false	0	0				
JQ027323.1	true	4771	5756	0.000000002356	3Seq	ref_AP011099	ref_AB562463
JQ027322.1	true	4771	5691	0.000000009203	3Seq	ref_AP011099	ref_AB562463
JQ027321.1	true	1798	2809	0.000000027358	3Seq	ref_KF873526	ref_D23679
JQ027320.1	true	4118	4992	0.000000022258	3Seq	ref_KM606737	ref_AB486012
JQ027319.1	false	0	0				
JQ027318.1	false	0	0				
JQ027317.1	false	0	0				
JQ027314.1	false	0	0				
JQ027310.1	true	3616	4594	0.000000013182	3Seq	ref_DQ089781	ref_AB073835
JN400089.1	true	4771	5691	0.000000027438	3Seq	ref_AP011099	ref_AB562463
JN400088.1	true	4771	5691	0.000000005192	3Seq	ref_AP011099	ref_AB562463
JN400087.1	true	4771	5691	0.000000027438	3Seq	ref_AP011099	ref_AB562463
JN400086.1	true	4771	5691	0.000000002477	3Seq	ref_AP011099	ref_AB562463
JF828938.1	true	4584	5888	0.000000000299	3Seq	ref_GQ161817	ref_FJ023669
JF828937.1	true	4584	5888	0.000000000471	3Seq	ref_GQ161817	ref_FJ023669
JF828936.1	true	4584	5888	0.000000000299	3Seq	ref_GQ161817	ref_FJ023669
JF828935.1	true	4584	5888	0.000000000299	3Seq	ref_GQ161817	ref_FJ023669
JF828934.1	true	4584	5888	0.000000000299	3Seq	ref_GQ161817	ref_FJ023669
JF828933.1	true	4584	5888	0.000000000299	3Seq	ref_GQ161817	ref_FJ023669
JF828932.1	true	4584	5888	0.000000000299	3Seq	ref_GQ161817	ref_FJ023669
JF828931.1	true	4154	5888	0.000000000071	3Seq	ref_GQ161817	ref_FJ023669
JF828930.1	true	4154	5888	0.000000000071	3Seq	ref_GQ161817	ref_FJ023669
JF828929.1	true	4154	5888	0.000000000013	3Seq	ref_GQ161817	ref_FJ023669
JF828928.1	true	4154	5888	0.000000000053	3Seq	ref_GQ161817	ref_FJ023669
JF828927.1	true	4154	5888	0.000000000107	3Seq	ref_GQ161817	ref_FJ023669
JF828926.1	true	4154	5888	0.000000000071	3Seq	ref_GQ161817	ref_FJ023669
JF828925.1	true	4154	5888	0.000000000061	3Seq	ref_GQ161817	ref_FJ023669
JF828924.1	true	4154	5888	0.000000000071	3Seq	ref_GQ161817	ref_FJ023669
JF828923.1	true	4154	5888	0.000000000071	3Seq	ref_GQ161817	ref_FJ023669
JF828922.1	true	4154	5888	0.000000000053	3Seq	ref_GQ161817	ref_FJ023669
JF828921.1	true	4154	5888	0.000000000053	3Seq	ref_GQ161817	ref_FJ023669
JF828920.1	false	0	0				
JF828919.1	false	0	0				
JF828918.1	false	0	0				
JF828917.1	true	4196	5337	0.000000038447	3Seq	ref_KM606737	ref_GU815637
JF828916.1	false	0	0				
JF828915.1	false	0	0				
JF828914.1	false	0	0				
JF828913.1	false	0	0				
JF828912.1	true	4771	5691	0.000000009928	3Seq	ref_AP011099	ref_AB562463
JF828911.1	true	4771	5691	0.000000009928	3Seq	ref_AP011099	ref_AB562463
JF828910.1	true	4771	5691	0.000000008041	3Seq	ref_AP011099	ref_AB562463
JF828909.1	true	4771	5691	0.000000009928	3Seq	ref_AP011099	ref_AB562463
JF828908.1	true	4771	5691	0.000000008041	3Seq	ref_AP011099	ref_AB562463
JF828907.1	true	4771	5691	0.000000009928	3Seq	ref_AP011099	ref_AB562463
JF828906.1	true	4771	5691	0.000000035981	3Seq	ref_AP011099	ref_AB562463
JF828905.1	true	4771	5691	0.000000040403	3Seq	ref_AP011099	ref_AB562463
HQ638218.1	true	4771	5691	0.000000003509	3Seq	ref_AP011099	ref_AB562463
AB675683.1	true	2291	5888	0.000000000000	3Seq	ref_FJ904435	ref_AP011098
AB675682.1	true	2311	5888	0.000000000000	3Seq	ref_FJ904435	ref_AP011098
AB675681.1	true	2311	5888	0.000000000000	3Seq	ref_FJ904435	ref_AP011098
AB675680.1	true	2311	5888	0.000000000000	3Seq	ref_FJ904435	ref_AP011098
AB675679.1	true	2311	5888	0.000000000000	3Seq	ref_FJ904435	ref_AP011098
AB675678.1	true	2311	5888	0.000000000000	3Seq	ref_FJ904435	ref_AP011098
AB675677.1	true	1533	3805	0.000000022050	3Seq	ref_AB562463	ref_GQ161817
AB675675.1	false	0	0				
AB675674.1	false	0	0				
AB674504.1	true	1564	2296	0.000000000000	3Seq	ref_DQ089781	ref_KC875277
AB640730.1	true	4771	5691	0.000000025672	3Seq	ref_AP011099	ref_AB562463
JF491456.1	true	2291	5888	0.000000000000	3Seq	ref_FJ904435	ref_AP011098
JF491455.1	true	2291	5888	0.000000000000	3Seq	ref_FJ904435	ref_AP011098
JF491454.1	true	2291	5888	0.000000000000	3Seq	ref_FJ904435	ref_AP011098
JF491453.1	true	2291	5888	0.000000000000	3Seq	ref_FJ904435	ref_AP011098
JF491452.1	true	2291	5888	0.000000000000	3Seq	ref_FJ904435	ref_AP011098
JF491451.1	true	2311	5888	0.000000000000	3Seq	ref_FJ904435	ref_AP011098
JF491450.1	true	2291	5888	0.000000000000	3Seq	ref_FJ904435	ref_AP011098
JF491449.1	true	2291	5888	0.000000000000	3Seq	ref_FJ904435	ref_AP011098
JF491448.1	true	2291	5888	0.000000000000	3Seq	ref_FJ904435	ref_AP011098
JF491447.1	true	2291	5899	0.000000000000	3Seq	ref_KC875277	ref_AP011098
JF436923.1	true	2870	4519	0.000000000000	3Seq	ref_DQ089781	ref_GU815637
JF436922.1	true	3949	4629	0.000000001696	3Seq	ref_GQ377617	ref_JQ801514
JF436920.1	true	4771	5691	0.000000000759	3Seq	ref_AP011099	ref_AB562463
JF436919.1	true	3946	4843	0.000000000135	3Seq	ref_GQ377617	ref_GU815637
HM011502.1	true	1533	4771	0.000000000666	3Seq	ref_AB562463	ref_AP011099
HM011501.1	false	0	0				
HM011500.1	true	4771	5691	0.000000027438	3Seq	ref_AP011099	ref_AB562463
HM011497.1	false	0	0				
HM011495.1	true	4064	5063	0.000000010296	3Seq	ref_X02763	ref_AB486012
HM011493.1	false	0	0				
HM011491.1	true	4118	4992	0.000000010655	3Seq	ref_KM606737	ref_AB486012
HM011489.1	false	0	0				
HM011488.1	false	0	0				
HM011486.1	false	0	0				
HM011481.1	true	4771	5691	0.000000000821	3Seq	ref_AP011099	ref_AB562463
HM011479.1	true	4771	5756	0.000000007616	3Seq	ref_AP011099	ref_AB562463
HM011477.1	true	4488	4827	0.000000000000	3Seq	ref_D23679	ref_KC774182
HM011472.1	false	0	0				
HM011468.1	false	0	0				
HM011465.1	true	4807	5696	0.000000017316	3Seq	ref_AP011099	ref_KF873526
GU563561.1	false	0	0				
GQ924658.1	false	0	0				
GQ924657.1	false	0	0				
GQ924655.1	false	0	0				
GQ924650.1	false	0	0				
GQ924649.1	false	0	0				
GQ924643.1	false	0	0				
GQ924642.1	true	2343	5872	0.000000002839	3Seq	ref_AB222711	ref_KF873526
GQ924636.1	true	2330	5872	0.000000032535	3Seq	ref_FJ904435	ref_KF873526
GQ924633.1	true	4771	5691	0.000000044241	3Seq	ref_AP011099	ref_AB562463
GQ924629.1	false	0	0				
GQ924623.1	false	0	0				
GQ924622.1	false	0	0				
GQ924620.1	false	0	0				
GQ924619.1	true	1798	2552	0.000000014404	3Seq	ref_KF873526	ref_D23679
GQ924618.1	false	0	0				
GQ924616.1	false	0	0				
GQ924615.1	false	0	0				
GQ924614.1	false	0	0				
GQ924613.1	false	0	0				
GQ924612.1	false	0	0				
GQ924609.1	false	0	0				
GQ924604.1	false	0	0				
GQ205441.1	true	4771	5691	0.000000004869	3Seq	ref_AP011099	ref_AB562463
HQ684849.1	true	1555	4584	0.000000000000	3Seq	ref_KF873526	ref_D23679
FJ899796.1	true	4093	5063	0.000000024820	3Seq	ref_X02763	ref_AB486012
FJ899795.1	true	4771	5778	0.000000014033	3Seq	ref_AP011099	ref_AB562463
FJ899794.1	true	4771	5778	0.000000002667	3Seq	ref_AP011099	ref_AB562463
FJ899793.1	true	4771	5778	0.000000002667	3Seq	ref_AP011099	ref_AB562463
FJ899789.1	true	4807	5696	0.000000009646	3Seq	ref_AP011099	ref_KF873526
FJ899788.1	true	4771	5691	0.000000014812	3Seq	ref_AP011099	ref_AB562463
FJ899783.1	true	1533	4584	0.000000002645	3Seq	ref_AB562463	ref_GQ161817
FJ899782.1	false	0	0				
FJ899781.1	false	0	0				
FJ899780.1	false	0	0				
FJ899778.1	true	4073	5063	0.000000002800	3Seq	ref_X02763	ref_AB486012
FJ899777.1	true	4118	5063	0.000000009989	3Seq	ref_X02763	ref_AB486012
FJ899776.1	true	4121	5108	0.000000021270	3Seq	ref_AB554015	ref_AB073835
FJ899775.1	false	0	0				
FJ899774.1	true	4771	5778	0.000000008216	3Seq	ref_AP011099	ref_AB562463
FJ899773.1	false	0	0				
FJ899772.1	false	0	0				
FJ899771.1	true	4093	5063	0.000000044344	3Seq	ref_X02763	ref_AB486012
FJ899770.1	false	0	0				
FJ899769.1	false	0	0				
FJ899768.1	true	1533	3805	0.000000000180	3Seq	ref_AB562463	ref_GQ161817
FJ899767.1	true	4771	5756	0.000000035824	3Seq	ref_AP011099	ref_AB562463
FJ899766.1	false	0	0				
FJ899765.1	true	4771	5691	0.000000004106	3Seq	ref_AP011099	ref_AB562463
FJ899764.1	true	4771	5691	0.000000004106	3Seq	ref_AP011099	ref_AB562463
FJ899763.1	false	0	0				
FJ899762.1	true	4769	5691	0.000000004869	3Seq	ref_AP011099	ref_AB562463
FJ899761.1	true	4771	5691	0.000000007292	3Seq	ref_AP011099	ref_AB562463
GQ475357.1	true	4154	5888	0.000000000519	3Seq	ref_GQ161817	ref_FJ023669
GQ475356.1	false	0	0				
GQ475355.1	false	0	0				
GQ475354.1	true	4771	5691	0.000000012874	3Seq	ref_AP011099	ref_AB562463
GQ475353.1	false	0	0				
GQ475352.1	true	2528	5870	0.000000044590	3Seq	ref_GQ161817	ref_KF873526
GQ475351.1	true	4771	5756	0.000000005556	3Seq	ref_AP011099	ref_AB562463
GQ475350.1	true	4124	5531	0.000000014880	3Seq	ref_FJ692601	ref_AP011085
GQ475349.1	true	4771	5691	0.000000003777	3Seq	ref_AP011099	ref_AB562463
GQ475348.1	true	1536	4154	0.000000011583	3Seq	ref_FJ023669	ref_GQ161817
GQ475347.1	true	4656	5879	0.000000014436	3Seq	ref_GQ161817	ref_AM184126
GQ475346.1	true	4154	5888	0.000000000104	3Seq	ref_GQ161817	ref_FJ023669
GQ475345.1	true	4771	5691	0.000000015769	3Seq	ref_AP011099	ref_AB562463
GQ475344.1	true	4784	5691	0.000000043691	3Seq	ref_AP011099	ref_AB562463
GQ475343.1	true	4587	5888	0.000000000248	3Seq	ref_GQ161817	ref_FJ023669
GQ475341.1	true	4771	5691	0.000000044241	3Seq	ref_AP011099	ref_AB562463
GQ475339.1	true	4154	5888	0.000000000299	3Seq	ref_GQ161817	ref_FJ023669
GQ475338.1	true	4154	5888	0.000000000878	3Seq	ref_GQ161817	ref_FJ023669
GQ475337.1	true	4154	5888	0.000000000006	3Seq	ref_GQ161817	ref_FJ023669
GQ475336.1	true	4771	5756	0.000000015489	3Seq	ref_AP011099	ref_AB562463
GQ475335.1	true	4154	5888	0.000000000024	3Seq	ref_GQ161817	ref_FJ023669
GQ475334.1	false	0	0				
GQ475333.1	false	0	0				
GQ475332.1	false	0	0				
GQ475331.1	true	4771	5691	0.000000006248	3Seq	ref_AP011099	ref_AB562463
GQ475330.1	true	2528	5696	0.000000009705	3Seq	ref_AP011099	ref_KF873526
GQ475329.1	true	4154	5888	0.000000000127	3Seq	ref_GQ161817	ref_FJ023669
GQ475328.1	true	4771	5756	0.000000030455	3Seq	ref_AP011099	ref_AB562463
GQ475327.1	false	0	0				
GQ475326.1	true	4771	5691	0.000000032611	3Seq	ref_AP011099	ref_AB562463
GQ475325.1	true	4771	5691	0.000000011818	3Seq	ref_AP011099	ref_AB562463
GQ475324.1	true	4771	5691	0.000000004772	3Seq	ref_AP011099	ref_AB562463
GQ475323.1	true	1536	4154	0.000000018994	3Seq	ref_FJ023669	ref_GQ161817
GQ475322.1	true	4771	5691	0.000000022596	3Seq	ref_AP011099	ref_AB562463
GQ475321.1	true	1536	4154	0.000000004831	3Seq	ref_FJ023669	ref_GQ161817
GQ475320.1	false	0	0				
GQ475319.1	true	4154	5888	0.000000001195	3Seq	ref_GQ161817	ref_FJ023669
GQ475318.1	true	1536	4154	0.000000006087	3Seq	ref_FJ023669	ref_GQ161817
GQ475317.1	true	4771	5691	0.000000033177	3Seq	ref_AP011099	ref_AB562463
GQ475316.1	false	0	0				
GQ475315.1	false	0	0				
GQ475314.1	true	4771	5691	0.000000000977	3Seq	ref_AP011099	ref_AB562463
GQ475313.1	true	4771	5691	0.000000004989	3Seq	ref_AP011099	ref_AB562463
GQ475312.1	false	0	0				
GQ475311.1	true	4771	5756	0.000000001097	3Seq	ref_AP011099	ref_AB562463
GQ475310.1	true	4771	5691	0.000000002297	3Seq	ref_AP011099	ref_AB562463
GQ475309.1	true	4154	5888	0.000000014485	3Seq	ref_GQ161817	ref_FJ023669
GQ475308.1	true	4771	5691	0.000000002477	3Seq	ref_AP011099	ref_AB562463
GQ475307.1	true	1536	4154	0.000000003661	3Seq	ref_FJ023669	ref_GQ161817
GQ475306.1	true	4771	5691	0.000000004388	3Seq	ref_AP011099	ref_AB562463
GQ475305.1	true	4154	5888	0.000000000145	3Seq	ref_GQ161817	ref_FJ023669
GQ377642.1	true	4771	5691	0.000000004558	3Seq	ref_AP011099	ref_AB562463
GQ377640.1	true	4771	5691	0.000000002127	3Seq	ref_AP011099	ref_AB562463
GQ377637.1	true	4787	5696	0.000000008354	3Seq	ref_AP011099	ref_KF873526
GQ377636.1	true	4118	4992	0.000000044100	3Seq	ref_KM606737	ref_AB486012
GQ377633.1	true	4807	5696	0.000000028080	3Seq	ref_AP011099	ref_KF873526
GQ377632.1	true	1684	4276	0.000000000000	3Seq	ref_AP011098	ref_DQ089781
GQ377631.1	true	1684	4093	0.000000000000	3Seq	ref_DQ089781	ref_GQ377617
GQ377630.1	true	1677	4150	0.000000000000	3Seq	ref_AP011098	ref_GU815637
GQ377628.1	true	4771	5691	0.000000000988	3Seq	ref_AP011099	ref_AB562463
GQ377624.1	false	0	0				
GQ377623.1	true	4807	5696	0.000000001175	3Seq	ref_AP011099	ref_KF873526
GQ377621.1	true	4807	5696	0.000000001222	3Seq	ref_AP011099	ref_KF873526
GQ377620.1	true	4771	5778	0.000000005372	3Seq	ref_AP011099	ref_AB562463
GQ377619.1	true	4771	5691	0.000000005781	3Seq	ref_AP011099	ref_AB562463
GQ377618.1	true	4771	5691	0.000000031977	3Seq	ref_AP011099	ref_AB562463
GQ377617.1	true	4771	5691	0.000000010015	3Seq	ref_AP011099	ref_AB562463
GQ377616.1	true	4771	5691	0.000000005781	3Seq	ref_AP011099	ref_AB562463
GQ377615.1	true	4807	5696	0.000000001231	3Seq	ref_AP011099	ref_KF873526
GQ377611.1	true	4771	5691	0.000000008655	3Seq	ref_AP011099	ref_AB562463
GQ377609.1	true	4771	5691	0.000000001322	3Seq	ref_AP011099	ref_AB562463
GQ377608.1	true	4771	5691	0.000000010282	3Seq	ref_AP011099	ref_AB562463
GQ377607.1	true	4771	5691	0.000000020636	3Seq	ref_AP011099	ref_AB562463
GQ377605.1	true	1684	4404	0.000000000000	3Seq	ref_DQ089781	ref_GQ377617
GQ377603.1	true	4771	5778	0.000000018188	3Seq	ref_AP011099	ref_AB562463
GQ377602.1	true	1478	4152	0.000000000000	3Seq	ref_GU815637	ref_GQ377617
GQ377601.1	true	4807	5696	0.000000002004	3Seq	ref_AP011099	ref_KF873526
GQ377600.1	true	4771	5778	0.000000000157	3Seq	ref_AP011099	ref_AB562463
GQ377599.1	true	4771	5691	0.000000005934	3Seq	ref_AP011099	ref_AB562463
GQ377598.1	true	4771	5691	0.000000014568	3Seq	ref_AP011099	ref_AB562463
GQ377597.1	true	4118	5061	0.000000032964	3Seq	ref_KM606737	ref_AB486012
GQ377594.1	true	4152	5888	0.000000000000	3Seq	ref_GQ377617	ref_GU815637
GQ377593.1	true	4771	5778	0.000000003653	3Seq	ref_AP011099	ref_AB562463
GQ377591.1	false	0	0				
GQ377590.1	true	4581	5888	0.000000000000	3Seq	ref_GQ377617	ref_GU815637
GQ377586.1	true	4118	4992	0.000000040036	3Seq	ref_KM606737	ref_AB486012
GQ377585.1	true	4771	5691	0.000000010848	3Seq	ref_AP011099	ref_AB562463
GQ377584.1	false	0	0				
GQ377583.1	true	4807	5696	0.000000000957	3Seq	ref_AP011099	ref_KF873526
GQ377581.1	true	4807	5696	0.000000002553	3Seq	ref_AP011099	ref_KF873526
GQ377580.1	true	4771	5691	0.000000020636	3Seq	ref_AP011099	ref_AB562463
GQ377579.1	true	4771	5691	0.000000002127	3Seq	ref_AP011099	ref_AB562463
GQ377578.1	true	4807	5696	0.000000017123	3Seq	ref_AP011099	ref_KF873526
GQ377577.1	true	4807	5696	0.000000002742	3Seq	ref_AP011099	ref_KF873526
GQ377576.1	true	4787	5696	0.000000002457	3Seq	ref_AP011099	ref_KF873526
GQ377575.1	true	4118	5063	0.000000006547	3Seq	ref_X02763	ref_AB486012
GQ377574.1	true	4771	5691	0.000000003229	3Seq	ref_AP011099	ref_AB562463
GQ377572.1	true	4771	5756	0.000000019942	3Seq	ref_AP011099	ref_AB562463
GQ377571.1	true	4807	5696	0.000000013368	3Seq	ref_AP011099	ref_KF873526
GQ377570.1	true	4771	5691	0.000000000311	3Seq	ref_AP011099	ref_AB562463
GQ377565.1	true	4095	5863	0.000000000000	3Seq	ref_GQ377617	ref_JQ801514
GQ377563.1	true	4771	5691	0.000000008655	3Seq	ref_AP011099	ref_AB562463
GQ377562.1	true	4771	5691	0.000000007395	3Seq	ref_AP011099	ref_AB562463
GQ377560.1	true	4771	5691	0.000000005297	3Seq	ref_AP011099	ref_AB562463
GQ377559.1	true	4771	5691	0.000000000087	3Seq	ref_AP011099	ref_AB562463
GQ377557.1	true	4118	4992	0.000000003831	3Seq	ref_KM606737	ref_AB486012
GQ377556.1	true	641	4096	0.000000000000	3Seq	ref_JQ801514	ref_KC774182
GQ377555.1	false	0	0				
GQ377554.1	true	4771	5691	0.000000000085	3Seq	ref_AP011099	ref_AB562463
GQ377553.1	false	0	0				
GQ377552.1	true	4771	5691	0.000000011609	3Seq	ref_AP011099	ref_AB562463
GQ377551.1	false	0	0				
GQ377548.1	true	4771	5691	0.000000013345	3Seq	ref_AP011099	ref_AB562463
GQ377546.1	true	4771	5691	0.000000014812	3Seq	ref_AP011099	ref_AB562463
GQ377545.1	true	4771	5691	0.000000000259	3Seq	ref_AP011099	ref_AB562463
GQ377544.1	true	4771	5691	0.000000017367	3Seq	ref_AP011099	ref_AB562463
GQ377543.1	false	0	0				
GQ377541.1	true	4771	5691	0.000000000654	3Seq	ref_AP011099	ref_AB562463
GQ377540.1	false	0	0				
GQ377539.1	true	1506	4152	0.000000000000	3Seq	ref_JQ801514	ref_GQ377617
GQ377538.1	false	0	0				
GQ377536.1	false	0	0				
GQ377535.1	false	0	0				
GQ377534.1	false	0	0				
GQ377533.1	true	4771	5691	0.000000001560	3Seq	ref_AP011099	ref_AB562463
GQ377531.1	false	0	0				
GQ377530.1	true	4771	5691	0.000000028543	3Seq	ref_AP011099	ref_AB562463
GQ377529.1	true	1533	3805	0.000000004015	3Seq	ref_AB562463	ref_GQ161817
GQ377528.1	true	4163	5063	0.000000015766	3Seq	ref_X02763	ref_AB486012
GQ377527.1	true	4771	5778	0.000000042385	3Seq	ref_AP011099	ref_AB562463
GQ377526.1	true	4807	5696	0.000000005256	3Seq	ref_AP011099	ref_KF873526
GQ377524.1	true	4771	5691	0.000000035502	3Seq	ref_AP011099	ref_AB562463
GQ377523.1	false	0	0				
GQ377522.1	true	4154	5888	0.000000004671	3Seq	ref_GQ161817	ref_FJ023669
GQ377521.1	true	4771	5778	0.000000001025	3Seq	ref_AP011099	ref_AB562463
GQ377520.1	true	4771	5691	0.000000026866	3Seq	ref_AP011099	ref_AB562463
GQ377518.1	true	4771	5691	0.000000026866	3Seq	ref_AP011099	ref_AB562463
GQ377517.1	true	4771	5691	0.000000022596	3Seq	ref_AP011099	ref_AB562463
GQ377516.1	false	0	0				
GQ377515.1	true	4771	5691	0.000000006870	3Seq	ref_AP011099	ref_AB562463
GQ377514.1	true	1533	3805	0.000000001366	3Seq	ref_AB562463	ref_GQ161817
GU357845.1	false	0	0				
GQ872210.1	true	4771	5691	0.000000003133	3Seq	ref_AP011099	ref_AB562463
FJ692604.1	false	0	0				
FJ349225.1	true	4170	4992	0.000000003831	3Seq	ref_KM606737	ref_AB486012
FJ904423.1	false	0	0				
EU916241.1	true	4771	5691	0.000000000460	3Seq	ref_AP011099	ref_AB562463
EU916240.1	true	4771	5691	0.000000000460	3Seq	ref_AP011099	ref_AB562463
EU916239.1	true	4771	5691	0.000000000460	3Seq	ref_AP011099	ref_AB562463
EU916238.1	false	0	0				
EU916237.1	false	0	0				
EU916236.1	false	0	0				
EU916235.1	true	4807	5696	0.000000040410	3Seq	ref_AP011099	ref_KF873526
EU916234.1	true	4807	5696	0.000000011339	3Seq	ref_AP011099	ref_KF873526
EU916233.1	true	4807	5696	0.000000011339	3Seq	ref_AP011099	ref_KF873526
EU916232.1	true	4807	5696	0.000000001569	3Seq	ref_AP011099	ref_KF873526
EU916231.1	true	4771	5691	0.000000005424	3Seq	ref_AP011099	ref_AB562463
EU916230.1	true	4807	5696	0.000000008929	3Seq	ref_AP011099	ref_KF873526
EU916229.1	true	4120	5127	0.000000009620	3Seq	ref_KM606737	ref_AB073835
EU916228.1	false	0	0				
EU916227.1	true	1464	4771	0.000000003245	3Seq	ref_AB562463	ref_AP011099
EU916226.1	true	1533	4771	0.000000032027	3Seq	ref_AB562463	ref_AP011099
EU916225.1	true	4771	5691	0.000000020636	3Seq	ref_AP011099	ref_AB562463
EU916224.1	true	4771	5653	0.000000027446	3Seq	ref_AP011099	ref_AB562463
EU916223.1	false	0	0				
EU916222.1	false	0	0				
EU916221.1	true	1533	3805	0.000000028034	3Seq	ref_AB562463	ref_GQ161817
EU916220.1	true	4807	5696	0.000000030718	3Seq	ref_AP011099	ref_KF873526
EU916219.1	true	4154	5888	0.000000015337	3Seq	ref_GQ161817	ref_FJ023669
EU916218.1	true	4154	5657	0.000000032614	3Seq	ref_GQ161817	ref_FJ023669
EU916217.1	true	1464	4771	0.000000016451	3Seq	ref_AB562463	ref_AP011099
EU916216.1	true	4584	5657	0.000000000060	3Seq	ref_GQ161817	ref_FJ023669
EU916215.1	true	1464	4771	0.000000017276	3Seq	ref_AB562463	ref_AP011099
EU916214.1	false	0	0				
EU916213.1	false	0	0				
EU916212.1	true	4807	5843	0.000000018881	3Seq	ref_AP011099	ref_KF873526
EU916211.1	false	0	0				
EU916210.1	true	4771	5691	0.000000016505	3Seq	ref_AP011099	ref_AB562463
EU916209.1	true	4814	5696	0.000000002742	3Seq	ref_AP011099	ref_KF873526
EU916208.1	true	4771	5691	0.000000008174	3Seq	ref_AP011099	ref_AB562463
EU916207.1	true	4771	5691	0.000000016505	3Seq	ref_AP011099	ref_AB562463
EU916206.1	false	0	0				
EU916205.1	false	0	0				
EU916204.1	false	0	0				
EU678475.1	true	2291	5899	0.000000000000	3Seq	ref_KC875277	ref_AP011098
EU678474.1	true	2291	5888	0.000000000000	3Seq	ref_FJ904435	ref_AP011098
EU678472.1	true	2291	5888	0.000000000000	3Seq	ref_FJ904435	ref_AP011098
EU678471.1	true	2291	5888	0.000000000000	3Seq	ref_FJ904435	ref_AP011098
EU678470.1	true	2291	5888	0.000000000000	3Seq	ref_FJ904435	ref_AP011098
GU434374.1	true	4771	5691	0.000000041666	3Seq	ref_AP011099	ref_AB562463
GU385774.1	true	4771	5691	0.000000004073	3Seq	ref_AP011099	ref_AB562463
GU357843.1	true	1563	1803	0.000000000009	3Seq	ref_AP011098	ref_GU815637
GQ872211.1	true	4154	5888	0.000000000165	3Seq	ref_GQ161817	ref_FJ023669
GQ372968.1	false	0	0				
GQ259588.1	true	4154	5888	0.000000001879	3Seq	ref_GQ161817	ref_FJ023669
GQ227697.1	true	4584	5888	0.000000006691	3Seq	ref_GQ161817	ref_FJ023669
GQ227696.1	true	4154	5888	0.000000003820	3Seq	ref_GQ161817	ref_FJ023669
GQ227695.1	true	4154	5888	0.000000005877	3Seq	ref_GQ161817	ref_FJ023669
GQ227694.1	true	4154	5888	0.000000003820	3Seq	ref_GQ161817	ref_FJ023669
GQ227693.1	true	1893	5402	0.000000021534	3Seq	ref_AM184126	ref_AP011085
GQ227692.1	true	4154	5888	0.000000009954	3Seq	ref_GQ161817	ref_FJ023669
EU919169.1	false	0	0				
EU919168.1	false	0	0				
EU919167.1	false	0	0				
EU919166.1	true	5519	5822	0.000000000000	3Seq	ref_AP011098	ref_JQ801514
EU919165.1	true	4771	5691	0.000000019816	3Seq	ref_AP011099	ref_AB562463
EU919164.1	false	0	0				
EU919163.1	false	0	0				
EU882006.1	true	1774	2361	0.000000000000	3Seq	ref_AP011098	ref_D23679
EU882005.1	false	0	0				
EU881996.1	false	0	0				
EU881995.1	true	641	5507	0.000000000000	3Seq	ref_GU815637	ref_AP011098
EU660229.1	true	4771	5691	0.000000010848	3Seq	ref_AP011099	ref_AB562463
EU660228.1	true	641	5507	0.000000000000	3Seq	ref_GU815637	ref_KC774182
EU660226.1	false	0	0				
EU660225.1	false	0	0				
EU564821.1	true	4771	5691	0.000000003594	3Seq	ref_AP011099	ref_AB562463
EU564820.1	true	4771	5691	0.000000028769	3Seq	ref_AP011099	ref_AB562463
EU522071.1	false	0	0				
EU522070.1	true	5444	5798	0.000000000000	3Seq	ref_AP011098	ref_GU815637
EU522068.1	true	4771	5691	0.000000012569	3Seq	ref_AP011099	ref_AB562463
FJ787490.1	true	4771	5691	0.000000010144	3Seq	ref_AP011099	ref_AB562463
FJ787489.1	true	4771	5691	0.000000007538	3Seq	ref_AP011099	ref_AB562463
FJ787488.1	true	4771	5691	0.000000002041	3Seq	ref_AP011099	ref_AB562463
FJ787487.1	true	4771	5691	0.000000000409	3Seq	ref_AP011099	ref_AB562463
FJ787486.1	true	4121	5108	0.000000021270	3Seq	ref_AB554015	ref_AB073835
FJ787485.1	true	4805	5756	0.000000023150	3Seq	ref_AP011099	ref_AB562463
FJ787484.1	false	0	0				
FJ787483.1	true	4805	5756	0.000000004614	3Seq	ref_AP011099	ref_AB562463
FJ787482.1	true	4805	5756	0.000000004614	3Seq	ref_AP011099	ref_AB562463
FJ787481.1	false	0	0				
FJ787480.1	true	4771	5691	0.000000002526	3Seq	ref_AP011099	ref_AB562463
FJ787479.1	true	4771	5691	0.000000012037	3Seq	ref_AP011099	ref_AB562463
FJ787478.1	true	4819	4934	0.000000032924	3Seq	ref_AP011099	ref_HM585194
FJ787474.1	true	1533	3805	0.000000004010	3Seq	ref_AB562463	ref_GQ161817
FJ787473.1	true	1533	3805	0.000000003528	3Seq	ref_AB562463	ref_GQ161817
FJ787472.1	true	1533	3805	0.000000001082	3Seq	ref_AB562463	ref_GQ161817
FJ787471.1	true	4771	5778	0.000000022506	3Seq	ref_AP011099	ref_AB562463
FJ787470.1	true	4771	5778	0.000000034615	3Seq	ref_AP011099	ref_AB562463
FJ787469.1	true	4120	5225	0.000000038199	3Seq	ref_KM606737	ref_AB073835
FJ787468.1	true	4771	5778	0.000000028769	3Seq	ref_AP011099	ref_AB562463
FJ787467.1	true	4154	5888	0.000000000533	3Seq	ref_GQ161817	ref_FJ023669
FJ787466.1	true	4154	5888	0.000000000533	3Seq	ref_GQ161817	ref_FJ023669
FJ787465.1	true	4154	5888	0.000000000340	3Seq	ref_GQ161817	ref_FJ023669
FJ787464.1	true	4154	5888	0.000000000469	3Seq	ref_GQ161817	ref_FJ023669
FJ787463.1	false	0	0				
FJ787462.1	true	4196	5105	0.000000012954	3Seq	ref_KM606737	ref_JQ801514
FJ787461.1	true	4807	5696	0.000000033089	3Seq	ref_AP011099	ref_KF873526
FJ787460.1	false	0	0				
FJ787459.1	false	0	0				
FJ787458.1	true	4807	5696	0.000000003235	3Seq	ref_AP011099	ref_KF873526
FJ787457.1	true	4807	5696	0.000000001574	3Seq	ref_AP011099	ref_KF873526
FJ787456.1	true	4771	5691	0.000000008655	3Seq	ref_AP011099	ref_AB562463
FJ787455.1	true	4771	5691	0.000000025807	3Seq	ref_AP011099	ref_AB562463
FJ787454.1	true	4807	5696	0.000000029492	3Seq	ref_AP011099	ref_KF873526
FJ787453.1	true	4807	5696	0.000000037125	3Seq	ref_AP011099	ref_KF873526
FJ787452.1	true	4771	5691	0.000000008655	3Seq	ref_AP011099	ref_AB562463
FJ787451.1	false	0	0				
FJ787450.1	false	0	0				
FJ787449.1	false	0	0				
FJ787448.1	false	0	0				
FJ787447.1	true	4771	5691	0.000000013959	3Seq	ref_AP011099	ref_AB562463
FJ787446.1	true	4771	5691	0.000000002526	3Seq	ref_AP011099	ref_AB562463
FJ787445.1	true	4771	5691	0.000000014105	3Seq	ref_AP011099	ref_AB562463
FJ787443.1	true	4118	5063	0.000000044000	3Seq	ref_X02763	ref_AB486012
FJ787442.1	true	4064	5063	0.000000026729	3Seq	ref_X02763	ref_AB486012
FJ787441.1	true	4771	5691	0.000000012037	3Seq	ref_AP011099	ref_AB562463
FJ787440.1	true	4771	5691	0.000000042385	3Seq	ref_AP011099	ref_AB562463
FJ787439.1	true	4771	5691	0.000000010282	3Seq	ref_AP011099	ref_AB562463
FJ787438.1	true	4118	4992	0.000000010958	3Seq	ref_KM606737	ref_AB486012
FJ787437.1	true	4093	4992	0.000000026729	3Seq	ref_KM606737	ref_AB486012
FJ787436.1	false	0	0				
FJ518813.1	false	0	0				
FJ518810.1	true	1533	4771	0.000000005945	3Seq	ref_AB562463	ref_AP011099
AB298721.1	true	4196	5869	0.000000025058	3Seq	ref_GQ161817	ref_GU815637
AB298720.1	true	4196	5869	0.000000020895	3Seq	ref_GQ161817	ref_GU815637
AB270535.1	true	2291	5888	0.000000000000	3Seq	ref_FJ904435	ref_AP011098
AB270534.1	true	2291	5888	0.000000000000	3Seq	ref_FJ904435	ref_AP011098
FJ032361.1	true	4771	5691	0.000000009289	3Seq	ref_AP011099	ref_AB562463
FJ032360.1	true	4771	5691	0.000000016632	3Seq	ref_AP011099	ref_AB562463
FJ032359.1	true	4771	5691	0.000000007763	3Seq	ref_AP011099	ref_AB562463
FJ032356.1	false	0	0				
FJ032355.1	false	0	0				
FJ032351.1	false	0	0				
FJ032350.1	true	4771	5691	0.000000016505	3Seq	ref_AP011099	ref_AB562463
FJ032348.1	false	0	0				
FJ032347.1	false	0	0				
FJ032346.1	true	1893	5127	0.000000029208	3Seq	ref_AM184126	ref_AP011085
FJ032345.1	true	4787	5696	0.000000032302	3Seq	ref_AP011099	ref_KF873526
FJ032343.1	true	4390	5370	0.000000000000	3Seq	ref_GQ377617	ref_JQ801514
FJ032341.1	true	4807	5696	0.000000032302	3Seq	ref_AP011099	ref_KF873526
FJ032340.1	false	0	0				
FJ032339.1	false	0	0				
FJ032338.1	true	4807	5696	0.000000026080	3Seq	ref_AP011099	ref_KF873526
FJ032337.1	true	4118	5061	0.000000009224	3Seq	ref_KM606737	ref_AB486012
FJ032336.1	true	4807	5696	0.000000040410	3Seq	ref_AP011099	ref_KF873526
FJ032335.1	true	4771	5691	0.000000006666	3Seq	ref_AP011099	ref_AB562463
FJ032334.1	true	4807	5696	0.000000027615	3Seq	ref_AP011099	ref_KF873526
FJ032333.1	true	4073	4992	0.000000022135	3Seq	ref_KM606737	ref_AB486012
FJ032332.1	false	0	0				
FJ032331.1	true	4771	5691	0.000000001097	3Seq	ref_AP011099	ref_AB562463
EU872017.1	false	0	0				
EU872016.1	true	4771	5691	0.000000000284	3Seq	ref_AP011099	ref_AB562463
EU872015.1	true	4771	5691	0.000000000089	3Seq	ref_AP011099	ref_AB562463
EU872014.1	true	4771	5691	0.000000000177	3Seq	ref_AP011099	ref_AB562463
EU872013.1	false	0	0				
EU872012.1	false	0	0				
EU872010.1	false	0	0				
EU872009.1	false	0	0				
EU872008.1	false	0	0				
EU872007.1	true	4807	5696	0.000000029098	3Seq	ref_AP011099	ref_KF873526
EU872006.1	false	0	0				
EU872005.1	false	0	0				
EU872004.1	true	4771	5691	0.000000017475	3Seq	ref_AP011099	ref_AB562463
EU872003.1	true	4771	5691	0.000000002670	3Seq	ref_AP011099	ref_AB562463
EU872002.1	true	4771	5691	0.000000020636	3Seq	ref_AP011099	ref_AB562463
EU872001.1	true	4771	5691	0.000000020636	3Seq	ref_AP011099	ref_AB562463
EU872000.1	true	4771	5691	0.000000017475	3Seq	ref_AP011099	ref_AB562463
EU871999.1	true	4771	5691	0.000000000373	3Seq	ref_AP011099	ref_AB562463
EU871998.1	true	4807	5696	0.000000029078	3Seq	ref_AP011099	ref_KF873526
EU871997.1	true	4771	5691	0.000000010015	3Seq	ref_AP011099	ref_AB562463
EU871996.1	true	4771	5691	0.000000000373	3Seq	ref_AP011099	ref_AB562463
EU871995.1	true	4771	5691	0.000000000450	3Seq	ref_AP011099	ref_AB562463
EU871994.1	true	1533	3805	0.000000000276	3Seq	ref_AB562463	ref_GQ161817
EU871993.1	true	4771	5691	0.000000000373	3Seq	ref_AP011099	ref_AB562463
EU871992.1	true	4771	5691	0.000000000373	3Seq	ref_AP011099	ref_AB562463
EU871991.1	true	4771	5691	0.000000000373	3Seq	ref_AP011099	ref_AB562463
EU871990.1	true	4771	5691	0.000000000196	3Seq	ref_AP011099	ref_AB562463
EU871989.1	true	4771	5691	0.000000000705	3Seq	ref_AP011099	ref_AB562463
EU871988.1	true	4771	5691	0.000000000196	3Seq	ref_AP011099	ref_AB562463
EU871987.1	true	4771	5691	0.000000000196	3Seq	ref_AP011099	ref_AB562463
EU871986.1	true	4771	5691	0.000000000373	3Seq	ref_AP011099	ref_AB562463
EU871985.1	true	4771	5691	0.000000000373	3Seq	ref_AP011099	ref_AB562463
EU871984.1	true	4771	5691	0.000000000373	3Seq	ref_AP011099	ref_AB562463
EU871983.1	true	4771	5691	0.000000000373	3Seq	ref_AP011099	ref_AB562463
EU871982.1	false	0	0				
EU871981.1	true	4771	5691	0.000000000373	3Seq	ref_AP011099	ref_AB562463
EU871980.1	true	4807	5696	0.000000029078	3Seq	ref_AP011099	ref_KF873526
EU871979.1	true	4807	5696	0.000000010634	3Seq	ref_AP011099	ref_KF873526
EU871978.1	true	4807	5696	0.000000006067	3Seq	ref_AP011099	ref_KF873526
EU871977.1	true	4118	4992	0.000000040025	3Seq	ref_KM606737	ref_AB486012
EU871976.1	true	4084	5063	0.000000030525	3Seq	ref_X02763	ref_AB486012
EU871975.1	false	0	0				
EU871974.1	true	4771	5691	0.000000013345	3Seq	ref_AP011099	ref_AB562463
EU871973.1	true	4807	5696	0.000000006724	3Seq	ref_AP011099	ref_KF873526
EU871972.1	false	0	0				
EU871971.1	false	0	0				
EU871970.1	false	0	0				
EU871969.1	true	4807	5696	0.000000005260	3Seq	ref_AP011099	ref_KF873526
EU796072.1	false	0	0				
EU796070.1	false	0	0				
EU796069.1	true	5211	5507	0.000000000000	3Seq	ref_AP011098	ref_GU815637
AB299858.1	true	4771	5691	0.000000004313	3Seq	ref_AP011099	ref_AB562463
PX585032.1	false	0	0				
PX585031.1	false	0	0				
PX585030.1	false	0	0				
PX585029.1	false	0	0				
PX585028.1	false	0	0				
PX585027.1	false	0	0				
PX585026.1	false	0	0				
PX585025.1	false	0	0				
PX585024.1	false	0	0				
PX585023.1	false	0	0				
PX585022.1	false	0	0				
PX585021.1	false	0	0				
PX585020.1	false	0	0				
PX585019.1	false	0	0				
PX585018.1	false	0	0				
PX585017.1	false	0	0				
PX585016.1	false	0	0				
PX585015.1	false	0	0				
PX585014.1	false	0	0				
PX585013.1	false	0	0				
PX585012.1	false	0	0				
PX585011.1	false	0	0				
PX585010.1	false	0	0				
PX585009.1	false	0	0				
PX585008.1	false	0	0				
PX585007.1	false	0	0				
PX585006.1	false	0	0				
PX585005.1	false	0	0				
PX585004.1	false	0	0				
PX585003.1	false	0	0				
PX585002.1	false	0	0				
PX585001.1	false	0	0				
PX585000.1	false	0	0				
PX584999.1	false	0	0				
PX584998.1	false	0	0				
PX584997.1	false	0	0				
PX584996.1	false	0	0				
PX584995.1	false	0	0				
PX584994.1	false	0	0				
PX584993.1	false	0	0				
PX584992.1	false	0	0				
PX584991.1	false	0	0				
PX584990.1	false	0	0				
PX584989.1	false	0	0				
PX584988.1	false	0	0				
PX584987.1	false	0	0				
PX584986.1	false	0	0				
PX584985.1	false	0	0				
PX584984.1	false	0	0				
PX584983.1	false	0	0				
PX584982.1	false	0	0				
PX584981.1	false	0	0				
PX584980.1	false	0	0				
PX584979.1	false	0	0				
PX584978.1	false	0	0				
PX584977.1	false	0	0				
PX584976.1	false	0	0				
PX584975.1	false	0	0				
PX584974.1	false	0	0				
PX584973.1	false	0	0				
PX584972.1	false	0	0				
PX584971.1	false	0	0				
PX584910.1	false	0	0				
PX584909.1	false	0	0				
PX584908.1	false	0	0				
PX584907.1	false	0	0				
PX584906.1	false	0	0				
PX584905.1	false	0	0				
PX584904.1	false	0	0				
PX584903.1	false	0	0				
PX584902.1	false	0	0				
PX584901.1	false	0	0				
PX584900.1	false	0	0				
PX584899.1	false	0	0				
PX584898.1	false	0	0				
PX584897.1	false	0	0				
PX584896.1	false	0	0				
PX584895.1	false	0	0				
PX584894.1	false	0	0				
PX584893.1	false	0	0				
PX584892.1	false	0	0				
PX584891.1	false	0	0				
PX584890.1	false	0	0				
PX584889.1	false	0	0				
PX584888.1	false	0	0				
PX584887.1	false	0	0				
PX584886.1	false	0	0				
PX584885.1	false	0	0				
PX584884.1	false	0	0				
PX584883.1	false	0	0				
PX584882.1	false	0	0				
PX584881.1	false	0	0				
PX584880.1	false	0	0				
PX584879.1	false	0	0				
PX584878.1	false	0	0				
PX584877.1	false	0	0				
PX584876.1	false	0	0				
PX584875.1	false	0	0				
PX584874.1	false	0	0				
PX584873.1	false	0	0				
PX584872.1	false	0	0				
PX584871.1	false	0	0				
PX584870.1	false	0	0				
PX584869.1	false	0	0				
PX584868.1	false	0	0				
PX584867.1	false	0	0				
PX584866.1	false	0	0				
PX584865.1	false	0	0				
PX584864.1	false	0	0				
PX584863.1	false	0	0				
PX584862.1	false	0	0				
PX584861.1	false	0	0				
PX584860.1	false	0	0				
PX584859.1	false	0	0				
PX584858.1	false	0	0				
PX584857.1	false	0	0				
PX584856.1	false	0	0				
PX584855.1	false	0	0				
PX584854.1	false	0	0				
PX584853.1	false	0	0				
PX584852.1	false	0	0				
PX584851.1	false	0	0				
PX584850.1	false	0	0				
PX584849.1	false	0	0				
PX584848.1	false	0	0				
PX584847.1	false	0	0				
PX584846.1	false	0	0				
PX584845.1	false	0	0				
PX584844.1	false	0	0				
PX584843.1	false	0	0				
PX584842.1	false	0	0				
PX584841.1	false	0	0				
PX584840.1	false	0	0				
PX584839.1	false	0	0				
PX584838.1	false	0	0				
PX584837.1	false	0	0				
PX584836.1	false	0	0				
PX584835.1	false	0	0				
PX584834.1	false	0	0				
PX584833.1	false	0	0				
PX584832.1	false	0	0				
PX584831.1	false	0	0				
PX584829.1	false	0	0				
PX584828.1	false	0	0				
PX584827.1	false	0	0				
PX584826.1	false	0	0				
PX584825.1	false	0	0				
PX584824.1	false	0	0				
PX584823.1	false	0	0				
PX584822.1	false	0	0				
PX584821.1	false	0	0				
PX584820.1	false	0	0				
PX584819.1	false	0	0				
PX584818.1	false	0	0				
PX584817.1	false	0	0				
PX584816.1	false	0	0				
PX584815.1	false	0	0				
PX584814.1	false	0	0				
PX584813.1	false	0	0				
PX584812.1	false	0	0				
PX584811.1	false	0	0				
PX584810.1	false	0	0				
PX584809.1	false	0	0				
PX584808.1	false	0	0				
PX584807.1	false	0	0				
PX584806.1	false	0	0				
PX584805.1	false	0	0				
PX584804.1	false	0	0				
PX584803.1	false	0	0				
PX584802.1	false	0	0				
PX584801.1	false	0	0				
PX584800.1	false	0	0				
PX584799.1	false	0	0				
PX584798.1	false	0	0				
PX584797.1	false	0	0				
PX584796.1	false	0	0				
PX584795.1	false	0	0				
PX584794.1	false	0	0				
PX584793.1	false	0	0				
PX584792.1	false	0	0				
PX584791.1	false	0	0				
PX584790.1	false	0	0				
PX584789.1	false	0	0				
PX584788.1	false	0	0				
PX584787.1	false	0	0				
PX584786.1	false	0	0				
PV526236.1	true	3752	4309	0.000000000000	3Seq	ref_D23679	ref_KC774182
PV526235.1	true	3977	4309	0.000000000000	3Seq	ref_D23679	ref_KC774182
PV526234.1	true	3752	4309	0.000000000000	3Seq	ref_D23679	ref_KC774182
PV526233.1	true	3752	4309	0.000000000000	3Seq	ref_D23679	ref_KC774182
PV526232.1	true	3752	4309	0.000000000000	3Seq	ref_D23679	ref_KC774182
PV526231.1	true	3752	4309	0.000000000000	3Seq	ref_D23679	ref_KC774182
PV526230.1	true	3752	4309	0.000000000000	3Seq	ref_D23679	ref_KC774182
PV526229.1	true	3752	4309	0.000000000000	3Seq	ref_D23679	ref_KC774182
PV526228.1	true	3752	4309	0.000000000000	3Seq	ref_D23679	ref_KC774182
PV526227.1	true	3752	4309	0.000000000000	3Seq	ref_D23679	ref_KC774182
PV526226.1	true	3752	4309	0.000000000000	3Seq	ref_D23679	ref_KC774182
PV526225.1	true	3752	4344	0.000000000000	3Seq	ref_D23679	ref_KC774182
PV526224.1	true	3752	4309	0.000000000000	3Seq	ref_D23679	ref_KC774182
PV526223.1	true	3752	4309	0.000000000000	3Seq	ref_D23679	ref_KC774182
PV526222.1	true	3752	4309	0.000000000000	3Seq	ref_D23679	ref_KC774182
PV526221.1	true	3752	4309	0.000000000000	3Seq	ref_D23679	ref_KC774182
PV526220.1	true	3752	4309	0.000000000000	3Seq	ref_D23679	ref_KC774182
PV526219.1	true	3752	4309	0.000000000000	3Seq	ref_D23679	ref_KC774182
PV526218.1	true	3752	4309	0.000000000000	3Seq	ref_D23679	ref_KC774182
PV526217.1	true	3752	4309	0.000000000000	3Seq	ref_D23679	ref_KC774182
PV526216.1	true	3752	4309	0.000000000000	3Seq	ref_D23679	ref_KC774182
PV526215.1	true	3752	4309	0.000000000000	3Seq	ref_D23679	ref_KC774182
PV526214.1	true	3752	4309	0.000000000000	3Seq	ref_D23679	ref_KC774182
PV526213.1	true	3977	4330	0.000000000000	3Seq	ref_D23679	ref_AP011098
PV526212.1	true	3977	4313	0.000000000000	3Seq	ref_D23679	ref_AP011099
PV526211.1	true	3977	4297	0.000000000000	3Seq	ref_D23679	ref_AP011099
PV526210.1	true	3977	4297	0.000000000000	3Seq	ref_D23679	ref_AP011099
PV526209.1	true	3630	4330	0.000000000000	3Seq	ref_D23679	ref_AP011098
PV526208.1	true	3977	4297	0.000000000000	3Seq	ref_D23679	ref_AP011099
PV526207.1	true	3630	4330	0.000000000000	3Seq	ref_D23679	ref_AP011098
PV526206.1	true	3630	4330	0.000000000000	3Seq	ref_D23679	ref_AP011098
PV526205.1	true	3630	4330	0.000000000000	3Seq	ref_D23679	ref_AP011098
PV526204.1	true	3630	4330	0.000000000000	3Seq	ref_D23679	ref_AP011098
PV526203.1	true	3630	4330	0.000000000000	3Seq	ref_D23679	ref_AP011098
PV526202.1	true	3630	4330	0.000000000000	3Seq	ref_D23679	ref_AP011098
PV526201.1	true	3630	4330	0.000000000000	3Seq	ref_D23679	ref_AP011098
PV526200.1	true	3630	4330	0.000000000000	3Seq	ref_D23679	ref_AP011098
PV526199.1	true	3630	4330	0.000000000000	3Seq	ref_D23679	ref_AP011098
PV526198.1	true	3977	4330	0.000000000000	3Seq	ref_D23679	ref_AP011098
PV526197.1	true	3630	4330	0.000000000000	3Seq	ref_D23679	ref_AP011098
PV526062.1	true	3977	4673	0.000000000000	3Seq	ref_D23679	ref_AP011098
PV526061.1	true	3977	4686	0.000000000000	3Seq	ref_D23679	ref_AP011098
PV526060.1	true	3977	4673	0.000000000000	3Seq	ref_D23679	ref_AP011098
PV526059.1	true	3977	4673	0.000000000000	3Seq	ref_D23679	ref_AP011098
PV526058.1	true	3977	4673	0.000000000000	3Seq	ref_D23679	ref_AP011098
PV526057.1	true	3977	4673	0.000000000000	3Seq	ref_D23679	ref_AP011098
PV526056.1	true	3977	4673	0.000000000000	3Seq	ref_D23679	ref_AP011098
PV526054.1	true	3977	4673	0.000000000000	3Seq	ref_D23679	ref_AP011098
PV526053.1	true	3977	4673	0.000000000000	3Seq	ref_D23679	ref_AP011098
PV526052.1	true	3977	4673	0.000000000000	3Seq	ref_D23679	ref_AP011098
PV526051.1	true	3977	4673	0.000000000000	3Seq	ref_D23679	ref_AP011098
PX440335.1	true	3630	4673	0.000000000000	3Seq	ref_D23679	ref_AP011098
PX440333.1	true	3977	4330	0.000000000000	3Seq	ref_D23679	ref_AP011098
PX440332.1	true	3977	4330	0.000000000000	3Seq	ref_D23679	ref_AP011098
PX440331.1	true	3977	4673	0.000000000000	3Seq	ref_D23679	ref_AP011098
PX440330.1	true	3777	4383	0.000000000000	3Seq	ref_D23679	ref_AP011098
PX440329.1	true	3630	4673	0.000000000000	3Seq	ref_D23679	ref_AP011098
PX440328.1	true	3859	4673	0.000000000000	3Seq	ref_D23679	ref_AP011098
PX440327.1	true	3630	4330	0.000000000000	3Seq	ref_D23679	ref_AP011098
PX440326.1	true	3977	4330	0.000000000000	3Seq	ref_D23679	ref_AP011098
PX440324.1	true	3977	4673	0.000000000000	3Seq	ref_D23679	ref_AP011098
PX440323.1	true	3977	4673	0.000000000000	3Seq	ref_D23679	ref_AP011098
PX440322.1	true	3987	4686	0.000000000000	3Seq	ref_D23679	ref_AP011098
PX440321.1	true	3977	4330	0.000000000000	3Seq	ref_D23679	ref_AP011098
PX440320.1	true	3977	4330	0.000000000000	3Seq	ref_D23679	ref_AP011098
PX440319.1	true	3630	4673	0.000000000000	3Seq	ref_D23679	ref_AP011098
PX440318.1	true	3977	4330	0.000000000000	3Seq	ref_D23679	ref_AP011098
PX440317.1	true	3630	4673	0.000000000000	3Seq	ref_D23679	ref_AP011098
PX440316.1	true	3977	4673	0.000000000000	3Seq	ref_D23679	ref_AP011098
PX440315.1	true	3977	4673	0.000000000000	3Seq	ref_D23679	ref_AP011098
PX440314.1	true	3977	4330	0.000000000000	3Seq	ref_D23679	ref_AP011098
PX440313.1	true	3977	4330	0.000000000000	3Seq	ref_D23679	ref_AP011098
PX440312.1	true	3977	4522	0.000000000000	3Seq	ref_D23679	ref_AP011098
PX440311.1	true	3977	4330	0.000000000000	3Seq	ref_D23679	ref_AP011098
PX440309.1	true	3630	4673	0.000000000000	3Seq	ref_D23679	ref_AP011098
PX440308.1	true	3977	4673	0.000000000000	3Seq	ref_D23679	ref_AP011098
PX440307.1	true	3977	4673	0.000000000000	3Seq	ref_D23679	ref_AP011098
PX440306.1	true	3977	4383	0.000000000000	3Seq	ref_D23679	ref_AP011098
PX440304.1	true	3977	4330	0.000000000000	3Seq	ref_D23679	ref_AP011098
PX440303.1	true	3977	4673	0.000000000000	3Seq	ref_D23679	ref_AP011098
PX440302.1	true	3977	4330	0.000000000000	3Seq	ref_D23679	ref_AP011098
PX440301.1	true	3977	4330	0.000000000000	3Seq	ref_D23679	ref_AP011098
PX440300.1	true	3977	4673	0.000000000000	3Seq	ref_D23679	ref_AP011098
PX277303.1	true	3630	4603	0.000000000000	3Seq	ref_D23679	ref_AP011098
PQ559287.1	true	3630	4603	0.000000000000	3Seq	ref_D23679	ref_AP011098
PQ559286.1	true	3800	4686	0.000000000000	3Seq	ref_D23679	ref_AP011098
PQ559285.1	true	3630	4603	0.000000000000	3Seq	ref_D23679	ref_AP011098
PQ559284.1	true	3718	4686	0.000000000000	3Seq	ref_D23679	ref_AP011098
PQ559283.1	true	3977	4686	0.000000000000	3Seq	ref_D23679	ref_AP011098
PQ559282.1	true	3630	4603	0.000000000000	3Seq	ref_D23679	ref_AP011098
PQ559281.1	true	3630	4603	0.000000000000	3Seq	ref_D23679	ref_AP011098
PQ559276.1	true	3630	4603	0.000000000000	3Seq	ref_D23679	ref_AP011098
PQ493594.1	true	3834	4297	0.000000000000	3Seq	ref_AB287314	ref_AP011099
LC882181.1	true	4105	4303	0.000000000020	3Seq	ref_JQ801514	ref_KP168423
LC882180.1	true	3973	4294	0.000000000000	3Seq	ref_GU815637	ref_FJ692601
LC882179.1	true	4057	4303	0.000000000613	3Seq	ref_JQ801514	ref_KM606737
LC851451.1	true	3630	4673	0.000000000000	3Seq	ref_D23679	ref_AP011098
LC851450.1	true	4048	4309	0.000000001044	3Seq	ref_GU815637	ref_GQ331046
LC851449.1	true	3831	4311	0.000000000000	3Seq	ref_D23679	ref_KC774182
LC851448.1	true	3973	4303	0.000000000140	3Seq	ref_GU815637	ref_FJ692601
LC851447.1	true	3945	4303	0.000000000038	3Seq	ref_AB073835	ref_FJ692601
LC851446.1	true	4052	4301	0.000000000790	3Seq	ref_GU815637	ref_FJ692557
LC851445.1	true	4105	4291	0.000000000036	3Seq	ref_JQ801514	ref_KP168423
LC851444.1	true	3977	4603	0.000000000000	3Seq	ref_D23679	ref_AP011098
LC851443.1	true	4043	4303	0.000000002138	3Seq	ref_GU815637	ref_FJ692601
PX116491.1	true	3123	4223	0.000000004587	3Seq	ref_FJ904435	ref_GQ161817
PX116404.1	true	2580	4254	0.000000023125	3Seq	ref_AB056513	ref_X02763
PX068105.1	true	3998	4185	0.000000013628	3Seq	ref_FJ904435	ref_KP168423
PQ046060.1	true	3630	4673	0.000000000000	3Seq	ref_D23679	ref_AP011098
PQ046059.1	true	3630	4673	0.000000000000	3Seq	ref_D23679	ref_AP011098
PQ046058.1	true	3630	4673	0.000000000000	3Seq	ref_D23679	ref_AP011098
PV797342.1	true	3630	4603	0.000000000000	3Seq	ref_D23679	ref_AP011098
PV797337.1	true	3630	4673	0.000000000000	3Seq	ref_D23679	ref_AP011098
PQ336013.1	false	0	0				
PQ336012.1	false	0	0				
PQ336011.1	false	0	0				
PQ336010.1	false	0	0				
PQ336009.1	false	0	0				
PQ336008.1	false	0	0				
PQ336007.1	false	0	0				
PQ336006.1	false	0	0				
PQ336005.1	false	0	0				
PQ336004.1	false	0	0				
PQ336003.1	false	0	0				
PQ336002.1	false	0	0				
PQ336001.1	false	0	0				
PQ336000.1	false	0	0				
PQ335999.1	false	0	0				
PQ335998.1	false	0	0				
PQ335997.1	false	0	0				
PQ335996.1	false	0	0				
PQ335995.1	false	0	0				
PQ335994.1	false	0	0				
PQ335993.1	false	0	0				
PQ335992.1	false	0	0				
PQ335991.1	false	0	0				
PQ335990.1	false	0	0				
PQ335989.1	false	0	0				
PQ335988.1	false	0	0				
PQ335987.1	false	0	0				
PQ335986.1	false	0	0				
PQ335985.1	false	0	0				
PQ335984.1	false	0	0				
PQ335983.1	false	0	0				
PQ335982.1	false	0	0				
PQ335981.1	false	0	0				
PQ335980.1	false	0	0				
PQ335979.1	false	0	0				
PQ335978.1	false	0	0				
PQ335977.1	false	0	0				
PQ335976.1	false	0	0				
PQ335975.1	false	0	0				
PQ335974.1	false	0	0				
PQ335973.1	false	0	0				
PQ335972.1	false	0	0				
PQ335971.1	false	0	0				
PQ335970.1	false	0	0				
PQ335969.1	false	0	0				
PQ335968.1	false	0	0				
PQ335967.1	false	0	0				
PQ335966.1	false	0	0				
PQ335965.1	false	0	0				
PQ335964.1	false	0	0				
PQ335963.1	false	0	0				
PQ335962.1	false	0	0				
PQ335961.1	false	0	0				
PQ335960.1	false	0	0				
PQ335959.1	false	0	0				
PQ335958.1	false	0	0				
PQ335957.1	false	0	0				
PQ335956.1	false	0	0				
PQ335955.1	false	0	0				
PQ335954.1	false	0	0				
PQ335953.1	false	0	0				
PQ335952.1	false	0	0				
PQ335951.1	false	0	0				
PQ335950.1	false	0	0				
PQ335949.1	false	0	0				
PQ335948.1	false	0	0				
PQ335947.1	false	0	0				
PQ335946.1	false	0	0				
PQ335945.1	false	0	0				
PQ335944.1	false	0	0				
PQ335943.1	false	0	0				
PQ335942.1	false	0	0				
PQ335941.1	false	0	0				
PQ335940.1	false	0	0				
PQ335939.1	false	0	0				
PQ335938.1	false	0	0				
PQ335937.1	false	0	0				
PQ335936.1	false	0	0				
PQ335935.1	false	0	0				
PQ335934.1	false	0	0				
PQ335933.1	false	0	0				
PQ335932.1	false	0	0				
PQ335931.1	false	0	0				
PQ335930.1	false	0	0				
PQ335929.1	false	0	0				
PQ335928.1	false	0	0				
PQ335927.1	false	0	0				
PQ335926.1	false	0	0				
PQ335925.1	false	0	0				
PQ335924.1	false	0	0				
PQ335923.1	false	0	0				
PQ335922.1	false	0	0				
PQ335921.1	false	0	0				
PQ335920.1	false	0	0				
PQ335919.1	false	0	0				
PQ335918.1	false	0	0				
PQ335917.1	false	0	0				
PQ335916.1	false	0	0				
PQ335915.1	false	0	0				
PQ335914.1	false	0	0				
PQ335913.1	false	0	0				
PQ335912.1	false	0	0				
PQ335911.1	false	0	0				
PQ335910.1	false	0	0				
PQ335909.1	false	0	0				
PQ335908.1	false	0	0				
PQ335907.1	false	0	0				
PQ335906.1	false	0	0				
PQ335905.1	false	0	0				
PQ335904.1	false	0	0				
PQ335903.1	false	0	0				
PQ335902.1	false	0	0				
PQ335901.1	false	0	0				
PQ335900.1	false	0	0				
PQ335899.1	false	0	0				
PQ335898.1	false	0	0				
PQ335897.1	false	0	0				
PQ335896.1	false	0	0				
PQ335895.1	false	0	0				
PQ335894.1	false	0	0				
PQ335893.1	false	0	0				
PQ335892.1	false	0	0				
PQ335891.1	false	0	0				
PQ335890.1	false	0	0				
PQ335889.1	false	0	0				
PQ335888.1	false	0	0				
PQ335887.1	false	0	0				
PQ335886.1	false	0	0				
PQ335885.1	false	0	0				
PQ335884.1	false	0	0				
PQ335883.1	false	0	0				
PQ335882.1	false	0	0				
PQ335881.1	false	0	0				
PQ335880.1	false	0	0				
PQ335879.1	false	0	0				
PQ335878.1	false	0	0				
PQ335877.1	false	0	0				
PQ335876.1	false	0	0				
PQ335875.1	false	0	0				
PQ335874.1	false	0	0				
PQ335873.1	false	0	0				
PQ335872.1	false	0	0				
PQ335871.1	false	0	0				
PQ335870.1	false	0	0				
PQ335869.1	false	0	0				
PQ335868.1	false	0	0				
PQ335867.1	false	0	0				
PQ335866.1	false	0	0				
PQ335865.1	false	0	0				
PQ335864.1	false	0	0				
PQ335863.1	false	0	0				
PQ335862.1	false	0	0				
PQ335861.1	false	0	0				
PQ335860.1	false	0	0				
PQ335859.1	false	0	0				
PQ335858.1	false	0	0				
PQ335857.1	false	0	0				
PQ335856.1	false	0	0				
PQ335855.1	false	0	0				
PQ335854.1	false	0	0				
PQ335853.1	false	0	0				
PQ335852.1	false	0	0				
PQ335851.1	false	0	0				
PQ335850.1	false	0	0				
PQ335849.1	false	0	0				
PQ335848.1	false	0	0				
PQ335847.1	false	0	0				
PQ335846.1	false	0	0				
PQ335845.1	false	0	0				
PQ335844.1	false	0	0				
PQ335843.1	false	0	0				
PQ335842.1	false	0	0				
PQ335841.1	false	0	0				
PQ335840.1	false	0	0				
PQ335839.1	false	0	0				
PQ335838.1	false	0	0				
PQ335837.1	false	0	0				
PQ335836.1	false	0	0				
PQ335835.1	false	0	0				
PQ335834.1	false	0	0				
PQ335833.1	false	0	0				
PQ335598.1	false	0	0				
PQ335584.1	false	0	0				
PQ335576.1	false	0	0				
PQ335574.1	false	0	0				
OR936049.1	true	3630	4673	0.000000000000	3Seq	ref_D23679	ref_AP011098
OR936048.1	true	3630	4673	0.000000000000	3Seq	ref_D23679	ref_AP011098
OR936047.1	true	3630	4673	0.000000000000	3Seq	ref_D23679	ref_AP011098
OR936046.1	true	3630	4673	0.000000000000	3Seq	ref_D23679	ref_AP011098
OR936045.1	true	3630	4673	0.000000000000	3Seq	ref_D23679	ref_AP011098
OR936044.1	true	3630	4673	0.000000000000	3Seq	ref_D23679	ref_AP011098
OR936043.1	true	3630	4673	0.000000000000	3Seq	ref_D23679	ref_AP011098
OR936042.1	true	3630	4673	0.000000000000	3Seq	ref_D23679	ref_AP011098
OR936041.1	true	3630	4673	0.000000000000	3Seq	ref_D23679	ref_AP011098
OR936039.1	true	3630	4673	0.000000000000	3Seq	ref_D23679	ref_AP011098
OR936038.1	true	3630	4673	0.000000000000	3Seq	ref_D23679	ref_AP011098
PQ335832.1	false	0	0				
PQ335831.1	false	0	0				
PQ335830.1	false	0	0				
PQ335829.1	false	0	0				
PQ335828.1	false	0	0				
PQ335827.1	false	0	0				
PQ335826.1	false	0	0				
PQ335825.1	false	0	0				
PQ335824.1	false	0	0				
PQ335823.1	false	0	0				
PQ335822.1	false	0	0				
PQ335821.1	false	0	0				
PQ335820.1	false	0	0				
PQ335819.1	false	0	0				
PQ335818.1	false	0	0				
PQ335817.1	false	0	0				
PQ335816.1	false	0	0				
PQ335815.1	false	0	0				
PQ335814.1	false	0	0				
PQ335813.1	false	0	0				
PQ335812.1	false	0	0				
PQ335811.1	false	0	0				
PQ335810.1	false	0	0				
PQ335809.1	false	0	0				
PQ335808.1	false	0	0				
PQ335807.1	false	0	0				
PQ335806.1	false	0	0				
PQ335805.1	false	0	0				
PQ335804.1	false	0	0				
PQ335803.1	false	0	0				
PQ335802.1	false	0	0				
PQ335801.1	false	0	0				
PQ335800.1	false	0	0				
PQ335799.1	false	0	0				
PQ335798.1	false	0	0				
PQ335797.1	false	0	0				
PQ335796.1	false	0	0				
PQ335795.1	false	0	0				
PQ335794.1	false	0	0				
PQ335793.1	false	0	0				
PQ335792.1	false	0	0				
PQ335791.1	false	0	0				
PQ335790.1	false	0	0				
PQ335789.1	false	0	0				
PQ335788.1	false	0	0				
PQ335787.1	false	0	0				
PQ335786.1	false	0	0				
PQ335785.1	false	0	0				
PQ335784.1	false	0	0				
PQ335783.1	false	0	0				
PQ335782.1	false	0	0				
PQ335781.1	false	0	0				
PQ335780.1	false	0	0				
PQ335779.1	false	0	0				
PQ335778.1	false	0	0				
PQ335777.1	false	0	0				
PQ335776.1	false	0	0				
PQ335775.1	false	0	0				
PQ335774.1	false	0	0				
PQ335773.1	false	0	0				
PQ335772.1	false	0	0				
PQ335771.1	false	0	0				
PQ335770.1	false	0	0				
PQ335769.1	false	0	0				
PQ335768.1	false	0	0				
PQ335767.1	false	0	0				
PQ335766.1	false	0	0				
PQ335765.1	false	0	0				
PQ335764.1	false	0	0				
PQ335763.1	false	0	0				
PQ335762.1	false	0	0				
PQ335761.1	false	0	0				
PQ335760.1	false	0	0				
PQ335759.1	false	0	0				
PQ335758.1	false	0	0				
PQ335757.1	false	0	0				
PQ335756.1	false	0	0				
PQ335755.1	false	0	0				
PQ335754.1	false	0	0				
PQ335753.1	false	0	0				
PQ335752.1	false	0	0				
PQ335751.1	false	0	0				
PQ335750.1	false	0	0				
PQ335749.1	false	0	0				
PQ335748.1	false	0	0				
PQ335747.1	false	0	0				
PQ335746.1	false	0	0				
PQ335744.1	false	0	0				
PQ335743.1	false	0	0				
PQ335742.1	false	0	0				
PQ335741.1	false	0	0				
PQ335740.1	false	0	0				
PQ335739.1	false	0	0				
PQ335738.1	false	0	0				
PQ335737.1	false	0	0				
PQ335736.1	false	0	0				
PQ335735.1	false	0	0				
PQ335734.1	false	0	0				
PQ335733.1	false	0	0				
PQ335732.1	false	0	0				
PQ335731.1	false	0	0				
PQ335730.1	false	0	0				
PQ335729.1	false	0	0				
PQ335728.1	false	0	0				
PQ335727.1	false	0	0				
PQ335726.1	false	0	0				
PQ335725.1	false	0	0				
PQ335724.1	false	0	0				
PQ335652.1	false	0	0				
PQ335651.1	false	0	0				
PQ335650.1	false	0	0				
PQ335649.1	false	0	0				
PQ335648.1	false	0	0				
PQ335647.1	false	0	0				
PQ335646.1	false	0	0				
PQ335645.1	false	0	0				
PQ335644.1	false	0	0				
PQ335643.1	false	0	0				
PQ335642.1	false	0	0				
PQ335641.1	false	0	0				
PQ335640.1	false	0	0				
PQ335639.1	false	0	0				
PQ335638.1	false	0	0				
PQ335637.1	false	0	0				
PQ335636.1	false	0	0				
PQ335635.1	false	0	0				
PQ335634.1	false	0	0				
PQ335633.1	false	0	0				
PQ335632.1	false	0	0				
PQ335631.1	false	0	0				
PQ335630.1	false	0	0				
PQ335629.1	false	0	0				
PQ335628.1	false	0	0				
PQ335627.1	false	0	0				
PQ335626.1	false	0	0				
PQ335625.1	false	0	0				
PQ335624.1	false	0	0				
PQ335623.1	false	0	0				
PQ335622.1	false	0	0				
PQ335621.1	false	0	0				
PQ335620.1	false	0	0				
PQ335619.1	false	0	0				
PQ335618.1	false	0	0				
PQ335617.1	false	0	0				
PQ335616.1	false	0	0				
PQ335615.1	false	0	0				
PQ335614.1	false	0	0				
PQ335613.1	false	0	0				
PQ335612.1	false	0	0				
PQ335611.1	false	0	0				
PQ335610.1	false	0	0				
PQ335609.1	false	0	0				
PQ335608.1	false	0	0				
PQ335607.1	false	0	0				
PQ335606.1	false	0	0				
PQ335605.1	false	0	0				
PQ335604.1	false	0	0				
PQ335603.1	false	0	0				
PQ335602.1	false	0	0				
PQ335601.1	false	0	0				
PQ335600.1	false	0	0				
PQ335599.1	false	0	0				
PQ335597.1	false	0	0				
PQ335595.1	false	0	0				
PQ335594.1	false	0	0				
PQ335593.1	false	0	0				
PQ335592.1	false	0	0				
PQ335591.1	false	0	0				
PQ335590.1	false	0	0				
PQ335589.1	false	0	0				
PQ335588.1	false	0	0				
PQ335587.1	false	0	0				
PQ335586.1	false	0	0				
PQ335585.1	false	0	0				
PQ335583.1	false	0	0				
PQ335582.1	false	0	0				
PQ335581.1	false	0	0				
PQ335580.1	false	0	0				
PQ335579.1	false	0	0				
PQ335578.1	false	0	0				
PQ335577.1	false	0	0				
PQ335575.1	false	0	0				
PQ335573.1	false	0	0				
PQ335572.1	false	0	0				
PQ335571.1	false	0	0				
PQ335570.1	false	0	0				
PQ335569.1	false	0	0				
PQ335568.1	false	0	0				
PQ335567.1	false	0	0				
PQ335566.1	false	0	0				
PQ335565.1	false	0	0				
PQ335564.1	false	0	0				
PQ335563.1	false	0	0				
PQ335562.1	false	0	0				
PQ335561.1	false	0	0				
PQ335560.1	false	0	0				
PQ335559.1	false	0	0				
PQ335558.1	false	0	0				
PQ335557.1	false	0	0				
PQ335556.1	false	0	0				
PQ335555.1	false	0	0				
PQ335554.1	false	0	0				
PQ335553.1	false	0	0				
PQ335552.1	false	0	0				
PQ335551.1	false	0	0				
PQ335550.1	false	0	0				
PQ335549.1	false	0	0				
PQ335548.1	false	0	0				
PQ335547.1	false	0	0				
PQ335546.1	false	0	0				
PQ335545.1	false	0	0				
PQ335544.1	false	0	0				
PQ335543.1	false	0	0				
PQ335542.1	false	0	0				
PQ335541.1	false	0	0				
PQ335540.1	false	0	0				
PQ335539.1	false	0	0				
PQ335538.1	false	0	0				
PQ335537.1	false	0	0				
PQ335536.1	false	0	0				
PQ335535.1	false	0	0				
PQ335534.1	false	0	0				
PQ335533.1	false	0	0				
PQ335532.1	false	0	0				
PQ335531.1	false	0	0				
PQ335530.1	false	0	0				
PQ335529.1	false	0	0				
PQ335528.1	false	0	0				
PQ335527.1	false	0	0				
PQ335526.1	false	0	0				
PQ335525.1	false	0	0				
PQ335524.1	false	0	0				
PQ335523.1	false	0	0				
PQ335522.1	false	0	0				
PQ335521.1	false	0	0				
PQ335520.1	false	0	0				
PQ335519.1	false	0	0				
PQ335518.1	false	0	0				
PQ335517.1	false	0	0				
PQ335516.1	false	0	0				
PQ335515.1	false	0	0				
PQ335514.1	false	0	0				
PQ335513.1	false	0	0				
PQ335512.1	false	0	0				
PQ335511.1	false	0	0				
PQ335510.1	false	0	0				
PQ335509.1	false	0	0				
PQ335508.1	false	0	0				
PQ335507.1	false	0	0				
PQ335506.1	false	0	0				
PQ335505.1	false	0	0				
PQ335504.1	false	0	0				
PQ335503.1	false	0	0				
PQ335502.1	false	0	0				
PQ335501.1	false	0	0				
PQ335500.1	false	0	0				
PQ335499.1	false	0	0				
PQ335498.1	false	0	0				
PQ335497.1	false	0	0				
PQ335496.1	false	0	0				
PQ335495.1	false	0	0				
PQ335494.1	false	0	0				
PQ335493.1	false	0	0				
PQ335492.1	false	0	0				
PQ335491.1	false	0	0				
PQ335490.1	false	0	0				
PQ335489.1	false	0	0				
PQ335488.1	false	0	0				
PQ335487.1	false	0	0				
PQ335486.1	false	0	0				
PQ335485.1	false	0	0				
PQ335484.1	false	0	0				
PQ335483.1	false	0	0				
PQ335482.1	false	0	0				
PQ335481.1	false	0	0				
PQ335480.1	false	0	0				
PQ335479.1	false	0	0				
PQ335478.1	false	0	0				
PQ335477.1	false	0	0				
PQ335476.1	false	0	0				
PQ335475.1	false	0	0				
PQ335474.1	false	0	0				
PQ335473.1	false	0	0				
PQ335472.1	false	0	0				
PQ335471.1	false	0	0				
PQ335470.1	false	0	0				
PQ335469.1	false	0	0				
PQ335468.1	false	0	0				
PQ335467.1	false	0	0				
PQ335466.1	false	0	0				
PQ335465.1	false	0	0				
PQ335464.1	false	0	0				
PQ335463.1	false	0	0				
PQ335462.1	false	0	0				
PQ335461.1	false	0	0				
PQ335460.1	false	0	0				
PQ335459.1	false	0	0				
PQ335458.1	false	0	0				
PQ335457.1	false	0	0				
PQ335456.1	false	0	0				
PQ335455.1	false	0	0				
PQ335454.1	false	0	0				
PQ335453.1	false	0	0				
PQ335452.1	false	0	0				
PQ335451.1	false	0	0				
PQ335450.1	false	0	0				
PQ335449.1	false	0	0				
PQ335417.1	true	1479	3630	0.000000022778	3Seq	ref_KJ173333	ref_D23679
PQ335416.1	true	1479	3630	0.000000022778	3Seq	ref_KJ173333	ref_D23679
PQ335415.1	true	1479	3630	0.000000022778	3Seq	ref_KJ173333	ref_D23679
PQ335414.1	true	1479	3630	0.000000022778	3Seq	ref_KJ173333	ref_D23679
PQ335413.1	true	1479	3630	0.000000022778	3Seq	ref_KJ173333	ref_D23679
PQ335412.1	true	1479	3630	0.000000022778	3Seq	ref_KJ173333	ref_D23679
PQ335411.1	true	1479	3630	0.000000024252	3Seq	ref_KJ173333	ref_D23679
PQ335410.1	true	1479	3630	0.000000022778	3Seq	ref_KJ173333	ref_D23679
PQ335409.1	true	1479	3630	0.000000022778	3Seq	ref_KJ173333	ref_D23679
PQ335408.1	true	1479	3630	0.000000022778	3Seq	ref_KJ173333	ref_D23679
PQ335407.1	true	1479	3630	0.000000022778	3Seq	ref_KJ173333	ref_D23679
PQ335406.1	true	1479	3630	0.000000022778	3Seq	ref_KJ173333	ref_D23679
PQ335405.1	true	1479	3630	0.000000042162	3Seq	ref_KJ173333	ref_D23679
PQ335404.1	true	1479	3630	0.000000022778	3Seq	ref_KJ173333	ref_D23679
PQ335403.1	true	1479	3630	0.000000022778	3Seq	ref_KJ173333	ref_D23679
PQ335402.1	true	1479	3630	0.000000022778	3Seq	ref_KJ173333	ref_D23679
PQ335401.1	true	1479	3630	0.000000022778	3Seq	ref_KJ173333	ref_D23679
PQ335400.1	true	1479	3630	0.000000022778	3Seq	ref_KJ173333	ref_D23679
PQ335399.1	true	1479	3630	0.000000022778	3Seq	ref_KJ173333	ref_D23679
PQ335398.1	true	1479	3630	0.000000024252	3Seq	ref_KJ173333	ref_D23679
PQ335397.1	true	1479	3630	0.000000022778	3Seq	ref_KJ173333	ref_D23679
PQ335396.1	true	1479	3630	0.000000022778	3Seq	ref_KJ173333	ref_D23679
PQ335395.1	true	1479	3630	0.000000022778	3Seq	ref_KJ173333	ref_D23679
PQ335394.1	false	0	0				
PQ335393.1	true	1479	3630	0.000000024252	3Seq	ref_KJ173333	ref_D23679
PQ335392.1	true	1479	3630	0.000000022778	3Seq	ref_KJ173333	ref_D23679
PQ335391.1	true	1479	3630	0.000000042162	3Seq	ref_KJ173333	ref_D23679
PQ335390.1	true	1479	3630	0.000000022778	3Seq	ref_KJ173333	ref_D23679
PQ335389.1	true	1479	3630	0.000000022778	3Seq	ref_KJ173333	ref_D23679
PQ335387.1	true	1479	3630	0.000000022778	3Seq	ref_KJ173333	ref_D23679
PQ335386.1	true	1479	3630	0.000000022778	3Seq	ref_KJ173333	ref_D23679
PQ335385.1	true	1479	3630	0.000000022778	3Seq	ref_KJ173333	ref_D23679
PQ335384.1	true	1479	3630	0.000000022778	3Seq	ref_KJ173333	ref_D23679
PQ335383.1	true	1479	3630	0.000000022778	3Seq	ref_KJ173333	ref_D23679
PQ335382.1	true	1479	3630	0.000000022778	3Seq	ref_KJ173333	ref_D23679
PQ335381.1	true	1479	3630	0.000000042162	3Seq	ref_KJ173333	ref_D23679
PQ335380.1	true	1479	3630	0.000000022778	3Seq	ref_KJ173333	ref_D23679
PQ335379.1	true	1479	3630	0.000000022778	3Seq	ref_KJ173333	ref_D23679
PQ335378.1	true	1479	3630	0.000000022778	3Seq	ref_KJ173333	ref_D23679
PQ335377.1	true	1479	3630	0.000000022778	3Seq	ref_KJ173333	ref_D23679
PQ335376.1	true	1479	3630	0.000000042162	3Seq	ref_KJ173333	ref_D23679
PQ335375.1	true	1479	3630	0.000000012609	3Seq	ref_KJ173333	ref_D23679
PQ335374.1	true	1479	3630	0.000000022778	3Seq	ref_KJ173333	ref_D23679
PQ335373.1	true	1479	3630	0.000000022778	3Seq	ref_KJ173333	ref_D23679
PQ335372.1	true	1479	3630	0.000000022778	3Seq	ref_KJ173333	ref_D23679
PQ335371.1	true	1479	3630	0.000000022778	3Seq	ref_KJ173333	ref_D23679
PQ335370.1	true	1479	3630	0.000000022778	3Seq	ref_KJ173333	ref_D23679
PQ335369.1	true	1479	3630	0.000000022778	3Seq	ref_KJ173333	ref_D23679
PQ335368.1	true	1479	3630	0.000000022778	3Seq	ref_KJ173333	ref_D23679
PQ335367.1	true	1479	3630	0.000000022778	3Seq	ref_KJ173333	ref_D23679
PQ335366.1	true	1479	3630	0.000000022778	3Seq	ref_KJ173333	ref_D23679
PQ335365.1	true	1479	3630	0.000000022778	3Seq	ref_KJ173333	ref_D23679
PQ335364.1	true	1479	3630	0.000000022778	3Seq	ref_KJ173333	ref_D23679
PQ335363.1	true	1479	3630	0.000000022778	3Seq	ref_KJ173333	ref_D23679
PQ335362.1	true	1479	3630	0.000000022778	3Seq	ref_KJ173333	ref_D23679
PQ335361.1	true	1479	3630	0.000000022778	3Seq	ref_KJ173333	ref_D23679
PQ335360.1	true	1479	3630	0.000000022778	3Seq	ref_KJ173333	ref_D23679
PQ335359.1	true	1479	3630	0.000000022778	3Seq	ref_KJ173333	ref_D23679
PQ335358.1	false	0	0				
PQ335357.1	false	0	0				
PQ335356.1	false	0	0				
PQ335355.1	false	0	0				
PQ335354.1	false	0	0				
PQ335353.1	false	0	0				
PQ335352.1	false	0	0				
PQ335351.1	false	0	0				
PQ335350.1	false	0	0				
PQ335349.1	false	0	0				
PQ335348.1	false	0	0				
PQ335347.1	false	0	0				
PQ335346.1	false	0	0				
PQ335345.1	false	0	0				
PQ335344.1	false	0	0				
PQ335343.1	false	0	0				
PQ335342.1	false	0	0				
PQ335341.1	false	0	0				
PQ335340.1	false	0	0				
PQ335339.1	false	0	0				
PQ335338.1	false	0	0				
PQ335337.1	false	0	0				
PQ335336.1	false	0	0				
PQ335335.1	false	0	0				
PQ335334.1	false	0	0				
PQ335333.1	false	0	0				
PQ335332.1	false	0	0				
PQ335331.1	false	0	0				
PQ335330.1	false	0	0				
PQ335329.1	false	0	0				
PQ335328.1	false	0	0				
PQ335327.1	false	0	0				
PQ335326.1	false	0	0				
PQ335325.1	false	0	0				
PQ335324.1	false	0	0				
PQ335323.1	false	0	0				
PQ335322.1	false	0	0				
PQ335321.1	false	0	0				
PQ335320.1	false	0	0				
PQ335319.1	false	0	0				
PQ335318.1	false	0	0				
PQ335317.1	false	0	0				
PQ335316.1	false	0	0				
PQ335315.1	false	0	0				
PQ335314.1	false	0	0				
PQ335313.1	false	0	0				
PQ335312.1	false	0	0				
PQ335311.1	false	0	0				
PQ335310.1	false	0	0				
PQ335309.1	false	0	0				
PQ335308.1	false	0	0				
PQ335307.1	false	0	0				
PQ335306.1	false	0	0				
PQ335305.1	false	0	0				
PQ335304.1	false	0	0				
PQ335303.1	false	0	0				
PQ335301.1	false	0	0				
PQ335300.1	false	0	0				
PQ335299.1	false	0	0				
PQ335298.1	false	0	0				
PQ335297.1	false	0	0				
PQ335296.1	false	0	0				
PQ335295.1	false	0	0				
PQ335294.1	false	0	0				
PQ335293.1	false	0	0				
PQ335292.1	false	0	0				
PQ335291.1	false	0	0				
PQ335290.1	false	0	0				
PQ335289.1	false	0	0				
PQ335288.1	false	0	0				
PQ335287.1	false	0	0				
PQ335286.1	false	0	0				
PQ335285.1	false	0	0				
PQ335284.1	false	0	0				
PQ335283.1	false	0	0				
PQ335282.1	false	0	0				
PQ335281.1	false	0	0				
PQ335280.1	false	0	0				
PQ335279.1	false	0	0				
PQ335278.1	false	0	0				
PQ335277.1	false	0	0				
PQ335276.1	false	0	0				
PQ335275.1	false	0	0				
PQ335274.1	false	0	0				
PQ335273.1	false	0	0				
PQ335272.1	false	0	0				
PQ335271.1	false	0	0				
PQ335270.1	false	0	0				
PQ335269.1	false	0	0				
PQ335268.1	false	0	0				
PQ335267.1	false	0	0				
PQ335266.1	false	0	0				
PQ335265.1	false	0	0				
PQ335264.1	false	0	0				
PQ335263.1	false	0	0				
PQ335262.1	false	0	0				
PQ335261.1	false	0	0				
PQ335260.1	false	0	0				
PQ335259.1	false	0	0				
PQ335258.1	false	0	0				
PQ335257.1	false	0	0				
PQ335256.1	false	0	0				
PQ335255.1	false	0	0				
PQ335254.1	false	0	0				
PQ335253.1	false	0	0				
PQ335252.1	false	0	0				
PQ335251.1	false	0	0				
PQ335250.1	false	0	0				
PQ335249.1	false	0	0				
PQ335248.1	false	0	0				
PQ335247.1	false	0	0				
PQ335246.1	false	0	0				
PQ335245.1	false	0	0				
PQ335244.1	false	0	0				
PQ335243.1	false	0	0				
PQ335242.1	false	0	0				
PQ335241.1	false	0	0				
PQ335240.1	false	0	0				
PQ335239.1	false	0	0				
PQ335238.1	false	0	0				
PQ335237.1	false	0	0				
PQ335236.1	false	0	0				
PQ335235.1	false	0	0				
PQ335234.1	false	0	0				
OZ178229.1	true	3752	4603	0.000000000000	3Seq	ref_D23679	ref_KC774182
OZ178209.1	true	3977	4311	0.000000000000	3Seq	ref_D23679	ref_KC774182
OZ178208.1	true	3834	4297	0.000000000000	3Seq	ref_AB287314	ref_AP011099
OZ178199.1	true	3630	4603	0.000000000000	3Seq	ref_D23679	ref_DQ089802
OR250062.1	true	3977	4692	0.000000000000	3Seq	ref_D23679	ref_AP011098
OR250061.1	true	3630	4603	0.000000000000	3Seq	ref_D23679	ref_AP011098
OR250060.1	true	3630	4603	0.000000000000	3Seq	ref_D23679	ref_AP011098
LC791220.1	true	3945	4303	0.000000000001	3Seq	ref_AB073835	ref_FJ692601
PP123772.1	true	3117	4331	0.000000025026	3Seq	ref_AB562463	ref_NC_003977
LC800356.1	true	4063	4301	0.000000000014	3Seq	ref_AB073835	ref_KM606737
LC800355.1	true	3977	4303	0.000000000003	3Seq	ref_AB073835	ref_FJ692601
LC800354.1	true	4057	4294	0.000000000056	3Seq	ref_JQ801514	ref_KM606737
LC800353.1	true	3977	4303	0.000000000322	3Seq	ref_AB073835	ref_FJ692601
LC784057.1	true	4068	4303	0.000000000070	3Seq	ref_AB073835	ref_FJ692601
LC784049.1	true	3977	4673	0.000000000000	3Seq	ref_D23679	ref_AP011098
LC784048.1	true	4043	4303	0.000000000041	3Seq	ref_GU815637	ref_FJ692601
LC784047.1	true	4043	4301	0.000000000004	3Seq	ref_GU815637	ref_KM606737
LC784046.1	true	3923	4603	0.000000000000	3Seq	ref_D23679	ref_KC774182
LC784045.1	true	3923	4603	0.000000000000	3Seq	ref_D23679	ref_KC774182
LC778015.1	true	3973	4289	0.000000000041	3Seq	ref_GU815637	ref_FJ692601
LC778014.1	true	3977	4303	0.000000000005	3Seq	ref_AB073835	ref_FJ692601
LC778013.1	true	4118	4301	0.000000000400	3Seq	ref_AB073835	ref_KM606737
LC778012.1	true	4039	4303	0.000000000091	3Seq	ref_AB073835	ref_FJ692601
LC778011.1	true	4039	4303	0.000000000038	3Seq	ref_AB073835	ref_FJ692601
LC778010.1	true	3630	4603	0.000000000000	3Seq	ref_D23679	ref_AP011098
LC778009.1	true	4043	4303	0.000000000007	3Seq	ref_GU815637	ref_FJ692601
LC778008.1	true	3752	4311	0.000000000000	3Seq	ref_D23679	ref_KC774182
LC778007.1	true	3752	4603	0.000000000000	3Seq	ref_D23679	ref_KC774182
OR936040.1	true	3630	4673	0.000000000000	3Seq	ref_D23679	ref_AP011098
OR580948.1	true	3630	4673	0.000000000000	3Seq	ref_D23679	ref_AP011098
OR580947.1	true	3630	4603	0.000000000000	3Seq	ref_D23679	ref_AP011098
OP796836.1	true	3752	4311	0.000000000000	3Seq	ref_D23679	ref_KC774182
OP796835.1	true	3630	4603	0.000000000000	3Seq	ref_D23679	ref_AP011098
OP796834.1	true	3630	4603	0.000000000000	3Seq	ref_D23679	ref_AP011098
OP796833.1	true	3752	4311	0.000000000000	3Seq	ref_D23679	ref_KC774182
OP796832.1	true	3630	4673	0.000000000000	3Seq	ref_D23679	ref_AP011098
OP796831.1	true	3630	4673	0.000000000000	3Seq	ref_D23679	ref_AP011098
OP796830.1	true	3630	4673	0.000000000000	3Seq	ref_D23679	ref_AP011098
OP796829.1	true	3630	4673	0.000000000000	3Seq	ref_D23679	ref_AP011098
OP796828.1	true	3630	4328	0.000000000000	3Seq	ref_D23679	ref_AP011098
OP796827.1	true	3630	4673	0.000000000000	3Seq	ref_D23679	ref_AP011098
OP796826.1	true	3630	4673	0.000000000000	3Seq	ref_D23679	ref_AP011098
OP796824.1	true	3630	4673	0.000000000000	3Seq	ref_D23679	ref_AP011098
OP796823.1	true	2648	4673	0.000000000000	3Seq	ref_D23679	ref_AB562463
OP796822.1	true	3630	4673	0.000000000000	3Seq	ref_D23679	ref_AP011098
OP796821.1	true	3630	4673	0.000000000000	3Seq	ref_D23679	ref_AP011098
OP796820.1	true	2718	4673	0.000000000000	3Seq	ref_D23679	ref_AB562463
OP796819.1	true	3630	4673	0.000000000000	3Seq	ref_D23679	ref_AP011098
OP796818.1	true	3630	4328	0.000000000000	3Seq	ref_D23679	ref_AP011098
OP796817.1	true	3630	4673	0.000000000000	3Seq	ref_D23679	ref_AP011098
OP796816.1	true	3630	4673	0.000000000000	3Seq	ref_D23679	ref_AP011098
OP796815.1	true	3630	4673	0.000000000000	3Seq	ref_D23679	ref_AP011098
OP796814.1	true	3630	4673	0.000000000000	3Seq	ref_D23679	ref_AP011098
OP796813.1	true	3630	4673	0.000000000000	3Seq	ref_D23679	ref_AP011098
OP796812.1	true	3630	4673	0.000000000000	3Seq	ref_D23679	ref_AP011098
OP796811.1	true	3630	4673	0.000000000000	3Seq	ref_D23679	ref_AP011098
OP796810.1	true	3630	4673	0.000000000000	3Seq	ref_D23679	ref_AP011098
OP796809.1	true	3630	4673	0.000000000000	3Seq	ref_D23679	ref_AP011098
OP796808.1	true	3630	4673	0.000000000000	3Seq	ref_D23679	ref_AP011098
OP796807.1	true	3630	4328	0.000000000000	3Seq	ref_D23679	ref_AP011098
OP796806.1	true	3630	4673	0.000000000000	3Seq	ref_D23679	ref_AP011098
OP796805.1	true	3630	4673	0.000000000000	3Seq	ref_D23679	ref_AP011098
OP796804.1	true	3630	4673	0.000000000000	3Seq	ref_D23679	ref_AP011098
OP796803.1	true	3630	4673	0.000000000000	3Seq	ref_D23679	ref_AP011098
OP796802.1	true	3630	4330	0.000000000000	3Seq	ref_D23679	ref_AP011098
OP796801.1	true	3630	4330	0.000000000000	3Seq	ref_D23679	ref_AP011098
OP796800.1	true	3630	4673	0.000000000000	3Seq	ref_D23679	ref_AP011098
OP324547.1	true	3630	4673	0.000000000000	3Seq	ref_D23679	ref_AP011098
LC677084.1	true	3752	4603	0.000000000000	3Seq	ref_D23679	ref_KC774182
OM688316.1	true	3752	4603	0.000000000000	3Seq	ref_D23679	ref_KC774182
OM688315.1	true	3752	4603	0.000000000000	3Seq	ref_D23679	ref_KC774182
OM688314.1	true	3630	4603	0.000000000000	3Seq	ref_D23679	ref_AP011098
LC753677.1	true	3630	4673	0.000000000000	3Seq	ref_D23679	ref_AP011098
LC753676.1	true	3752	4311	0.000000000000	3Seq	ref_D23679	ref_KC774182
LC753675.1	true	3977	4294	0.000000000000	3Seq	ref_D23679	ref_AP011098
LC753674.1	true	3977	4603	0.000000000000	3Seq	ref_D23679	ref_AP011098
LC753670.1	true	3630	4673	0.000000000000	3Seq	ref_D23679	ref_AP011098
LC753663.1	true	3630	4673	0.000000000000	3Seq	ref_D23679	ref_AP011098
LC753660.1	true	3630	4686	0.000000000000	3Seq	ref_D23679	ref_AP011098
LC753651.1	true	3630	4673	0.000000000000	3Seq	ref_D23679	ref_AP011098
LC753650.1	true	3752	4311	0.000000000000	3Seq	ref_D23679	ref_KC774182
LC753645.1	true	3752	4603	0.000000000000	3Seq	ref_D23679	ref_KC774182
LC753641.1	true	3752	4603	0.000000000000	3Seq	ref_D23679	ref_KC774182
LC753640.1	true	3630	4673	0.000000000000	3Seq	ref_D23679	ref_AP011098
ON402781.1	true	3630	4673	0.000000000000	3Seq	ref_D23679	ref_AP011098
ON402778.1	true	3630	4603	0.000000000000	3Seq	ref_D23679	ref_AP011098
ON402775.1	true	3630	4330	0.000000000000	3Seq	ref_D23679	ref_AP011098
MW999616.1	false	0	0				
MW999615.1	false	0	0				
MW999614.1	false	0	0				
MW999613.1	false	0	0				
MW999612.1	false	0	0				
MW999611.1	false	0	0				
MW999610.1	false	0	0				
MW999609.1	false	0	0				
MW999608.1	false	0	0				
MW999607.1	false	0	0				
MW999606.1	false	0	0				
MW999605.1	false	0	0				
MW999604.1	false	0	0				
MW999603.1	false	0	0				
MW999602.1	false	0	0				
MZ934440.1	true	3752	4603	0.000000000000	3Seq	ref_D23679	ref_KC774182
MZ934439.1	true	3752	4603	0.000000000000	3Seq	ref_D23679	ref_KC774182
MZ934438.1	true	3752	4311	0.000000000000	3Seq	ref_D23679	ref_KC774182
MZ934437.1	true	3752	4603	0.000000000000	3Seq	ref_D23679	ref_KC774182
MZ934436.1	true	3752	4603	0.000000000000	3Seq	ref_D23679	ref_KC774182
MZ934435.1	true	3752	4603	0.000000000000	3Seq	ref_D23679	ref_KC774182
MZ934430.1	true	3834	4297	0.000000000000	3Seq	ref_AB287314	ref_AP011099
MZ934429.1	true	3718	4350	0.000000000000	3Seq	ref_AB287314	ref_AP011098
MZ934428.1	true	3718	4588	0.000000000000	3Seq	ref_AB287314	ref_AP011098
MZ934427.1	true	3977	4311	0.000000000000	3Seq	ref_D23679	ref_KC774182
MZ934426.1	true	3752	4603	0.000000000000	3Seq	ref_D23679	ref_KC774182
MZ934423.1	true	3834	4289	0.000000000000	3Seq	ref_AB287314	ref_AP011099
MW847943.1	false	0	0				
MW847941.1	false	0	0				
MW847940.1	false	0	0				
MW497299.1	true	3752	4603	0.000000000000	3Seq	ref_D23679	ref_KC774182
OM669680.1	true	3630	4330	0.000000000000	3Seq	ref_D23679	ref_AP011098
OM669679.1	true	3630	4673	0.000000000000	3Seq	ref_D23679	ref_AP011098
OM669678.1	true	3987	4603	0.000000000000	3Seq	ref_D23679	ref_AP011098
OM669677.1	true	3630	4330	0.000000000000	3Seq	ref_D23679	ref_AP011098
OM669676.1	true	3630	4603	0.000000000000	3Seq	ref_D23679	ref_AP011098
OM669675.1	true	3977	4309	0.000000000000	3Seq	ref_D23679	ref_KC774182
OM669674.1	true	3630	4603	0.000000000000	3Seq	ref_D23679	ref_AP011098
OM669673.1	true	3630	4603	0.000000000000	3Seq	ref_D23679	ref_AP011098
OM669672.1	true	3630	4330	0.000000000000	3Seq	ref_D23679	ref_AP011098
OM669671.1	true	3977	4603	0.000000000000	3Seq	ref_D23679	ref_KC774182
OM669670.1	true	3630	4603	0.000000000000	3Seq	ref_D23679	ref_AP011098
OM669669.1	true	3630	4603	0.000000000000	3Seq	ref_D23679	ref_AP011098
OM669668.1	true	3977	4673	0.000000000000	3Seq	ref_D23679	ref_AP011098
OM669667.1	true	3630	4603	0.000000000000	3Seq	ref_D23679	ref_AP011098
OM669666.1	true	3977	4603	0.000000000000	3Seq	ref_D23679	ref_KC774182
OM669665.1	true	3630	4603	0.000000000000	3Seq	ref_D23679	ref_AP011098
OM669664.1	true	3630	4673	0.000000000000	3Seq	ref_D23679	ref_AP011098
OM669663.1	true	3831	4603	0.000000000000	3Seq	ref_D23679	ref_KC774182
OM669662.1	true	3630	4603	0.000000000000	3Seq	ref_D23679	ref_AP011098
OM669661.1	true	3752	4603	0.000000000000	3Seq	ref_D23679	ref_KC774182
OM669660.1	true	3630	4603	0.000000000000	3Seq	ref_D23679	ref_AP011098
OM669659.1	true	3630	4673	0.000000000000	3Seq	ref_D23679	ref_AP011098
OM669658.1	true	3630	4603	0.000000000000	3Seq	ref_D23679	ref_AP011098
OM669657.1	true	3630	4603	0.000000000000	3Seq	ref_D23679	ref_AP011098
OM669656.1	true	3541	4603	0.000000000000	3Seq	ref_D23679	ref_AP011098
OM669655.1	true	3630	4673	0.000000000000	3Seq	ref_D23679	ref_AP011098
OM669654.1	true	3630	4603	0.000000000000	3Seq	ref_D23679	ref_AP011098
OM669653.1	true	3630	4325	0.000000000000	3Seq	ref_D23679	ref_DQ089802
OM669652.1	true	3977	4603	0.000000000000	3Seq	ref_D23679	ref_KC774182
OM669651.1	true	3977	4603	0.000000000000	3Seq	ref_D23679	ref_KC774182
OM669627.1	true	3752	4311	0.000000000000	3Seq	ref_D23679	ref_KC774182
OM669626.1	true	3630	4673	0.000000000000	3Seq	ref_D23679	ref_AP011098
OM669625.1	true	3630	4603	0.000000000000	3Seq	ref_D23679	ref_AP011098
OM669624.1	true	3630	4673	0.000000000000	3Seq	ref_D23679	ref_AP011098
OM669623.1	true	3630	4673	0.000000000000	3Seq	ref_D23679	ref_AP011098
OM669622.1	true	3630	4603	0.000000000000	3Seq	ref_D23679	ref_AP011098
OM669621.1	true	3630	4330	0.000000000000	3Seq	ref_D23679	ref_AP011098
OM669620.1	true	3630	4673	0.000000000000	3Seq	ref_D23679	ref_AP011098
OM669619.1	true	3630	4603	0.000000000000	3Seq	ref_D23679	ref_AP011098
OM669618.1	true	3630	4603	0.000000000000	3Seq	ref_D23679	ref_AP011098
OM669617.1	true	3752	4309	0.000000000000	3Seq	ref_D23679	ref_KC774182
OM669616.1	true	3977	4603	0.000000000000	3Seq	ref_D23679	ref_AP011098
OM669615.1	true	3752	4311	0.000000000000	3Seq	ref_D23679	ref_KC774182
OM669614.1	true	3977	4603	0.000000000000	3Seq	ref_D23679	ref_AP011098
OM669613.1	true	3977	4565	0.000000000000	3Seq	ref_D23679	ref_AP011098
OM669612.1	true	3630	4603	0.000000000000	3Seq	ref_D23679	ref_AP011098
OM669611.1	true	3977	4311	0.000000000000	3Seq	ref_D23679	ref_KC774182
OM669610.1	true	3977	4603	0.000000000000	3Seq	ref_D23679	ref_AP011098
OM669609.1	true	3630	4603	0.000000000000	3Seq	ref_D23679	ref_AP011098
OM669608.1	true	3977	4673	0.000000000000	3Seq	ref_D23679	ref_AP011098
OM669607.1	true	3630	4603	0.000000000000	3Seq	ref_D23679	ref_AP011098
OM669606.1	true	3630	4603	0.000000000000	3Seq	ref_D23679	ref_AP011098
OM669605.1	true	3977	4311	0.000000000000	3Seq	ref_D23679	ref_KC774182
OM669604.1	true	3630	4603	0.000000000000	3Seq	ref_D23679	ref_AP011098
OM669603.1	true	3630	4330	0.000000000000	3Seq	ref_D23679	ref_AP011098
OM669602.1	true	3752	4311	0.000000000000	3Seq	ref_D23679	ref_KC774182
OM669601.1	true	3630	4673	0.000000000000	3Seq	ref_D23679	ref_AP011098
OM669600.1	true	3977	4603	0.000000000000	3Seq	ref_D23679	ref_AP011098
OM669599.1	true	3630	4673	0.000000000000	3Seq	ref_D23679	ref_AP011098
OM669598.1	true	3752	4603	0.000000000000	3Seq	ref_D23679	ref_KC774182
OM669597.1	true	3630	4603	0.000000000000	3Seq	ref_D23679	ref_AP011098
OM669596.1	true	3752	4311	0.000000000000	3Seq	ref_D23679	ref_KC774182
OM669595.1	true	3977	4603	0.000000000000	3Seq	ref_D23679	ref_AP011098
OM669594.1	true	3630	4673	0.000000000000	3Seq	ref_D23679	ref_AP011098
OM669593.1	true	3630	4673	0.000000000000	3Seq	ref_D23679	ref_AP011098
OM669592.1	true	3977	4565	0.000000000000	3Seq	ref_D23679	ref_AP011098
OM669591.1	true	3630	4673	0.000000000000	3Seq	ref_D23679	ref_AP011098
OM669590.1	true	3977	4603	0.000000000000	3Seq	ref_D23679	ref_AP011098
OM669589.1	true	3752	4311	0.000000000000	3Seq	ref_D23679	ref_KC774182
OM669588.1	true	3977	4603	0.000000000000	3Seq	ref_D23679	ref_AP011098
OM669587.1	true	4015	4603	0.000000000000	3Seq	ref_D23679	ref_AP011098
OM669586.1	true	3630	4673	0.000000000000	3Seq	ref_D23679	ref_AP011098
OM669585.1	true	3630	4603	0.000000000000	3Seq	ref_D23679	ref_AP011098
OM669584.1	true	3630	4673	0.000000000000	3Seq	ref_D23679	ref_AP011098
OM669583.1	true	3630	4603	0.000000000000	3Seq	ref_D23679	ref_AP011098
OM669582.1	true	3630	4603	0.000000000000	3Seq	ref_D23679	ref_AP011098
OM669581.1	true	3630	4673	0.000000000000	3Seq	ref_D23679	ref_AP011098
OM669580.1	true	3630	4603	0.000000000000	3Seq	ref_D23679	ref_AP011098
OM669579.1	true	3630	4673	0.000000000000	3Seq	ref_D23679	ref_AP011098
OM669578.1	true	3977	4673	0.000000000000	3Seq	ref_D23679	ref_AP011098
OM669576.1	true	3630	4603	0.000000000000	3Seq	ref_D23679	ref_AP011098
OM669575.1	true	3977	4603	0.000000000000	3Seq	ref_D23679	ref_AP011098
OM669574.1	true	3752	4311	0.000000000000	3Seq	ref_D23679	ref_KC774182
OM669573.1	true	3977	4673	0.000000000000	3Seq	ref_D23679	ref_AP011098
OM669572.1	true	3800	4673	0.000000000000	3Seq	ref_D23679	ref_AP011098
OM669571.1	true	3977	4673	0.000000000000	3Seq	ref_D23679	ref_AP011098
OM669570.1	true	3630	4673	0.000000000000	3Seq	ref_D23679	ref_AP011098
OM669569.1	true	3630	4647	0.000000000000	3Seq	ref_D23679	ref_AP011098
OM669568.1	true	3630	4673	0.000000000000	3Seq	ref_D23679	ref_AP011098
OM669567.1	true	3977	4603	0.000000000000	3Seq	ref_D23679	ref_AP011098
MW411446.1	false	0	0				
LC535945.1	true	3630	4673	0.000000000000	3Seq	ref_D23679	ref_AP011098
LC535924.1	true	3630	4673	0.000000000000	3Seq	ref_D23679	ref_AP011098
MZ439775.1	true	1569	3047	0.000000000000	3Seq	ref_AP011098	ref_AB056513
MZ439551.1	true	3630	4673	0.000000000000	3Seq	ref_D23679	ref_AP011098
MZ439550.1	true	3630	4673	0.000000000000	3Seq	ref_D23679	ref_AP011098
MZ439549.1	true	3630	4673	0.000000000000	3Seq	ref_D23679	ref_AP011098
MZ439548.1	true	3630	4673	0.000000000000	3Seq	ref_D23679	ref_AP011098
MZ439547.1	true	3630	4673	0.000000000000	3Seq	ref_D23679	ref_AP011098
MZ439546.1	true	3630	4673	0.000000000000	3Seq	ref_D23679	ref_AP011098
MZ439545.1	true	3630	4673	0.000000000000	3Seq	ref_D23679	ref_AP011098
MZ439544.1	true	3630	4673	0.000000000000	3Seq	ref_D23679	ref_AP011098
MZ439543.1	true	3630	4673	0.000000000000	3Seq	ref_D23679	ref_AP011098
MZ439542.1	true	3630	4673	0.000000000000	3Seq	ref_D23679	ref_AP011098
MZ439541.1	true	3630	4673	0.000000000000	3Seq	ref_D23679	ref_AP011098
MZ439540.1	true	3630	4673	0.000000000000	3Seq	ref_D23679	ref_AP011098
MZ439539.1	true	3630	4673	0.000000000000	3Seq	ref_D23679	ref_AP011098
MZ439538.1	true	3630	4673	0.000000000000	3Seq	ref_D23679	ref_AP011098
MZ439537.1	true	3630	4673	0.000000000000	3Seq	ref_D23679	ref_AP011098
MZ439536.1	true	3630	4673	0.000000000000	3Seq	ref_D23679	ref_AP011098
MZ439535.1	true	3630	4673	0.000000000000	3Seq	ref_D23679	ref_AP011098
MZ439534.1	true	3630	4330	0.000000000000	3Seq	ref_D23679	ref_AP011098
MZ439533.1	true	3630	4330	0.000000000000	3Seq	ref_D23679	ref_AP011098
MZ439532.1	true	3630	4673	0.000000000000	3Seq	ref_D23679	ref_AP011098
MZ439531.1	true	3630	4330	0.000000000000	3Seq	ref_D23679	ref_AP011098
MZ439530.1	true	3630	4673	0.000000000000	3Seq	ref_D23679	ref_AP011098
MZ439529.1	true	3630	4673	0.000000000000	3Seq	ref_D23679	ref_AP011098
MZ439528.1	true	3630	4330	0.000000000000	3Seq	ref_D23679	ref_AP011098
MZ439527.1	true	3630	4673	0.000000000000	3Seq	ref_D23679	ref_AP011098
MZ439526.1	true	3630	4330	0.000000000000	3Seq	ref_D23679	ref_AP011098
MZ439525.1	true	3630	4330	0.000000000000	3Seq	ref_D23679	ref_AP011098
MZ439524.1	true	3630	4673	0.000000000000	3Seq	ref_D23679	ref_AP011098
MZ439523.1	true	3630	4673	0.000000000000	3Seq	ref_D23679	ref_AP011098
MZ439521.1	true	3630	4673	0.000000000000	3Seq	ref_D23679	ref_AP011098
MZ439520.1	true	3630	4673	0.000000000000	3Seq	ref_D23679	ref_AP011098
MZ439519.1	true	3630	4673	0.000000000000	3Seq	ref_D23679	ref_AP011098
MZ439518.1	true	3630	4673	0.000000000000	3Seq	ref_D23679	ref_AP011098
MZ439517.1	true	3630	4673	0.000000000000	3Seq	ref_D23679	ref_AP011098
OK106254.1	true	3977	4673	0.000000000000	3Seq	ref_D23679	ref_AP011098
MZ439366.1	true	2709	5280	0.000000040702	3Seq	ref_KP168423	ref_KF873526
MZ675807.1	true	3630	4673	0.000000000000	3Seq	ref_D23679	ref_AP011098
MZ675806.1	true	3630	4673	0.000000000000	3Seq	ref_D23679	ref_AP011098
MZ675805.1	true	3630	4673	0.000000000000	3Seq	ref_D23679	ref_AP011098
MZ675804.1	true	3541	4673	0.000000000000	3Seq	ref_D23679	ref_AP011098
MZ675803.1	true	3541	4673	0.000000000000	3Seq	ref_D23679	ref_AP011098
MZ675802.1	true	3541	4673	0.000000000000	3Seq	ref_D23679	ref_AP011098
MZ675801.1	true	2648	4299	0.000000000000	3Seq	ref_D23679	ref_AB562463
MZ675800.1	true	2648	4673	0.000000000000	3Seq	ref_D23679	ref_AB562463
MZ675799.1	true	3630	4673	0.000000000000	3Seq	ref_D23679	ref_AP011098
MZ675798.1	true	3630	4673	0.000000000000	3Seq	ref_D23679	ref_AP011098
MZ675797.1	true	3630	4673	0.000000000000	3Seq	ref_D23679	ref_AP011098
MZ675796.1	true	3630	4673	0.000000000000	3Seq	ref_D23679	ref_AP011098
MZ675795.1	true	3630	4673	0.000000000000	3Seq	ref_D23679	ref_AP011098
MZ675786.1	true	3630	4603	0.000000000000	3Seq	ref_D23679	ref_AP011098
MZ675785.1	true	3630	4603	0.000000000000	3Seq	ref_D23679	ref_AP011098
MZ671239.1	true	3630	4603	0.000000000000	3Seq	ref_D23679	ref_AP011098
MZ671238.1	true	3630	4603	0.000000000000	3Seq	ref_D23679	ref_AP011098
MZ671237.1	true	3630	4603	0.000000000000	3Seq	ref_D23679	ref_AP011098
MZ671236.1	true	3630	4603	0.000000000000	3Seq	ref_D23679	ref_AP011098
MW310264.1	true	3752	4311	0.000000000000	3Seq	ref_D23679	ref_KC774182
MW310263.1	true	3630	4330	0.000000000000	3Seq	ref_D23679	ref_AP011098
MW310262.1	true	3630	4603	0.000000000000	3Seq	ref_D23679	ref_AP011098
MW310261.1	true	3630	4603	0.000000000000	3Seq	ref_D23679	ref_AP011098
MT757457.1	true	3960	4297	0.000000000000	3Seq	ref_AB287314	ref_AP011099
MT757456.1	true	3834	4297	0.000000000000	3Seq	ref_AB287314	ref_AP011099
MT757455.1	true	3834	4297	0.000000000000	3Seq	ref_AB287314	ref_AP011099
MT757454.1	true	3834	4297	0.000000000000	3Seq	ref_AB287314	ref_AP011099
MT757453.1	true	3960	4297	0.000000000000	3Seq	ref_AB287314	ref_AP011099
MT757452.1	true	3834	4297	0.000000000000	3Seq	ref_AB287314	ref_AP011099
MT757451.1	true	3960	4297	0.000000000000	3Seq	ref_AB287314	ref_AP011099
MT757450.1	true	3960	4297	0.000000000000	3Seq	ref_AB287314	ref_AP011099
MT757449.1	true	3834	4297	0.000000000000	3Seq	ref_AB287314	ref_AP011099
MT757448.1	true	3960	4297	0.000000000000	3Seq	ref_AB287314	ref_AP011099
MT757447.1	true	3834	4297	0.000000000000	3Seq	ref_AB287314	ref_AP011099
MT757446.1	true	3834	4297	0.000000000000	3Seq	ref_AB287314	ref_AP011099
MT757445.1	true	3834	4297	0.000000000000	3Seq	ref_AB287314	ref_AP011099
MT757444.1	true	3834	4297	0.000000000000	3Seq	ref_AB287314	ref_AP011099
MT757443.1	true	3834	4297	0.000000000000	3Seq	ref_AB287314	ref_AP011099
MT757442.1	true	3834	4297	0.000000000000	3Seq	ref_AB287314	ref_AP011099
MT757441.1	true	3834	4297	0.000000000000	3Seq	ref_AB287314	ref_AP011099
MT757440.1	true	3834	4297	0.000000000000	3Seq	ref_AB287314	ref_AP011099
MT757439.1	true	3960	4297	0.000000000000	3Seq	ref_AB287314	ref_AP011099
MT757438.1	true	3834	4297	0.000000000000	3Seq	ref_AB287314	ref_AP011099
MT757437.1	true	3834	4297	0.000000000000	3Seq	ref_AB287314	ref_AP011099
MT757436.1	true	3663	4297	0.000000000000	3Seq	ref_AB287314	ref_AP011099
MK183646.1	false	0	0				
LC603638.1	true	4043	4303	0.000000000004	3Seq	ref_GU815637	ref_FJ692601
LC603637.1	true	3973	4303	0.000000000000	3Seq	ref_GU815637	ref_FJ692601
MT427109.1	true	3630	4603	0.000000000000	3Seq	ref_D23679	ref_AP011098
MT427108.1	true	3630	4603	0.000000000000	3Seq	ref_D23679	ref_AP011098
MT427107.1	true	3630	4603	0.000000000000	3Seq	ref_D23679	ref_AP011098
MT427106.1	true	3630	4603	0.000000000000	3Seq	ref_D23679	ref_AP011098
MT427105.1	true	3630	4603	0.000000000000	3Seq	ref_D23679	ref_AP011098
MT427104.1	true	3630	4603	0.000000000000	3Seq	ref_D23679	ref_AP011098
MT427103.1	true	3630	4603	0.000000000000	3Seq	ref_D23679	ref_AP011098
MT427102.1	true	3630	4603	0.000000000000	3Seq	ref_D23679	ref_AP011098
MT427101.1	true	3630	4603	0.000000000000	3Seq	ref_D23679	ref_AP011098
MT427100.1	true	3630	4603	0.000000000000	3Seq	ref_D23679	ref_AP011098
MT427099.1	true	3630	4603	0.000000000000	3Seq	ref_D23679	ref_AP011098
MT427098.1	true	3630	4603	0.000000000000	3Seq	ref_D23679	ref_AP011098
MT427097.1	true	3630	4603	0.000000000000	3Seq	ref_D23679	ref_AP011098
MT427096.1	true	3630	4603	0.000000000000	3Seq	ref_D23679	ref_AP011098
MT427095.1	true	3630	4603	0.000000000000	3Seq	ref_D23679	ref_AP011098
MT427094.1	true	3630	4603	0.000000000000	3Seq	ref_D23679	ref_AP011098
MT427093.1	true	3630	4603	0.000000000000	3Seq	ref_D23679	ref_AP011098
MT427092.1	true	3630	4603	0.000000000000	3Seq	ref_D23679	ref_AP011098
MT427091.1	true	3630	4603	0.000000000000	3Seq	ref_D23679	ref_AP011098
MT427090.1	true	3630	4603	0.000000000000	3Seq	ref_D23679	ref_AP011098
MT427089.1	true	3630	4603	0.000000000000	3Seq	ref_D23679	ref_AP011098
MT427088.1	true	3630	4603	0.000000000000	3Seq	ref_D23679	ref_AP011098
MT427087.1	true	3630	4603	0.000000000000	3Seq	ref_D23679	ref_AP011098
MT427086.1	true	3630	4603	0.000000000000	3Seq	ref_D23679	ref_AP011098
MT427085.1	true	3630	4603	0.000000000000	3Seq	ref_D23679	ref_AP011098
MT427084.1	true	3630	4603	0.000000000000	3Seq	ref_D23679	ref_AP011098
MT427083.1	true	3630	4603	0.000000000000	3Seq	ref_D23679	ref_AP011098
MT427082.1	true	3630	4603	0.000000000000	3Seq	ref_D23679	ref_AP011098
MT427081.1	true	3630	4603	0.000000000000	3Seq	ref_D23679	ref_AP011098
MT427080.1	true	3630	4603	0.000000000000	3Seq	ref_D23679	ref_AP011098
MT427079.1	true	3630	4603	0.000000000000	3Seq	ref_D23679	ref_AP011098
MT427078.1	true	3630	4603	0.000000000000	3Seq	ref_D23679	ref_AP011098
MT427077.1	true	3630	4603	0.000000000000	3Seq	ref_D23679	ref_AP011098
MT427076.1	true	3630	4603	0.000000000000	3Seq	ref_D23679	ref_AP011098
MT427075.1	true	3630	4603	0.000000000000	3Seq	ref_D23679	ref_AP011098
MT427074.1	true	3630	4603	0.000000000000	3Seq	ref_D23679	ref_AP011098
MT427073.1	true	3630	4603	0.000000000000	3Seq	ref_D23679	ref_AP011098
MT427072.1	true	3630	4603	0.000000000000	3Seq	ref_D23679	ref_AP011098
MT427071.1	true	3630	4603	0.000000000000	3Seq	ref_D23679	ref_AP011098
MT427070.1	true	3630	4603	0.000000000000	3Seq	ref_D23679	ref_AP011098
MT427069.1	true	3630	4603	0.000000000000	3Seq	ref_D23679	ref_AP011098
MT427068.1	true	3630	4603	0.000000000000	3Seq	ref_D23679	ref_AP011098
MT427067.1	true	3630	4603	0.000000000000	3Seq	ref_D23679	ref_AP011098
MT427066.1	true	3630	4603	0.000000000000	3Seq	ref_D23679	ref_AP011098
MT427065.1	true	3630	4603	0.000000000000	3Seq	ref_D23679	ref_AP011098
MT427064.1	true	3630	4603	0.000000000000	3Seq	ref_D23679	ref_AP011098
MT427063.1	true	3630	4603	0.000000000000	3Seq	ref_D23679	ref_AP011098
MT427062.1	true	3630	4603	0.000000000000	3Seq	ref_D23679	ref_AP011098
MT427061.1	true	3630	4603	0.000000000000	3Seq	ref_D23679	ref_AP011098
MT427060.1	true	3630	4603	0.000000000000	3Seq	ref_D23679	ref_AP011098
MT427059.1	true	3630	4603	0.000000000000	3Seq	ref_D23679	ref_AP011098
MT427058.1	true	3630	4603	0.000000000000	3Seq	ref_D23679	ref_AP011098
MT427057.1	true	3630	4603	0.000000000000	3Seq	ref_D23679	ref_AP011098
MT427056.1	true	3630	4603	0.000000000000	3Seq	ref_D23679	ref_AP011098
MT427055.1	true	3630	4603	0.000000000000	3Seq	ref_D23679	ref_AP011098
MT427054.1	true	3630	4603	0.000000000000	3Seq	ref_D23679	ref_AP011098
MT427053.1	true	3630	4603	0.000000000000	3Seq	ref_D23679	ref_AP011098
MT427052.1	true	3630	4603	0.000000000000	3Seq	ref_D23679	ref_AP011098
MT427051.1	true	3630	4603	0.000000000000	3Seq	ref_D23679	ref_AP011098
MT427050.1	true	3630	4603	0.000000000000	3Seq	ref_D23679	ref_AP011098
MT427049.1	true	3630	4603	0.000000000000	3Seq	ref_D23679	ref_AP011098
MT427048.1	true	3630	4603	0.000000000000	3Seq	ref_D23679	ref_AP011098
MT427047.1	true	3630	4603	0.000000000000	3Seq	ref_D23679	ref_AP011098
MT427046.1	true	3630	4603	0.000000000000	3Seq	ref_D23679	ref_AP011098
MT427045.1	true	3630	4603	0.000000000000	3Seq	ref_D23679	ref_AP011098
MT427044.1	true	3630	4603	0.000000000000	3Seq	ref_D23679	ref_AP011098
MT427043.1	true	3630	4603	0.000000000000	3Seq	ref_D23679	ref_AP011098
MT427042.1	true	3630	4673	0.000000000000	3Seq	ref_D23679	ref_AP011098
MT427041.1	true	3630	4603	0.000000000000	3Seq	ref_D23679	ref_AP011098
MT427040.1	true	3630	4603	0.000000000000	3Seq	ref_D23679	ref_AP011098
MT427039.1	true	3630	4603	0.000000000000	3Seq	ref_D23679	ref_AP011098
MT427038.1	true	3630	4603	0.000000000000	3Seq	ref_D23679	ref_AP011098
MT427037.1	true	3630	4603	0.000000000000	3Seq	ref_D23679	ref_AP011098
MT427036.1	true	3630	4603	0.000000000000	3Seq	ref_D23679	ref_AP011098
MT427035.1	true	3630	4603	0.000000000000	3Seq	ref_D23679	ref_AP011098
MT427034.1	true	3630	4603	0.000000000000	3Seq	ref_D23679	ref_AP011098
MT427033.1	true	3630	4603	0.000000000000	3Seq	ref_D23679	ref_AP011098
MT427032.1	true	3630	4603	0.000000000000	3Seq	ref_D23679	ref_AP011098
MT427031.1	true	3630	4603	0.000000000000	3Seq	ref_D23679	ref_AP011098
MT427030.1	true	3630	4603	0.000000000000	3Seq	ref_D23679	ref_AP011098
MT427029.1	true	3630	4603	0.000000000000	3Seq	ref_D23679	ref_AP011098
MT427028.1	true	3630	4603	0.000000000000	3Seq	ref_D23679	ref_AP011098
MT427027.1	true	3630	4603	0.000000000000	3Seq	ref_D23679	ref_AP011098
MT427026.1	true	3630	4603	0.000000000000	3Seq	ref_D23679	ref_AP011098
MT427025.1	true	3630	4603	0.000000000000	3Seq	ref_D23679	ref_AP011098
MT427024.1	true	3630	4603	0.000000000000	3Seq	ref_D23679	ref_AP011098
MT427023.1	true	3630	4603	0.000000000000	3Seq	ref_D23679	ref_AP011098
MT427022.1	true	3630	4603	0.000000000000	3Seq	ref_D23679	ref_AP011098
MT427021.1	true	3630	4603	0.000000000000	3Seq	ref_D23679	ref_AP011098
MT427020.1	true	3630	4603	0.000000000000	3Seq	ref_D23679	ref_AP011098
MT427019.1	true	3630	4603	0.000000000000	3Seq	ref_D23679	ref_AP011098
MT427018.1	true	3630	4603	0.000000000000	3Seq	ref_D23679	ref_AP011098
MT427017.1	true	3630	4603	0.000000000000	3Seq	ref_D23679	ref_AP011098
MT427016.1	true	3630	4603	0.000000000000	3Seq	ref_D23679	ref_AP011098
MT427015.1	true	3630	4603	0.000000000000	3Seq	ref_D23679	ref_AP011098
MT427014.1	true	3630	4603	0.000000000000	3Seq	ref_D23679	ref_AP011098
MT427013.1	true	3630	4603	0.000000000000	3Seq	ref_D23679	ref_AP011098
MT427012.1	true	3630	4603	0.000000000000	3Seq	ref_D23679	ref_AP011098
MT427011.1	true	3630	4603	0.000000000000	3Seq	ref_D23679	ref_AP011098
MT427010.1	true	3630	4603	0.000000000000	3Seq	ref_D23679	ref_AP011098
MT427009.1	true	3630	4603	0.000000000000	3Seq	ref_D23679	ref_AP011098
MT427008.1	true	3630	4603	0.000000000000	3Seq	ref_D23679	ref_AP011098
MT427007.1	true	3630	4603	0.000000000000	3Seq	ref_D23679	ref_AP011098
MT427006.1	true	3630	4603	0.000000000000	3Seq	ref_D23679	ref_AP011098
MT427005.1	true	3630	4603	0.000000000000	3Seq	ref_D23679	ref_AP011098
MT427004.1	true	3630	4603	0.000000000000	3Seq	ref_D23679	ref_AP011098
MT427003.1	true	3630	4603	0.000000000000	3Seq	ref_D23679	ref_AP011098
MT427002.1	true	3630	4603	0.000000000000	3Seq	ref_D23679	ref_AP011098
MT427001.1	true	3630	4603	0.000000000000	3Seq	ref_D23679	ref_AP011098
MT427000.1	true	3630	4603	0.000000000000	3Seq	ref_D23679	ref_AP011098
MT426999.1	true	3630	4603	0.000000000000	3Seq	ref_D23679	ref_AP011098
MT426998.1	true	3630	4603	0.000000000000	3Seq	ref_D23679	ref_AP011098
MT426997.1	true	3630	4603	0.000000000000	3Seq	ref_D23679	ref_AP011098
MT426996.1	true	3630	4603	0.000000000000	3Seq	ref_D23679	ref_AP011098
MT426995.1	true	3630	4603	0.000000000000	3Seq	ref_D23679	ref_AP011098
MT426994.1	true	3630	4603	0.000000000000	3Seq	ref_D23679	ref_AP011098
MT426993.1	true	3630	4603	0.000000000000	3Seq	ref_D23679	ref_AP011098
MT426992.1	true	3630	4603	0.000000000000	3Seq	ref_D23679	ref_AP011098
MT426991.1	true	3630	4603	0.000000000000	3Seq	ref_D23679	ref_AP011098
MT426990.1	true	3630	4603	0.000000000000	3Seq	ref_D23679	ref_AP011098
MT426989.1	true	3469	4297	0.000000000000	3Seq	ref_D23679	ref_AP011099
MT426988.1	true	3630	4603	0.000000000000	3Seq	ref_D23679	ref_AP011098
MT426987.1	true	3630	4603	0.000000000000	3Seq	ref_D23679	ref_AP011098
MT426986.1	true	3630	4297	0.000000000000	3Seq	ref_D23679	ref_AP011099
MT426985.1	true	3630	4603	0.000000000000	3Seq	ref_D23679	ref_AP011098
MT426984.1	true	3630	4603	0.000000000000	3Seq	ref_D23679	ref_AP011098
MT426983.1	true	3630	4603	0.000000000000	3Seq	ref_D23679	ref_AP011098
MT426982.1	true	3630	4603	0.000000000000	3Seq	ref_D23679	ref_AP011098
MT426981.1	true	3630	4603	0.000000000000	3Seq	ref_D23679	ref_AP011098
MT426980.1	true	3630	4603	0.000000000000	3Seq	ref_D23679	ref_AP011098
MT426979.1	true	3630	4603	0.000000000000	3Seq	ref_D23679	ref_AP011098
MT426978.1	true	3630	4603	0.000000000000	3Seq	ref_D23679	ref_AP011098
MT426977.1	true	3630	4603	0.000000000000	3Seq	ref_D23679	ref_AP011098
MT426976.1	true	3630	4603	0.000000000000	3Seq	ref_D23679	ref_AP011098
MT426975.1	true	3630	4603	0.000000000000	3Seq	ref_D23679	ref_AP011098
MT426974.1	true	3630	4297	0.000000000000	3Seq	ref_D23679	ref_AP011099
MT426973.1	true	3630	4603	0.000000000000	3Seq	ref_D23679	ref_AP011098
MT426972.1	true	3630	4603	0.000000000000	3Seq	ref_D23679	ref_AP011098
MT426971.1	true	3630	4603	0.000000000000	3Seq	ref_D23679	ref_AP011098
MT426970.1	true	3630	4603	0.000000000000	3Seq	ref_D23679	ref_AP011098
MT426968.1	true	3541	4603	0.000000000000	3Seq	ref_D23679	ref_AP011098
MT426967.1	true	3630	4603	0.000000000000	3Seq	ref_D23679	ref_AP011098
MT426966.1	true	3630	4603	0.000000000000	3Seq	ref_D23679	ref_AP011098
MT426965.1	true	3630	4603	0.000000000000	3Seq	ref_D23679	ref_AP011098
MT426964.1	true	3630	4603	0.000000000000	3Seq	ref_D23679	ref_AP011098
MT426963.1	true	3630	4603	0.000000000000	3Seq	ref_D23679	ref_AP011098
MT426962.1	true	3630	4603	0.000000000000	3Seq	ref_D23679	ref_AP011098
MT426961.1	true	3630	4603	0.000000000000	3Seq	ref_D23679	ref_AP011098
MT426960.1	true	3630	4603	0.000000000000	3Seq	ref_D23679	ref_AP011098
MT426959.1	true	3630	4603	0.000000000000	3Seq	ref_D23679	ref_AP011098
MT426958.1	true	3630	4603	0.000000000000	3Seq	ref_D23679	ref_AP011098
MT426957.1	true	3630	4603	0.000000000000	3Seq	ref_D23679	ref_AP011098
MT426956.1	true	3630	4603	0.000000000000	3Seq	ref_D23679	ref_AP011098
MT426955.1	true	3630	4603	0.000000000000	3Seq	ref_D23679	ref_AP011098
MT426954.1	true	3630	4603	0.000000000000	3Seq	ref_D23679	ref_AP011098
MT426953.1	true	3630	4603	0.000000000000	3Seq	ref_D23679	ref_AP011098
MT426952.1	true	3977	4603	0.000000000000	3Seq	ref_D23679	ref_AP011098
MT426951.1	true	3630	4603	0.000000000000	3Seq	ref_D23679	ref_AP011098
MT426950.1	true	3630	4603	0.000000000000	3Seq	ref_D23679	ref_AP011098
MT426949.1	true	3630	4603	0.000000000000	3Seq	ref_D23679	ref_AP011098
MT426948.1	true	3630	4603	0.000000000000	3Seq	ref_D23679	ref_AP011098
MT426947.1	true	3630	4603	0.000000000000	3Seq	ref_D23679	ref_AP011098
MT426946.1	true	3630	4603	0.000000000000	3Seq	ref_D23679	ref_AP011098
MT426945.1	true	3630	4603	0.000000000000	3Seq	ref_D23679	ref_AP011098
MT426944.1	true	3630	4603	0.000000000000	3Seq	ref_D23679	ref_AP011098
MT426943.1	true	3630	4603	0.000000000000	3Seq	ref_D23679	ref_AP011098
MT426942.1	true	3630	4603	0.000000000000	3Seq	ref_D23679	ref_AP011098
MT426941.1	true	3630	4603	0.000000000000	3Seq	ref_D23679	ref_AP011098
MT426940.1	true	3630	4603	0.000000000000	3Seq	ref_D23679	ref_AP011098
MT426939.1	true	3630	4603	0.000000000000	3Seq	ref_D23679	ref_AP011098
MT426938.1	true	3630	4603	0.000000000000	3Seq	ref_D23679	ref_AP011098
MT426937.1	true	3630	4603	0.000000000000	3Seq	ref_D23679	ref_AP011098
MT426936.1	true	3630	4603	0.000000000000	3Seq	ref_D23679	ref_AP011098
MT426935.1	true	3630	4603	0.000000000000	3Seq	ref_D23679	ref_AP011098
MT426934.1	true	3630	4603	0.000000000000	3Seq	ref_D23679	ref_AP011098
MT426933.1	true	3630	4603	0.000000000000	3Seq	ref_D23679	ref_AP011098
MT426932.1	true	3630	4603	0.000000000000	3Seq	ref_D23679	ref_AP011098
MT426931.1	true	3630	4603	0.000000000000	3Seq	ref_D23679	ref_AP011098
MT426930.1	true	3630	4603	0.000000000000	3Seq	ref_D23679	ref_AP011098
MT426929.1	true	3630	4603	0.000000000000	3Seq	ref_D23679	ref_AP011098
MT426928.1	true	3630	4603	0.000000000000	3Seq	ref_D23679	ref_AP011098
MT426927.1	true	3630	4603	0.000000000000	3Seq	ref_D23679	ref_AP011098
MT426926.1	true	3630	4603	0.000000000000	3Seq	ref_D23679	ref_AP011098
MT426925.1	true	3630	4603	0.000000000000	3Seq	ref_D23679	ref_AP011098
MT426924.1	true	3630	4297	0.000000000000	3Seq	ref_D23679	ref_AP011099
MT426923.1	true	3630	4603	0.000000000000	3Seq	ref_D23679	ref_AP011098
MT426922.1	true	3630	4603	0.000000000000	3Seq	ref_D23679	ref_AP011098
MT426921.1	true	3630	4603	0.000000000000	3Seq	ref_D23679	ref_AP011098
MT426920.1	true	3630	4603	0.000000000000	3Seq	ref_D23679	ref_AP011098
MT426919.1	true	3630	4603	0.000000000000	3Seq	ref_D23679	ref_AP011098
MT426918.1	true	3630	4603	0.000000000000	3Seq	ref_D23679	ref_AP011098
MT426917.1	true	3630	4603	0.000000000000	3Seq	ref_D23679	ref_AP011098
MT426916.1	true	3630	4603	0.000000000000	3Seq	ref_D23679	ref_AP011098
MT426915.1	true	3630	4603	0.000000000000	3Seq	ref_D23679	ref_AP011098
MT426914.1	true	3630	4603	0.000000000000	3Seq	ref_D23679	ref_AP011098
MT426913.1	true	3630	4603	0.000000000000	3Seq	ref_D23679	ref_AP011098
MT426912.1	true	3630	4603	0.000000000000	3Seq	ref_D23679	ref_AP011098
MT426911.1	true	3630	4603	0.000000000000	3Seq	ref_D23679	ref_AP011098
MT426910.1	true	3630	4603	0.000000000000	3Seq	ref_D23679	ref_AP011098
MT426909.1	true	3630	4603	0.000000000000	3Seq	ref_D23679	ref_AP011098
MT426908.1	true	3630	4603	0.000000000000	3Seq	ref_D23679	ref_AP011098
MT426907.1	true	3630	4603	0.000000000000	3Seq	ref_D23679	ref_AP011098
MT426906.1	true	3630	4603	0.000000000000	3Seq	ref_D23679	ref_AP011098
MT426905.1	true	3630	4603	0.000000000000	3Seq	ref_D23679	ref_AP011098
MT426904.1	true	3630	4603	0.000000000000	3Seq	ref_D23679	ref_AP011098
MT426903.1	true	3630	4603	0.000000000000	3Seq	ref_D23679	ref_AP011098
MT426902.1	true	3630	4603	0.000000000000	3Seq	ref_D23679	ref_AP011098
MT426901.1	true	3630	4603	0.000000000000	3Seq	ref_D23679	ref_AP011098
MT426900.1	true	3630	4603	0.000000000000	3Seq	ref_D23679	ref_AP011098
MT426899.1	true	3630	4603	0.000000000000	3Seq	ref_D23679	ref_AP011098
MT426898.1	true	3630	4603	0.000000000000	3Seq	ref_D23679	ref_AP011098
MT426897.1	true	3630	4603	0.000000000000	3Seq	ref_D23679	ref_AP011098
MT426896.1	true	3630	4654	0.000000000000	3Seq	ref_D23679	ref_AP011098
MT426895.1	true	3630	4603	0.000000000000	3Seq	ref_D23679	ref_AP011098
MT426894.1	true	3630	4603	0.000000000000	3Seq	ref_D23679	ref_AP011098
MT426893.1	true	3630	4603	0.000000000000	3Seq	ref_D23679	ref_AP011098
MT426892.1	true	3630	4603	0.000000000000	3Seq	ref_D23679	ref_AP011098
MT426891.1	true	3630	4603	0.000000000000	3Seq	ref_D23679	ref_AP011098
MT426890.1	true	3630	4603	0.000000000000	3Seq	ref_D23679	ref_AP011098
MT426889.1	true	3630	4603	0.000000000000	3Seq	ref_D23679	ref_AP011098
MT426888.1	true	3630	4603	0.000000000000	3Seq	ref_D23679	ref_AP011098
MT426887.1	true	3630	4603	0.000000000000	3Seq	ref_D23679	ref_AP011098
MT426886.1	true	3630	4603	0.000000000000	3Seq	ref_D23679	ref_AP011098
MT426885.1	true	3630	4603	0.000000000000	3Seq	ref_D23679	ref_AP011098
MT426884.1	true	3630	4603	0.000000000000	3Seq	ref_D23679	ref_AP011098
MT426883.1	true	3630	4603	0.000000000000	3Seq	ref_D23679	ref_AP011098
MT426882.1	true	3630	4603	0.000000000000	3Seq	ref_D23679	ref_AP011098
MT426881.1	true	3630	4603	0.000000000000	3Seq	ref_D23679	ref_AP011098
MT426880.1	true	3630	4603	0.000000000000	3Seq	ref_D23679	ref_AP011098
MT426879.1	true	3630	4603	0.000000000000	3Seq	ref_D23679	ref_AP011098
MT426878.1	true	3630	4603	0.000000000000	3Seq	ref_D23679	ref_AP011098
MT426877.1	true	3630	4603	0.000000000000	3Seq	ref_D23679	ref_AP011098
MT426876.1	true	3630	4603	0.000000000000	3Seq	ref_D23679	ref_AP011098
MT426875.1	true	3630	4603	0.000000000000	3Seq	ref_D23679	ref_AP011098
MT426874.1	true	3630	4603	0.000000000000	3Seq	ref_D23679	ref_AP011098
MT426873.1	true	3630	4603	0.000000000000	3Seq	ref_D23679	ref_AP011098
MT426872.1	true	3630	4603	0.000000000000	3Seq	ref_D23679	ref_AP011098
MT426871.1	true	3630	4603	0.000000000000	3Seq	ref_D23679	ref_AP011098
MT426870.1	true	3630	4603	0.000000000000	3Seq	ref_D23679	ref_AP011098
MT426869.1	true	3630	4603	0.000000000000	3Seq	ref_D23679	ref_AP011098
MT426868.1	true	3630	4603	0.000000000000	3Seq	ref_D23679	ref_AP011098
MT426867.1	true	3630	4603	0.000000000000	3Seq	ref_D23679	ref_AP011098
MT426866.1	true	3630	4603	0.000000000000	3Seq	ref_D23679	ref_AP011098
MT426865.1	true	3630	4603	0.000000000000	3Seq	ref_D23679	ref_AP011098
MT426864.1	true	3630	4603	0.000000000000	3Seq	ref_D23679	ref_AP011098
MT426863.1	true	3630	4603	0.000000000000	3Seq	ref_D23679	ref_AP011098
MT426862.1	true	3630	4603	0.000000000000	3Seq	ref_D23679	ref_AP011098
MT426861.1	true	3630	4603	0.000000000000	3Seq	ref_D23679	ref_AP011098
MT426860.1	true	3630	4603	0.000000000000	3Seq	ref_D23679	ref_AP011098
MT426859.1	true	3630	4603	0.000000000000	3Seq	ref_D23679	ref_AP011098
MT426529.1	true	4291	5311	0.000000000176	3Seq	ref_AP011099	ref_KF873526
MT426449.1	true	2709	5280	0.000000015771	3Seq	ref_KP168423	ref_KF873526
MT111595.1	true	3752	4603	0.000000000000	3Seq	ref_D23679	ref_KC774182
MT740719.1	true	3630	4330	0.000000000000	3Seq	ref_D23679	ref_AP011098
MN689123.1	true	3174	4588	0.000000000000	3Seq	ref_AB287314	ref_AP011098
MN689122.1	true	3056	4588	0.000000000000	3Seq	ref_AB287314	ref_AP011098
MN689121.1	true	3180	4588	0.000000000000	3Seq	ref_AB287314	ref_AP011098
MN689120.1	true	3211	4588	0.000000000000	3Seq	ref_AB287314	ref_AP011098
MN689119.1	true	3834	4288	0.000000000000	3Seq	ref_AB287314	ref_AP011099
MN689118.1	true	3951	4288	0.000000000000	3Seq	ref_AB287314	ref_AP011099
MN689117.1	true	3951	4289	0.000000000000	3Seq	ref_AB287314	ref_AP011099
LC535944.1	true	3630	4673	0.000000000000	3Seq	ref_D23679	ref_AP011098
LC535943.1	true	3630	4673	0.000000000000	3Seq	ref_D23679	ref_AP011098
LC535941.1	true	3630	4673	0.000000000000	3Seq	ref_D23679	ref_AP011098
LC535940.1	true	3630	4673	0.000000000000	3Seq	ref_D23679	ref_AP011098
LC535929.1	true	3630	4673	0.000000000000	3Seq	ref_D23679	ref_AP011098
LC535920.1	true	3630	4294	0.000000000000	3Seq	ref_D23679	ref_AP011098
LC535911.1	true	3630	4673	0.000000000000	3Seq	ref_D23679	ref_AP011098
LC535910.1	true	3630	4673	0.000000000000	3Seq	ref_D23679	ref_AP011098
LC535909.1	true	3752	4311	0.000000000000	3Seq	ref_D23679	ref_KC774182
JQ688405.1	true	3630	4603	0.000000000000	3Seq	ref_D23679	ref_AP011098
MN535019.1	true	3630	4603	0.000000000000	3Seq	ref_D23679	ref_AP011098
MN535018.1	true	3630	4673	0.000000000000	3Seq	ref_D23679	ref_AP011098
MK286460.1	true	1479	3630	0.000000000000	3Seq	ref_AP011098	ref_D23679
LC500247.1	true	4068	4319	0.000000000050	3Seq	ref_AB073835	ref_FJ692601
LC461175.1	true	4053	4303	0.000000000070	3Seq	ref_AB073835	ref_FJ692601
LC461174.1	true	4053	4303	0.000000000058	3Seq	ref_AB073835	ref_FJ692601
LC456127.1	true	3630	4603	0.000000000000	3Seq	ref_D23679	ref_AP011098
LC456112.1	true	3630	4673	0.000000000000	3Seq	ref_D23679	ref_AP011098
MK818226.1	true	3977	4330	0.000000000000	3Seq	ref_D23679	ref_AP011098
MK818225.1	true	3630	4325	0.000000000000	3Seq	ref_D23679	ref_DQ089802
MK818224.1	true	3977	4311	0.000000000000	3Seq	ref_D23679	ref_KC774182
MK818223.1	true	3977	4603	0.000000000000	3Seq	ref_D23679	ref_AP011098
MK818222.1	true	3977	4673	0.000000000000	3Seq	ref_D23679	ref_AP011098
MK075117.1	true	3630	4603	0.000000000000	3Seq	ref_D23679	ref_AP011098
MK052976.1	true	2184	4290	0.000000000000	3Seq	ref_JQ801514	ref_FJ692507
MK052970.1	true	2425	3639	0.000000000000	3Seq	ref_JQ801514	ref_KC875277
MK052968.1	true	2932	3639	0.000000000000	3Seq	ref_JQ801514	ref_KC875277
MK052967.1	true	2336	3639	0.000000000000	3Seq	ref_JQ801514	ref_KC875277
MK052965.1	true	3514	4603	0.000000000000	3Seq	ref_D23679	ref_AP011098
MK052964.1	true	3630	4603	0.000000000000	3Seq	ref_D23679	ref_AP011098
MK052962.1	true	3630	4603	0.000000000000	3Seq	ref_D23679	ref_AP011098
MH932712.1	true	3973	4303	0.000000000000	3Seq	ref_GU815637	ref_FJ692601
MH663473.1	true	3630	4673	0.000000000000	3Seq	ref_D23679	ref_AP011098
MG571376.1	true	3987	4603	0.000000000000	3Seq	ref_D23679	ref_AP011098
MG571375.1	true	3977	4286	0.000000000000	3Seq	ref_D23679	ref_AP011099
MG571374.1	true	3630	4603	0.000000000000	3Seq	ref_D23679	ref_AP011098
MG571373.1	true	3752	4294	0.000000000000	3Seq	ref_D23679	ref_KC774182
MG571372.1	true	3630	4603	0.000000000000	3Seq	ref_D23679	ref_AP011098
MG571371.1	true	3630	4603	0.000000000000	3Seq	ref_D23679	ref_AP011098
MG571370.1	true	3752	4311	0.000000000000	3Seq	ref_D23679	ref_KC774182
MG571369.1	true	3630	4603	0.000000000000	3Seq	ref_D23679	ref_AP011098
MG571368.1	true	3630	4603	0.000000000000	3Seq	ref_D23679	ref_AP011098
MG571367.1	true	3630	4603	0.000000000000	3Seq	ref_D23679	ref_AP011098
MG571366.1	true	3630	4603	0.000000000000	3Seq	ref_D23679	ref_AP011098
MG571365.1	true	3630	4603	0.000000000000	3Seq	ref_D23679	ref_AP011098
MG571364.1	true	3630	4603	0.000000000000	3Seq	ref_D23679	ref_AP011098
MG571363.1	true	3977	4603	0.000000000000	3Seq	ref_D23679	ref_AP011098
MG571362.1	true	3630	4603	0.000000000000	3Seq	ref_D23679	ref_AP011098
MG571361.1	true	3752	4311	0.000000000000	3Seq	ref_D23679	ref_KC774182
MG571360.1	true	3752	4311	0.000000000000	3Seq	ref_D23679	ref_KC774182
MG571358.1	true	3752	4311	0.000000000000	3Seq	ref_D23679	ref_KC774182
MG571357.1	true	3977	4603	0.000000000000	3Seq	ref_D23679	ref_AP011098
MG571356.1	true	3752	4603	0.000000000000	3Seq	ref_D23679	ref_KC774182
MG571355.1	true	3630	4603	0.000000000000	3Seq	ref_D23679	ref_AP011098
MG571354.1	true	3752	4289	0.000000000000	3Seq	ref_D23679	ref_KC774182
MG571353.1	true	3987	4603	0.000000000000	3Seq	ref_D23679	ref_AP011098
MG571352.1	true	3977	4311	0.000000000000	3Seq	ref_D23679	ref_KC774182
MG571351.1	true	3630	4673	0.000000000000	3Seq	ref_D23679	ref_AP011098
MG571350.1	true	3977	4603	0.000000000000	3Seq	ref_D23679	ref_AP011098
MG571349.1	true	3630	4603	0.000000000000	3Seq	ref_D23679	ref_AP011098
MG571348.1	true	3630	4673	0.000000000000	3Seq	ref_D23679	ref_AP011098
MG571347.1	true	3630	4603	0.000000000000	3Seq	ref_D23679	ref_AP011098
MG571346.1	true	3752	4651	0.000000000000	3Seq	ref_D23679	ref_KC774182
MG571343.1	true	3752	4311	0.000000000000	3Seq	ref_D23679	ref_KC774182
MG571342.1	true	3630	4603	0.000000000000	3Seq	ref_D23679	ref_AP011098
MG571341.1	true	3547	4330	0.000000000000	3Seq	ref_D23679	ref_AP011098
MG571340.1	true	3630	4603	0.000000000000	3Seq	ref_D23679	ref_AP011098
MG571339.1	true	3752	4309	0.000000000000	3Seq	ref_D23679	ref_KC774182
MG372436.1	true	3977	4311	0.000000000000	3Seq	ref_D23679	ref_KC774182
LC416039.1	true	3834	4297	0.000000000000	3Seq	ref_AB287314	ref_AP011099
LC416038.1	true	3834	4297	0.000000000000	3Seq	ref_AB287314	ref_AP011099
LC416037.1	true	3834	4297	0.000000000000	3Seq	ref_AB287314	ref_AP011099
LC416036.1	true	3834	4297	0.000000000000	3Seq	ref_AB287314	ref_AP011099
MH580651.1	true	2580	4254	0.000000001167	3Seq	ref_AB056513	ref_X02763
MH580633.1	true	2580	4298	0.000000000130	3Seq	ref_AB056513	ref_EU594385
MH061283.1	true	3630	4603	0.000000000000	3Seq	ref_D23679	ref_AP011098
MG571338.1	true	3977	4311	0.000000000000	3Seq	ref_D23679	ref_KC774182
MG571337.1	true	3752	4311	0.000000000000	3Seq	ref_D23679	ref_KC774182
MG571336.1	true	3752	4311	0.000000000000	3Seq	ref_D23679	ref_KC774182
MG571334.1	true	3630	4328	0.000000000000	3Seq	ref_D23679	ref_AP011098
MG571333.1	true	3752	4311	0.000000000000	3Seq	ref_D23679	ref_KC774182
MG571331.1	true	3752	4603	0.000000000000	3Seq	ref_D23679	ref_KC774182
MG571330.1	true	3630	4603	0.000000000000	3Seq	ref_D23679	ref_AP011098
MG571329.1	true	3977	4297	0.000000000000	3Seq	ref_D23679	ref_AP011099
MG571328.1	true	3630	4603	0.000000000000	3Seq	ref_D23679	ref_AP011098
MG571327.1	true	3630	4673	0.000000000000	3Seq	ref_D23679	ref_AP011098
MG571326.1	true	3977	4297	0.000000000000	3Seq	ref_D23679	ref_AP011099
MG571325.1	true	3977	4311	0.000000000000	3Seq	ref_D23679	ref_KC774182
MG571324.1	true	3977	4678	0.000000000000	3Seq	ref_D23679	ref_AP011098
MG571323.1	true	3630	4330	0.000000000000	3Seq	ref_D23679	ref_AP011098
MG571322.1	true	3630	4603	0.000000000000	3Seq	ref_D23679	ref_AP011098
MG571321.1	true	3630	4673	0.000000000000	3Seq	ref_D23679	ref_AP011098
LC365289.1	true	3630	4673	0.000000000000	3Seq	ref_D23679	ref_AP011098
LC349879.1	true	3834	4297	0.000000000000	3Seq	ref_AB287314	ref_AP011099
LC349878.1	true	3731	4609	0.000000000000	3Seq	ref_AB287314	ref_GQ377617
LC349877.1	true	3951	4289	0.000000000000	3Seq	ref_AB287314	ref_AP011099
LC349876.1	true	3834	4297	0.000000000000	3Seq	ref_AB287314	ref_AP011099
LC349875.1	true	3834	4297	0.000000000000	3Seq	ref_AB287314	ref_AP011099
LC349874.1	true	3951	4297	0.000000000000	3Seq	ref_AB287314	ref_AP011099
LC349873.1	true	3834	4297	0.000000000000	3Seq	ref_AB287314	ref_AP011099
LC349872.1	true	3834	4297	0.000000000000	3Seq	ref_AB287314	ref_AP011099
LC349871.1	true	3834	4297	0.000000000000	3Seq	ref_AB287314	ref_AP011099
LC349870.1	true	3834	4288	0.000000000000	3Seq	ref_AB287314	ref_AP011099
LC349869.1	true	3951	4297	0.000000000000	3Seq	ref_AB287314	ref_AP011099
LC349868.1	true	3718	4300	0.000000000000	3Seq	ref_AB287314	ref_KJ173333
LC318704.1	true	3630	4603	0.000000000000	3Seq	ref_D23679	ref_AP011098
KY417926.1	true	3977	4673	0.000000000000	3Seq	ref_D23679	ref_AP011098
KT749820.1	true	3977	4603	0.000000000000	3Seq	ref_D23679	ref_AP011098
KY881958.1	true	3834	4288	0.000000000000	3Seq	ref_AB287314	ref_AP011099
KY881957.1	true	3834	4288	0.000000000000	3Seq	ref_AB287314	ref_AP011099
KY881956.1	true	3834	4288	0.000000000000	3Seq	ref_AB287314	ref_AP011099
KY881955.1	true	3834	4288	0.000000000000	3Seq	ref_AB287314	ref_AP011099
KY881954.1	true	3834	4288	0.000000000000	3Seq	ref_AB287314	ref_AP011099
KY881953.1	true	3718	4588	0.000000000000	3Seq	ref_AB287314	ref_AP011098
KY881952.1	true	3834	4288	0.000000000000	3Seq	ref_AB287314	ref_AP011099
KY881951.1	true	3834	4288	0.000000000000	3Seq	ref_AB287314	ref_AP011099
KY881950.1	true	3834	4288	0.000000000000	3Seq	ref_AB287314	ref_AP011099
KY881949.1	true	3834	4288	0.000000000000	3Seq	ref_AB287314	ref_AP011099
KY881948.1	true	3834	4288	0.000000000000	3Seq	ref_AB287314	ref_AP011099
KY881947.1	true	3834	4288	0.000000000000	3Seq	ref_AB287314	ref_AP011099
KY881946.1	true	3834	4288	0.000000000000	3Seq	ref_AB287314	ref_AP011099
KY881945.1	true	3834	4288	0.000000000000	3Seq	ref_AB287314	ref_AP011099
KY881944.1	true	3834	4288	0.000000000000	3Seq	ref_AB287314	ref_AP011099
KY881914.1	true	3977	4603	0.000000000000	3Seq	ref_D23679	ref_AP011098
KY881913.1	true	3977	4603	0.000000000000	3Seq	ref_D23679	ref_AP011098
KY881912.1	true	3977	4603	0.000000000000	3Seq	ref_D23679	ref_AP011098
KY881911.1	true	3977	4603	0.000000000000	3Seq	ref_D23679	ref_AP011098
KY881910.1	true	3977	4603	0.000000000000	3Seq	ref_D23679	ref_AP011098
KY881909.1	true	3977	4603	0.000000000000	3Seq	ref_D23679	ref_AP011098
KY881908.1	true	3977	4603	0.000000000000	3Seq	ref_D23679	ref_AP011098
KY881907.1	true	3977	4603	0.000000000000	3Seq	ref_D23679	ref_AP011098
KY881906.1	true	3630	4603	0.000000000000	3Seq	ref_D23679	ref_AP011098
KY881905.1	true	3977	4603	0.000000000000	3Seq	ref_D23679	ref_AP011098
KY881904.1	true	3977	4603	0.000000000000	3Seq	ref_D23679	ref_AP011098
KY881903.1	true	3977	4603	0.000000000000	3Seq	ref_D23679	ref_AP011098
KY881902.1	true	3977	4603	0.000000000000	3Seq	ref_D23679	ref_AP011098
KY881901.1	true	3977	4603	0.000000000000	3Seq	ref_D23679	ref_AP011098
KY881900.1	true	3977	4603	0.000000000000	3Seq	ref_D23679	ref_AP011098
KY881899.1	true	3977	4603	0.000000000000	3Seq	ref_D23679	ref_AP011098
KY881898.1	true	3977	4603	0.000000000000	3Seq	ref_D23679	ref_AP011098
KY881897.1	true	3977	4603	0.000000000000	3Seq	ref_D23679	ref_AP011098
KY881896.1	true	3977	4603	0.000000000000	3Seq	ref_D23679	ref_AP011098
KY881895.1	true	3977	4603	0.000000000000	3Seq	ref_D23679	ref_AP011098
KY881894.1	true	3977	4603	0.000000000000	3Seq	ref_D23679	ref_AP011098
KY881893.1	true	3977	4603	0.000000000000	3Seq	ref_D23679	ref_AP011098
MF674515.1	true	3630	4673	0.000000000000	3Seq	ref_D23679	ref_AP011098
KY881869.1	true	3977	4603	0.000000000000	3Seq	ref_D23679	ref_AP011098
KY881868.1	true	3977	4603	0.000000000000	3Seq	ref_D23679	ref_AP011098
KY881866.1	true	3977	4603	0.000000000000	3Seq	ref_D23679	ref_AP011098
KY881865.1	true	3977	4294	0.000000000000	3Seq	ref_D23679	ref_KC774182
KY881863.1	true	3977	4603	0.000000000000	3Seq	ref_D23679	ref_AP011098
KY881862.1	true	3977	4686	0.000000000000	3Seq	ref_D23679	ref_AP011098
KY881861.1	true	3630	4603	0.000000000000	3Seq	ref_D23679	ref_AP011098
KY881860.1	true	3977	4603	0.000000000000	3Seq	ref_D23679	ref_AP011098
KY881859.1	true	3977	4603	0.000000000000	3Seq	ref_D23679	ref_AP011098
KY881858.1	true	3977	4603	0.000000000000	3Seq	ref_D23679	ref_AP011098
KY881857.1	true	3977	4603	0.000000000000	3Seq	ref_D23679	ref_AP011098
KY881856.1	true	3977	4603	0.000000000000	3Seq	ref_D23679	ref_AP011098
KY881855.1	true	3977	4603	0.000000000000	3Seq	ref_D23679	ref_AP011098
KY881854.1	true	3977	4603	0.000000000000	3Seq	ref_D23679	ref_AP011098
KY881853.1	true	3977	4294	0.000000000000	3Seq	ref_D23679	ref_KC774182
KY881852.1	true	3977	4603	0.000000000000	3Seq	ref_D23679	ref_AP011098
KY881851.1	true	3977	4603	0.000000000000	3Seq	ref_D23679	ref_AP011098
KY881850.1	true	3630	4603	0.000000000000	3Seq	ref_D23679	ref_AP011098
KY881849.1	true	3977	4294	0.000000000000	3Seq	ref_D23679	ref_KC774182
KY881848.1	true	3630	4603	0.000000000000	3Seq	ref_D23679	ref_AP011098
KY881847.1	true	3977	4603	0.000000000000	3Seq	ref_D23679	ref_AP011098
KY881846.1	true	3977	4603	0.000000000000	3Seq	ref_D23679	ref_AP011098
KY881845.1	true	3977	4294	0.000000000000	3Seq	ref_D23679	ref_KC774182
KY881844.1	true	3977	4603	0.000000000000	3Seq	ref_D23679	ref_AP011098
KY881843.1	true	3977	4673	0.000000000000	3Seq	ref_D23679	ref_AP011098
KY881842.1	true	3977	4673	0.000000000000	3Seq	ref_D23679	ref_AP011098
KY881841.1	true	3977	4673	0.000000000000	3Seq	ref_D23679	ref_AP011098
KY881839.1	true	3977	4673	0.000000000000	3Seq	ref_D23679	ref_AP011098
KY881838.1	true	3977	4673	0.000000000000	3Seq	ref_D23679	ref_AP011098
KY881837.1	true	3977	4673	0.000000000000	3Seq	ref_D23679	ref_AP011098
KY881836.1	true	3977	4673	0.000000000000	3Seq	ref_D23679	ref_AP011098
KY881835.1	true	3977	4673	0.000000000000	3Seq	ref_D23679	ref_AP011098
KY881834.1	true	3977	4673	0.000000000000	3Seq	ref_D23679	ref_AP011098
KY881833.1	true	3977	4673	0.000000000000	3Seq	ref_D23679	ref_AP011098
KY881831.1	true	3977	4673	0.000000000000	3Seq	ref_D23679	ref_AP011098
KY881830.1	true	3977	4673	0.000000000000	3Seq	ref_D23679	ref_AP011098
KY881829.1	true	3977	4673	0.000000000000	3Seq	ref_D23679	ref_AP011098
KY881828.1	true	3977	4673	0.000000000000	3Seq	ref_D23679	ref_AP011098
KY881827.1	true	3977	4673	0.000000000000	3Seq	ref_D23679	ref_AP011098
KY881826.1	true	3977	4673	0.000000000000	3Seq	ref_D23679	ref_AP011098
KY881825.1	true	3977	4673	0.000000000000	3Seq	ref_D23679	ref_AP011098
KY881824.1	true	3977	4673	0.000000000000	3Seq	ref_D23679	ref_AP011098
KY881823.1	true	3977	4673	0.000000000000	3Seq	ref_D23679	ref_AP011098
KY881822.1	true	3977	4673	0.000000000000	3Seq	ref_D23679	ref_AP011098
KY881821.1	true	3977	4673	0.000000000000	3Seq	ref_D23679	ref_AP011098
KY881820.1	true	3977	4673	0.000000000000	3Seq	ref_D23679	ref_AP011098
KY881808.1	true	3630	4603	0.000000000000	3Seq	ref_D23679	ref_AP011098
KY881801.1	true	3630	4603	0.000000000000	3Seq	ref_D23679	ref_AP011098
KY881800.1	true	3630	4603	0.000000000000	3Seq	ref_D23679	ref_AP011098
KY881799.1	true	3630	4603	0.000000000000	3Seq	ref_D23679	ref_AP011098
KY881798.1	true	3630	4603	0.000000000000	3Seq	ref_D23679	ref_AP011098
KY881797.1	true	3630	4603	0.000000000000	3Seq	ref_D23679	ref_AP011098
KY881796.1	true	3630	4603	0.000000000000	3Seq	ref_D23679	ref_AP011098
KY881795.1	true	3630	4603	0.000000000000	3Seq	ref_D23679	ref_AP011098
KY881794.1	true	3752	4603	0.000000000000	3Seq	ref_D23679	ref_KC774182
KY881793.1	true	3630	4603	0.000000000000	3Seq	ref_D23679	ref_AP011098
KY881792.1	true	3630	4647	0.000000000000	3Seq	ref_D23679	ref_AP011098
KY881791.1	true	3630	4603	0.000000000000	3Seq	ref_D23679	ref_AP011098
KY881790.1	true	3630	4603	0.000000000000	3Seq	ref_D23679	ref_AP011098
KY881789.1	true	3630	4673	0.000000000000	3Seq	ref_D23679	ref_AP011098
KY881788.1	true	3630	4603	0.000000000000	3Seq	ref_D23679	ref_AP011098
KY881786.1	true	3630	4603	0.000000000000	3Seq	ref_D23679	ref_AP011098
KY881785.1	true	3630	4673	0.000000000000	3Seq	ref_D23679	ref_AP011098
KY881784.1	true	3630	4603	0.000000000000	3Seq	ref_D23679	ref_AP011098
KY881783.1	true	3630	4603	0.000000000000	3Seq	ref_D23679	ref_AP011098
KY881782.1	true	3630	4603	0.000000000000	3Seq	ref_D23679	ref_AP011098
KY881781.1	true	3630	4603	0.000000000000	3Seq	ref_D23679	ref_AP011098
KY881780.1	true	3630	4603	0.000000000000	3Seq	ref_D23679	ref_AP011098
KY881779.1	true	3630	4603	0.000000000000	3Seq	ref_D23679	ref_AP011098
KY881778.1	true	3630	4603	0.000000000000	3Seq	ref_D23679	ref_AP011098
KY881761.1	true	3630	4603	0.000000000000	3Seq	ref_D23679	ref_AP011098
KY881760.1	true	3630	4603	0.000000000000	3Seq	ref_D23679	ref_AP011098
KY881759.1	true	3630	4603	0.000000000000	3Seq	ref_D23679	ref_AP011098
KY881757.1	true	3630	4603	0.000000000000	3Seq	ref_D23679	ref_AP011098
KY881756.1	true	3630	4603	0.000000000000	3Seq	ref_D23679	ref_AP011098
KY881753.1	true	3630	4603	0.000000000000	3Seq	ref_D23679	ref_AP011098
KY881752.1	true	3630	4603	0.000000000000	3Seq	ref_D23679	ref_AP011098
KY881747.1	true	3630	4603	0.000000000000	3Seq	ref_D23679	ref_AP011098
KY881746.1	true	3630	4603	0.000000000000	3Seq	ref_D23679	ref_AP011098
KY881745.1	true	3630	4603	0.000000000000	3Seq	ref_D23679	ref_AP011098
KY881741.1	true	3630	4603	0.000000000000	3Seq	ref_D23679	ref_AP011098
KY881740.1	true	3630	4603	0.000000000000	3Seq	ref_D23679	ref_AP011098
KY881735.1	true	3630	4603	0.000000000000	3Seq	ref_D23679	ref_AP011098
KY881734.1	true	3630	4603	0.000000000000	3Seq	ref_D23679	ref_AP011098
KY881733.1	true	3630	4603	0.000000000000	3Seq	ref_D23679	ref_AP011098
KY881732.1	true	3630	4603	0.000000000000	3Seq	ref_D23679	ref_AP011098
KY881731.1	true	3630	4603	0.000000000000	3Seq	ref_D23679	ref_AP011098
KY881730.1	true	3630	4603	0.000000000000	3Seq	ref_D23679	ref_AP011098
KY881729.1	true	3630	4603	0.000000000000	3Seq	ref_D23679	ref_AP011098
KY881728.1	true	3630	4603	0.000000000000	3Seq	ref_D23679	ref_AP011098
KY881727.1	true	3630	4603	0.000000000000	3Seq	ref_D23679	ref_AP011098
KY881726.1	true	3630	4603	0.000000000000	3Seq	ref_D23679	ref_AP011098
KY881725.1	true	3630	4603	0.000000000000	3Seq	ref_D23679	ref_AP011098
KY881724.1	true	3630	4603	0.000000000000	3Seq	ref_D23679	ref_AP011098
KY881723.1	true	3630	4603	0.000000000000	3Seq	ref_D23679	ref_AP011098
KY881722.1	true	3630	4603	0.000000000000	3Seq	ref_D23679	ref_AP011098
KY881721.1	true	3630	4603	0.000000000000	3Seq	ref_D23679	ref_AP011098
KX774505.1	false	0	0				
KX765856.1	false	0	0				
KX765854.1	false	0	0				
KX765841.1	false	0	0				
MF674513.1	true	3630	4673	0.000000000000	3Seq	ref_D23679	ref_AP011098
MF674512.1	true	3752	4603	0.000000000000	3Seq	ref_D23679	ref_KC774182
MF674511.1	true	3630	4673	0.000000000000	3Seq	ref_D23679	ref_AP011098
MF674510.1	true	3630	4673	0.000000000000	3Seq	ref_D23679	ref_AP011098
MF674509.1	true	3630	4673	0.000000000000	3Seq	ref_D23679	ref_AP011098
MF674508.1	true	3630	4328	0.000000000000	3Seq	ref_D23679	ref_AP011098
MF674507.1	true	3630	4678	0.000000000000	3Seq	ref_D23679	ref_AP011098
MF674506.1	true	3752	4311	0.000000000000	3Seq	ref_D23679	ref_KC774182
MF674505.1	true	3977	4673	0.000000000000	3Seq	ref_D23679	ref_AP011098
MF674503.1	true	3630	4603	0.000000000000	3Seq	ref_D23679	ref_AP011098
MF674500.1	true	3630	4673	0.000000000000	3Seq	ref_D23679	ref_AP011098
MF674499.1	true	3630	4330	0.000000000000	3Seq	ref_D23679	ref_AP011098
MF674498.1	true	3630	4673	0.000000000000	3Seq	ref_D23679	ref_AP011098
MF674497.1	true	3630	4673	0.000000000000	3Seq	ref_D23679	ref_AP011098
MF674496.1	true	3630	4673	0.000000000000	3Seq	ref_D23679	ref_AP011098
MF674495.1	true	3630	4673	0.000000000000	3Seq	ref_D23679	ref_AP011098
MF674493.1	true	3630	4673	0.000000000000	3Seq	ref_D23679	ref_AP011098
MF674492.1	true	3630	4330	0.000000000000	3Seq	ref_D23679	ref_AP011098
MF674491.1	true	3630	4673	0.000000000000	3Seq	ref_D23679	ref_AP011098
MF674490.1	true	3630	4673	0.000000000000	3Seq	ref_D23679	ref_AP011098
MF674488.1	true	3630	4673	0.000000000000	3Seq	ref_D23679	ref_AP011098
MF674487.1	true	3923	4673	0.000000000000	3Seq	ref_D23679	ref_AP011098
MF674485.1	true	3752	4603	0.000000000000	3Seq	ref_D23679	ref_KC774182
MF674483.1	true	3630	4673	0.000000000000	3Seq	ref_D23679	ref_AP011098
MF674482.1	true	3630	4673	0.000000000000	3Seq	ref_D23679	ref_AP011098
MF674481.1	true	3630	4673	0.000000000000	3Seq	ref_D23679	ref_AP011098
MF674480.1	true	3752	4603	0.000000000000	3Seq	ref_D23679	ref_KC774182
MF674479.1	true	3630	4673	0.000000000000	3Seq	ref_D23679	ref_AP011098
MF674478.1	true	3977	4673	0.000000000000	3Seq	ref_D23679	ref_AP011098
MF674476.1	true	3923	4673	0.000000000000	3Seq	ref_D23679	ref_AP011098
MF674473.1	true	3630	4328	0.000000000000	3Seq	ref_D23679	ref_AP011098
MF674470.1	true	3630	4673	0.000000000000	3Seq	ref_D23679	ref_AP011098
MF674469.1	true	3630	4673	0.000000000000	3Seq	ref_D23679	ref_AP011098
MF674466.1	true	3630	4330	0.000000000000	3Seq	ref_D23679	ref_AP011098
MF674465.1	true	3977	4565	0.000000000000	3Seq	ref_D23679	ref_AP011098
MF674464.1	true	3977	4673	0.000000000000	3Seq	ref_D23679	ref_AP011098
MF674462.1	true	3630	4673	0.000000000000	3Seq	ref_D23679	ref_AP011098
MF674461.1	true	3630	4673	0.000000000000	3Seq	ref_D23679	ref_AP011098
MF674460.1	true	3630	4673	0.000000000000	3Seq	ref_D23679	ref_AP011098
MF674459.1	true	3630	4673	0.000000000000	3Seq	ref_D23679	ref_AP011098
MF674456.1	true	3630	4603	0.000000000000	3Seq	ref_D23679	ref_AP011098
MF674455.1	true	3630	4673	0.000000000000	3Seq	ref_D23679	ref_AP011098
MF674453.1	true	3630	4673	0.000000000000	3Seq	ref_D23679	ref_AP011098
MF674452.1	true	3630	4673	0.000000000000	3Seq	ref_D23679	ref_AP011098
MF674451.1	true	3630	4673	0.000000000000	3Seq	ref_D23679	ref_AP011098
MF674450.1	true	3630	4673	0.000000000000	3Seq	ref_D23679	ref_AP011098
MF674449.1	true	3630	4603	0.000000000000	3Seq	ref_D23679	ref_AP011098
MF674448.1	true	3630	4330	0.000000000000	3Seq	ref_D23679	ref_AP011098
MF674447.1	true	3630	4673	0.000000000000	3Seq	ref_D23679	ref_AP011098
MF674446.1	true	3630	4330	0.000000000000	3Seq	ref_D23679	ref_AP011098
MF674445.1	true	3630	4330	0.000000000000	3Seq	ref_D23679	ref_AP011098
MF674443.1	true	3630	4673	0.000000000000	3Seq	ref_D23679	ref_AP011098
MF674441.1	true	3630	4673	0.000000000000	3Seq	ref_D23679	ref_AP011098
MF674440.1	true	3630	4328	0.000000000000	3Seq	ref_D23679	ref_AP011098
MF674439.1	true	3718	4330	0.000000000000	3Seq	ref_D23679	ref_AP011098
MF674438.1	true	3630	4673	0.000000000000	3Seq	ref_D23679	ref_AP011098
MF674437.1	true	3630	4673	0.000000000000	3Seq	ref_D23679	ref_AP011098
MF674436.1	true	3977	4678	0.000000000000	3Seq	ref_D23679	ref_AP011098
MF674434.1	true	3630	4673	0.000000000000	3Seq	ref_D23679	ref_AP011098
MF674433.1	true	3630	4673	0.000000000000	3Seq	ref_D23679	ref_AP011098
MF674432.1	true	3630	4686	0.000000000000	3Seq	ref_D23679	ref_AP011098
MF674431.1	true	3630	4673	0.000000000000	3Seq	ref_D23679	ref_AP011098
MF674427.1	true	3630	4603	0.000000000000	3Seq	ref_D23679	ref_AP011098
MF674426.1	true	3630	4603	0.000000000000	3Seq	ref_D23679	ref_AP011098
MF674424.1	true	3630	4673	0.000000000000	3Seq	ref_D23679	ref_AP011098
MF674423.1	true	3630	4673	0.000000000000	3Seq	ref_D23679	ref_AP011098
MF674422.1	true	3752	4311	0.000000000000	3Seq	ref_D23679	ref_KC774182
MF674421.1	true	3630	4673	0.000000000000	3Seq	ref_D23679	ref_AP011098
MF674420.1	true	3630	4686	0.000000000000	3Seq	ref_D23679	ref_AP011098
MF674419.1	true	3630	4673	0.000000000000	3Seq	ref_D23679	ref_AP011098
MF674416.1	true	3630	4673	0.000000000000	3Seq	ref_D23679	ref_AP011098
MF674415.1	true	3977	4330	0.000000000000	3Seq	ref_D23679	ref_AP011098
MF674414.1	true	3630	4328	0.000000000000	3Seq	ref_D23679	ref_AP011098
MF674413.1	true	3630	4673	0.000000000000	3Seq	ref_D23679	ref_AP011098
MF674410.1	true	3630	4673	0.000000000000	3Seq	ref_D23679	ref_AP011098
MF674409.1	true	3630	4673	0.000000000000	3Seq	ref_D23679	ref_AP011098
MF674407.1	true	3630	4673	0.000000000000	3Seq	ref_D23679	ref_AP011098
MF674406.1	true	3630	4330	0.000000000000	3Seq	ref_D23679	ref_AP011098
MF674405.1	true	3630	4673	0.000000000000	3Seq	ref_D23679	ref_AP011098
MF674404.1	true	3630	4603	0.000000000000	3Seq	ref_D23679	ref_AP011098
MF674401.1	true	3630	4673	0.000000000000	3Seq	ref_D23679	ref_AP011098
MF674400.1	true	3630	4673	0.000000000000	3Seq	ref_D23679	ref_AP011098
MF674397.1	true	3630	4673	0.000000000000	3Seq	ref_D23679	ref_AP011098
MF674396.1	true	3630	4330	0.000000000000	3Seq	ref_D23679	ref_AP011098
MF674395.1	true	3630	4673	0.000000000000	3Seq	ref_D23679	ref_AP011098
MF674394.1	true	3630	4673	0.000000000000	3Seq	ref_D23679	ref_AP011098
MF674393.1	true	3630	4673	0.000000000000	3Seq	ref_D23679	ref_AP011098
MF674392.1	true	3630	4673	0.000000000000	3Seq	ref_D23679	ref_AP011098
MF674391.1	true	3630	4603	0.000000000000	3Seq	ref_D23679	ref_AP011098
MF674389.1	true	3630	4673	0.000000000000	3Seq	ref_D23679	ref_AP011098
MF674387.1	true	3630	4673	0.000000000000	3Seq	ref_D23679	ref_AP011098
MF674385.1	true	3630	4330	0.000000000000	3Seq	ref_D23679	ref_AP011098
MF674383.1	true	3630	4673	0.000000000000	3Seq	ref_D23679	ref_AP011098
MF674382.1	true	3630	4673	0.000000000000	3Seq	ref_D23679	ref_AP011098
LC064381.1	true	3630	4673	0.000000000000	3Seq	ref_D23679	ref_AP011098
LC064380.1	true	3630	4330	0.000000000000	3Seq	ref_D23679	ref_AP011098
LC064378.1	true	3977	4673	0.000000000000	3Seq	ref_D23679	ref_AP011098
LC064377.1	true	3630	4330	0.000000000000	3Seq	ref_D23679	ref_AP011098
LC064376.1	true	3630	4673	0.000000000000	3Seq	ref_D23679	ref_AP011098
LC064375.1	true	3630	4673	0.000000000000	3Seq	ref_D23679	ref_AP011098
LC064374.1	true	3630	4673	0.000000000000	3Seq	ref_D23679	ref_AP011098
LC064373.1	true	3630	4673	0.000000000000	3Seq	ref_D23679	ref_AP011098
LC064372.1	true	3630	4294	0.000000000000	3Seq	ref_D23679	ref_AP011098
LC064371.1	true	3630	4673	0.000000000000	3Seq	ref_D23679	ref_AP011098
LC064370.1	true	3630	4673	0.000000000000	3Seq	ref_D23679	ref_AP011098
LC064369.1	true	3630	4330	0.000000000000	3Seq	ref_D23679	ref_AP011098
LC064368.1	true	3630	4673	0.000000000000	3Seq	ref_D23679	ref_AP011098
LC064367.1	true	3630	4330	0.000000000000	3Seq	ref_D23679	ref_AP011098
LC064366.1	true	3629	4330	0.000000000000	3Seq	ref_D23679	ref_AP011098
LC063767.1	true	3630	4673	0.000000000000	3Seq	ref_D23679	ref_AP011098
LC060790.1	true	3630	4330	0.000000000000	3Seq	ref_D23679	ref_AP011098
LC060789.1	true	3977	4330	0.000000000000	3Seq	ref_D23679	ref_AP011098
LC057378.1	true	3630	4330	0.000000000000	3Seq	ref_D23679	ref_AP011098
LC057377.1	true	3630	4330	0.000000000000	3Seq	ref_D23679	ref_AP011098
KY629636.1	true	3630	4603	0.000000000000	3Seq	ref_D23679	ref_AP011098
KY629635.1	true	3630	4603	0.000000000000	3Seq	ref_D23679	ref_AP011098
KY470964.1	true	3630	4603	0.000000000000	3Seq	ref_D23679	ref_AP011098
KY470963.1	true	3630	4603	0.000000000000	3Seq	ref_D23679	ref_AP011098
KY470962.1	true	3630	4603	0.000000000000	3Seq	ref_D23679	ref_AP011098
KY470961.1	true	3630	4603	0.000000000000	3Seq	ref_D23679	ref_AP011098
KY470960.1	true	3630	4603	0.000000000000	3Seq	ref_D23679	ref_AP011098
KY470959.1	true	3630	4603	0.000000000000	3Seq	ref_D23679	ref_AP011098
KY470958.1	true	3630	4603	0.000000000000	3Seq	ref_D23679	ref_AP011098
KY470957.1	true	3630	4603	0.000000000000	3Seq	ref_D23679	ref_AP011098
KY470956.1	true	3630	4603	0.000000000000	3Seq	ref_D23679	ref_AP011098
KY470955.1	true	3630	4603	0.000000000000	3Seq	ref_D23679	ref_AP011098
KY470953.1	true	3630	4603	0.000000000000	3Seq	ref_D23679	ref_AP011098
KY470914.1	false	0	0				
KY470874.1	true	4251	5192	0.000000046929	3Seq	ref_AP011099	ref_AB562463
KY470842.1	true	3541	4673	0.000000000000	3Seq	ref_D23679	ref_AP011098
KY470841.1	true	3541	4673	0.000000000000	3Seq	ref_D23679	ref_AP011098
KY470840.1	true	3541	4673	0.000000000000	3Seq	ref_D23679	ref_AP011098
KY470839.1	true	3541	4673	0.000000000000	3Seq	ref_D23679	ref_AP011098
KY470838.1	true	3541	4673	0.000000000000	3Seq	ref_D23679	ref_AP011098
KY470837.1	true	3541	4673	0.000000000000	3Seq	ref_D23679	ref_AP011098
KY470836.1	true	3541	4673	0.000000000000	3Seq	ref_D23679	ref_AP011098
KY470835.1	true	3541	4673	0.000000000000	3Seq	ref_D23679	ref_AP011098
KY470834.1	true	3541	4673	0.000000000000	3Seq	ref_D23679	ref_AP011098
KY470833.1	true	3541	4673	0.000000000000	3Seq	ref_D23679	ref_AP011098
KY470832.1	true	3541	4673	0.000000000000	3Seq	ref_D23679	ref_AP011098
KY470831.1	true	3541	4673	0.000000000000	3Seq	ref_D23679	ref_AP011098
KY470830.1	true	3541	4673	0.000000000000	3Seq	ref_D23679	ref_AP011098
KU234318.1	true	3630	4673	0.000000000000	3Seq	ref_D23679	ref_AP011098
KP659255.1	false	0	0				
KP659254.1	false	0	0				
KP659253.1	true	3973	4303	0.000000001947	3Seq	ref_AP011085	ref_FJ692601
KP659252.1	true	4105	4298	0.000000000494	3Seq	ref_AP011085	ref_KP168423
KP659251.1	true	4174	4309	0.000000043814	3Seq	ref_AP011085	ref_GQ331046
KP659250.1	true	4015	4303	0.000000002754	3Seq	ref_AP011085	ref_FJ692601
KP659249.1	true	4174	4301	0.000000002130	3Seq	ref_AP011085	ref_KM606737
KP659248.1	true	4133	4298	0.000000022883	3Seq	ref_AP011085	ref_KP168423
KP659247.1	true	3973	4303	0.000000000331	3Seq	ref_AP011085	ref_FJ692601
KP659246.1	true	3973	4303	0.000000001380	3Seq	ref_AP011085	ref_FJ692601
KP659245.1	true	4105	4298	0.000000000088	3Seq	ref_AP011085	ref_KP168423
KP659244.1	true	4105	4298	0.000000000586	3Seq	ref_AP011085	ref_KP168423
KP659243.1	true	4105	4271	0.000000009139	3Seq	ref_AP011085	ref_KP168423
KP659242.1	true	3973	4303	0.000000011456	3Seq	ref_AP011085	ref_FJ692601
KP659241.1	false	0	0				
KP659240.1	true	4174	4301	0.000000002884	3Seq	ref_AP011085	ref_KM606737
KP659239.1	true	4133	4301	0.000000000259	3Seq	ref_AP011085	ref_KM606737
KP659238.1	false	0	0				
KP659237.1	true	3973	4303	0.000000000607	3Seq	ref_AP011085	ref_FJ692601
KP659236.1	true	4111	4301	0.000000002965	3Seq	ref_AP011085	ref_EU594385
KP659235.1	true	3973	4303	0.000000000552	3Seq	ref_AP011085	ref_FJ692601
KP659234.1	true	3973	4303	0.000000000607	3Seq	ref_AP011085	ref_FJ692601
KP659233.1	true	3973	4303	0.000000000341	3Seq	ref_AP011085	ref_FJ692601
KP659232.1	true	4174	4303	0.000000001796	3Seq	ref_AP011085	ref_FJ692601
KP659231.1	true	3973	4303	0.000000000448	3Seq	ref_AP011085	ref_FJ692601
KP659230.1	true	4174	4303	0.000000046965	3Seq	ref_AP011085	ref_FJ692601
KP659226.1	false	0	0				
KP659225.1	false	0	0				
KP659224.1	true	4048	4319	0.000000003836	3Seq	ref_AP011085	ref_FJ692601
KP659223.1	true	4105	4298	0.000000000353	3Seq	ref_AP011085	ref_KP168423
KP659222.1	true	3973	4303	0.000000006965	3Seq	ref_AP011085	ref_FJ692601
KP659221.1	true	4174	4287	0.000000031959	3Seq	ref_AP011085	ref_FJ692533
KP659220.1	true	4174	4271	0.000000059365	3Seq	ref_AP011085	ref_GQ331046
KP659219.1	true	4105	4298	0.000000001228	3Seq	ref_AP011085	ref_KP168423
JN642155.1	true	3123	4266	0.000000034707	3Seq	ref_FJ904435	ref_GQ161817
KU736903.1	true	2580	4254	0.000000000356	3Seq	ref_AB056513	ref_X02763
KP148583.1	true	3630	4673	0.000000000000	3Seq	ref_D23679	ref_AP011098
KP148582.1	true	3630	4603	0.000000000000	3Seq	ref_D23679	ref_AP011098
KP148581.1	true	3630	4603	0.000000000000	3Seq	ref_D23679	ref_AP011098
KP148580.1	true	3630	4603	0.000000000000	3Seq	ref_D23679	ref_AP011098
KP148579.1	true	3630	4603	0.000000000000	3Seq	ref_D23679	ref_AP011098
KP148461.1	true	3834	4288	0.000000000000	3Seq	ref_AB287314	ref_AP011099
KP148460.1	true	3834	4288	0.000000000000	3Seq	ref_AB287314	ref_AP011099
KP148459.1	true	3834	4288	0.000000000000	3Seq	ref_AB287314	ref_AP011099
KP148458.1	true	3834	4288	0.000000000000	3Seq	ref_AB287314	ref_AP011099
KP148457.1	true	3834	4288	0.000000000000	3Seq	ref_AB287314	ref_AP011099
KP148456.1	true	3834	4288	0.000000000000	3Seq	ref_AB287314	ref_AP011099
KP148455.1	true	3834	4288	0.000000000000	3Seq	ref_AB287314	ref_AP011099
KP148454.1	true	3834	4288	0.000000000000	3Seq	ref_AB287314	ref_AP011099
KP148453.1	true	3663	4288	0.000000000000	3Seq	ref_AB287314	ref_AP011099
KP148452.1	true	3663	4288	0.000000000000	3Seq	ref_AB287314	ref_AP011099
KP148451.1	true	3834	4288	0.000000000000	3Seq	ref_AB287314	ref_AP011099
KP148440.1	true	3834	4288	0.000000000000	3Seq	ref_AB287314	ref_AP011099
KP148439.1	true	3834	4288	0.000000000000	3Seq	ref_AB287314	ref_AP011099
KP148438.1	true	3834	4288	0.000000000000	3Seq	ref_AB287314	ref_AP011099
KP148437.1	true	3718	4347	0.000000000000	3Seq	ref_AB287314	ref_DQ089802
KP148436.1	true	3834	4288	0.000000000000	3Seq	ref_AB287314	ref_AP011099
KP148435.1	true	3834	4288	0.000000000000	3Seq	ref_AB287314	ref_AP011099
KP148434.1	true	3834	4288	0.000000000000	3Seq	ref_AB287314	ref_AP011099
KP148433.1	true	3663	4288	0.000000000000	3Seq	ref_AB287314	ref_AP011099
KP148432.1	true	3663	4288	0.000000000000	3Seq	ref_AB287314	ref_AP011099
KP148431.1	true	3663	4288	0.000000000000	3Seq	ref_AB287314	ref_AP011099
KP148430.1	true	3663	4288	0.000000000000	3Seq	ref_AB287314	ref_AP011099
KP148429.1	true	3663	4288	0.000000000000	3Seq	ref_AB287314	ref_AP011099
KP148428.1	true	3663	4288	0.000000000000	3Seq	ref_AB287314	ref_AP011099
KP148427.1	true	3663	4288	0.000000000000	3Seq	ref_AB287314	ref_AP011099
KP148426.1	true	3663	4288	0.000000000000	3Seq	ref_AB287314	ref_AP011099
KP148425.1	true	3663	4288	0.000000000000	3Seq	ref_AB287314	ref_AP011099
KP148424.1	true	3834	4288	0.000000000000	3Seq	ref_AB287314	ref_AP011099
KP148423.1	true	3663	4288	0.000000000000	3Seq	ref_AB287314	ref_AP011099
KP148422.1	true	3663	4288	0.000000000000	3Seq	ref_AB287314	ref_AP011099
KP148421.1	true	3663	4288	0.000000000000	3Seq	ref_AB287314	ref_AP011099
KP148420.1	true	3834	4288	0.000000000000	3Seq	ref_AB287314	ref_AP011099
KP148419.1	true	3663	4288	0.000000000000	3Seq	ref_AB287314	ref_AP011099
KP148418.1	true	3663	4288	0.000000000000	3Seq	ref_AB287314	ref_AP011099
KP148417.1	true	3663	4288	0.000000000000	3Seq	ref_AB287314	ref_AP011099
KP148416.1	true	3663	4288	0.000000000000	3Seq	ref_AB287314	ref_AP011099
KP148415.1	true	3663	4288	0.000000000000	3Seq	ref_AB287314	ref_AP011099
KP148414.1	true	3663	4288	0.000000000000	3Seq	ref_AB287314	ref_AP011099
KP148413.1	true	3834	4288	0.000000000000	3Seq	ref_AB287314	ref_AP011099
KP148412.1	true	3663	4288	0.000000000000	3Seq	ref_AB287314	ref_AP011099
KP148411.1	true	3663	4288	0.000000000000	3Seq	ref_AB287314	ref_AP011099
KP148410.1	true	3663	4288	0.000000000000	3Seq	ref_AB287314	ref_AP011099
KP148409.1	true	3663	4288	0.000000000000	3Seq	ref_AB287314	ref_AP011099
KP148408.1	true	3663	4288	0.000000000000	3Seq	ref_AB287314	ref_AP011099
KP148407.1	true	3834	4288	0.000000000000	3Seq	ref_AB287314	ref_AP011099
KP148406.1	true	3834	4288	0.000000000000	3Seq	ref_AB287314	ref_AP011099
KP148405.1	true	3663	4288	0.000000000000	3Seq	ref_AB287314	ref_AP011099
KP148404.1	true	3786	4347	0.000000000000	3Seq	ref_AB287314	ref_DQ089802
KP148403.1	true	3834	4288	0.000000000000	3Seq	ref_AB287314	ref_AP011099
KP148402.1	true	3834	4288	0.000000000000	3Seq	ref_AB287314	ref_AP011099
KP148401.1	true	3834	4288	0.000000000000	3Seq	ref_AB287314	ref_AP011099
KP148400.1	true	3834	4288	0.000000000000	3Seq	ref_AB287314	ref_AP011099
KP148399.1	true	3834	4274	0.000000000002	3Seq	ref_AB287314	ref_AP011099
KP148398.1	true	3834	4288	0.000000000000	3Seq	ref_AB287314	ref_AP011099
KP148397.1	true	3834	4288	0.000000000000	3Seq	ref_AB287314	ref_AP011099
KP148396.1	true	3834	4288	0.000000000000	3Seq	ref_AB287314	ref_AP011099
KP148395.1	true	3834	4288	0.000000000000	3Seq	ref_AB287314	ref_AP011099
KP148394.1	true	3834	4288	0.000000000000	3Seq	ref_AB287314	ref_AP011099
KP148393.1	true	3834	4288	0.000000000000	3Seq	ref_AB287314	ref_AP011099
KP148392.1	true	3834	4288	0.000000000000	3Seq	ref_AB287314	ref_AP011099
KP148391.1	true	3834	4288	0.000000000000	3Seq	ref_AB287314	ref_AP011099
KP148390.1	true	3834	4288	0.000000000000	3Seq	ref_AB287314	ref_AP011099
KP148389.1	true	3834	4288	0.000000000000	3Seq	ref_AB287314	ref_AP011099
KP148388.1	true	3834	4288	0.000000000000	3Seq	ref_AB287314	ref_AP011099
KP148387.1	true	3834	4288	0.000000000000	3Seq	ref_AB287314	ref_AP011099
KP148386.1	true	3834	4288	0.000000000000	3Seq	ref_AB287314	ref_AP011099
KP148385.1	true	3834	4288	0.000000000000	3Seq	ref_AB287314	ref_AP011099
KP148384.1	true	3834	4288	0.000000000000	3Seq	ref_AB287314	ref_AP011099
KP148383.1	true	3834	4288	0.000000000000	3Seq	ref_AB287314	ref_AP011099
KP148382.1	true	3834	4288	0.000000000000	3Seq	ref_AB287314	ref_AP011099
KU964302.1	true	3977	4673	0.000000000000	3Seq	ref_D23679	ref_AP011098
KU964301.1	true	3977	4673	0.000000000000	3Seq	ref_D23679	ref_AP011098
KU964300.1	true	3977	4673	0.000000000000	3Seq	ref_D23679	ref_AP011098
KU964299.1	true	3977	4673	0.000000000000	3Seq	ref_D23679	ref_AP011098
KU964298.1	true	3977	4673	0.000000000000	3Seq	ref_D23679	ref_AP011098
KU964297.1	true	3977	4673	0.000000000000	3Seq	ref_D23679	ref_AP011098
KU964296.1	true	3977	4673	0.000000000000	3Seq	ref_D23679	ref_AP011098
KU964295.1	true	3977	4673	0.000000000000	3Seq	ref_D23679	ref_AP011098
KU964294.1	true	3977	4673	0.000000000000	3Seq	ref_D23679	ref_AP011098
KU964293.1	true	3977	4673	0.000000000000	3Seq	ref_D23679	ref_AP011098
KU964292.1	true	3977	4673	0.000000000000	3Seq	ref_D23679	ref_AP011098
KU964291.1	true	3977	4673	0.000000000000	3Seq	ref_D23679	ref_AP011098
KU964290.1	true	3977	4673	0.000000000000	3Seq	ref_D23679	ref_AP011098
KU964289.1	true	3977	4673	0.000000000000	3Seq	ref_D23679	ref_AP011098
KU964288.1	true	3977	4673	0.000000000000	3Seq	ref_D23679	ref_AP011098
KP148381.1	true	3834	4288	0.000000000000	3Seq	ref_AB287314	ref_AP011099
KP148380.1	true	3834	4288	0.000000000000	3Seq	ref_AB287314	ref_AP011099
KP148379.1	true	3834	4288	0.000000000000	3Seq	ref_AB287314	ref_AP011099
KP148378.1	true	3834	4288	0.000000000000	3Seq	ref_AB287314	ref_AP011099
KP148377.1	true	3834	4288	0.000000000000	3Seq	ref_AB287314	ref_AP011099
KP148376.1	true	3834	4288	0.000000000000	3Seq	ref_AB287314	ref_AP011099
KP148375.1	true	3834	4288	0.000000000000	3Seq	ref_AB287314	ref_AP011099
KP148374.1	true	3834	4288	0.000000000000	3Seq	ref_AB287314	ref_AP011099
KP148373.1	true	3834	4288	0.000000000000	3Seq	ref_AB287314	ref_AP011099
KP148372.1	true	3834	4288	0.000000000000	3Seq	ref_AB287314	ref_AP011099
KP148371.1	true	3834	4288	0.000000000000	3Seq	ref_AB287314	ref_AP011099
KP148370.1	true	3834	4288	0.000000000000	3Seq	ref_AB287314	ref_AP011099
KP148369.1	true	3834	4288	0.000000000000	3Seq	ref_AB287314	ref_AP011099
KP148368.1	true	3834	4288	0.000000000000	3Seq	ref_AB287314	ref_AP011099
KP148367.1	true	3834	4288	0.000000000000	3Seq	ref_AB287314	ref_AP011099
KP148366.1	true	3630	4603	0.000000000000	3Seq	ref_D23679	ref_AP011098
KP148365.1	true	3630	4603	0.000000000000	3Seq	ref_D23679	ref_AP011098
KP148364.1	true	3630	4603	0.000000000000	3Seq	ref_D23679	ref_AP011098
KP148363.1	true	3630	4603	0.000000000000	3Seq	ref_D23679	ref_AP011098
KP148362.1	true	3630	4603	0.000000000000	3Seq	ref_D23679	ref_AP011098
KP148361.1	true	3630	4330	0.000000000000	3Seq	ref_D23679	ref_AP011098
KP148360.1	true	3630	4603	0.000000000000	3Seq	ref_D23679	ref_AP011098
KP148359.1	true	3630	4603	0.000000000000	3Seq	ref_D23679	ref_AP011098
KP148358.1	true	3630	4603	0.000000000000	3Seq	ref_D23679	ref_AP011098
KP148357.1	true	3630	4603	0.000000000000	3Seq	ref_D23679	ref_AP011098
KP148356.1	true	3630	4603	0.000000000000	3Seq	ref_D23679	ref_AP011098
KP148349.1	true	3630	4603	0.000000000000	3Seq	ref_D23679	ref_AP011098
KP148348.1	true	3630	4603	0.000000000000	3Seq	ref_D23679	ref_AP011098
KP148347.1	true	3630	4603	0.000000000000	3Seq	ref_D23679	ref_AP011098
KP148346.1	true	3630	4603	0.000000000000	3Seq	ref_D23679	ref_AP011098
KP148345.1	true	3630	4603	0.000000000000	3Seq	ref_D23679	ref_AP011098
KP148344.1	true	3752	4311	0.000000000000	3Seq	ref_D23679	ref_KC774182
KP148343.1	true	3630	4603	0.000000000000	3Seq	ref_D23679	ref_AP011098
KP148342.1	true	3630	4603	0.000000000000	3Seq	ref_D23679	ref_AP011098
KP148341.1	true	3630	4603	0.000000000000	3Seq	ref_D23679	ref_AP011098
KP148340.1	true	3630	4603	0.000000000000	3Seq	ref_D23679	ref_AP011098
KP148339.1	true	3630	4603	0.000000000000	3Seq	ref_D23679	ref_AP011098
KP148338.1	true	3630	4603	0.000000000000	3Seq	ref_D23679	ref_AP011098
KP148337.1	true	1607	4968	0.000000000000	3Seq	ref_AP011098	ref_JQ801514
KP148336.1	true	3630	4603	0.000000000000	3Seq	ref_D23679	ref_AP011098
KP148335.1	true	3630	4603	0.000000000000	3Seq	ref_D23679	ref_AP011098
KP148334.1	true	3630	4603	0.000000000000	3Seq	ref_D23679	ref_AP011098
KP148333.1	true	3630	4603	0.000000000000	3Seq	ref_D23679	ref_AP011098
KP148332.1	true	3630	4603	0.000000000000	3Seq	ref_D23679	ref_AP011098
KP148331.1	true	3630	4673	0.000000000000	3Seq	ref_D23679	ref_AP011098
KP148330.1	true	3630	4603	0.000000000000	3Seq	ref_D23679	ref_AP011098
KP148329.1	true	3630	4603	0.000000000000	3Seq	ref_D23679	ref_AP011098
KP148328.1	true	3630	4603	0.000000000000	3Seq	ref_D23679	ref_AP011098
KP148327.1	true	3630	4603	0.000000000000	3Seq	ref_D23679	ref_AP011098
KP148326.1	true	3630	4673	0.000000000000	3Seq	ref_D23679	ref_AP011098
KP148325.1	true	3630	4330	0.000000000000	3Seq	ref_D23679	ref_AP011098
KP148324.1	true	3630	4603	0.000000000000	3Seq	ref_D23679	ref_AP011098
KP148323.1	true	3630	4603	0.000000000000	3Seq	ref_D23679	ref_AP011098
KP148322.1	true	3630	4330	0.000000000000	3Seq	ref_D23679	ref_AP011098
KP148321.1	true	3630	4603	0.000000000000	3Seq	ref_D23679	ref_AP011098
KP148320.1	true	3630	4603	0.000000000000	3Seq	ref_D23679	ref_AP011098
KP148319.1	true	3630	4603	0.000000000000	3Seq	ref_D23679	ref_AP011098
KP148318.1	true	3630	4603	0.000000000000	3Seq	ref_D23679	ref_AP011098
KP148317.1	true	3630	4330	0.000000000000	3Seq	ref_D23679	ref_AP011098
KP148316.1	true	3663	4288	0.000000000000	3Seq	ref_AB287314	ref_AP011099
KP148314.1	true	3630	4603	0.000000000000	3Seq	ref_D23679	ref_AP011098
KU964287.1	true	3977	4673	0.000000000000	3Seq	ref_D23679	ref_AP011098
KU964286.1	true	3630	4325	0.000000000000	3Seq	ref_D23679	ref_DQ089802
KU964285.1	true	3630	4325	0.000000000000	3Seq	ref_D23679	ref_DQ089802
KU964284.1	true	3630	4325	0.000000000000	3Seq	ref_D23679	ref_DQ089802
KU964283.1	true	3630	4325	0.000000000000	3Seq	ref_D23679	ref_DQ089802
KU964282.1	true	3630	4325	0.000000000000	3Seq	ref_D23679	ref_DQ089802
KU964280.1	true	3630	4325	0.000000000000	3Seq	ref_D23679	ref_DQ089802
KU964279.1	true	3630	4325	0.000000000000	3Seq	ref_D23679	ref_DQ089802
KU964278.1	true	3630	4325	0.000000000000	3Seq	ref_D23679	ref_DQ089802
KU964277.1	true	3630	4325	0.000000000000	3Seq	ref_D23679	ref_DQ089802
KU964276.1	true	3630	4325	0.000000000000	3Seq	ref_D23679	ref_DQ089802
KU964275.1	true	3630	4325	0.000000000000	3Seq	ref_D23679	ref_DQ089802
KU964274.1	true	3630	4325	0.000000000000	3Seq	ref_D23679	ref_DQ089802
KU964273.1	true	3630	4325	0.000000000000	3Seq	ref_D23679	ref_DQ089802
KU964272.1	true	3630	4325	0.000000000000	3Seq	ref_D23679	ref_DQ089802
KU964271.1	true	3630	4673	0.000000000000	3Seq	ref_D23679	ref_AP011098
KU964270.1	true	3630	4673	0.000000000000	3Seq	ref_D23679	ref_AP011098
KU964269.1	true	3630	4673	0.000000000000	3Seq	ref_D23679	ref_AP011098
KU964268.1	true	3630	4673	0.000000000000	3Seq	ref_D23679	ref_AP011098
KU964267.1	true	3630	4673	0.000000000000	3Seq	ref_D23679	ref_AP011098
KU964266.1	true	3630	4673	0.000000000000	3Seq	ref_D23679	ref_AP011098
KU964265.1	true	3630	4673	0.000000000000	3Seq	ref_D23679	ref_AP011098
KU964264.1	true	3630	4673	0.000000000000	3Seq	ref_D23679	ref_AP011098
KU964263.1	true	3630	4673	0.000000000000	3Seq	ref_D23679	ref_AP011098
KU964262.1	true	3630	4673	0.000000000000	3Seq	ref_D23679	ref_AP011098
KU964261.1	true	3630	4673	0.000000000000	3Seq	ref_D23679	ref_AP011098
KU964260.1	true	3630	4673	0.000000000000	3Seq	ref_D23679	ref_AP011098
KU964259.1	true	3630	4673	0.000000000000	3Seq	ref_D23679	ref_AP011098
KU964258.1	true	3977	4673	0.000000000000	3Seq	ref_D23679	ref_AP011098
KU964257.1	true	3630	4673	0.000000000000	3Seq	ref_D23679	ref_AP011098
KU964256.1	true	3977	4673	0.000000000000	3Seq	ref_D23679	ref_AP011098
KU964255.1	true	3977	4673	0.000000000000	3Seq	ref_D23679	ref_AP011098
KU964254.1	true	3987	4603	0.000000000000	3Seq	ref_D23679	ref_AP011098
KU964253.1	true	3987	4603	0.000000000000	3Seq	ref_D23679	ref_AP011098
KU964252.1	true	3987	4614	0.000000000000	3Seq	ref_D23679	ref_AP011099
KU964251.1	true	3987	4603	0.000000000000	3Seq	ref_D23679	ref_AP011098
KU964250.1	true	3987	4614	0.000000000000	3Seq	ref_D23679	ref_AP011099
KU964249.1	true	3977	4673	0.000000000000	3Seq	ref_D23679	ref_AP011098
KU964248.1	true	3977	4673	0.000000000000	3Seq	ref_D23679	ref_AP011098
KU964247.1	true	3987	4603	0.000000000000	3Seq	ref_D23679	ref_AP011098
KU964246.1	true	3987	4603	0.000000000000	3Seq	ref_D23679	ref_AP011098
KU964245.1	true	3977	4603	0.000000000000	3Seq	ref_D23679	ref_AP011098
KU964244.1	true	3987	4603	0.000000000000	3Seq	ref_D23679	ref_AP011098
KU964170.1	true	4251	5192	0.000000046929	3Seq	ref_AP011099	ref_AB562463
KU964168.1	true	3630	4603	0.000000000000	3Seq	ref_D23679	ref_AP011098
KU964167.1	true	3630	4603	0.000000000000	3Seq	ref_D23679	ref_AP011098
KU964166.1	true	3630	4603	0.000000000000	3Seq	ref_D23679	ref_AP011098
KU964165.1	true	3630	4603	0.000000000000	3Seq	ref_D23679	ref_AP011098
KU964164.1	true	3630	4603	0.000000000000	3Seq	ref_D23679	ref_AP011098
KU964163.1	true	3630	4603	0.000000000000	3Seq	ref_D23679	ref_AP011098
KU964162.1	true	3630	4603	0.000000000000	3Seq	ref_D23679	ref_AP011098
KU964161.1	true	3630	4603	0.000000000000	3Seq	ref_D23679	ref_AP011098
KU964160.1	true	3630	4603	0.000000000000	3Seq	ref_D23679	ref_AP011098
KU964159.1	true	3630	4603	0.000000000000	3Seq	ref_D23679	ref_AP011098
KU964158.1	true	3630	4603	0.000000000000	3Seq	ref_D23679	ref_AP011098
KU964157.1	true	3630	4603	0.000000000000	3Seq	ref_D23679	ref_AP011098
KU964156.1	true	3630	4603	0.000000000000	3Seq	ref_D23679	ref_AP011098
KU964155.1	true	3630	4603	0.000000000000	3Seq	ref_D23679	ref_AP011098
KU964154.1	true	3630	4603	0.000000000000	3Seq	ref_D23679	ref_AP011098
KU964153.1	true	3630	4603	0.000000000000	3Seq	ref_D23679	ref_AP011098
KU964152.1	true	3977	4673	0.000000000000	3Seq	ref_D23679	ref_AP011098
KU964151.1	true	3977	4673	0.000000000000	3Seq	ref_D23679	ref_AP011098
KU964150.1	true	3977	4673	0.000000000000	3Seq	ref_D23679	ref_AP011098
KU964149.1	true	3977	4673	0.000000000000	3Seq	ref_D23679	ref_AP011098
KU964148.1	true	3977	4673	0.000000000000	3Seq	ref_D23679	ref_AP011098
KU964147.1	true	3977	4673	0.000000000000	3Seq	ref_D23679	ref_AP011098
KU964146.1	true	3977	4673	0.000000000000	3Seq	ref_D23679	ref_AP011098
KU964145.1	true	3977	4673	0.000000000000	3Seq	ref_D23679	ref_AP011098
KU964144.1	true	3977	4673	0.000000000000	3Seq	ref_D23679	ref_AP011098
KU964143.1	true	3977	4673	0.000000000000	3Seq	ref_D23679	ref_AP011098
KU964142.1	true	3977	4673	0.000000000000	3Seq	ref_D23679	ref_AP011098
KU964141.1	true	3977	4673	0.000000000000	3Seq	ref_D23679	ref_AP011098
KU964140.1	true	3977	4673	0.000000000000	3Seq	ref_D23679	ref_AP011098
KU964139.1	true	3977	4673	0.000000000000	3Seq	ref_D23679	ref_AP011098
KU964138.1	true	3977	4673	0.000000000000	3Seq	ref_D23679	ref_AP011098
KU964137.1	true	3977	4673	0.000000000000	3Seq	ref_D23679	ref_AP011098
KU964136.1	true	3977	4673	0.000000000000	3Seq	ref_D23679	ref_AP011098
KU964135.1	true	3977	4673	0.000000000000	3Seq	ref_D23679	ref_AP011098
KU964134.1	true	3977	4673	0.000000000000	3Seq	ref_D23679	ref_AP011098
KU964133.1	true	3977	4673	0.000000000000	3Seq	ref_D23679	ref_AP011098
KU964132.1	true	3977	4673	0.000000000000	3Seq	ref_D23679	ref_AP011098
KU964131.1	true	3977	4673	0.000000000000	3Seq	ref_D23679	ref_AP011098
KU964130.1	true	3977	4673	0.000000000000	3Seq	ref_D23679	ref_AP011098
KU964129.1	true	3977	4673	0.000000000000	3Seq	ref_D23679	ref_AP011098
KU964128.1	true	3977	4673	0.000000000000	3Seq	ref_D23679	ref_AP011098
KU964127.1	true	3977	4673	0.000000000000	3Seq	ref_D23679	ref_AP011098
KU964126.1	true	3977	4673	0.000000000000	3Seq	ref_D23679	ref_AP011098
KU964125.1	true	3977	4673	0.000000000000	3Seq	ref_D23679	ref_AP011098
KU964124.1	true	3977	4673	0.000000000000	3Seq	ref_D23679	ref_AP011098
KU964123.1	true	3977	4673	0.000000000000	3Seq	ref_D23679	ref_AP011098
KU964122.1	true	3752	4309	0.000000000000	3Seq	ref_D23679	ref_KC774182
KU964121.1	true	3752	4309	0.000000000000	3Seq	ref_D23679	ref_KC774182
KU964120.1	true	3752	4309	0.000000000000	3Seq	ref_D23679	ref_KC774182
KU964119.1	true	3752	4309	0.000000000000	3Seq	ref_D23679	ref_KC774182
KU964118.1	true	3752	4309	0.000000000000	3Seq	ref_D23679	ref_KC774182
KU964117.1	true	3752	4309	0.000000000000	3Seq	ref_D23679	ref_KC774182
KU964116.1	true	3752	4309	0.000000000000	3Seq	ref_D23679	ref_KC774182
KU964115.1	true	3752	4309	0.000000000000	3Seq	ref_D23679	ref_KC774182
KU964114.1	true	3752	4309	0.000000000000	3Seq	ref_D23679	ref_KC774182
KU964113.1	true	3752	4309	0.000000000000	3Seq	ref_D23679	ref_KC774182
KU964112.1	true	3752	4309	0.000000000000	3Seq	ref_D23679	ref_KC774182
KU964110.1	true	3752	4309	0.000000000000	3Seq	ref_D23679	ref_KC774182
KU964109.1	true	3752	4309	0.000000000000	3Seq	ref_D23679	ref_KC774182
KU964108.1	true	3752	4309	0.000000000000	3Seq	ref_D23679	ref_KC774182
KU964107.1	true	3630	4603	0.000000000000	3Seq	ref_D23679	ref_AP011098
KU964106.1	true	3630	4603	0.000000000000	3Seq	ref_D23679	ref_AP011098
KU964105.1	true	3630	4603	0.000000000000	3Seq	ref_D23679	ref_AP011098
KU964104.1	true	3752	4311	0.000000000000	3Seq	ref_D23679	ref_KC774182
KU964103.1	true	3630	4603	0.000000000000	3Seq	ref_D23679	ref_AP011098
KU964102.1	true	3630	4603	0.000000000000	3Seq	ref_D23679	ref_AP011098
KU964101.1	true	3630	4603	0.000000000000	3Seq	ref_D23679	ref_AP011098
KU964100.1	true	3630	4603	0.000000000000	3Seq	ref_D23679	ref_AP011098
KU964099.1	true	3630	4603	0.000000000000	3Seq	ref_D23679	ref_AP011098
KU964098.1	true	3630	4603	0.000000000000	3Seq	ref_D23679	ref_AP011098
KU964097.1	true	3630	4603	0.000000000000	3Seq	ref_D23679	ref_AP011098
KU964096.1	true	3630	4603	0.000000000000	3Seq	ref_D23679	ref_AP011098
KU964095.1	true	3630	4603	0.000000000000	3Seq	ref_D23679	ref_AP011098
KU964094.1	true	3630	4603	0.000000000000	3Seq	ref_D23679	ref_AP011098
KU964093.1	true	3630	4603	0.000000000000	3Seq	ref_D23679	ref_AP011098
KU964092.1	true	3630	4603	0.000000000000	3Seq	ref_D23679	ref_AP011098
KU964091.1	true	3630	4603	0.000000000000	3Seq	ref_D23679	ref_AP011098
KU964090.1	true	3630	4603	0.000000000000	3Seq	ref_D23679	ref_AP011098
KU964089.1	true	3630	4603	0.000000000000	3Seq	ref_D23679	ref_AP011098
KU964088.1	true	3630	4673	0.000000000000	3Seq	ref_D23679	ref_AP011098
KU964087.1	true	3630	4603	0.000000000000	3Seq	ref_D23679	ref_AP011098
KU964086.1	true	3630	4603	0.000000000000	3Seq	ref_D23679	ref_AP011098
KU964085.1	true	3630	4603	0.000000000000	3Seq	ref_D23679	ref_AP011098
KU964084.1	true	3630	4603	0.000000000000	3Seq	ref_D23679	ref_AP011098
KU964083.1	true	3630	4603	0.000000000000	3Seq	ref_D23679	ref_AP011098
KU964082.1	true	3630	4603	0.000000000000	3Seq	ref_D23679	ref_AP011098
KU964081.1	true	3630	4603	0.000000000000	3Seq	ref_D23679	ref_AP011098
KU964080.1	true	3630	4603	0.000000000000	3Seq	ref_D23679	ref_AP011098
KU964079.1	true	3630	4603	0.000000000000	3Seq	ref_D23679	ref_AP011098
KU963989.1	true	3630	4603	0.000000000000	3Seq	ref_D23679	ref_AP011098
KU963988.1	true	3630	4603	0.000000000000	3Seq	ref_D23679	ref_AP011098
KU963987.1	true	3630	4603	0.000000000000	3Seq	ref_D23679	ref_AP011098
KU963986.1	true	3630	4603	0.000000000000	3Seq	ref_D23679	ref_AP011098
KU963985.1	true	3630	4603	0.000000000000	3Seq	ref_D23679	ref_AP011098
KU963984.1	true	3630	4603	0.000000000000	3Seq	ref_D23679	ref_AP011098
KU963983.1	true	3630	4603	0.000000000000	3Seq	ref_D23679	ref_AP011098
KU963982.1	true	3630	4603	0.000000000000	3Seq	ref_D23679	ref_AP011098
KU963981.1	true	3630	4603	0.000000000000	3Seq	ref_D23679	ref_AP011098
KU963980.1	true	3630	4603	0.000000000000	3Seq	ref_D23679	ref_AP011098
KU963979.1	true	3630	4603	0.000000000000	3Seq	ref_D23679	ref_AP011098
KU963978.1	true	3630	4603	0.000000000000	3Seq	ref_D23679	ref_AP011098
KU963977.1	true	3630	4603	0.000000000000	3Seq	ref_D23679	ref_AP011098
KU963976.1	true	3630	4603	0.000000000000	3Seq	ref_D23679	ref_AP011098
KU963975.1	true	3630	4603	0.000000000000	3Seq	ref_D23679	ref_AP011098
KU963974.1	true	3630	4603	0.000000000000	3Seq	ref_D23679	ref_AP011098
KU963973.1	true	3630	4603	0.000000000000	3Seq	ref_D23679	ref_AP011098
KU963972.1	true	3630	4603	0.000000000000	3Seq	ref_D23679	ref_AP011098
KU963971.1	true	3630	4603	0.000000000000	3Seq	ref_D23679	ref_AP011098
KU963970.1	true	3630	4603	0.000000000000	3Seq	ref_D23679	ref_AP011098
KU963969.1	true	3630	4603	0.000000000000	3Seq	ref_D23679	ref_AP011098
KU963968.1	true	3630	4603	0.000000000000	3Seq	ref_D23679	ref_AP011098
KU963967.1	true	3630	4603	0.000000000000	3Seq	ref_D23679	ref_AP011098
KU963966.1	true	3630	4603	0.000000000000	3Seq	ref_D23679	ref_AP011098
KU963965.1	true	3630	4603	0.000000000000	3Seq	ref_D23679	ref_AP011098
KU963964.1	true	3630	4603	0.000000000000	3Seq	ref_D23679	ref_AP011098
KU963963.1	true	3630	4603	0.000000000000	3Seq	ref_D23679	ref_AP011098
KU963962.1	true	3630	4603	0.000000000000	3Seq	ref_D23679	ref_AP011098
KU963961.1	true	3752	4311	0.000000000000	3Seq	ref_D23679	ref_KC774182
KU963960.1	true	3630	4603	0.000000000000	3Seq	ref_D23679	ref_AP011098
KU963959.1	true	3630	4603	0.000000000000	3Seq	ref_D23679	ref_AP011098
KU963958.1	true	3630	4603	0.000000000000	3Seq	ref_D23679	ref_AP011098
KU963957.1	true	3630	4603	0.000000000000	3Seq	ref_D23679	ref_AP011098
KU963956.1	true	3752	4311	0.000000000000	3Seq	ref_D23679	ref_KC774182
KU963955.1	true	3630	4603	0.000000000000	3Seq	ref_D23679	ref_AP011098
KU963954.1	true	3630	4603	0.000000000000	3Seq	ref_D23679	ref_AP011098
KU963953.1	true	3630	4603	0.000000000000	3Seq	ref_D23679	ref_AP011098
KU963952.1	true	3630	4603	0.000000000000	3Seq	ref_D23679	ref_AP011098
KU963951.1	true	3630	4603	0.000000000000	3Seq	ref_D23679	ref_AP011098
KU963950.1	true	3630	4603	0.000000000000	3Seq	ref_D23679	ref_AP011098
KU963949.1	true	3630	4603	0.000000000000	3Seq	ref_D23679	ref_AP011098
KU963948.1	true	3630	4603	0.000000000000	3Seq	ref_D23679	ref_AP011098
KU963947.1	true	3630	4603	0.000000000000	3Seq	ref_D23679	ref_AP011098
KU963946.1	true	3630	4603	0.000000000000	3Seq	ref_D23679	ref_AP011098
KU963945.1	true	3630	4603	0.000000000000	3Seq	ref_D23679	ref_AP011098
KX276858.1	true	3834	4297	0.000000000000	3Seq	ref_AB287314	ref_AP011099
KX276830.1	true	3834	4297	0.000000000000	3Seq	ref_AB287314	ref_AP011099
KX276829.1	true	3834	4297	0.000000000000	3Seq	ref_AB287314	ref_AP011099
KX276828.1	true	3892	4297	0.000000000000	3Seq	ref_AB287314	ref_AP011099
KX276827.1	true	3718	4588	0.000000000000	3Seq	ref_AB287314	ref_AP011098
KX276826.1	true	3834	4297	0.000000000000	3Seq	ref_AB287314	ref_AP011099
KX276825.1	true	3834	4297	0.000000000000	3Seq	ref_AB287314	ref_AP011099
KX276824.1	true	3834	4312	0.000000000000	3Seq	ref_AB287314	ref_AP011099
KX276823.1	true	3834	4289	0.000000000000	3Seq	ref_AB287314	ref_AP011099
KX276822.1	true	3718	4294	0.000000000000	3Seq	ref_AB287314	ref_AP011098
KX276821.1	true	3718	4588	0.000000000000	3Seq	ref_AB287314	ref_AP011098
KX276820.1	true	3834	4297	0.000000000000	3Seq	ref_AB287314	ref_AP011099
KX276819.1	true	3960	4389	0.000000000000	3Seq	ref_AB287314	ref_AP011098
KX276818.1	true	3960	4297	0.000000000000	3Seq	ref_AB287314	ref_AP011099
KX276817.1	true	3834	4297	0.000000000000	3Seq	ref_AB287314	ref_AP011099
KX276816.1	true	3834	4297	0.000000000000	3Seq	ref_AB287314	ref_AP011099
KX276815.1	true	3834	4288	0.000000000000	3Seq	ref_AB287314	ref_AP011099
KX276814.1	true	3834	4297	0.000000000000	3Seq	ref_AB287314	ref_AP011099
KX276813.1	true	3977	4297	0.000000000000	3Seq	ref_D23679	ref_AP011099
KX276812.1	true	3977	4311	0.000000000000	3Seq	ref_D23679	ref_KC774182
KX276811.1	true	3987	4673	0.000000000000	3Seq	ref_D23679	ref_AP011098
KX276810.1	true	3630	4330	0.000000000000	3Seq	ref_D23679	ref_AP011098
KX276809.1	true	3630	4586	0.000000000000	3Seq	ref_D23679	ref_AP011098
KX276808.1	true	3630	4603	0.000000000000	3Seq	ref_D23679	ref_AP011098
KX276807.1	true	3977	4311	0.000000000000	3Seq	ref_D23679	ref_KC774182
KX276806.1	true	3630	4673	0.000000000000	3Seq	ref_D23679	ref_AP011098
KX276805.1	true	3630	4673	0.000000000000	3Seq	ref_D23679	ref_AP011098
KX276804.1	true	3987	4673	0.000000000000	3Seq	ref_D23679	ref_AP011098
KX276803.1	true	3630	4325	0.000000000000	3Seq	ref_D23679	ref_DQ089802
KX276802.1	true	3977	4603	0.000000000000	3Seq	ref_D23679	ref_AP011098
KX276801.1	true	3752	4311	0.000000000000	3Seq	ref_D23679	ref_KC774182
KX276800.1	true	3977	4673	0.000000000000	3Seq	ref_D23679	ref_AP011098
KX276799.1	true	3630	4673	0.000000000000	3Seq	ref_D23679	ref_AP011098
KX276798.1	true	3752	4673	0.000000000000	3Seq	ref_D23679	ref_KC774182
KX276797.1	true	3977	4673	0.000000000000	3Seq	ref_D23679	ref_AP011098
KX276796.1	true	3752	4309	0.000000000000	3Seq	ref_D23679	ref_KC774182
KX276795.1	true	3977	4311	0.000000000000	3Seq	ref_D23679	ref_KC774182
KX276794.1	true	3977	4603	0.000000000001	3Seq	ref_D23679	ref_AP011098
KX276793.1	true	3977	4603	0.000000000000	3Seq	ref_D23679	ref_AP011098
KX276792.1	true	3987	4673	0.000000000000	3Seq	ref_D23679	ref_AP011098
KX276791.1	true	3977	4673	0.000000000000	3Seq	ref_D23679	ref_AP011098
KX276790.1	true	3977	4603	0.000000000000	3Seq	ref_D23679	ref_AP011098
KX276789.1	true	3977	4330	0.000000000000	3Seq	ref_D23679	ref_AP011098
KX276788.1	true	3977	4603	0.000000000000	3Seq	ref_D23679	ref_AP011098
KX276787.1	true	3977	4311	0.000000000000	3Seq	ref_D23679	ref_KC774182
KX276786.1	true	3977	4586	0.000000000000	3Seq	ref_D23679	ref_AP011098
KX276785.1	true	3630	4603	0.000000000000	3Seq	ref_D23679	ref_AP011098
KX276784.1	true	3630	4325	0.000000000000	3Seq	ref_D23679	ref_DQ089802
KX276783.1	true	3630	4673	0.000000000000	3Seq	ref_D23679	ref_DQ089802
KX276782.1	true	3630	4603	0.000000000000	3Seq	ref_D23679	ref_AP011098
KX276781.1	true	3752	4311	0.000000000000	3Seq	ref_D23679	ref_KC774182
KX276780.1	true	3541	4673	0.000000000000	3Seq	ref_D23679	ref_AP011098
KX276779.1	true	3752	4311	0.000000000000	3Seq	ref_D23679	ref_KC774182
KX276778.1	true	3977	4311	0.000000000000	3Seq	ref_D23679	ref_KC774182
KX276777.1	true	3752	4311	0.000000000000	3Seq	ref_D23679	ref_KC774182
KX276776.1	true	3630	4673	0.000000000000	3Seq	ref_D23679	ref_AP011098
KX276775.1	true	3630	4498	0.000000000000	3Seq	ref_D23679	ref_DQ089802
KX276774.1	true	3630	4673	0.000000000000	3Seq	ref_D23679	ref_AP011098
KX276773.1	true	3630	4603	0.000000000000	3Seq	ref_D23679	ref_AP011098
KX276772.1	true	3752	4311	0.000000000000	3Seq	ref_D23679	ref_KC774182
KX276771.1	true	3977	4565	0.000000000000	3Seq	ref_D23679	ref_AP011098
KX276770.1	true	3977	4603	0.000000000000	3Seq	ref_D23679	ref_AP011098
KX264496.1	false	0	0				
KU963855.1	true	3630	4603	0.000000000000	3Seq	ref_D23679	ref_AP011098
KU963854.1	true	3630	4603	0.000000000000	3Seq	ref_D23679	ref_AP011098
KU963853.1	true	3630	4603	0.000000000000	3Seq	ref_D23679	ref_AP011098
KU963852.1	true	3630	4603	0.000000000000	3Seq	ref_D23679	ref_AP011098
KU963851.1	true	3630	4603	0.000000000000	3Seq	ref_D23679	ref_AP011098
KU963850.1	true	3630	4603	0.000000000000	3Seq	ref_D23679	ref_AP011098
KU963849.1	true	3630	4603	0.000000000000	3Seq	ref_D23679	ref_AP011098
KU963848.1	true	3630	4603	0.000000000000	3Seq	ref_D23679	ref_AP011098
KU963847.1	true	3630	4603	0.000000000000	3Seq	ref_D23679	ref_AP011098
KU963846.1	true	3630	4603	0.000000000000	3Seq	ref_D23679	ref_AP011098
KU963845.1	true	3630	4603	0.000000000000	3Seq	ref_D23679	ref_AP011098
KU963844.1	true	3630	4603	0.000000000000	3Seq	ref_D23679	ref_AP011098
KU963843.1	true	3630	4603	0.000000000000	3Seq	ref_D23679	ref_AP011098
KU963842.1	true	3630	4603	0.000000000000	3Seq	ref_D23679	ref_AP011098
KU963841.1	true	3630	4603	0.000000000000	3Seq	ref_D23679	ref_AP011098
KU963840.1	true	3630	4603	0.000000000000	3Seq	ref_D23679	ref_AP011098
KU963839.1	true	3630	4603	0.000000000000	3Seq	ref_D23679	ref_AP011098
KU963838.1	true	3630	4603	0.000000000000	3Seq	ref_D23679	ref_AP011098
KU963837.1	true	3630	4603	0.000000000000	3Seq	ref_D23679	ref_AP011098
KU963836.1	true	3630	4603	0.000000000000	3Seq	ref_D23679	ref_AP011098
KU963835.1	true	3630	4603	0.000000000000	3Seq	ref_D23679	ref_AP011098
KU963834.1	true	3630	4603	0.000000000000	3Seq	ref_D23679	ref_AP011098
KU963833.1	true	3630	4603	0.000000000000	3Seq	ref_D23679	ref_AP011098
KU963832.1	true	3630	4603	0.000000000000	3Seq	ref_D23679	ref_AP011098
KU963831.1	true	3630	4603	0.000000000000	3Seq	ref_D23679	ref_AP011098
KU963830.1	true	3630	4603	0.000000000000	3Seq	ref_D23679	ref_AP011098
KU963829.1	true	3630	4603	0.000000000000	3Seq	ref_D23679	ref_AP011098
KU963828.1	true	3630	4603	0.000000000000	3Seq	ref_D23679	ref_AP011098
KU963827.1	true	3630	4603	0.000000000000	3Seq	ref_D23679	ref_AP011098
KU963826.1	true	3630	4603	0.000000000000	3Seq	ref_D23679	ref_AP011098
KU963825.1	true	3630	4603	0.000000000000	3Seq	ref_D23679	ref_AP011098
KU963824.1	true	3630	4603	0.000000000000	3Seq	ref_D23679	ref_AP011098
KU963823.1	true	3630	4603	0.000000000000	3Seq	ref_D23679	ref_AP011098
KU963822.1	true	3630	4603	0.000000000000	3Seq	ref_D23679	ref_AP011098
KU963821.1	true	3630	4603	0.000000000000	3Seq	ref_D23679	ref_AP011098
KU963820.1	true	3630	4603	0.000000000000	3Seq	ref_D23679	ref_AP011098
KU963819.1	true	3630	4603	0.000000000000	3Seq	ref_D23679	ref_AP011098
KU963818.1	true	3630	4603	0.000000000000	3Seq	ref_D23679	ref_AP011098
KU963817.1	true	3630	4603	0.000000000000	3Seq	ref_D23679	ref_AP011098
KU963816.1	true	3630	4603	0.000000000000	3Seq	ref_D23679	ref_AP011098
KU963815.1	true	3630	4603	0.000000000000	3Seq	ref_D23679	ref_AP011098
KU963814.1	true	3630	4603	0.000000000000	3Seq	ref_D23679	ref_AP011098
KU963813.1	true	3630	4603	0.000000000000	3Seq	ref_D23679	ref_AP011098
KU963812.1	true	3630	4603	0.000000000000	3Seq	ref_D23679	ref_AP011098
KU963811.1	true	3630	4603	0.000000000000	3Seq	ref_D23679	ref_AP011098
KU963810.1	true	3630	4603	0.000000000000	3Seq	ref_D23679	ref_AP011098
KU963809.1	true	3630	4603	0.000000000000	3Seq	ref_D23679	ref_AP011098
KU963808.1	true	3630	4603	0.000000000000	3Seq	ref_D23679	ref_AP011098
KU963807.1	true	3630	4603	0.000000000000	3Seq	ref_D23679	ref_AP011098
KU963806.1	true	3630	4603	0.000000000000	3Seq	ref_D23679	ref_AP011098
KU963805.1	true	3630	4603	0.000000000000	3Seq	ref_D23679	ref_AP011098
KU963804.1	true	3630	4603	0.000000000000	3Seq	ref_D23679	ref_AP011098
KU963803.1	true	3630	4603	0.000000000000	3Seq	ref_D23679	ref_AP011098
KU963802.1	true	3630	4603	0.000000000000	3Seq	ref_D23679	ref_AP011098
KU963801.1	true	3630	4603	0.000000000000	3Seq	ref_D23679	ref_AP011098
KU963800.1	true	3630	4603	0.000000000000	3Seq	ref_D23679	ref_AP011098
KU963799.1	true	3630	4603	0.000000000000	3Seq	ref_D23679	ref_AP011098
KT991424.1	true	3129	5337	0.000000000000	3Seq	ref_AB222711	ref_AP011098
KJ803825.1	true	3630	4673	0.000000000000	3Seq	ref_D23679	ref_AP011098
KJ803824.1	true	3718	4588	0.000000000000	3Seq	ref_AB287314	ref_AP011098
KJ803821.1	true	3630	4603	0.000000000000	3Seq	ref_D23679	ref_AP011098
KJ803820.1	true	3831	4603	0.000000000000	3Seq	ref_D23679	ref_KC774182
KJ803819.1	true	3834	4289	0.000000000000	3Seq	ref_AB287314	ref_AP011099
KJ803817.1	true	1507	5097	0.000000000000	3Seq	ref_DQ089781	ref_GU815637
KJ803816.1	true	3630	4673	0.000000000000	3Seq	ref_D23679	ref_AP011098
KJ803808.1	true	3831	4311	0.000000000000	3Seq	ref_D23679	ref_KC774182
KJ803807.1	true	1491	2143	0.000000000000	3Seq	ref_JQ801514	ref_DQ089781
KJ803806.1	true	3834	4297	0.000000000000	3Seq	ref_D23679	ref_AP011099
KJ803805.1	true	3630	4673	0.000000000000	3Seq	ref_D23679	ref_AP011098
KJ803803.1	true	1481	2190	0.000000000000	3Seq	ref_GU815637	ref_DQ089781
KJ803802.1	true	1496	2143	0.000000000000	3Seq	ref_GU815637	ref_DQ089781
KJ803801.1	true	3630	4787	0.000000000000	3Seq	ref_D23679	ref_AP011098
KJ803797.1	true	3630	4330	0.000000000000	3Seq	ref_D23679	ref_AP011098
KJ803796.1	true	3630	4727	0.000000000000	3Seq	ref_D23679	ref_AP011098
KJ803795.1	true	3514	4603	0.000000000000	3Seq	ref_D23679	ref_AP011098
KJ803791.1	true	1496	2190	0.000000000000	3Seq	ref_GU815637	ref_AP011099
KJ790200.1	true	3987	4565	0.000000000000	3Seq	ref_D23679	ref_AP011098
KJ410517.1	true	3630	4603	0.000000000000	3Seq	ref_D23679	ref_AP011098
KJ410516.1	true	3630	4603	0.000000000000	3Seq	ref_D23679	ref_AP011098
KJ410507.1	true	3630	4603	0.000000000000	3Seq	ref_D23679	ref_AP011098
KJ410502.1	true	3977	4673	0.000000000000	3Seq	ref_D23679	ref_AP011098
KJ410500.1	true	3630	4673	0.000000000000	3Seq	ref_D23679	ref_AP011098
KJ410497.1	true	2889	4066	0.000000000000	3Seq	ref_GU815637	ref_GQ377617
KJ410490.1	true	3630	4603	0.000000000000	3Seq	ref_D23679	ref_AP011098
LC036263.1	true	3718	4726	0.000000000000	3Seq	ref_AB287314	ref_AP011098
KR232337.1	true	3630	4603	0.000000000000	3Seq	ref_D23679	ref_AP011098
KR152339.1	true	3630	4603	0.000000000000	3Seq	ref_D23679	ref_AP011098
KM392084.1	true	3630	4603	0.000000000000	3Seq	ref_D23679	ref_AP011098
KM392083.1	true	3923	4603	0.000000000000	3Seq	ref_D23679	ref_AP011098
KM392082.1	true	3923	4603	0.000000000000	3Seq	ref_D23679	ref_KC774182
KM392081.1	true	3752	4603	0.000000000000	3Seq	ref_D23679	ref_KC774182
KM392080.1	true	3630	4603	0.000000000000	3Seq	ref_D23679	ref_AP011098
KM392079.1	true	3630	4673	0.000000000000	3Seq	ref_D23679	ref_AP011098
KM392078.1	true	4010	4603	0.000000000000	3Seq	ref_D23679	ref_KC774182
KM392077.1	true	3630	4603	0.000000000000	3Seq	ref_D23679	ref_AP011098
KM392076.1	true	3752	4603	0.000000000000	3Seq	ref_D23679	ref_KC774182
KM392075.1	true	3752	4603	0.000000000000	3Seq	ref_D23679	ref_KC774182
KM392074.1	true	3630	4603	0.000000000000	3Seq	ref_D23679	ref_AP011098
KM392073.1	true	3630	4603	0.000000000000	3Seq	ref_D23679	ref_AP011098
KM392071.1	true	3630	4603	0.000000000000	3Seq	ref_D23679	ref_AP011098
KJ803789.1	true	3514	4603	0.000000000000	3Seq	ref_D23679	ref_AP011098
KJ803787.1	true	3834	4297	0.000000000000	3Seq	ref_AB287314	ref_AP011099
KJ803786.1	true	3718	4389	0.000000000000	3Seq	ref_AB287314	ref_DQ089802
KJ803784.1	true	3834	4297	0.000000000000	3Seq	ref_AB287314	ref_AP011099
KJ803783.1	true	3831	4311	0.000000000000	3Seq	ref_D23679	ref_KC774182
KJ803782.1	true	1507	2143	0.000000000000	3Seq	ref_GU815637	ref_DQ089781
KJ803781.1	true	3630	4330	0.000000000000	3Seq	ref_D23679	ref_AP011098
KJ803775.1	true	3630	4328	0.000000000000	3Seq	ref_D23679	ref_AP011098
KJ803773.1	true	3630	4330	0.000000000000	3Seq	ref_D23679	ref_AP011098
KJ803772.1	true	2018	2627	0.000000000000	3Seq	ref_AP011085	ref_DQ089781
KJ803768.1	true	3977	4311	0.000000000000	3Seq	ref_D23679	ref_KC774182
KJ803764.1	true	3630	4603	0.000000000000	3Seq	ref_D23679	ref_AP011098
KJ803763.1	true	3630	4603	0.000000000000	3Seq	ref_D23679	ref_AP011098
KJ803758.1	true	3779	4297	0.000000000000	3Seq	ref_AB287314	ref_AP011099
KJ803756.1	true	3630	4330	0.000000000000	3Seq	ref_D23679	ref_AP011098
KJ803755.1	true	3951	4297	0.000000000000	3Seq	ref_AB287314	ref_AP011099
KJ803752.1	true	3630	4330	0.000000000000	3Seq	ref_D23679	ref_AP011098
KJ173425.1	true	3630	4603	0.000000000000	3Seq	ref_D23679	ref_AP011098
KJ173424.1	true	3630	4603	0.000000000000	3Seq	ref_D23679	ref_AP011098
KJ173423.1	true	3630	4654	0.000000000000	3Seq	ref_D23679	ref_AP011098
KJ173422.1	true	3630	4654	0.000000000000	3Seq	ref_D23679	ref_AP011098
KJ173421.1	true	3752	4603	0.000000000000	3Seq	ref_D23679	ref_KC774182
KJ173420.1	true	3752	4603	0.000000000000	3Seq	ref_D23679	ref_KC774182
KJ173419.1	true	3752	4311	0.000000000000	3Seq	ref_D23679	ref_KC774182
JX661484.1	false	0	0				
JX661483.1	false	0	0				
JX661482.1	false	0	0				
JX661481.1	false	0	0				
JX661480.1	false	0	0				
JX661479.1	false	0	0				
JX661478.1	false	0	0				
JX661477.1	false	0	0				
JX661476.1	false	0	0				
JX661475.1	false	0	0				
JX661474.1	false	0	0				
JX661473.1	false	0	0				
JX661472.1	false	0	0				
JX661471.1	false	0	0				
JX661470.1	false	0	0				
JN792902.1	true	3973	4303	0.000000053774	3Seq	ref_AP011085	ref_FJ692601
JN792901.1	false	0	0				
JN792900.1	true	3973	4303	0.000000001303	3Seq	ref_AP011085	ref_FJ692601
JN792899.1	false	0	0				
JN792898.1	true	4174	4301	0.000000010641	3Seq	ref_AP011085	ref_FJ692557
JN792897.1	true	4133	4298	0.000000013560	3Seq	ref_AP011085	ref_KP168423
JN792896.1	true	3973	4303	0.000000002892	3Seq	ref_AP011085	ref_FJ692601
JN792895.1	true	3973	4303	0.000000004829	3Seq	ref_AP011085	ref_FJ692601
JN792894.1	true	3973	4303	0.000000000049	3Seq	ref_AP011085	ref_FJ692601
JN792893.1	true	3973	4303	0.000000000347	3Seq	ref_AP011085	ref_FJ692601
GQ205440.1	true	3630	4603	0.000000000000	3Seq	ref_D23679	ref_AP011098
KM359440.1	true	3630	4603	0.000000000000	3Seq	ref_D23679	ref_AP011098
KJ173418.1	true	3752	4311	0.000000000000	3Seq	ref_D23679	ref_KC774182
KJ173417.1	true	3630	4603	0.000000000000	3Seq	ref_D23679	ref_AP011098
KJ173416.1	true	3630	4603	0.000000000000	3Seq	ref_D23679	ref_AP011098
KJ173415.1	true	3630	4603	0.000000000000	3Seq	ref_D23679	ref_AP011098
KJ173414.1	true	3630	4603	0.000000000000	3Seq	ref_D23679	ref_AP011098
KJ173413.1	true	3630	4603	0.000000000000	3Seq	ref_D23679	ref_AP011098
KJ173412.1	true	3630	4603	0.000000000000	3Seq	ref_D23679	ref_AP011098
KJ173411.1	true	3630	4603	0.000000000000	3Seq	ref_D23679	ref_AP011098
KJ173410.1	true	3630	4603	0.000000000000	3Seq	ref_D23679	ref_AP011098
KJ173409.1	true	3630	4603	0.000000000000	3Seq	ref_D23679	ref_AP011098
KJ173407.1	true	3630	4603	0.000000000000	3Seq	ref_D23679	ref_AP011098
KJ173406.1	true	3630	4603	0.000000000000	3Seq	ref_D23679	ref_AP011098
KJ173405.1	true	3630	4603	0.000000000000	3Seq	ref_D23679	ref_AP011098
KJ173404.1	true	3630	4647	0.000000000000	3Seq	ref_D23679	ref_AP011098
KJ173403.1	true	3630	4647	0.000000000000	3Seq	ref_D23679	ref_AP011098
KJ173402.1	true	3630	4603	0.000000000000	3Seq	ref_D23679	ref_AP011098
KJ173401.1	true	3630	4603	0.000000000000	3Seq	ref_D23679	ref_AP011098
KJ173400.1	true	3630	4603	0.000000000000	3Seq	ref_D23679	ref_AP011098
KJ173399.1	true	3630	4603	0.000000000000	3Seq	ref_D23679	ref_AP011098
KJ173398.1	true	3630	4603	0.000000000000	3Seq	ref_D23679	ref_AP011098
KJ173397.1	true	3630	4603	0.000000000000	3Seq	ref_D23679	ref_AP011098
KJ173390.1	true	3630	4603	0.000000000000	3Seq	ref_D23679	ref_AP011098
KJ173389.1	true	3630	4603	0.000000000000	3Seq	ref_D23679	ref_AP011098
KJ173388.1	true	3630	4603	0.000000000000	3Seq	ref_D23679	ref_AP011098
KJ173387.1	true	3630	4603	0.000000000000	3Seq	ref_D23679	ref_AP011098
KJ173386.1	true	3630	4603	0.000000000000	3Seq	ref_D23679	ref_AP011098
KJ173385.1	true	3752	4311	0.000000000000	3Seq	ref_D23679	ref_KC774182
KJ173384.1	true	3630	4330	0.000000000000	3Seq	ref_D23679	ref_AP011098
KJ173383.1	true	3752	4311	0.000000000000	3Seq	ref_D23679	ref_KC774182
KJ173382.1	true	3630	4603	0.000000000000	3Seq	ref_D23679	ref_AP011098
KJ173381.1	true	3630	4603	0.000000000000	3Seq	ref_D23679	ref_AP011098
KJ173380.1	true	3752	4311	0.000000000000	3Seq	ref_D23679	ref_KC774182
KJ173379.1	true	3752	4311	0.000000000000	3Seq	ref_D23679	ref_KC774182
KJ173378.1	true	3977	4673	0.000000000000	3Seq	ref_D23679	ref_AP011098
KJ173377.1	true	3630	4673	0.000000000000	3Seq	ref_D23679	ref_AP011098
KJ173376.1	true	3630	4603	0.000000000000	3Seq	ref_D23679	ref_AP011098
KJ173375.1	true	3630	4603	0.000000000000	3Seq	ref_D23679	ref_AP011098
KJ173374.1	true	3630	4603	0.000000000000	3Seq	ref_D23679	ref_AP011098
KJ173373.1	true	3630	4603	0.000000000000	3Seq	ref_D23679	ref_AP011098
KJ173371.1	true	3630	4603	0.000000000000	3Seq	ref_D23679	ref_AP011098
KJ173370.1	true	3630	4603	0.000000000000	3Seq	ref_D23679	ref_AP011098
KJ173369.1	true	3630	4603	0.000000000000	3Seq	ref_D23679	ref_AP011098
KJ173368.1	true	3630	4603	0.000000000000	3Seq	ref_D23679	ref_AP011098
KJ173367.1	true	3630	4603	0.000000000000	3Seq	ref_D23679	ref_AP011098
KJ173366.1	true	3630	4603	0.000000000000	3Seq	ref_D23679	ref_AP011098
KJ173365.1	true	3630	4603	0.000000000000	3Seq	ref_D23679	ref_AP011098
KJ173364.1	true	3630	4603	0.000000000000	3Seq	ref_D23679	ref_AP011098
KJ173363.1	true	3630	4603	0.000000000000	3Seq	ref_D23679	ref_AP011098
KJ173362.1	true	3977	4603	0.000000000000	3Seq	ref_D23679	ref_AP011098
KJ173361.1	true	3630	4603	0.000000000000	3Seq	ref_D23679	ref_AP011098
KJ173360.1	true	3630	4603	0.000000000000	3Seq	ref_D23679	ref_AP011098
KJ173359.1	true	3630	4603	0.000000000000	3Seq	ref_D23679	ref_AP011098
KJ173358.1	true	2498	4968	0.000000000000	3Seq	ref_GQ377617	ref_GU815637
KJ173357.1	true	3630	4603	0.000000000000	3Seq	ref_D23679	ref_AP011098
KJ173356.1	true	3630	4603	0.000000000000	3Seq	ref_D23679	ref_AP011098
KJ173355.1	true	3630	4603	0.000000000000	3Seq	ref_D23679	ref_AP011098
KJ173354.1	true	3630	4603	0.000000000000	3Seq	ref_D23679	ref_AP011098
KJ173353.1	true	3630	4603	0.000000000000	3Seq	ref_D23679	ref_AP011098
KJ173352.1	true	3630	4603	0.000000000000	3Seq	ref_D23679	ref_AP011098
KJ173351.1	true	3630	4603	0.000000000000	3Seq	ref_D23679	ref_AP011098
KJ173350.1	true	2438	5003	0.000000000000	3Seq	ref_GQ377617	ref_GU815637
KJ173348.1	true	3630	4603	0.000000000000	3Seq	ref_D23679	ref_AP011098
KJ173347.1	true	3630	4603	0.000000000000	3Seq	ref_D23679	ref_AP011098
KJ173346.1	true	3630	4603	0.000000000000	3Seq	ref_D23679	ref_AP011098
KJ173344.1	true	3630	4603	0.000000000000	3Seq	ref_D23679	ref_AP011098
KJ173343.1	true	3630	4603	0.000000000000	3Seq	ref_D23679	ref_AP011098
KJ173342.1	true	3630	4842	0.000000000000	3Seq	ref_D23679	ref_AP011098
KJ173341.1	true	3630	4851	0.000000000000	3Seq	ref_D23679	ref_AP011098
KJ173340.1	true	3630	4603	0.000000000000	3Seq	ref_D23679	ref_AP011098
KJ173339.1	true	3630	4603	0.000000000000	3Seq	ref_D23679	ref_AP011098
KJ173298.1	true	3630	4842	0.000000000000	3Seq	ref_D23679	ref_AP011098
KJ173297.1	true	3630	4842	0.000000000000	3Seq	ref_D23679	ref_AP011098
GQ358152.1	true	3718	4347	0.000000000000	3Seq	ref_AB287314	ref_DQ089802
GQ358151.1	true	3834	4297	0.000000000000	3Seq	ref_AB287314	ref_AP011099
GQ358150.1	true	3834	4297	0.000000000000	3Seq	ref_AB287314	ref_AP011099
GQ358149.1	true	3718	4347	0.000000000000	3Seq	ref_AB287314	ref_DQ089802
GQ358148.1	true	3834	4297	0.000000000000	3Seq	ref_AB287314	ref_AP011099
GQ358147.1	true	3834	4288	0.000000000000	3Seq	ref_AB287314	ref_AP011099
GQ358146.1	true	3718	4637	0.000000000000	3Seq	ref_AB287314	ref_AP011098
GQ358145.1	true	3834	4288	0.000000000000	3Seq	ref_AB287314	ref_AP011099
GQ358144.1	true	3834	4297	0.000000000000	3Seq	ref_AB287314	ref_AP011099
GQ358143.1	true	3834	4297	0.000000000000	3Seq	ref_AB287314	ref_AP011099
GQ358142.1	true	3718	4350	0.000000000000	3Seq	ref_AB287314	ref_AP011098
GQ358141.1	true	3834	4297	0.000000000000	3Seq	ref_AB287314	ref_AP011099
GQ358140.1	true	3834	4297	0.000000000000	3Seq	ref_AB287314	ref_AP011099
GQ358139.1	true	3834	4297	0.000000000000	3Seq	ref_AB287314	ref_AP011099
GQ358138.1	true	3834	4297	0.000000000000	3Seq	ref_AB287314	ref_AP011099
GQ358137.1	true	3718	4350	0.000000000000	3Seq	ref_AB287314	ref_AP011098
GQ358136.1	true	3718	4588	0.000000000000	3Seq	ref_AB287314	ref_AP011098
KM875427.1	true	3630	4330	0.000000000000	3Seq	ref_D23679	ref_AP011098
KM875426.1	true	3630	4603	0.000000000000	3Seq	ref_D23679	ref_AP011098
KM875420.1	true	3977	4673	0.000000000000	3Seq	ref_D23679	ref_AP011098
KM875419.1	true	3630	4603	0.000000000000	3Seq	ref_D23679	ref_AP011098
KM875418.1	true	3977	4603	0.000000000000	3Seq	ref_D23679	ref_AP011098
KM875417.1	true	3630	4603	0.000000000000	3Seq	ref_D23679	ref_AP011098
KM875416.1	true	3630	4603	0.000000000000	3Seq	ref_D23679	ref_AP011098
KM875409.1	true	3977	4311	0.000000000000	3Seq	ref_D23679	ref_KC774182
KM875408.1	true	3977	4311	0.000000000000	3Seq	ref_D23679	ref_KC774182
KP406335.1	true	3412	4603	0.000000000000	3Seq	ref_D23679	ref_AP011098
KP406334.1	true	3630	4603	0.000000000000	3Seq	ref_D23679	ref_AP011098
KP406333.1	true	3630	4603	0.000000000000	3Seq	ref_D23679	ref_AP011098
KP406332.1	true	3630	4603	0.000000000000	3Seq	ref_D23679	ref_AP011098
KP406331.1	true	3630	4294	0.000000000000	3Seq	ref_D23679	ref_AP011098
KP406329.1	true	3630	4603	0.000000000000	3Seq	ref_D23679	ref_AP011098
KP406328.1	true	3615	4603	0.000000000000	3Seq	ref_D23679	ref_AP011098
KP406327.1	true	3630	4603	0.000000000000	3Seq	ref_D23679	ref_AP011098
KP406326.1	true	3630	4603	0.000000000000	3Seq	ref_D23679	ref_AP011098
KP406325.1	true	3630	4603	0.000000000000	3Seq	ref_D23679	ref_AP011098
KP406324.1	true	3630	4603	0.000000000000	3Seq	ref_D23679	ref_AP011098
KP406323.1	true	3630	4603	0.000000000000	3Seq	ref_D23679	ref_AP011098
KP406322.1	true	3630	4603	0.000000000000	3Seq	ref_D23679	ref_AP011098
KP406321.1	true	3630	4603	0.000000000000	3Seq	ref_D23679	ref_AP011098
KP406320.1	true	3630	4603	0.000000000000	3Seq	ref_D23679	ref_AP011098
KP406319.1	true	3630	4603	0.000000000000	3Seq	ref_D23679	ref_AP011098
KP406318.1	true	3630	4603	0.000000000000	3Seq	ref_D23679	ref_AP011098
KP406317.1	true	3987	4294	0.000000000000	3Seq	ref_D23679	ref_KC774182
KP406316.1	true	3630	4325	0.000000000000	3Seq	ref_D23679	ref_DQ089802
KP406315.1	true	3630	4325	0.000000000000	3Seq	ref_D23679	ref_DQ089802
KP406314.1	true	3630	4325	0.000000000000	3Seq	ref_D23679	ref_DQ089802
KP406313.1	true	3630	4325	0.000000000000	3Seq	ref_D23679	ref_DQ089802
KP406312.1	true	3630	4325	0.000000000000	3Seq	ref_D23679	ref_DQ089802
KP406311.1	true	3630	4325	0.000000000000	3Seq	ref_D23679	ref_DQ089802
KP406310.1	true	3630	4325	0.000000000000	3Seq	ref_D23679	ref_DQ089802
KP406309.1	true	3630	4325	0.000000000000	3Seq	ref_D23679	ref_DQ089802
KP406308.1	true	3630	4325	0.000000000000	3Seq	ref_D23679	ref_DQ089802
KP406307.1	true	3630	4325	0.000000000000	3Seq	ref_D23679	ref_DQ089802
KP406306.1	true	3630	4325	0.000000000000	3Seq	ref_D23679	ref_DQ089802
KP406305.1	true	3630	4325	0.000000000000	3Seq	ref_D23679	ref_DQ089802
KP406304.1	true	3630	4325	0.000000000000	3Seq	ref_D23679	ref_DQ089802
KP406303.1	true	3630	4325	0.000000000000	3Seq	ref_D23679	ref_DQ089802
KP406302.1	true	3630	4325	0.000000000000	3Seq	ref_D23679	ref_DQ089802
KP406301.1	true	3630	4325	0.000000000000	3Seq	ref_D23679	ref_DQ089802
KP406300.1	true	3630	4325	0.000000000000	3Seq	ref_D23679	ref_DQ089802
KP406299.1	true	3630	4294	0.000000000000	3Seq	ref_D23679	ref_AP011098
KP406298.1	true	3630	4325	0.000000000000	3Seq	ref_D23679	ref_DQ089802
KP406297.1	true	3630	4325	0.000000000000	3Seq	ref_D23679	ref_DQ089802
KP406296.1	true	3630	4325	0.000000000000	3Seq	ref_D23679	ref_DQ089802
KP406295.1	false	0	0				
KP406294.1	true	3630	4294	0.000000000000	3Seq	ref_D23679	ref_AP011098
KP406293.1	true	3630	4325	0.000000000000	3Seq	ref_D23679	ref_DQ089802
KP406292.1	true	3630	4294	0.000000000000	3Seq	ref_D23679	ref_AP011098
KP406291.1	true	3630	4294	0.000000000000	3Seq	ref_D23679	ref_AP011098
KP406290.1	true	3630	4294	0.000000000000	3Seq	ref_D23679	ref_AP011098
KP406289.1	true	3630	4325	0.000000000000	3Seq	ref_D23679	ref_DQ089802
KP341013.1	true	3834	4297	0.000000000000	3Seq	ref_AB287314	ref_AP011099
KP341012.1	true	3834	4297	0.000000000000	3Seq	ref_AB287314	ref_AP011099
KP341011.1	true	3973	4303	0.000000000287	3Seq	ref_AP011085	ref_FJ692601
KP341010.1	true	3630	4673	0.000000000000	3Seq	ref_D23679	ref_AP011098
KP341009.1	true	3834	4297	0.000000000000	3Seq	ref_AB287314	ref_AP011099
KP341008.1	true	3630	4603	0.000000000000	3Seq	ref_D23679	ref_AP011098
KP341007.1	true	4043	4303	0.000000000003	3Seq	ref_GU815637	ref_FJ692601
KJ843165.1	true	3630	4603	0.000000000000	3Seq	ref_D23679	ref_AP011098
AB981583.1	true	3630	4673	0.000000000000	3Seq	ref_D23679	ref_AP011098
AB981582.1	true	3630	4673	0.000000000000	3Seq	ref_D23679	ref_AP011098
AB981581.1	true	3630	4673	0.000000000000	3Seq	ref_D23679	ref_AP011098
KP406288.1	true	3630	4325	0.000000000000	3Seq	ref_D23679	ref_DQ089802
KP406287.1	true	3630	4325	0.000000000000	3Seq	ref_D23679	ref_DQ089802
KP406286.1	true	3630	4325	0.000000000000	3Seq	ref_D23679	ref_DQ089802
KP406285.1	true	3987	4294	0.000000000000	3Seq	ref_D23679	ref_KC774182
KP406284.1	true	3630	4325	0.000000000000	3Seq	ref_D23679	ref_DQ089802
KP406283.1	true	3630	4294	0.000000000000	3Seq	ref_D23679	ref_AP011098
KP406282.1	true	3809	4294	0.000000000000	3Seq	ref_D23679	ref_KC774182
KP406281.1	true	3630	4294	0.000000000000	3Seq	ref_D23679	ref_AP011098
KP406280.1	true	3630	4285	0.000000000000	3Seq	ref_D23679	ref_AP011099
KP406279.1	true	3630	4603	0.000000000000	3Seq	ref_D23679	ref_AP011098
KP406278.1	true	3630	4603	0.000000000000	3Seq	ref_D23679	ref_AP011098
KP406277.1	true	3977	4673	0.000000000000	3Seq	ref_D23679	ref_AP011098
KP406275.1	true	3630	4603	0.000000000000	3Seq	ref_D23679	ref_AP011098
KP406274.1	true	3630	4603	0.000000000000	3Seq	ref_D23679	ref_AP011098
KP406273.1	true	3630	4603	0.000000000000	3Seq	ref_D23679	ref_AP011098
KP406272.1	true	3630	4603	0.000000000000	3Seq	ref_D23679	ref_AP011098
KP406271.1	true	3630	4285	0.000000000000	3Seq	ref_D23679	ref_AP011099
KP406270.1	true	3630	4603	0.000000000000	3Seq	ref_D23679	ref_AP011098
KP406269.1	true	3630	4285	0.000000000000	3Seq	ref_D23679	ref_AP011099
KP406268.1	true	3630	4673	0.000000000000	3Seq	ref_D23679	ref_AP011098
KP406267.1	true	3809	4294	0.000000000000	3Seq	ref_D23679	ref_KC774182
KP406266.1	true	3630	4603	0.000000000000	3Seq	ref_D23679	ref_AP011098
KP406265.1	true	3630	4603	0.000000000000	3Seq	ref_D23679	ref_AP011098
KP406264.1	true	3630	4603	0.000000000000	3Seq	ref_D23679	ref_AP011098
KP406263.1	true	3630	4673	0.000000000000	3Seq	ref_D23679	ref_AP011098
KP406262.1	true	3630	4294	0.000000000000	3Seq	ref_D23679	ref_KC774182
KP406261.1	true	3630	4603	0.000000000000	3Seq	ref_D23679	ref_AP011098
KP406260.1	true	3630	4294	0.000000000000	3Seq	ref_D23679	ref_KC774182
KP406259.1	true	3977	4294	0.000000000000	3Seq	ref_D23679	ref_KC774182
KP406258.1	true	3630	4285	0.000000000000	3Seq	ref_D23679	ref_AP011099
KP406257.1	true	3630	4294	0.000000000000	3Seq	ref_D23679	ref_AP011098
KP406256.1	true	3977	4294	0.000000000000	3Seq	ref_D23679	ref_KC774182
KP406255.1	true	3630	4673	0.000000000000	3Seq	ref_D23679	ref_AP011098
KP406254.1	true	3630	4325	0.000000000000	3Seq	ref_D23679	ref_DQ089802
KP406253.1	true	3630	4325	0.000000000000	3Seq	ref_D23679	ref_DQ089802
KP406252.1	true	3630	4325	0.000000000000	3Seq	ref_D23679	ref_DQ089802
KP406251.1	true	3630	4325	0.000000000000	3Seq	ref_D23679	ref_DQ089802
KP406250.1	true	3630	4325	0.000000000000	3Seq	ref_D23679	ref_DQ089802
KP406249.1	true	3630	4325	0.000000000000	3Seq	ref_D23679	ref_DQ089802
KP406248.1	true	3630	4325	0.000000000000	3Seq	ref_D23679	ref_DQ089802
KP406247.1	true	3630	4325	0.000000000000	3Seq	ref_D23679	ref_DQ089802
KP406246.1	true	3630	4325	0.000000000000	3Seq	ref_D23679	ref_DQ089802
KP406245.1	true	3630	4325	0.000000000000	3Seq	ref_D23679	ref_DQ089802
KP406244.1	true	3630	4325	0.000000000000	3Seq	ref_D23679	ref_DQ089802
KP406243.1	true	3630	4498	0.000000000000	3Seq	ref_D23679	ref_DQ089802
KP406240.1	true	3630	4673	0.000000000000	3Seq	ref_D23679	ref_AP011098
KP406239.1	true	3630	4603	0.000000000000	3Seq	ref_D23679	ref_AP011098
KP406238.1	true	3630	4673	0.000000000000	3Seq	ref_D23679	ref_AP011098
KP406237.1	true	3630	4603	0.000000000000	3Seq	ref_D23679	ref_AP011098
KP406236.1	true	3630	4603	0.000000000000	3Seq	ref_D23679	ref_AP011098
KP406235.1	true	3630	4603	0.000000000000	3Seq	ref_D23679	ref_AP011098
KP406234.1	true	3630	4603	0.000000000000	3Seq	ref_D23679	ref_AP011098
KP406233.1	true	3630	4603	0.000000000000	3Seq	ref_D23679	ref_AP011098
KP406232.1	true	3630	4498	0.000000000000	3Seq	ref_D23679	ref_DQ089802
KP406231.1	true	3630	4603	0.000000000000	3Seq	ref_D23679	ref_AP011098
KP406230.1	true	3630	4603	0.000000000000	3Seq	ref_D23679	ref_AP011098
KP406229.1	true	3630	4603	0.000000000000	3Seq	ref_D23679	ref_AP011098
KP406228.1	true	3630	4603	0.000000000000	3Seq	ref_D23679	ref_AP011098
KP406227.1	true	3630	4603	0.000000000000	3Seq	ref_D23679	ref_AP011098
KP406226.1	true	3630	4603	0.000000000001	3Seq	ref_D23679	ref_AP011098
KP406225.1	true	3630	4603	0.000000000000	3Seq	ref_D23679	ref_AP011098
KP406224.1	true	3630	4603	0.000000000000	3Seq	ref_D23679	ref_AP011098
KP406223.1	true	3630	4603	0.000000000000	3Seq	ref_D23679	ref_AP011098
KP406222.1	true	3630	4603	0.000000000000	3Seq	ref_D23679	ref_AP011098
KP406221.1	true	3630	4603	0.000000000000	3Seq	ref_D23679	ref_AP011098
KP406220.1	true	3630	4603	0.000000000000	3Seq	ref_D23679	ref_AP011098
KP406219.1	true	3630	4678	0.000000000000	3Seq	ref_D23679	ref_AP011098
KP406218.1	true	3630	4678	0.000000000000	3Seq	ref_D23679	ref_AP011098
KP406217.1	true	3630	4678	0.000000000000	3Seq	ref_D23679	ref_AP011098
KP406216.1	true	3630	4678	0.000000000000	3Seq	ref_D23679	ref_AP011098
KP406215.1	true	3630	4678	0.000000000000	3Seq	ref_D23679	ref_AP011098
KP406214.1	true	3630	4678	0.000000000000	3Seq	ref_D23679	ref_AP011098
KP406213.1	true	3630	4678	0.000000000000	3Seq	ref_D23679	ref_AP011098
KP406212.1	true	3977	4678	0.000000000000	3Seq	ref_D23679	ref_AP011098
KP406211.1	true	3630	4678	0.000000000000	3Seq	ref_D23679	ref_AP011098
KP406210.1	true	3630	4678	0.000000000000	3Seq	ref_D23679	ref_AP011098
KP406209.1	true	3630	4678	0.000000000000	3Seq	ref_D23679	ref_AP011098
KP406208.1	true	3630	4678	0.000000000000	3Seq	ref_D23679	ref_AP011098
KP406207.1	true	3630	4678	0.000000000000	3Seq	ref_D23679	ref_AP011098
KP406206.1	true	3630	4678	0.000000000000	3Seq	ref_D23679	ref_AP011098
KP406205.1	true	3630	4678	0.000000000000	3Seq	ref_D23679	ref_AP011098
KP406204.1	true	3630	4678	0.000000000000	3Seq	ref_D23679	ref_AP011098
KP406203.1	true	3630	4678	0.000000000000	3Seq	ref_D23679	ref_AP011098
KP406202.1	true	3630	4678	0.000000000000	3Seq	ref_D23679	ref_AP011098
KP406201.1	true	3630	4678	0.000000000000	3Seq	ref_D23679	ref_AP011098
KP406200.1	true	3630	4678	0.000000000000	3Seq	ref_D23679	ref_AP011098
KP406199.1	true	3630	4678	0.000000000000	3Seq	ref_D23679	ref_AP011098
KP406198.1	true	3630	4678	0.000000000000	3Seq	ref_D23679	ref_AP011098
KP406197.1	true	3630	4678	0.000000000000	3Seq	ref_D23679	ref_AP011098
KP406196.1	true	3630	4678	0.000000000000	3Seq	ref_D23679	ref_AP011098
KP406195.1	true	3630	4678	0.000000000000	3Seq	ref_D23679	ref_AP011098
KP406194.1	true	3630	4678	0.000000000000	3Seq	ref_D23679	ref_AP011098
KP406193.1	true	3630	4678	0.000000000000	3Seq	ref_D23679	ref_AP011098
KP406192.1	true	3630	4678	0.000000000000	3Seq	ref_D23679	ref_AP011098
KP406191.1	true	3630	4678	0.000000000000	3Seq	ref_D23679	ref_AP011098
KP406190.1	true	3977	4678	0.000000000000	3Seq	ref_D23679	ref_AP011098
KP406189.1	true	3630	4678	0.000000000000	3Seq	ref_D23679	ref_AP011098
KP406188.1	true	3630	4678	0.000000000000	3Seq	ref_D23679	ref_AP011098
KP406187.1	true	3630	4678	0.000000000000	3Seq	ref_D23679	ref_AP011098
KP406186.1	true	3630	4678	0.000000000000	3Seq	ref_D23679	ref_AP011098
KP406185.1	true	3630	4678	0.000000000000	3Seq	ref_D23679	ref_AP011098
KP406184.1	true	3630	4678	0.000000000000	3Seq	ref_D23679	ref_AP011098
KP406183.1	true	3630	4678	0.000000000000	3Seq	ref_D23679	ref_AP011098
KP406182.1	true	3630	4678	0.000000000000	3Seq	ref_D23679	ref_AP011098
KP406181.1	true	3630	4678	0.000000000000	3Seq	ref_D23679	ref_AP011098
KP406180.1	true	3630	4678	0.000000000000	3Seq	ref_D23679	ref_AP011098
KP406179.1	true	3630	4678	0.000000000000	3Seq	ref_D23679	ref_AP011098
KP406178.1	true	3630	4678	0.000000000000	3Seq	ref_D23679	ref_AP011098
KP406177.1	true	3630	4678	0.000000000000	3Seq	ref_D23679	ref_AP011098
KP406176.1	true	3630	4678	0.000000000000	3Seq	ref_D23679	ref_AP011098
KP406175.1	true	3630	4294	0.000000000000	3Seq	ref_D23679	ref_AP011098
KP406174.1	true	3630	4294	0.000000000000	3Seq	ref_D23679	ref_AP011098
KP406173.1	true	3630	4673	0.000000000000	3Seq	ref_D23679	ref_AP011098
KP406172.1	true	3630	4294	0.000000000000	3Seq	ref_D23679	ref_AP011098
KP406171.1	true	3630	4673	0.000000000000	3Seq	ref_D23679	ref_AP011098
KP406170.1	true	3630	4294	0.000000000000	3Seq	ref_D23679	ref_AP011098
KP406169.1	true	3630	4294	0.000000000000	3Seq	ref_D23679	ref_AP011098
KP406168.1	true	3630	4294	0.000000000000	3Seq	ref_D23679	ref_AP011098
KP406167.1	true	3977	4673	0.000000000000	3Seq	ref_D23679	ref_AP011098
KP406166.1	true	3630	4294	0.000000000000	3Seq	ref_D23679	ref_AP011098
KP406165.1	true	3977	4603	0.000000000000	3Seq	ref_D23679	ref_AP011098
KP406164.1	true	3630	4673	0.000000000000	3Seq	ref_D23679	ref_AP011098
KP406163.1	true	3630	4603	0.000000000000	3Seq	ref_D23679	ref_AP011098
KP406162.1	true	3630	4294	0.000000000000	3Seq	ref_D23679	ref_AP011098
KP406161.1	false	0	0				
KP036970.1	true	3630	4603	0.000000000000	3Seq	ref_D23679	ref_AP011098
AB931169.1	true	3973	4303	0.000000000006	3Seq	ref_GU815637	ref_FJ692601
AB931168.1	true	3973	4303	0.000000000006	3Seq	ref_GU815637	ref_FJ692601
KM213036.1	false	0	0				
KM213035.1	false	0	0				
KM213034.1	false	0	0				
KM213032.1	false	0	0				
KC774392.1	true	4015	4603	0.000000000000	3Seq	ref_D23679	ref_AP011098
KC774391.1	true	4015	4603	0.000000000000	3Seq	ref_D23679	ref_KC774182
KC774390.1	true	3630	4603	0.000000000000	3Seq	ref_D23679	ref_AP011098
KC774389.1	true	3977	4603	0.000000000000	3Seq	ref_D23679	ref_AP011098
KC774388.1	true	3630	4603	0.000000000000	3Seq	ref_D23679	ref_AP011098
KC774387.1	true	3630	4603	0.000000000000	3Seq	ref_D23679	ref_AP011098
KC774386.1	true	4015	4603	0.000000000000	3Seq	ref_D23679	ref_KC774182
KC774385.1	true	4015	4603	0.000000000000	3Seq	ref_D23679	ref_AP011098
KC774384.1	true	3630	4603	0.000000000000	3Seq	ref_D23679	ref_AP011098
KC774383.1	true	3977	4603	0.000000000000	3Seq	ref_D23679	ref_AP011098
KC774382.1	true	3630	4603	0.000000000000	3Seq	ref_D23679	ref_AP011098
KC774381.1	true	3630	4603	0.000000000000	3Seq	ref_D23679	ref_AP011098
KC774380.1	true	4015	4603	0.000000000000	3Seq	ref_D23679	ref_AP011098
KC774379.1	true	4015	4603	0.000000000000	3Seq	ref_D23679	ref_AP011098
KC774378.1	true	3630	4603	0.000000000000	3Seq	ref_D23679	ref_AP011098
KJ854704.1	true	1633	4605	0.000000024540	3Seq	ref_AB554015	ref_NC_003977
KJ854695.1	false	0	0				
KC774419.1	true	3630	4727	0.000000000000	3Seq	ref_D23679	ref_AP011098
KC774418.1	true	3834	4297	0.000000000000	3Seq	ref_AB287314	ref_AP011099
KC774417.1	true	4015	4603	0.000000000000	3Seq	ref_D23679	ref_AP011098
KC774416.1	true	3630	4603	0.000000000000	3Seq	ref_D23679	ref_AP011098
KC774415.1	true	3977	4311	0.000000000000	3Seq	ref_D23679	ref_KC774182
KC774414.1	true	2790	3743	0.000000000000	3Seq	ref_GU815637	ref_GQ377617
KC774413.1	true	3630	4603	0.000000000000	3Seq	ref_D23679	ref_AP011098
KC774412.1	true	4015	4603	0.000000000000	3Seq	ref_D23679	ref_KC774182
KC774411.1	true	3630	4603	0.000000000000	3Seq	ref_D23679	ref_AP011098
KC774410.1	true	3977	4603	0.000000000000	3Seq	ref_D23679	ref_KC774182
KC774409.1	true	3630	4603	0.000000000000	3Seq	ref_D23679	ref_AP011098
KC774408.1	true	3752	4603	0.000000000000	3Seq	ref_D23679	ref_KC774182
KC774407.1	true	4015	4603	0.000000000000	3Seq	ref_D23679	ref_KC774182
KC774406.1	true	3630	4673	0.000000000000	3Seq	ref_D23679	ref_AP011098
KC774405.1	true	3977	4311	0.000000000000	3Seq	ref_D23679	ref_KC774182
KC774404.1	true	3630	4603	0.000000000000	3Seq	ref_D23679	ref_AP011098
KC774403.1	true	3630	4603	0.000000000000	3Seq	ref_D23679	ref_AP011098
KC774402.1	true	4015	4603	0.000000000000	3Seq	ref_D23679	ref_AP011098
KC774401.1	true	3630	4603	0.000000000000	3Seq	ref_D23679	ref_AP011098
KC774400.1	true	3977	4311	0.000000000000	3Seq	ref_D23679	ref_KC774182
KC774399.1	true	3630	4603	0.000000000000	3Seq	ref_D23679	ref_AP011098
KC774398.1	true	3630	4603	0.000000000000	3Seq	ref_D23679	ref_AP011098
KC774397.1	true	4015	4603	0.000000000000	3Seq	ref_D23679	ref_AP011098
KC774396.1	true	3630	4603	0.000000000000	3Seq	ref_D23679	ref_AP011098
KC774395.1	true	3977	4603	0.000000000000	3Seq	ref_D23679	ref_AP011098
KC774394.1	true	3831	4311	0.000000000000	3Seq	ref_D23679	ref_KC774182
KC774393.1	true	3630	4603	0.000000000000	3Seq	ref_D23679	ref_AP011098
KC774377.1	true	3977	4673	0.000000000000	3Seq	ref_D23679	ref_AP011098
KC774376.1	true	3630	4673	0.000000000000	3Seq	ref_D23679	ref_AP011098
KC774375.1	true	3630	4603	0.000000000000	3Seq	ref_D23679	ref_AP011098
KC774374.1	true	4015	4603	0.000000000000	3Seq	ref_D23679	ref_AP011098
KC774373.1	true	4015	4603	0.000000000000	3Seq	ref_D23679	ref_AP011098
KC774372.1	true	3630	4603	0.000000000000	3Seq	ref_D23679	ref_AP011098
KC774371.1	true	3977	4603	0.000000000000	3Seq	ref_D23679	ref_AP011098
KC774370.1	true	3630	4603	0.000000000000	3Seq	ref_D23679	ref_AP011098
KC774369.1	true	3630	4603	0.000000000000	3Seq	ref_D23679	ref_AP011098
KC774368.1	true	4015	4603	0.000000000000	3Seq	ref_D23679	ref_KC774182
KC774367.1	true	4015	4603	0.000000000000	3Seq	ref_D23679	ref_KC774182
KC774366.1	true	3630	4603	0.000000000000	3Seq	ref_D23679	ref_AP011098
KC774365.1	true	3977	4603	0.000000000000	3Seq	ref_D23679	ref_AP011098
KC774364.1	true	1596	3749	0.000000000000	3Seq	ref_AP011098	ref_GU815637
KC774363.1	true	3630	4603	0.000000000000	3Seq	ref_D23679	ref_AP011098
KC774362.1	true	4015	4311	0.000000000000	3Seq	ref_D23679	ref_KC774182
KC492740.1	true	3977	4311	0.000000000000	3Seq	ref_D23679	ref_KC774182
KC492739.1	true	3630	4603	0.000000000000	3Seq	ref_D23679	ref_AP011098
AB828708.1	true	3977	4303	0.000000000004	3Seq	ref_AB073835	ref_FJ692601
KC774178.1	true	1596	3749	0.000000000000	3Seq	ref_AP011098	ref_GU815637
FJ562328.1	true	1891	3762	0.000000000000	3Seq	ref_GU815637	ref_GQ377617
FJ562322.1	true	3800	4603	0.000000000000	3Seq	ref_D23679	ref_AP011098
FJ562321.1	true	3977	4311	0.000000000000	3Seq	ref_D23679	ref_KC774182
FJ562316.1	true	3630	4603	0.000000000000	3Seq	ref_D23679	ref_AP011098
FJ562312.1	true	3987	4673	0.000000000000	3Seq	ref_D23679	ref_AP011098
FJ562311.1	true	3923	4297	0.000000000000	3Seq	ref_D23679	ref_AP011099
FJ562303.1	true	3752	4311	0.000000000000	3Seq	ref_D23679	ref_KC774182
FJ562296.1	true	3630	4328	0.000000000000	3Seq	ref_D23679	ref_AP011098
FJ562289.1	true	3630	4603	0.000000000000	3Seq	ref_D23679	ref_AP011098
FJ562262.1	true	3752	4311	0.000000000000	3Seq	ref_D23679	ref_KC774182
FJ562260.1	true	3987	4603	0.000000000000	3Seq	ref_D23679	ref_AP011098
FJ562259.1	true	3977	4673	0.000000000000	3Seq	ref_D23679	ref_AP011098
FJ562257.1	true	3752	4309	0.000000000000	3Seq	ref_D23679	ref_KC774182
FJ562254.1	true	3977	4603	0.000000000000	3Seq	ref_D23679	ref_AP011098
FJ562253.1	true	3630	4603	0.000000000000	3Seq	ref_D23679	ref_AP011098
FJ562247.1	true	1929	3514	0.000000000000	3Seq	ref_GU815637	ref_GQ377617
FJ562246.1	true	3630	4603	0.000000000000	3Seq	ref_D23679	ref_AP011098
FJ562240.1	true	3977	4603	0.000000000000	3Seq	ref_D23679	ref_AP011098
FJ562237.1	true	3752	4311	0.000000000000	3Seq	ref_D23679	ref_KC774182
FJ562236.1	true	3752	4311	0.000000000000	3Seq	ref_D23679	ref_KC774182
FJ562234.1	true	3630	4673	0.000000000000	3Seq	ref_D23679	ref_AP011098
FJ562231.1	true	3977	4603	0.000000000000	3Seq	ref_D23679	ref_AP011098
FJ562224.1	true	3752	4311	0.000000000000	3Seq	ref_D23679	ref_KC774182
FJ562222.1	true	3630	4603	0.000000000000	3Seq	ref_D23679	ref_AP011098
FJ562219.1	true	3630	4330	0.000000000000	3Seq	ref_D23679	ref_AP011098
FJ386688.1	true	3629	4330	0.000000000000	3Seq	ref_D23679	ref_AP011098
FJ386684.1	true	3630	4603	0.000000000000	3Seq	ref_D23679	ref_AP011098
FJ386683.1	true	3630	4603	0.000000000000	3Seq	ref_D23679	ref_AP011098
FJ386682.1	true	3977	4311	0.000000000000	3Seq	ref_D23679	ref_KC774182
FJ386681.1	true	3630	4673	0.000000000000	3Seq	ref_D23679	ref_AP011098
FJ386680.1	true	3987	4603	0.000000000000	3Seq	ref_D23679	ref_AP011098
FJ386676.1	true	3752	4311	0.000000000000	3Seq	ref_D23679	ref_KC774182
FJ386675.1	true	3630	4673	0.000000000000	3Seq	ref_D23679	ref_AP011098
FJ386674.1	true	2143	2678	0.000000000000	3Seq	ref_JQ801514	ref_DQ089781
FJ386669.1	true	3977	4673	0.000000000000	3Seq	ref_D23679	ref_AP011098
FJ386668.1	true	3630	4603	0.000000000000	3Seq	ref_D23679	ref_AP011098
FJ386666.1	true	3630	4673	0.000000000000	3Seq	ref_D23679	ref_AP011098
FJ386660.1	true	3630	4330	0.000000000000	3Seq	ref_D23679	ref_AP011098
FJ386658.1	true	3977	4603	0.000000000000	3Seq	ref_D23679	ref_AP011098
FJ386655.1	true	3630	4603	0.000000000000	3Seq	ref_D23679	ref_AP011098
FJ386654.1	true	3752	4311	0.000000000000	3Seq	ref_D23679	ref_KC774182
FJ386648.1	true	3547	4673	0.000000000000	3Seq	ref_D23679	ref_AP011098
FJ386642.1	true	3752	4311	0.000000000000	3Seq	ref_D23679	ref_KC774182
FJ386636.1	true	3834	4297	0.000000000000	3Seq	ref_D23679	ref_AP011099
FJ386634.1	true	3630	4603	0.000000000000	3Seq	ref_D23679	ref_AP011098
FJ386615.1	true	3977	4294	0.000000000000	3Seq	ref_D23679	ref_KC774182
FJ386610.1	true	3630	4603	0.000000000000	3Seq	ref_D23679	ref_AP011098
FJ386608.1	true	3977	4294	0.000000000000	3Seq	ref_D23679	ref_AP011098
FJ386600.1	true	3630	4603	0.000000000000	3Seq	ref_D23679	ref_AP011098
FJ386584.1	true	3752	4603	0.000000000000	3Seq	ref_D23679	ref_KC774182
FJ386583.1	true	3630	4603	0.000000000000	3Seq	ref_D23679	ref_AP011098
FJ386582.1	true	3630	4603	0.000000000000	3Seq	ref_D23679	ref_AP011098
EU939679.1	true	3630	4603	0.000000000000	3Seq	ref_D23679	ref_AP011098
EU939678.1	true	3977	4603	0.000000000000	3Seq	ref_D23679	ref_AP011098
EU939677.1	true	3977	4603	0.000000000000	3Seq	ref_D23679	ref_AP011098
EU939676.1	true	3630	4603	0.000000000000	3Seq	ref_D23679	ref_AP011098
EU939675.1	true	3752	4311	0.000000000000	3Seq	ref_D23679	ref_KC774182
EU939674.1	true	3977	4675	0.000000000000	3Seq	ref_D23679	ref_AP011098
EU939673.1	true	3752	4311	0.000000000000	3Seq	ref_D23679	ref_KC774182
EU939672.1	true	3977	4603	0.000000000000	3Seq	ref_D23679	ref_AP011098
EU939671.1	true	3630	4603	0.000000000000	3Seq	ref_D23679	ref_AP011098
EU939670.1	true	3977	4673	0.000000000000	3Seq	ref_D23679	ref_AP011098
EU939669.1	true	3630	4603	0.000000000000	3Seq	ref_D23679	ref_AP011098
EU939667.1	true	3987	4311	0.000000000000	3Seq	ref_D23679	ref_KC774182
EU939666.1	true	3752	4603	0.000000000000	3Seq	ref_D23679	ref_KC774182
EU939665.1	true	3541	4673	0.000000000000	3Seq	ref_D23679	ref_AP011098
EU939662.1	true	3630	4673	0.000000000000	3Seq	ref_D23679	ref_AP011098
EU939661.1	true	3977	4603	0.000000000000	3Seq	ref_D23679	ref_AP011098
EU939660.1	true	3547	4673	0.000000000000	3Seq	ref_D23679	ref_AP011098
EU939639.1	true	3630	4603	0.000000000000	3Seq	ref_D23679	ref_AP011098
EU939638.1	true	3977	4311	0.000000000000	3Seq	ref_D23679	ref_KC774182
EU939637.1	true	3977	4603	0.000000000000	3Seq	ref_D23679	ref_AP011098
EU939636.1	true	3977	4311	0.000000000000	3Seq	ref_D23679	ref_KC774182
EU939635.1	true	3630	4603	0.000000000000	3Seq	ref_D23679	ref_AP011098
EU939634.1	true	3630	4311	0.000000000000	3Seq	ref_D23679	ref_KC774182
EU939633.1	true	3630	4673	0.000000000000	3Seq	ref_D23679	ref_AP011098
EU939632.1	true	1891	3727	0.000000000000	3Seq	ref_GU815637	ref_KC774182
EU939630.1	true	1834	4066	0.000000000000	3Seq	ref_GU815637	ref_GQ377617
EU939627.1	true	2922	3518	0.000000000000	3Seq	ref_JQ801514	ref_DQ089781
EU939623.1	true	1641	4106	0.000000000000	3Seq	ref_GU815637	ref_AP011098
EU939621.1	true	1834	3749	0.000000000000	3Seq	ref_GU815637	ref_AP011098
EU939620.1	true	1725	3518	0.000000000000	3Seq	ref_GU815637	ref_KC774182
EU939559.1	true	3630	4673	0.000000000000	3Seq	ref_D23679	ref_AP011098
KC510660.1	true	3630	4673	0.000000000000	3Seq	ref_D23679	ref_AP011098
KC510659.1	true	3541	4603	0.000000000000	3Seq	ref_D23679	ref_AP011098
KC510658.1	true	3630	4603	0.000000000000	3Seq	ref_D23679	ref_AP011098
KC510657.1	true	3630	4603	0.000000000000	3Seq	ref_D23679	ref_AP011098
KC510656.1	true	3630	4603	0.000000000000	3Seq	ref_D23679	ref_AP011098
KC510655.1	true	3630	4603	0.000000000000	3Seq	ref_D23679	ref_AP011098
KC510654.1	true	3630	4603	0.000000000000	3Seq	ref_D23679	ref_AP011098
KC510653.1	true	3541	4603	0.000000000000	3Seq	ref_D23679	ref_AP011098
KC510652.1	true	3630	4673	0.000000000000	3Seq	ref_D23679	ref_AP011098
KC510651.1	true	3630	4603	0.000000000000	3Seq	ref_D23679	ref_AP011098
KC510650.1	true	3630	4603	0.000000000000	3Seq	ref_D23679	ref_AP011098
KC510649.1	true	3630	4603	0.000000000000	3Seq	ref_D23679	ref_AP011098
KC510648.1	true	3630	4673	0.000000000000	3Seq	ref_D23679	ref_AP011098
KC510647.1	true	3630	4603	0.000000000000	3Seq	ref_D23679	ref_AP011098
KC510646.1	true	3541	4603	0.000000000000	3Seq	ref_D23679	ref_AP011098
KC510645.1	true	3630	4603	0.000000000000	3Seq	ref_D23679	ref_AP011098
KC510644.1	true	3630	4603	0.000000000000	3Seq	ref_D23679	ref_AP011098
KC510643.1	true	3630	4673	0.000000000000	3Seq	ref_D23679	ref_AP011098
KC510642.1	true	3630	4603	0.000000000000	3Seq	ref_D23679	ref_AP011098
KC510641.1	true	3630	4603	0.000000000000	3Seq	ref_D23679	ref_AP011098
KC315400.1	true	2718	3265	0.000000000000	3Seq	ref_GU815637	ref_DQ089781
JX978431.1	false	0	0				
JX870001.1	true	3630	4603	0.000000000000	3Seq	ref_D23679	ref_AP011098
JX869999.1	true	3630	4603	0.000000000000	3Seq	ref_D23679	ref_AP011098
JX869998.1	true	3752	4311	0.000000000000	3Seq	ref_D23679	ref_KC774182
JX507215.1	true	3630	4603	0.000000000000	3Seq	ref_D23679	ref_AP011098
JX507213.1	true	3630	4603	0.000000000000	3Seq	ref_D23679	ref_AP011098
JX507210.1	true	3630	4603	0.000000000000	3Seq	ref_D23679	ref_AP011098
JQ040174.1	true	1834	4543	0.000000000000	3Seq	ref_GU815637	ref_AP011098
JQ040173.1	true	3630	4603	0.000000000000	3Seq	ref_D23679	ref_AP011098
JQ040171.1	true	3630	4603	0.000000000000	3Seq	ref_D23679	ref_AP011098
JQ040170.1	true	3630	4603	0.000000000000	3Seq	ref_D23679	ref_AP011098
JQ040169.1	true	3630	4603	0.000000000000	3Seq	ref_D23679	ref_AP011098
JQ040157.1	true	1834	2190	0.000000000000	3Seq	ref_GU815637	ref_GQ377617
AB713532.1	true	3834	4297	0.000000000000	3Seq	ref_AB287314	ref_AP011099
AB713531.1	true	3834	4297	0.000000000000	3Seq	ref_AB287314	ref_AP011099
AB713530.1	true	3718	4588	0.000000000000	3Seq	ref_AB287314	ref_AP011098
AB713529.1	true	3718	4588	0.000000000000	3Seq	ref_AB287314	ref_AP011098
AB713528.1	true	3718	4350	0.000000000000	3Seq	ref_AB287314	ref_AP011098
AB713527.1	true	3834	4297	0.000000000000	3Seq	ref_AB287314	ref_AP011099
JQ801524.1	true	4938	5177	0.000000000000	3Seq	ref_JQ801514	ref_DQ089781
JQ801516.1	true	3752	4311	0.000000000000	3Seq	ref_D23679	ref_KC774182
JQ801514.1	true	3752	4294	0.000000000000	3Seq	ref_D23679	ref_KC774182
JQ801512.1	true	3630	4603	0.000000000000	3Seq	ref_D23679	ref_AP011098
JQ801507.1	true	3630	4603	0.000000000000	3Seq	ref_D23679	ref_AP011098
JQ801506.1	true	3752	4309	0.000000000000	3Seq	ref_D23679	ref_KC774182
JQ801494.1	true	3630	4603	0.000000000000	3Seq	ref_D23679	ref_AP011098
JQ801485.1	true	3977	4565	0.000000000000	3Seq	ref_D23679	ref_AP011098
JQ801479.1	true	3630	4603	0.000000000000	3Seq	ref_D23679	ref_AP011098
JQ801477.1	true	3056	4673	0.000000000000	3Seq	ref_D23679	ref_AP011098
JQ801474.1	true	3630	4673	0.000000000000	3Seq	ref_D23679	ref_AP011098
JQ801471.1	true	3630	4603	0.000000000000	3Seq	ref_D23679	ref_AP011098
JQ040147.1	true	3977	4603	0.000000000000	3Seq	ref_D23679	ref_AP011098
JQ040138.1	true	3630	4603	0.000000000000	3Seq	ref_D23679	ref_AP011098
JQ040137.1	true	3521	4687	0.000000000000	3Seq	ref_D23679	ref_KF873526
JQ040134.1	true	3630	4603	0.000000000000	3Seq	ref_D23679	ref_KC774182
JQ040128.1	true	3630	4673	0.000000000000	3Seq	ref_D23679	ref_AP011098
JQ040126.1	true	2627	2895	0.000000000001	3Seq	ref_GU815637	ref_GQ377617
JQ040125.1	true	3630	4603	0.000000000000	3Seq	ref_D23679	ref_AP011098
JQ707767.1	false	0	0				
JQ707766.1	false	0	0				
JQ707765.1	false	0	0				
JQ707764.1	false	0	0				
JQ707763.1	false	0	0				
JQ707762.1	false	0	0				
JQ707761.1	false	0	0				
JQ707760.1	false	0	0				
JQ707759.1	false	0	0				
JQ707758.1	false	0	0				
JQ707757.1	false	0	0				
JQ707756.1	false	0	0				
JQ707755.1	false	0	0				
JQ707754.1	false	0	0				
JQ707753.1	false	0	0				
JQ707752.1	false	0	0				
JQ707751.1	false	0	0				
JQ707750.1	false	0	0				
JQ707749.1	false	0	0				
JQ707748.1	false	0	0				
JQ707747.1	false	0	0				
JQ707746.1	false	0	0				
JQ707745.1	false	0	0				
JQ707744.1	false	0	0				
JQ707742.1	false	0	0				
JQ707741.1	false	0	0				
JQ707740.1	false	0	0				
JQ707739.1	false	0	0				
JQ707738.1	false	0	0				
JQ707737.1	false	0	0				
JQ707736.1	false	0	0				
JQ707735.1	false	0	0				
JQ707734.1	false	0	0				
JN827419.1	true	3630	4603	0.000000000000	3Seq	ref_D23679	ref_AP011098
JN406371.1	true	3630	4603	0.000000000000	3Seq	ref_D23679	ref_AP011098
AB642101.1	true	4052	4301	0.000000000842	3Seq	ref_GU815637	ref_KM606737
AB642098.1	true	3973	4303	0.000000000000	3Seq	ref_GU815637	ref_FJ692601
AB642094.1	true	3977	4673	0.000000000000	3Seq	ref_D23679	ref_AP011098
AB642093.1	true	4043	4303	0.000000010791	3Seq	ref_GU815637	ref_FJ692601
AB642092.1	true	4043	4303	0.000000001324	3Seq	ref_GU815637	ref_FJ692601
AB642091.1	true	4043	4303	0.000000000001	3Seq	ref_GU815637	ref_FJ692601
JQ707449.1	false	0	0				
JQ707413.1	false	0	0				
JF899335.1	true	3630	4673	0.000000000000	3Seq	ref_D23679	ref_AP011098
AB697496.1	true	3124	4331	0.000000008670	3Seq	ref_AB562463	ref_GQ161817
JQ027334.1	true	3951	4603	0.000000000000	3Seq	ref_AB287314	ref_AP011098
JQ027331.1	true	3752	4311	0.000000000000	3Seq	ref_D23679	ref_KC774182
JQ027330.1	true	3752	4311	0.000000000000	3Seq	ref_D23679	ref_KC774182
JQ027329.1	true	3977	4603	0.000000000000	3Seq	ref_D23679	ref_AP011098
JQ027328.1	true	3718	4347	0.000000000000	3Seq	ref_AB287314	ref_DQ089802
JQ027325.1	true	3752	4311	0.000000000000	3Seq	ref_D23679	ref_KC774182
JQ027316.1	true	3834	4289	0.000000000000	3Seq	ref_AB287314	ref_AP011099
JQ027315.1	true	3977	4673	0.000000000000	3Seq	ref_D23679	ref_AP011098
JQ027313.1	true	3977	4603	0.000000000000	3Seq	ref_D23679	ref_AP011098
JQ027312.1	true	3977	4673	0.000000000000	3Seq	ref_D23679	ref_AP011098
JQ027311.1	true	3834	4297	0.000000000000	3Seq	ref_AB287314	ref_AP011099
JN630463.1	true	3752	4311	0.000000000000	3Seq	ref_D23679	ref_KC774182
GU451682.1	true	3630	4603	0.000000000000	3Seq	ref_D23679	ref_AP011098
AB675676.1	true	3630	4603	0.000000000000	3Seq	ref_D23679	ref_AP011098
AB602818.1	true	3973	4303	0.000000000001	3Seq	ref_GU815637	ref_FJ692601
HM585194.1	false	0	0				
JF436921.1	true	3834	4285	0.000000000000	3Seq	ref_D23679	ref_AP011099
JF412801.1	true	3630	4603	0.000000000000	3Seq	ref_D23679	ref_AP011098
HM011504.1	true	3752	4309	0.000000000000	3Seq	ref_D23679	ref_KC774182
HM011503.1	true	3977	4673	0.000000000000	3Seq	ref_D23679	ref_AP011098
HM011499.1	true	3834	4297	0.000000000000	3Seq	ref_AB287314	ref_AP011099
HM011498.1	true	3630	4565	0.000000000000	3Seq	ref_D23679	ref_AP011098
HM011496.1	true	3960	4637	0.000000000000	3Seq	ref_AB287314	ref_AP011098
HM011494.1	true	3630	4603	0.000000000000	3Seq	ref_D23679	ref_AP011098
HM011492.1	true	3834	4297	0.000000000000	3Seq	ref_AB287314	ref_AP011099
HM011490.1	true	3834	4312	0.000000000000	3Seq	ref_AB287314	ref_AP011099
HM011487.1	true	3834	4297	0.000000000000	3Seq	ref_AB287314	ref_AP011099
HM011484.1	true	3977	4311	0.000000000022	3Seq	ref_D23679	ref_KC774182
HM011483.1	true	3752	4311	0.000000000000	3Seq	ref_D23679	ref_KC774182
HM011482.1	true	3987	4673	0.000000000000	3Seq	ref_D23679	ref_AP011098
HM011480.1	true	3630	4673	0.000000000000	3Seq	ref_D23679	ref_AP011098
HM011478.1	true	3987	4603	0.000000000000	3Seq	ref_D23679	ref_AP011098
HM011476.1	true	3630	4686	0.000000000000	3Seq	ref_D23679	ref_AP011098
HM011475.1	true	3977	4692	0.000000000000	3Seq	ref_D23679	ref_AP011098
HM011474.1	true	3752	4311	0.000000000000	3Seq	ref_D23679	ref_KC774182
HM011473.1	true	3518	4311	0.000000000000	3Seq	ref_D23679	ref_KC774182
HM011471.1	true	3752	4311	0.000000000000	3Seq	ref_D23679	ref_KC774182
HM011470.1	true	3977	4673	0.000000000000	3Seq	ref_D23679	ref_AP011098
HM011469.1	true	3718	4294	0.000000000000	3Seq	ref_AB287314	ref_AP011098
HM011467.1	true	3960	4297	0.000000000000	3Seq	ref_AB287314	ref_AP011099
HM011466.1	true	3977	4673	0.000000000000	3Seq	ref_D23679	ref_AP011098
GQ924660.1	true	3951	4346	0.000000000000	3Seq	ref_AB287314	ref_KJ173333
GQ924659.1	true	3831	4311	0.000000000000	3Seq	ref_D23679	ref_KC774182
GQ924656.1	true	3834	4297	0.000000000000	3Seq	ref_AB287314	ref_AP011099
GQ924654.1	true	3834	4297	0.000000000000	3Seq	ref_AB287314	ref_AP011099
GQ924653.1	true	3630	4603	0.000000000000	3Seq	ref_D23679	ref_AP011098
GQ924651.1	true	3834	4297	0.000000000000	3Seq	ref_AB287314	ref_AP011099
GQ924648.1	true	3977	4309	0.000000000000	3Seq	ref_D23679	ref_KC774182
GQ924647.1	true	3630	4325	0.000000000000	3Seq	ref_D23679	ref_DQ089802
GQ924646.1	true	3630	4673	0.000000000000	3Seq	ref_D23679	ref_AP011098
GQ924645.1	true	3718	4347	0.000000000000	3Seq	ref_AB287314	ref_DQ089802
GQ924644.1	true	3752	4603	0.000000000000	3Seq	ref_D23679	ref_KC774182
GQ924641.1	true	3951	4297	0.000000000000	3Seq	ref_AB287314	ref_AP011099
GQ924640.1	true	3717	4302	0.000000000000	3Seq	ref_AB287314	ref_KJ173333
GQ924639.1	true	3718	4350	0.000000000000	3Seq	ref_AB287314	ref_AP011098
GQ924638.1	true	3718	4350	0.000000000000	3Seq	ref_AB287314	ref_AP011098
GQ924637.1	true	3960	4350	0.000000000000	3Seq	ref_AB287314	ref_AP011098
GQ924635.1	true	3717	4588	0.000000000000	3Seq	ref_AB287314	ref_AP011098
GQ924634.1	true	3630	4603	0.000000000000	3Seq	ref_D23679	ref_AP011098
GQ924632.1	true	3630	4673	0.000000000000	3Seq	ref_D23679	ref_AP011098
GQ924631.1	true	3752	4603	0.000000000000	3Seq	ref_D23679	ref_KC774182
GQ924630.1	true	3630	4673	0.000000000000	3Seq	ref_D23679	ref_AP011098
GQ924628.1	true	3834	4297	0.000000000000	3Seq	ref_AB287314	ref_AP011099
GQ924627.1	true	3630	4603	0.000000000000	3Seq	ref_D23679	ref_AP011098
GQ924626.1	true	3630	4294	0.000000000000	3Seq	ref_D23679	ref_AP011098
GQ924625.1	true	3834	4297	0.000000000000	3Seq	ref_AB287314	ref_AP011099
GQ924624.1	true	3951	4297	0.000000000000	3Seq	ref_AB287314	ref_AP011099
GQ924621.1	true	3834	4297	0.000000000000	3Seq	ref_AB287314	ref_AP011099
GQ924617.1	true	3834	4297	0.000000000000	3Seq	ref_AB287314	ref_AP011099
GQ924611.1	true	3630	4603	0.000000000000	3Seq	ref_D23679	ref_AP011098
GQ924610.1	true	3630	4692	0.000000000000	3Seq	ref_D23679	ref_AP011098
GQ924608.1	true	3630	4603	0.000000000000	3Seq	ref_D23679	ref_AP011098
GQ924607.1	true	3752	4603	0.000000000000	3Seq	ref_D23679	ref_KC774182
GQ924606.1	true	3630	4603	0.000000000000	3Seq	ref_D23679	ref_AP011098
GQ924605.1	true	3630	4603	0.000000000000	3Seq	ref_D23679	ref_AP011098
GQ924603.1	true	3630	4603	0.000000000000	3Seq	ref_D23679	ref_AP011098
HQ684848.1	true	1644	2266	0.000000000000	3Seq	ref_JQ801514	ref_AP011098
GQ477486.1	true	3124	4331	0.000000013786	3Seq	ref_AB562463	ref_GQ161817
FJ899791.1	true	3977	4675	0.000000000000	3Seq	ref_D23679	ref_AP011098
FJ899790.1	true	3977	4675	0.000000000000	3Seq	ref_D23679	ref_AP011098
FJ899787.1	true	3977	4603	0.000000000000	3Seq	ref_D23679	ref_AP011098
FJ899786.1	true	3977	4603	0.000000000000	3Seq	ref_D23679	ref_AP011098
FJ899785.1	true	3977	4603	0.000000000000	3Seq	ref_D23679	ref_AP011098
FJ899784.1	true	3977	4603	0.000000000000	3Seq	ref_D23679	ref_AP011098
FJ899779.1	true	3630	4603	0.000000000000	3Seq	ref_D23679	ref_AP011098
HM153811.1	true	3977	4603	0.000000000000	3Seq	ref_D23679	ref_AP011098
GQ475340.1	true	3630	4603	0.000000000000	3Seq	ref_D23679	ref_AP011098
GQ377644.1	true	3752	4311	0.000000000000	3Seq	ref_D23679	ref_KC774182
GQ377643.1	true	3630	4603	0.000000000000	3Seq	ref_D23679	ref_AP011098
GQ377641.1	true	3630	4603	0.000000000000	3Seq	ref_D23679	ref_AP011098
GQ377639.1	true	3630	4603	0.000000000000	3Seq	ref_D23679	ref_AP011098
GQ377638.1	true	3630	4603	0.000000000000	3Seq	ref_D23679	ref_AP011098
GQ377634.1	true	1891	3762	0.000000000000	3Seq	ref_GU815637	ref_GQ377617
GQ377629.1	true	3630	4603	0.000000000000	3Seq	ref_D23679	ref_AP011098
GQ377626.1	true	1834	3762	0.000000000000	3Seq	ref_JQ801514	ref_GQ377617
GQ377625.1	true	3630	4603	0.000000000000	3Seq	ref_D23679	ref_AP011098
GQ377622.1	true	3977	4603	0.000000000000	3Seq	ref_D23679	ref_AP011098
GQ377614.1	true	1891	3749	0.000000000000	3Seq	ref_GU815637	ref_AP011098
GQ377613.1	true	1865	3762	0.000000000000	3Seq	ref_GU815637	ref_GQ377617
GQ377612.1	true	3630	4603	0.000000000000	3Seq	ref_D23679	ref_AP011098
GQ377610.1	true	3630	4603	0.000000000000	3Seq	ref_D23679	ref_AP011098
GQ377606.1	true	3977	4603	0.000000000000	3Seq	ref_D23679	ref_AP011098
GQ377604.1	true	1891	3749	0.000000000000	3Seq	ref_GU815637	ref_AP011098
GQ377596.1	true	1865	3749	0.000000000000	3Seq	ref_GU815637	ref_AP011098
GQ377595.1	true	2754	4603	0.000000000000	3Seq	ref_D23679	ref_GQ377617
GQ377592.1	true	1946	2684	0.000000000000	3Seq	ref_GU815637	ref_GQ377617
GQ377588.1	true	3630	4603	0.000000000000	3Seq	ref_D23679	ref_AP011098
GQ377587.1	true	3630	4673	0.000000000000	3Seq	ref_D23679	ref_AP011098
GQ377582.1	true	3977	4603	0.000000000000	3Seq	ref_D23679	ref_AP011098
GQ377573.1	true	1891	3762	0.000000000000	3Seq	ref_GU815637	ref_GQ377617
GQ377569.1	true	3630	4603	0.000000000000	3Seq	ref_D23679	ref_AP011098
GQ377568.1	true	3630	4603	0.000000000000	3Seq	ref_D23679	ref_AP011098
GQ377567.1	true	3469	4673	0.000000000000	3Seq	ref_D23679	ref_AP011098
GQ377566.1	true	3752	4603	0.000000000000	3Seq	ref_D23679	ref_KC774182
GQ377564.1	true	1946	3749	0.000000000000	3Seq	ref_GU815637	ref_AP011098
GQ377561.1	true	3630	4330	0.000000000000	3Seq	ref_D23679	ref_AP011098
GQ377558.1	true	3630	4603	0.000000000000	3Seq	ref_D23679	ref_AP011098
GQ377550.1	true	3752	4603	0.000000000000	3Seq	ref_D23679	ref_KC774182
GQ377549.1	true	1891	3726	0.000000000000	3Seq	ref_GU815637	ref_GQ377617
GQ377547.1	true	3630	4603	0.000000000000	3Seq	ref_D23679	ref_AP011098
GQ377542.1	true	3630	4678	0.000000000000	3Seq	ref_D23679	ref_AP011098
GQ377537.1	true	3630	4603	0.000000000000	3Seq	ref_D23679	ref_AP011098
GQ377525.1	true	3630	4603	0.000000000000	3Seq	ref_D23679	ref_AP011098
GQ377519.1	true	3630	4603	0.000000000000	3Seq	ref_D23679	ref_AP011098
GU357842.1	true	3630	4673	0.000000000000	3Seq	ref_D23679	ref_AP011098
GU168597.1	true	3977	4673	0.000000000000	3Seq	ref_D23679	ref_AP011098
GU168596.1	true	3977	4673	0.000000000000	3Seq	ref_D23679	ref_AP011098
GU168595.1	true	3977	4673	0.000000000000	3Seq	ref_D23679	ref_AP011098
GU168594.1	true	3977	4673	0.000000000000	3Seq	ref_D23679	ref_AP011098
FJ349236.1	true	3630	4673	0.000000000000	3Seq	ref_D23679	ref_AP011098
DQ463802.1	true	4171	4301	0.000000006587	3Seq	ref_AP011085	ref_FJ692557
DQ463801.1	true	3973	4303	0.000000000347	3Seq	ref_AP011085	ref_FJ692601
DQ463800.1	true	4174	4301	0.000000010641	3Seq	ref_AP011085	ref_FJ692557
DQ463799.1	true	4105	4298	0.000000004714	3Seq	ref_AP011085	ref_KP168423
DQ463798.1	false	0	0				
DQ463797.1	true	3973	4303	0.000000004829	3Seq	ref_AP011085	ref_FJ692601
DQ463796.1	true	4105	4298	0.000000000106	3Seq	ref_AP011085	ref_KP168423
DQ463795.1	true	4105	4303	0.000000004277	3Seq	ref_AP011085	ref_FJ692601
DQ463794.1	true	3973	4303	0.000000000129	3Seq	ref_AP011085	ref_FJ692601
DQ463793.1	true	4105	4301	0.000000001201	3Seq	ref_AP011085	ref_FJ692557
DQ463792.1	true	4174	4303	0.000000013352	3Seq	ref_AP011085	ref_FJ692601
DQ463791.1	true	4105	4301	0.000000000538	3Seq	ref_AP011085	ref_FJ692557
DQ463790.1	true	3973	4303	0.000000000950	3Seq	ref_AP011085	ref_FJ692601
DQ463789.1	true	3973	4303	0.000000007047	3Seq	ref_AP011085	ref_FJ692601
DQ463788.1	true	3973	4303	0.000000000399	3Seq	ref_AP011085	ref_FJ692601
DQ463787.1	false	0	0				
GU434373.1	true	3630	4603	0.000000000000	3Seq	ref_D23679	ref_AP011098
GU434372.1	true	3630	4603	0.000000000000	3Seq	ref_D23679	ref_AP011098
GU332707.1	true	3977	4673	0.000000000000	3Seq	ref_D23679	ref_AP011098
GU332706.1	true	3977	4673	0.000000000000	3Seq	ref_D23679	ref_AP011098
GU332705.1	true	3977	4673	0.000000000000	3Seq	ref_D23679	ref_AP011098
GU332704.1	true	3977	4673	0.000000000000	3Seq	ref_D23679	ref_AP011098
GU332703.1	true	3977	4673	0.000000000000	3Seq	ref_D23679	ref_AP011098
GU332702.1	true	3977	4673	0.000000000000	3Seq	ref_D23679	ref_AP011098
GU332701.1	true	3977	4673	0.000000000000	3Seq	ref_D23679	ref_AP011098
GU332700.1	true	3977	4673	0.000000000000	3Seq	ref_D23679	ref_AP011098
GU332699.1	true	3977	4686	0.000000000000	3Seq	ref_D23679	ref_AP011098
GU332698.1	true	3629	4673	0.000000000000	3Seq	ref_D23679	ref_AP011098
GU332697.1	true	3977	4673	0.000000000000	3Seq	ref_D23679	ref_AP011098
GU332696.1	true	3977	4673	0.000000000000	3Seq	ref_D23679	ref_AP011098
GU332695.1	true	3630	4673	0.000000000000	3Seq	ref_D23679	ref_AP011098
GU332694.1	true	3977	4673	0.000000000000	3Seq	ref_D23679	ref_AP011098
GU332693.1	true	3977	4673	0.000000000000	3Seq	ref_D23679	ref_AP011098
GU332692.1	true	3977	4673	0.000000000000	3Seq	ref_D23679	ref_AP011098
GU332691.1	true	3977	4673	0.000000000000	3Seq	ref_D23679	ref_AP011098
GU332690.1	true	3977	4673	0.000000000000	3Seq	ref_D23679	ref_AP011098
EU919176.1	true	3977	4603	0.000000000000	3Seq	ref_D23679	ref_AP011098
EU919175.1	true	3977	4673	0.000000000000	3Seq	ref_D23679	ref_AP011098
EU919174.1	true	3629	4603	0.000000000000	3Seq	ref_D23679	ref_AP011098
EU919173.1	true	3977	4603	0.000000000000	3Seq	ref_D23679	ref_KC774182
EU919172.1	true	3987	4603	0.000000000000	3Seq	ref_D23679	ref_KC774182
EU919171.1	true	3752	4311	0.000000000000	3Seq	ref_D23679	ref_KC774182
EU919170.1	true	3752	4311	0.000000000000	3Seq	ref_D23679	ref_KC774182
EU919162.1	true	3630	4309	0.000000000000	3Seq	ref_D23679	ref_KC774182
EU919161.1	true	3630	4309	0.000000000000	3Seq	ref_D23679	ref_KC774182
EU882004.1	true	3630	4673	0.000000000000	3Seq	ref_D23679	ref_AP011098
EU882003.1	true	3977	4673	0.000000000000	3Seq	ref_D23679	ref_AP011098
EU882002.1	true	3987	4673	0.000000000000	3Seq	ref_D23679	ref_AP011098
EU882001.1	true	3752	4311	0.000000000000	3Seq	ref_D23679	ref_KC774182
EU881998.1	true	3752	4603	0.000000000000	3Seq	ref_D23679	ref_KC774182
EU881997.1	true	3630	4603	0.000000000000	3Seq	ref_D23679	ref_AP011098
EU660233.1	true	3834	4297	0.000000000000	3Seq	ref_AB287314	ref_AP011099
EU660232.1	true	3834	4297	0.000000000000	3Seq	ref_AB287314	ref_AP011099
EU660231.1	true	3834	4297	0.000000000000	3Seq	ref_AB287314	ref_AP011099
EU660230.1	true	3834	4297	0.000000000000	3Seq	ref_AB287314	ref_AP011099
EU660227.1	true	3978	5075	0.000000000000	3Seq	ref_D23679	ref_DQ089781
EU660224.1	true	3630	4603	0.000000000000	3Seq	ref_D23679	ref_AP011098
EU564826.1	true	3977	4297	0.000000000000	3Seq	ref_D23679	ref_AP011099
EU564825.1	true	3977	4603	0.000000000000	3Seq	ref_D23679	ref_KC774182
EU564824.1	true	3977	4311	0.000000000000	3Seq	ref_D23679	ref_KC774182
EU564823.1	true	3977	4311	0.000000000000	3Seq	ref_D23679	ref_KC774182
EU564822.1	true	3977	4311	0.000000000000	3Seq	ref_D23679	ref_KC774182
EU522075.1	true	3977	4654	0.000000000000	3Seq	ref_D23679	ref_AP011098
EU522074.1	true	3977	4603	0.000000000000	3Seq	ref_D23679	ref_AP011098
EU522073.1	true	3977	4654	0.000000000000	3Seq	ref_D23679	ref_AP011098
EU522072.1	true	3977	4651	0.000000000000	3Seq	ref_D23679	ref_KC774182
EU522067.1	true	3752	4603	0.000000000000	3Seq	ref_D23679	ref_KC774182
EU522066.1	true	3987	4673	0.000000000000	3Seq	ref_D23679	ref_AP011098
FJ787477.1	true	3630	4603	0.000000000000	3Seq	ref_D23679	ref_AP011098
FJ787476.1	true	3977	4686	0.000000000000	3Seq	ref_D23679	ref_AP011098
FJ787475.1	true	3977	4603	0.000000000000	3Seq	ref_D23679	ref_AP011098
FJ787444.1	true	3630	4603	0.000000000000	3Seq	ref_D23679	ref_AP011098
FJ518812.1	true	3630	4603	0.000000000000	3Seq	ref_D23679	ref_AP011098
FJ518811.1	true	3977	4603	0.000000000000	3Seq	ref_D23679	ref_AP011098
EU487257.1	true	3977	4603	0.000000000000	3Seq	ref_D23679	ref_AP011098
EU487256.1	true	3630	4603	0.000000000000	3Seq	ref_D23679	ref_AP011098
FJ032358.1	true	3630	4603	0.000000000000	3Seq	ref_D23679	ref_AP011098
FJ032357.1	true	3630	4603	0.000000000000	3Seq	ref_D23679	ref_AP011098
FJ032354.1	true	3752	4311	0.000000000000	3Seq	ref_D23679	ref_KC774182
FJ032353.1	true	3630	4603	0.000000000000	3Seq	ref_D23679	ref_AP011098
FJ032352.1	true	3752	4311	0.000000000000	3Seq	ref_D23679	ref_KC774182
FJ032349.1	true	3630	4673	0.000000000000	3Seq	ref_D23679	ref_AP011098
FJ032344.1	true	3630	4673	0.000000000000	3Seq	ref_D23679	ref_AP011098
FJ032342.1	true	3977	4565	0.000000000000	3Seq	ref_D23679	ref_AP011098
EU796071.1	true	3752	4311	0.000000000000	3Seq	ref_D23679	ref_KC774182
EU796068.1	true	3630	4603	0.000000000000	3Seq	ref_D23679	ref_AP011098
EU796067.1	true	3752	4311	0.000000000000	3Seq	ref_D23679	ref_KC774182
EU796066.1	true	3630	4673	0.000000000000	3Seq	ref_D23679	ref_AP011098
KM998716.3	false	0	0				
KY004112.1	false	0	0				
KY004111.1	false	0	0				
EU833890.1	true	1682	4524	0.000000000000	3Seq	ref_EU594385	ref_AB056513
EU833889.1	true	2283	3000	0.000000000000	3Seq	ref_AB056513	ref_X02763
KX264500.1	false	0	0				
KP274926.1	true	1546	4291	0.000000000000	3Seq	ref_EU594385	ref_AB056513
KR230749.1	false	0	0				
KF779357.1	true	730	3131	0.000000000000	3Seq	ref_DQ089802	ref_AB056513
KF779267.1	false	0	0				
KF779235.1	true	730	3131	0.000000000000	3Seq	ref_DQ089802	ref_AB056513
KF779233.1	true	730	3131	0.000000000000	3Seq	ref_DQ089802	ref_AB056513
KF414679.1	false	0	0				
KJ194508.1	false	0	0				
KF767452.1	false	0	0				
KF767451.1	false	0	0				
KF767450.1	false	0	0				
KF219922.1	true	2185	2809	0.000000000000	3Seq	ref_AB056513	ref_FJ356715
JQ272886.1	true	3800	4281	0.000000000000	3Seq	ref_AB056513	ref_HM585194
JQ707680.1	false	0	0				
JQ707679.1	false	0	0				
JQ707678.1	false	0	0				
JQ707677.1	false	0	0				
JQ707673.1	false	0	0				
JQ707671.1	false	0	0				
JQ707668.1	false	0	0				
JQ707666.1	false	0	0				
JQ707660.1	false	0	0				
JQ707657.1	false	0	0				
JQ707455.1	false	0	0				
JQ707454.1	false	0	0				
JQ707453.1	false	0	0				
JQ707452.1	false	0	0				
JQ707451.1	false	0	0				
JQ707447.1	false	0	0				
JQ707446.1	false	0	0				
JQ707444.1	false	0	0				
JQ707443.1	false	0	0				
JQ707442.1	false	0	0				
JQ707440.1	false	0	0				
JQ707439.1	false	0	0				
JQ707438.1	false	0	0				
JQ707437.1	false	0	0				
JQ707436.1	false	0	0				
JQ707435.1	false	0	0				
JQ707434.1	false	0	0				
JQ707433.1	false	0	0				
JQ707431.1	false	0	0				
JQ707429.1	true	2283	2573	0.000000000000	3Seq	ref_AB056513	ref_X02763
JQ707428.1	false	0	0				
JQ707427.1	false	0	0				
JQ707425.1	false	0	0				
JQ707423.1	false	0	0				
JQ707422.1	false	0	0				
GU565217.1	false	0	0				
GU563559.1	false	0	0				
GU563556.1	true	2057	3746	0.000018830928	3Seq	ref_FJ904435	ref_D23679
PX931884.1	false	0	0				
PX810241.1	false	0	0				
PX522148.1	true	3416	5197	0.000000004334	3Seq	ref_AB562463	ref_GQ161817
PX522147.1	true	3416	5197	0.000000074446	3Seq	ref_AB562463	ref_GQ161817
PX497803.1	true	3416	5197	0.000000006819	3Seq	ref_AB562463	ref_GQ161817
LC851038.1	true	3416	5197	0.000000014256	3Seq	ref_AB562463	ref_GQ161817
LC851037.1	true	3416	5197	0.000000053871	3Seq	ref_AB562463	ref_GQ161817
LC851036.1	true	3416	5197	0.000000007534	3Seq	ref_AB562463	ref_GQ161817
LC851035.1	true	3416	5197	0.000000003384	3Seq	ref_AB562463	ref_GQ161817
LC851034.1	true	3416	5197	0.000000003384	3Seq	ref_AB562463	ref_GQ161817
LC851033.1	false	0	0				
LC851032.1	true	3416	5197	0.000000007534	3Seq	ref_AB562463	ref_GQ161817
PX116513.1	true	3312	6035	0.000000000000	3Seq	ref_X02763	ref_FJ692507
PX116512.1	true	3434	6023	0.000000000000	3Seq	ref_EU594385	ref_NC_003977
PX116508.1	true	5628	6037	0.000000000000	3Seq	ref_EU594385	ref_AB222711
PX116501.1	true	3585	6023	0.000000000000	3Seq	ref_EU594385	ref_MF925358
PX116452.1	true	2872	5175	0.000000000116	3Seq	ref_AB056513	ref_EU594385
PQ335700.1	false	0	0				
PQ601124.1	true	3416	5197	0.000000036295	3Seq	ref_AB562463	ref_GQ161817
PQ601123.1	true	3416	5197	0.000000006819	3Seq	ref_AB562463	ref_GQ161817
PQ601122.1	true	3416	5197	0.000000007534	3Seq	ref_AB562463	ref_GQ161817
OZ222034.1	false	0	0				
OZ222033.1	true	3415	5627	0.000000001613	3Seq	ref_AB056513	ref_FJ692507
OZ222032.1	true	3415	5627	0.000000000166	3Seq	ref_AB056513	ref_NC_003977
OZ222031.1	false	0	0				
OZ222030.1	false	0	0				
OZ222029.1	true	1924	3416	0.000000000916	3Seq	ref_KC774298	ref_AB056513
OZ222028.1	true	3416	5164	0.000000133834	3Seq	ref_AB562463	ref_NC_003977
OZ222027.1	false	0	0				
OZ222026.1	true	3048	3921	0.000000000000	3Seq	ref_KP168423	ref_NC_003977
OZ222025.1	true	3412	5625	0.000000005019	3Seq	ref_AB056513	ref_MF925358
OZ222024.1	true	3412	6045	0.000000019298	3Seq	ref_AB056513	ref_MF925358
OZ222023.1	true	3552	5625	0.000000001598	3Seq	ref_AB056513	ref_GQ205389
OZ222022.1	true	1006	5296	0.000000000000	3Seq	ref_KC875277	ref_KP168423
OZ222021.1	false	0	0				
OZ222020.1	true	3412	5625	0.000000053455	3Seq	ref_AB056513	ref_MF925358
OZ222019.1	true	3412	6045	0.000000000321	3Seq	ref_AB056513	ref_MF925358
OZ222018.1	false	0	0				
OZ222017.1	true	3412	6045	0.000000013782	3Seq	ref_AB056513	ref_MF925358
OZ222016.1	true	3416	5164	0.000000060640	3Seq	ref_AB562463	ref_NC_003977
OZ222014.1	true	3416	5164	0.000000131445	3Seq	ref_AB562463	ref_NC_003977
OZ222013.1	false	0	0				
OZ222012.1	true	3899	5209	0.000000000000	3Seq	ref_FJ692557	ref_NC_003977
OZ222011.1	true	3552	5625	0.000000063572	3Seq	ref_AB056513	ref_FJ692533
OZ222010.1	false	0	0				
OZ222009.1	true	3363	5625	0.000000019855	3Seq	ref_AB056513	ref_MF925358
OZ222008.1	true	3412	6045	0.000000098543	3Seq	ref_AB056513	ref_MF925358
OZ222007.1	true	3416	5164	0.000000025026	3Seq	ref_AB562463	ref_NC_003977
OZ222006.1	true	2851	6229	0.000000048978	3Seq	ref_AB056513	ref_KF873526
OZ222005.1	true	3552	5625	0.000000001974	3Seq	ref_AB056513	ref_GQ205389
OZ222004.1	true	3331	5164	0.000000008668	3Seq	ref_AB562463	ref_MF925358
OZ222003.1	false	0	0				
OZ222001.1	true	3751	5253	0.000000000000	3Seq	ref_FJ692557	ref_NC_003977
OZ222000.1	true	3378	5627	0.000000007955	3Seq	ref_AB056513	ref_FJ692507
OZ221999.1	true	3416	5164	0.000000054222	3Seq	ref_AB562463	ref_NC_003977
OZ221998.1	true	3363	5625	0.000000025169	3Seq	ref_AB056513	ref_MF925358
OZ221997.1	true	3416	5164	0.000000012846	3Seq	ref_AB562463	ref_NC_003977
OZ221996.1	true	3751	5253	0.000000000000	3Seq	ref_FJ692557	ref_FJ692507
OZ221995.1	true	2842	6045	0.000000017915	3Seq	ref_AB056513	ref_MF925358
OZ221994.1	true	3416	5167	0.000000083511	3Seq	ref_AB562463	ref_NC_003977
OZ221992.1	true	3552	6045	0.000000029556	3Seq	ref_AB056513	ref_MF925358
OZ221991.1	true	3416	5164	0.000000082441	3Seq	ref_AB562463	ref_NC_003977
OZ221990.1	true	3363	5625	0.000000040305	3Seq	ref_AB056513	ref_MF925358
OZ221989.1	true	3363	5625	0.000000002632	3Seq	ref_AB056513	ref_MF925358
OZ178238.1	true	3428	5164	0.000000068296	3Seq	ref_AB562463	ref_FJ692507
PQ381745.1	false	0	0				
PP445060.1	true	3415	5578	0.000000018461	3Seq	ref_FJ023669	ref_FJ692507
PP445058.1	false	0	0				
PP445054.1	true	3415	5578	0.000000000542	3Seq	ref_FJ023669	ref_NC_003977
OZ178237.1	true	3416	5166	0.000000015382	3Seq	ref_AB562463	ref_NC_003977
OZ178236.1	true	3415	5627	0.000000003431	3Seq	ref_AB056513	ref_FJ692507
OZ178235.1	true	3416	5166	0.000000152430	3Seq	ref_AB562463	ref_NC_003977
OZ178233.1	true	3416	5197	0.000000005398	3Seq	ref_AB562463	ref_GQ161817
OZ178232.1	true	3416	5164	0.000000049430	3Seq	ref_AB562463	ref_NC_003977
OZ178230.1	true	3337	5164	0.000000035428	3Seq	ref_AB562463	ref_MF925358
OZ178228.1	true	3416	5164	0.000000008129	3Seq	ref_AB562463	ref_NC_003977
OZ178227.1	true	3363	5625	0.000000010774	3Seq	ref_AB056513	ref_MF925358
OZ178226.1	false	0	0				
OZ178223.1	false	0	0				
OZ178222.1	true	3337	5164	0.000000072527	3Seq	ref_AB562463	ref_MF925358
OZ178220.1	false	0	0				
OZ178219.1	true	3363	5625	0.000000007413	3Seq	ref_AB056513	ref_MF925358
OZ178218.1	true	3416	5164	0.000000110521	3Seq	ref_AB562463	ref_NC_003977
OZ178216.1	false	0	0				
OZ178215.1	true	3416	5164	0.000000082670	3Seq	ref_AB562463	ref_NC_003977
OZ178214.1	true	3412	5625	0.000000035231	3Seq	ref_AB056513	ref_MF925358
OZ178212.1	true	3415	5627	0.000000011778	3Seq	ref_AB056513	ref_FJ692507
OZ178210.1	true	3412	5625	0.000000112894	3Seq	ref_AB056513	ref_MF925358
OZ178203.1	true	3416	5164	0.000000045380	3Seq	ref_AB562463	ref_NC_003977
OZ178202.1	true	3416	5164	0.000000082670	3Seq	ref_AB562463	ref_NC_003977
OZ178201.1	false	0	0				
OZ178198.1	true	3378	5627	0.000000011778	3Seq	ref_AB056513	ref_FJ692507
OZ178197.1	true	3378	5627	0.000000008029	3Seq	ref_AB056513	ref_FJ692507
OZ178195.1	true	3415	5627	0.000000004948	3Seq	ref_AB056513	ref_FJ692507
OZ178194.1	true	3409	5197	0.000000012290	3Seq	ref_AB562463	ref_FJ692507
OZ178191.1	false	0	0				
LC829576.1	true	3416	5197	0.000000004682	3Seq	ref_AB562463	ref_GQ161817
LC789984.1	true	3416	5197	0.000000004682	3Seq	ref_AB562463	ref_GQ161817
LC789983.1	true	3416	5197	0.000000004682	3Seq	ref_AB562463	ref_GQ161817
PP123892.1	true	5916	6071	0.000000048377	3Seq	ref_FJ692557	ref_GQ161817
PP123891.1	true	3416	5197	0.000000000066	3Seq	ref_AB562463	ref_NC_003977
PP123890.1	false	0	0				
PP123889.1	true	3216	5615	0.000000000000	3Seq	ref_KP168423	ref_NC_003977
PP123888.1	true	1967	2271	0.000000036826	3Seq	ref_KP168423	ref_GQ161817
PP123887.1	true	3270	4073	0.000000000000	3Seq	ref_FJ692557	ref_FJ692507
PP123885.1	true	3416	5155	0.000000030213	3Seq	ref_AB562463	ref_NC_003977
PP123884.1	true	3216	4586	0.000000000000	3Seq	ref_FJ692557	ref_FJ692507
PP123883.1	true	3409	5197	0.000000025026	3Seq	ref_AB562463	ref_NC_003977
PP123882.1	true	3384	5197	0.000000000026	3Seq	ref_AB562463	ref_FJ692507
PP123881.1	true	3409	5197	0.000000017952	3Seq	ref_AB562463	ref_NC_003977
PP123880.1	false	0	0				
PP123878.1	true	3409	5095	0.000000073629	3Seq	ref_AB562463	ref_NC_003977
PP123876.1	true	3415	5627	0.000000139439	3Seq	ref_AB056513	ref_FJ692507
PP123875.1	true	3383	5164	0.000000087976	3Seq	ref_AB562463	ref_FJ692507
PP123874.1	true	3286	4395	0.000000000000	3Seq	ref_FJ692557	ref_FJ692507
PP123872.1	true	2864	5197	0.000000002541	3Seq	ref_AB562463	ref_NC_003977
PP123871.1	false	0	0				
PP123870.1	false	0	0				
PP123869.1	true	3204	5864	0.000000000033	3Seq	ref_AB562463	ref_MF925358
PP123867.1	true	3409	5578	0.000000000282	3Seq	ref_FJ023669	ref_FJ692507
PP123866.1	false	0	0				
PP123865.1	true	3416	5164	0.000000004059	3Seq	ref_AB562463	ref_NC_003977
PP123862.1	true	3409	5197	0.000000012470	3Seq	ref_AB562463	ref_FJ692507
PP123860.1	true	2864	5197	0.000000053637	3Seq	ref_AB562463	ref_NC_003977
PP123859.1	true	3409	5197	0.000000040757	3Seq	ref_AB562463	ref_FJ692507
PP123858.1	true	3301	5197	0.000000002619	3Seq	ref_AB562463	ref_NC_003977
PP123857.1	false	0	0				
PP123856.1	false	0	0				
PP123855.1	true	3253	3533	0.000000000000	3Seq	ref_FJ692557	ref_FJ692533
PP123854.1	true	3416	5164	0.000000000291	3Seq	ref_AB562463	ref_NC_003977
PP123853.1	false	0	0				
PP123852.1	true	3409	5197	0.000000012962	3Seq	ref_AB562463	ref_NC_003977
PP123850.1	false	0	0				
PP123849.1	true	3416	5166	0.000000004849	3Seq	ref_AB562463	ref_NC_003977
PP123848.1	false	0	0				
PP123847.1	true	3430	6233	0.000000133060	3Seq	ref_AB056513	ref_KF873526
PP123846.1	true	3409	5578	0.000000108562	3Seq	ref_FJ023669	ref_FJ692507
PP123844.1	true	3409	5578	0.000000069623	3Seq	ref_FJ023669	ref_FJ692507
PP123843.1	true	3410	6279	0.000000047223	3Seq	ref_AB056513	ref_KF873526
PP123842.1	false	0	0				
PP123841.1	true	3409	5164	0.000000007749	3Seq	ref_AB562463	ref_NC_003977
PP123840.1	true	5953	6071	0.000000000000	3Seq	ref_FJ692557	ref_GQ161817
PP123838.1	true	3409	5197	0.000000001371	3Seq	ref_AB562463	ref_NC_003977
PP123836.1	true	3409	5197	0.000000012686	3Seq	ref_AB562463	ref_NC_003977
PP123835.1	false	0	0				
PP123832.1	true	2864	5164	0.000000010059	3Seq	ref_AB562463	ref_NC_003977
PP123831.1	true	3337	4760	0.000000013319	3Seq	ref_FJ692557	ref_NC_003977
PP123830.1	true	3416	5095	0.000000072177	3Seq	ref_AB562463	ref_NC_003977
PP123829.1	true	3430	6233	0.000000133060	3Seq	ref_AB056513	ref_KF873526
PP123828.1	true	3409	5578	0.000000093791	3Seq	ref_FJ023669	ref_FJ692507
PP123827.1	true	3409	5197	0.000000002428	3Seq	ref_AB562463	ref_FJ692507
PP123826.1	true	3430	6233	0.000000058929	3Seq	ref_AB056513	ref_KF873526
PP123825.1	true	3415	5578	0.000000008520	3Seq	ref_FJ023669	ref_NC_003977
PP123823.1	true	3416	5164	0.000000003461	3Seq	ref_AB562463	ref_NC_003977
PP123822.1	false	0	0				
PP123821.1	true	3409	5197	0.000000008002	3Seq	ref_AB562463	ref_NC_003977
PP123819.1	true	3416	5164	0.000000074345	3Seq	ref_AB562463	ref_FJ692507
PP123818.1	true	3409	5197	0.000000009201	3Seq	ref_AB562463	ref_FJ692507
PP123817.1	false	0	0				
PP123816.1	false	0	0				
PP123815.1	true	4586	6279	0.000000000000	3Seq	ref_FJ692507	ref_KP168423
PP123814.1	true	2306	3085	0.000000000000	3Seq	ref_FJ692557	ref_FJ692507
PP123813.1	false	0	0				
PP123812.1	true	5283	6318	0.000000071910	3Seq	ref_NC_003977	ref_KF873526
PP123811.1	false	0	0				
PP123810.1	true	3409	5197	0.000000009919	3Seq	ref_AB562463	ref_NC_003977
PP123809.1	true	3416	5197	0.000000039093	3Seq	ref_AB562463	ref_NC_003977
PP123808.1	false	0	0				
PP123806.1	true	2852	5627	0.000000036354	3Seq	ref_AB056513	ref_NC_003977
PP123804.1	true	3583	4586	0.000000000000	3Seq	ref_FJ692557	ref_FJ692507
PP123803.1	true	3409	5197	0.000000081398	3Seq	ref_AB562463	ref_NC_003977
PP123801.1	false	0	0				
PP123800.1	true	3410	6279	0.000000037468	3Seq	ref_AB056513	ref_KF873526
PP123799.1	true	3416	5164	0.000000063231	3Seq	ref_AB562463	ref_NC_003977
PP123798.1	true	3416	5197	0.000000002706	3Seq	ref_AB562463	ref_FJ692507
PP123797.1	true	2864	5197	0.000000000644	3Seq	ref_AB562463	ref_NC_003977
PP123796.1	true	3409	5164	0.000000045913	3Seq	ref_AB562463	ref_FJ692507
PP123795.1	false	0	0				
PP123793.1	true	3409	5197	0.000000003022	3Seq	ref_AB562463	ref_NC_003977
PP123792.1	true	3409	5167	0.000000020449	3Seq	ref_AB562463	ref_NC_003977
PP123790.1	false	0	0				
PP123788.1	true	3416	5164	0.000000002574	3Seq	ref_AB562463	ref_NC_003977
PP123787.1	true	2862	5197	0.000000007664	3Seq	ref_AB562463	ref_FJ692507
PP123785.1	true	2864	5197	0.000000002972	3Seq	ref_AB562463	ref_NC_003977
PP123784.1	true	3416	5164	0.000000003461	3Seq	ref_AB562463	ref_NC_003977
PP123782.1	false	0	0				
PP123781.1	true	2972	3159	0.000000000000	3Seq	ref_FJ692557	ref_KC875277
PP123780.1	true	3409	5197	0.000000056588	3Seq	ref_AB562463	ref_NC_003977
PP123778.1	true	3378	5627	0.000000001198	3Seq	ref_AB056513	ref_FJ692507
PP123777.1	true	3430	6279	0.000000118962	3Seq	ref_AB056513	ref_KF873526
PP123776.1	false	0	0				
PP123775.1	false	0	0				
PP123773.1	true	3409	5197	0.000000029442	3Seq	ref_AB562463	ref_NC_003977
PP123771.1	false	0	0				
PP123769.1	true	2050	5149	0.000000026860	3Seq	ref_AB554015	ref_GQ161817
PP123768.1	true	3416	5197	0.000000002136	3Seq	ref_AB562463	ref_NC_003977
PP123766.1	true	3424	5197	0.000000001799	3Seq	ref_AB562463	ref_GQ161817
PP123765.1	true	3409	5197	0.000000018077	3Seq	ref_AB562463	ref_NC_003977
PP123764.1	true	3416	5164	0.000000015575	3Seq	ref_AB562463	ref_NC_003977
LC784044.1	true	3416	5197	0.000000005466	3Seq	ref_AB562463	ref_GQ161817
LC778006.1	true	3416	5197	0.000000005466	3Seq	ref_AB562463	ref_GQ161817
LC778005.1	true	3552	5625	0.000000060345	3Seq	ref_AB056513	ref_GQ205389
LC778004.1	true	3416	5197	0.000000007534	3Seq	ref_AB562463	ref_GQ161817
PP123763.1	true	3455	5283	0.000000046921	3Seq	ref_FJ023669	ref_NC_003977
PP123762.1	true	5287	5940	0.000000002022	3Seq	ref_EU594385	ref_KP168423
PP123761.1	false	0	0				
PP123760.1	true	3409	5197	0.000000025026	3Seq	ref_AB562463	ref_NC_003977
PP123759.1	true	3409	5197	0.000000044845	3Seq	ref_AB562463	ref_NC_003977
PP123758.1	false	0	0				
PP123756.1	false	0	0				
PP123755.1	true	3409	5197	0.000000001306	3Seq	ref_AB562463	ref_FJ692507
PP116459.1	false	0	0				
PP116458.1	false	0	0				
PP116457.1	false	0	0				
PP116456.1	true	2781	5275	0.000000065918	3Seq	ref_AB562463	ref_D23679
OR947666.1	true	5069	6285	0.000000000508	3Seq	ref_X02763	ref_AM184126
OR947665.1	true	1857	5069	0.000000000014	3Seq	ref_AM184126	ref_X02763
OR947664.1	true	5069	6285	0.000000000073	3Seq	ref_X02763	ref_AM184126
OR947663.1	true	5069	6285	0.000000000010	3Seq	ref_X02763	ref_AM184126
OR947662.1	true	5069	6285	0.000000000407	3Seq	ref_X02763	ref_AM184126
OR947661.1	true	5172	6318	0.000000000000	3Seq	ref_FJ692507	ref_KF873526
OR580946.1	true	3416	5197	0.000000005504	3Seq	ref_AB562463	ref_GQ161817
OR580945.1	true	3416	5197	0.000000004682	3Seq	ref_AB562463	ref_GQ161817
OQ054050.1	false	0	0				
OQ054049.1	false	0	0				
OQ054048.1	false	0	0				
OQ054047.1	false	0	0				
OP256016.1	true	3416	5197	0.000000007534	3Seq	ref_AB562463	ref_GQ161817
OP256015.1	true	3416	5197	0.000000031581	3Seq	ref_AB562463	ref_GQ161817
LC773628.1	false	0	0				
LC773627.1	true	2043	5635	0.000000132924	3Seq	ref_AB554015	ref_FJ692507
LC773620.1	true	2043	5635	0.000000132924	3Seq	ref_AB554015	ref_FJ692507
LC677083.1	true	3416	5197	0.000000004682	3Seq	ref_AB562463	ref_GQ161817
LC677082.1	true	3416	5197	0.000000004682	3Seq	ref_AB562463	ref_GQ161817
LC677081.1	true	3416	5197	0.000000004014	3Seq	ref_AB562463	ref_GQ161817
LC458431.1	true	3416	5197	0.000000003384	3Seq	ref_AB562463	ref_GQ161817
LC458430.1	true	3416	5197	0.000000003384	3Seq	ref_AB562463	ref_GQ161817
LC150336.1	true	3416	5197	0.000000007534	3Seq	ref_AB562463	ref_GQ161817
LC150335.1	true	3969	6454	0.000000000000	3Seq	ref_AB056513	ref_EU594385
ON585702.1	true	2851	6279	0.000000019293	3Seq	ref_AB056513	ref_KF873526
ON585700.1	false	0	0				
ON585698.1	false	0	0				
OM304326.1	true	5582	6462	0.000000152486	3Seq	ref_AB222711	ref_AP011098
OM181496.1	true	2851	6279	0.000000019293	3Seq	ref_AB056513	ref_KF873526
OM181490.1	false	0	0				
MW999601.1	false	0	0				
MW999600.1	false	0	0				
MW999599.1	false	0	0				
MW999598.1	false	0	0				
MW999597.1	false	0	0				
MW999596.1	false	0	0				
MW999595.1	false	0	0				
MW999594.1	false	0	0				
MW999593.1	false	0	0				
MW999592.1	false	0	0				
MW999591.1	false	0	0				
MW999590.1	false	0	0				
MW999589.1	false	0	0				
MW999588.1	false	0	0				
MW999587.1	false	0	0				
MW999586.1	false	0	0				
MW999585.1	false	0	0				
MW999584.1	false	0	0				
MW999583.1	false	0	0				
MW999582.1	false	0	0				
MW999581.1	false	0	0				
MW999580.1	false	0	0				
MW999579.1	false	0	0				
MW999578.1	false	0	0				
MW999577.1	false	0	0				
MW999576.1	false	0	0				
MW999575.1	false	0	0				
MW999574.1	false	0	0				
MW999573.1	false	0	0				
MW999572.1	false	0	0				
MW999571.1	false	0	0				
MW999570.1	false	0	0				
MW999569.1	false	0	0				
MW999568.1	false	0	0				
MW999567.1	false	0	0				
MW999566.1	false	0	0				
MW999565.1	false	0	0				
MW999564.1	false	0	0				
MW999563.1	false	0	0				
MW999562.1	false	0	0				
MW999561.1	false	0	0				
MW999560.1	false	0	0				
MW999559.1	false	0	0				
MW999558.1	false	0	0				
MW999557.1	false	0	0				
MW999556.1	false	0	0				
MW999555.1	false	0	0				
MW999554.1	false	0	0				
MW999553.1	false	0	0				
MW999552.1	false	0	0				
MW999551.1	false	0	0				
MW999550.1	false	0	0				
MW999549.1	false	0	0				
MW999548.1	false	0	0				
MW999547.1	false	0	0				
MW999546.1	false	0	0				
MW999545.1	false	0	0				
MW999544.1	false	0	0				
MW999543.1	false	0	0				
MW999542.1	false	0	0				
MW999541.1	false	0	0				
OK998526.1	true	3416	5197	0.000000004062	3Seq	ref_AB562463	ref_GQ161817
OK143498.1	true	3416	5197	0.000000043786	3Seq	ref_AB562463	ref_GQ161817
OK143495.1	false	0	0				
OK143492.1	true	3416	5197	0.000000016471	3Seq	ref_AB562463	ref_GQ161817
OK143484.1	true	3416	5197	0.000000027029	3Seq	ref_AB562463	ref_GQ161817
OK143483.1	true	3416	5197	0.000000027029	3Seq	ref_AB562463	ref_GQ161817
OK143482.1	true	3416	5197	0.000000019412	3Seq	ref_AB562463	ref_GQ161817
OK143481.1	true	3416	5197	0.000000008474	3Seq	ref_AB562463	ref_GQ161817
OK143478.1	true	3416	5197	0.000000151494	3Seq	ref_AB562463	ref_GQ161817
OK143477.1	true	3416	5197	0.000000022897	3Seq	ref_AB562463	ref_GQ161817
MW999540.1	false	0	0				
MW999539.1	false	0	0				
MW999538.1	false	0	0				
MW999537.1	false	0	0				
MW999536.1	false	0	0				
MW999535.1	false	0	0				
MW999534.1	false	0	0				
MW999533.1	false	0	0				
MW999532.1	false	0	0				
MW999531.1	false	0	0				
MW999530.1	false	0	0				
MW999529.1	false	0	0				
MW999528.1	false	0	0				
MW999527.1	false	0	0				
MW999526.1	false	0	0				
MW999525.1	false	0	0				
MW999524.1	false	0	0				
MW999523.1	false	0	0				
MW999522.1	false	0	0				
MW999521.1	false	0	0				
MW999520.1	false	0	0				
MW999519.1	false	0	0				
MW999518.1	false	0	0				
MW999517.1	false	0	0				
MW999516.1	false	0	0				
MW999515.1	false	0	0				
MW999514.1	false	0	0				
MW999513.1	false	0	0				
MW999512.1	false	0	0				
MW999511.1	false	0	0				
MW999510.1	false	0	0				
MW999509.1	false	0	0				
MW999508.1	false	0	0				
MW999507.1	false	0	0				
MW999506.1	false	0	0				
MW999505.1	false	0	0				
MW999504.1	false	0	0				
MW999503.1	false	0	0				
MW999502.1	false	0	0				
MW999501.1	false	0	0				
MW999500.1	false	0	0				
MW999499.1	false	0	0				
MW999498.1	false	0	0				
MW999497.1	false	0	0				
MW999495.1	false	0	0				
MW999494.1	false	0	0				
MW999493.1	false	0	0				
MW999492.1	false	0	0				
MW999491.1	false	0	0				
MW999490.1	false	0	0				
MW999489.1	false	0	0				
MW999488.1	false	0	0				
MW999487.1	false	0	0				
MW999486.1	false	0	0				
MW999485.1	false	0	0				
MW999484.1	false	0	0				
MW999483.1	false	0	0				
MW999482.1	false	0	0				
MW999481.1	false	0	0				
MW999480.1	false	0	0				
MW999479.1	false	0	0				
MW999478.1	false	0	0				
MW999477.1	false	0	0				
MW999476.1	false	0	0				
MW999475.1	false	0	0				
MW847938.1	false	0	0				
MW847934.1	false	0	0				
OK274310.1	true	3430	6279	0.000000050375	3Seq	ref_AB056513	ref_KF873526
MZ093431.1	true	2341	5275	0.000000085619	3Seq	ref_AB554015	ref_D23679
MZ439522.1	true	3981	5648	0.000000000000	3Seq	ref_D23679	ref_AP011098
OK106253.1	true	3416	5197	0.000000008765	3Seq	ref_AB562463	ref_GQ161817
MZ675794.1	true	3981	5648	0.000000000000	3Seq	ref_D23679	ref_AP011098
MW784518.1	true	3415	5578	0.000000038751	3Seq	ref_FJ023669	ref_NC_003977
LC592170.1	true	3416	5197	0.000000003384	3Seq	ref_AB562463	ref_GQ161817
LC592169.1	true	3416	5197	0.000000003384	3Seq	ref_AB562463	ref_GQ161817
LC592168.1	true	3416	5197	0.000000003384	3Seq	ref_AB562463	ref_GQ161817
KJ010778.1	true	3415	5627	0.000000031577	3Seq	ref_AB056513	ref_FJ692507
KJ010777.1	true	3415	5627	0.000000022611	3Seq	ref_AB056513	ref_FJ692507
KJ010776.1	true	3415	5627	0.000000031577	3Seq	ref_AB056513	ref_FJ692507
KF922437.1	true	3416	5095	0.000000086401	3Seq	ref_AB562463	ref_NC_003977
KF922436.1	true	3416	5164	0.000000011028	3Seq	ref_AB562463	ref_NC_003977
KF922435.1	true	3416	5164	0.000000025436	3Seq	ref_AB562463	ref_NC_003977
KF922434.1	true	3446	5625	0.000000056689	3Seq	ref_AB056513	ref_GQ205389
KF922433.1	true	3446	5625	0.000000044926	3Seq	ref_AB056513	ref_GQ205389
KF922431.1	false	0	0				
KF922430.1	false	0	0				
KF922429.1	false	0	0				
KF922428.1	true	3384	5578	0.000000009051	3Seq	ref_FJ023669	ref_FJ692507
KF922427.1	true	3384	5578	0.000000007749	3Seq	ref_FJ023669	ref_FJ692507
KF922426.1	true	3384	5578	0.000000012611	3Seq	ref_FJ023669	ref_FJ692507
KF922425.1	true	3409	5578	0.000000012143	3Seq	ref_FJ023669	ref_FJ692507
KF922424.1	true	3409	5578	0.000000012143	3Seq	ref_FJ023669	ref_FJ692507
KF922423.1	true	3328	5095	0.000000135848	3Seq	ref_FJ023669	ref_NC_003977
KF922422.1	true	3328	5095	0.000000135848	3Seq	ref_FJ023669	ref_NC_003977
KF922421.1	false	0	0				
KF922420.1	true	3410	6233	0.000000156296	3Seq	ref_AB056513	ref_KF873526
KF922419.1	true	3410	6233	0.000000156296	3Seq	ref_AB056513	ref_KF873526
KF922418.1	false	0	0				
KF922417.1	false	0	0				
KF922416.1	false	0	0				
KF922415.1	false	0	0				
KF922414.1	false	0	0				
KF922409.1	true	3416	5095	0.000000000100	3Seq	ref_AB562463	ref_NC_003977
KF922408.1	true	3416	5095	0.000000000070	3Seq	ref_AB562463	ref_NC_003977
KF922407.1	true	3416	5095	0.000000000037	3Seq	ref_AB562463	ref_NC_003977
KF922406.1	true	3416	5095	0.000000000056	3Seq	ref_AB562463	ref_NC_003977
MN476102.1	true	3410	6279	0.000000016380	3Seq	ref_AB056513	ref_KF873526
MN476101.1	true	3416	5197	0.000000010891	3Seq	ref_AB562463	ref_NC_003977
MN476099.1	true	3430	6279	0.000000006861	3Seq	ref_AB056513	ref_KF873526
MG877725.1	false	0	0				
MG877723.1	false	0	0				
LC517161.1	true	3416	5197	0.000000004682	3Seq	ref_AB562463	ref_GQ161817
MT740720.1	true	3416	5197	0.000000025800	3Seq	ref_AB562463	ref_GQ161817
MT210034.1	false	0	0				
MT210032.1	true	3416	5164	0.000000111105	3Seq	ref_AB562463	ref_NC_003977
MT114170.1	true	2851	6279	0.000000049356	3Seq	ref_AB056513	ref_KF873526
MN683662.1	true	1905	2464	0.000000000000	3Seq	ref_AP011098	ref_FJ904435
LC533934.1	true	3412	5772	0.000000090558	3Seq	ref_AB056513	ref_KC875277
LC462121.1	false	0	0				
LC462120.1	false	0	0				
MN585097.1	true	3428	5164	0.000000000071	3Seq	ref_AB562463	ref_FJ692507
MN585096.1	true	3301	5186	0.000000034276	3Seq	ref_AB562463	ref_MF925358
MN544634.1	true	3415	5172	0.000000030062	3Seq	ref_FJ023669	ref_NC_003977
MN507849.1	true	3424	5197	0.000000004743	3Seq	ref_AB562463	ref_GQ161817
MN104805.1	true	2858	3244	0.000000014886	3Seq	ref_KP168423	ref_AB073835
MN053840.1	false	0	0				
LC519823.1	true	2341	5275	0.000000033220	3Seq	ref_AB554015	ref_D23679
LC519820.1	true	2341	5236	0.000000033767	3Seq	ref_AB554015	ref_D23679
LC519819.1	false	0	0				
LC519817.1	true	2341	5275	0.000000156475	3Seq	ref_AB554015	ref_D23679
LC519815.1	true	2341	5275	0.000000038447	3Seq	ref_AB554015	ref_D23679
LC519811.1	false	0	0				
LC519806.1	false	0	0				
LC519798.1	true	2851	6279	0.000000043091	3Seq	ref_AB056513	ref_KF873526
LC519794.1	true	3430	6279	0.000000032014	3Seq	ref_AB056513	ref_KF873526
LC519791.1	true	2341	5275	0.000000114842	3Seq	ref_AB554015	ref_D23679
LC519788.1	false	0	0				
LC513655.1	true	5095	5628	0.000000000000	3Seq	ref_KM606737	ref_FJ904435
LC513653.1	true	5095	5628	0.000000000000	3Seq	ref_KM606737	ref_FJ904435
LC488828.1	true	3416	5197	0.000000004682	3Seq	ref_AB562463	ref_GQ161817
LC430617.1	true	3416	5197	0.000000003384	3Seq	ref_AB562463	ref_GQ161817
MK512477.1	true	3416	5164	0.000000070595	3Seq	ref_AB562463	ref_NC_003977
MK512476.1	true	3416	5164	0.000000007563	3Seq	ref_AB562463	ref_NC_003977
MK512475.1	true	3416	5164	0.000000041637	3Seq	ref_AB562463	ref_FJ692507
MK512474.1	true	3416	5166	0.000000014988	3Seq	ref_AB562463	ref_NC_003977
MK512473.1	true	3416	5164	0.000000073290	3Seq	ref_AB562463	ref_NC_003977
MK512472.1	false	0	0				
MK512471.1	true	3410	6279	0.000000002209	3Seq	ref_AB056513	ref_KF873526
MK512470.1	true	3412	5164	0.000000053324	3Seq	ref_AB562463	ref_NC_003977
MK512469.1	true	3415	5627	0.000000115621	3Seq	ref_AB056513	ref_NC_003977
MK512468.1	true	3337	5164	0.000000034723	3Seq	ref_AB562463	ref_MF925358
MK512467.1	true	3416	5164	0.000000112277	3Seq	ref_AB562463	ref_NC_003977
MK512466.1	true	3337	5197	0.000000156974	3Seq	ref_AB562463	ref_MF925358
MK512465.1	false	0	0				
MK512464.1	true	3331	5164	0.000000084691	3Seq	ref_AB562463	ref_MF925358
MK512463.1	true	3415	5584	0.000000009308	3Seq	ref_AB056513	ref_FJ692507
MK512462.1	false	0	0				
MK512461.1	true	3416	5155	0.000000012962	3Seq	ref_AB562463	ref_NC_003977
MK512460.1	true	3416	5164	0.000000013133	3Seq	ref_AB562463	ref_NC_003977
MK512459.1	true	3415	5627	0.000000018938	3Seq	ref_AB056513	ref_NC_003977
MK512458.1	true	3416	5164	0.000000010891	3Seq	ref_AB562463	ref_NC_003977
MK512457.1	true	3416	5164	0.000000054222	3Seq	ref_AB562463	ref_NC_003977
MK512456.1	true	3415	5627	0.000000022012	3Seq	ref_AB056513	ref_FJ692507
MK512455.1	true	3552	5625	0.000000018391	3Seq	ref_AB056513	ref_GQ205389
MH932713.1	true	3416	5197	0.000000004682	3Seq	ref_AB562463	ref_GQ161817
MH580643.1	true	3415	5114	0.000000050800	3Seq	ref_FJ023669	ref_NC_003977
MH580642.1	true	3415	5114	0.000000050800	3Seq	ref_FJ023669	ref_NC_003977
MH580639.1	true	3415	5114	0.000000050800	3Seq	ref_FJ023669	ref_NC_003977
MH580627.1	true	3415	5114	0.000000050800	3Seq	ref_FJ023669	ref_NC_003977
MH464830.1	false	0	0				
MH464829.1	false	0	0				
MH464828.1	false	0	0				
MH464827.1	false	0	0				
MH464826.1	false	0	0				
MH464825.1	false	0	0				
MH464824.1	false	0	0				
MH464823.1	true	3416	5578	0.000000111774	3Seq	ref_AB562463	ref_FJ692507
MH464822.1	false	0	0				
MH464821.1	false	0	0				
MH464820.1	true	3430	6279	0.000000050265	3Seq	ref_AB056513	ref_KF873526
MH464819.1	false	0	0				
MH464818.1	false	0	0				
MH464817.1	false	0	0				
MH464816.1	true	3409	5197	0.000000001416	3Seq	ref_AB562463	ref_NC_003977
MH464815.1	false	0	0				
MH464814.1	false	0	0				
MH464813.1	false	0	0				
MH464812.1	false	0	0				
MH464811.1	true	3410	6279	0.000000057524	3Seq	ref_AB056513	ref_KF873526
MH464810.1	false	0	0				
MH464809.1	true	3416	5578	0.000000027988	3Seq	ref_AB562463	ref_NC_003977
MH464808.1	true	3410	6279	0.000000003606	3Seq	ref_AB056513	ref_KF873526
MH464807.1	false	0	0				
KY886219.1	true	3416	5197	0.000000007534	3Seq	ref_AB562463	ref_GQ161817
KT749849.1	true	3416	5197	0.000000002901	3Seq	ref_AB562463	ref_GQ161817
KT749848.1	true	3416	5197	0.000000003445	3Seq	ref_AB562463	ref_GQ161817
KT749847.1	true	3416	5197	0.000000002901	3Seq	ref_AB562463	ref_GQ161817
KT749846.1	true	3416	5197	0.000000002901	3Seq	ref_AB562463	ref_GQ161817
KT749844.1	true	3416	5197	0.000000007428	3Seq	ref_AB562463	ref_GQ161817
KT749843.1	true	3416	5197	0.000000002901	3Seq	ref_AB562463	ref_GQ161817
KT749842.1	true	3416	5197	0.000000004682	3Seq	ref_AB562463	ref_GQ161817
KT749840.1	true	3416	5197	0.000000002901	3Seq	ref_AB562463	ref_GQ161817
KT749839.1	true	3416	5197	0.000000002901	3Seq	ref_AB562463	ref_GQ161817
KT749838.1	true	3416	5197	0.000000002088	3Seq	ref_AB562463	ref_GQ161817
KT749837.1	true	3416	5197	0.000000006454	3Seq	ref_AB562463	ref_GQ161817
KT749836.1	true	3416	5197	0.000000000577	3Seq	ref_AB562463	ref_GQ161817
KT749835.1	true	3416	5197	0.000000004682	3Seq	ref_AB562463	ref_GQ161817
KT749834.1	true	3416	5197	0.000000002488	3Seq	ref_AB562463	ref_GQ161817
KT749833.1	true	3416	5197	0.000000003445	3Seq	ref_AB562463	ref_GQ161817
KT749832.1	true	3416	5164	0.000000013914	3Seq	ref_AB562463	ref_GQ161817
KT749831.1	true	3416	5197	0.000000002901	3Seq	ref_AB562463	ref_GQ161817
KT749830.1	true	3416	5197	0.000000002901	3Seq	ref_AB562463	ref_GQ161817
KT749829.1	true	3416	5197	0.000000002901	3Seq	ref_AB562463	ref_GQ161817
KT749826.1	true	3416	5197	0.000000004682	3Seq	ref_AB562463	ref_GQ161817
KT749825.1	true	3416	5197	0.000000004682	3Seq	ref_AB562463	ref_GQ161817
KT749824.1	true	3416	5197	0.000000002088	3Seq	ref_AB562463	ref_GQ161817
KT749822.1	true	3416	5197	0.000000035066	3Seq	ref_AB562463	ref_GQ161817
MF772353.1	true	2851	6279	0.000000136464	3Seq	ref_AB056513	ref_KF873526
MF772352.1	true	2851	6279	0.000000034122	3Seq	ref_AB056513	ref_KF873526
MF772351.1	true	2851	6279	0.000000039436	3Seq	ref_AB056513	ref_KF873526
MF772350.1	true	3416	5197	0.000000000490	3Seq	ref_AB562463	ref_GQ161817
MF772349.1	false	0	0				
MF772348.1	true	3416	5197	0.000000000125	3Seq	ref_AB562463	ref_GQ161817
MF772347.1	true	3416	5197	0.000000000063	3Seq	ref_AB562463	ref_GQ161817
MF772346.1	true	3416	5197	0.000000005504	3Seq	ref_AB562463	ref_GQ161817
MF772345.1	true	3416	5197	0.000000002653	3Seq	ref_AB562463	ref_GQ161817
MF772344.1	true	3416	5197	0.000000000354	3Seq	ref_AB562463	ref_GQ161817
LC365288.1	true	3416	5197	0.000000004682	3Seq	ref_AB562463	ref_GQ161817
LC311243.1	true	3416	5197	0.000000004682	3Seq	ref_AB562463	ref_GQ161817
LC311242.1	true	3416	5197	0.000000004682	3Seq	ref_AB562463	ref_GQ161817
LC311241.1	true	3416	5197	0.000000004682	3Seq	ref_AB562463	ref_GQ161817
LC051141.1	true	3415	5578	0.000000023439	3Seq	ref_FJ023669	ref_NC_003977
MF925407.1	false	0	0				
MF925404.1	true	3295	4502	0.000000000000	3Seq	ref_FJ692557	ref_KJ173333
MF925400.1	true	3428	5283	0.000000002953	3Seq	ref_AB562463	ref_NC_003977
MF925386.1	true	3422	4319	0.000000000000	3Seq	ref_EU594385	ref_DQ089781
MF925385.1	true	3457	5222	0.000000101837	3Seq	ref_FJ023669	ref_GQ161817
MF925373.1	false	0	0				
MF925372.1	true	2341	5275	0.000000016296	3Seq	ref_AB554015	ref_D23679
MF925368.1	true	3428	5197	0.000000102971	3Seq	ref_AB562463	ref_NC_003977
MF925362.1	true	3315	4337	0.000000003056	3Seq	ref_FJ692557	ref_KJ173333
MF925361.1	true	2341	5689	0.000000010325	3Seq	ref_AB554015	ref_D23679
KY881925.1	true	5132	6165	0.000000030311	3Seq	ref_AP011099	ref_AB562463
KX827298.1	true	3416	5197	0.000000002901	3Seq	ref_AB562463	ref_GQ161817
KX827297.1	true	3416	5197	0.000000008765	3Seq	ref_AB562463	ref_GQ161817
KX827296.1	true	3416	5155	0.000000009620	3Seq	ref_AB562463	ref_GQ161817
KX827295.1	true	3416	5155	0.000000004778	3Seq	ref_AB562463	ref_GQ161817
KX827294.1	true	3416	5155	0.000000003060	3Seq	ref_AB562463	ref_GQ161817
KX827293.1	true	3416	5197	0.000000002901	3Seq	ref_AB562463	ref_GQ161817
KX357650.1	true	3533	4586	0.000000000002	3Seq	ref_FJ692557	ref_FJ692507
KX357649.1	true	3430	6279	0.000000085286	3Seq	ref_AB056513	ref_KF873526
KX357648.1	true	3415	5627	0.000000005302	3Seq	ref_AB056513	ref_FJ692507
KX357647.1	false	0	0				
KX357646.1	true	3337	5164	0.000000072527	3Seq	ref_AB562463	ref_MF925358
KX357645.1	false	0	0				
KX357644.1	false	0	0				
KX357643.1	true	3415	5578	0.000000017835	3Seq	ref_FJ023669	ref_NC_003977
KX357642.1	false	0	0				
KX357640.1	false	0	0				
KX648549.1	false	0	0				
KX648548.1	false	0	0				
KX648547.1	false	0	0				
KU736920.1	true	3337	5582	0.000000070031	3Seq	ref_FJ023669	ref_MF925358
KU736919.1	false	0	0				
KU736918.1	false	0	0				
EU414134.1	true	3416	5197	0.000000002288	3Seq	ref_AB562463	ref_GQ161817
EU414133.1	true	3416	5197	0.000000001249	3Seq	ref_AB562463	ref_GQ161817
EU414132.1	true	3416	5197	0.000000002862	3Seq	ref_AB562463	ref_GQ161817
EU304331.1	true	2043	5582	0.000000045720	3Seq	ref_AB554015	ref_KC875277
HM363613.1	true	3363	6094	0.000000141390	3Seq	ref_AB056513	ref_AB287314
HM363612.1	false	0	0				
GQ161838.1	true	4278	5333	0.000000000000	3Seq	ref_KM606737	ref_GQ161817
GQ161837.1	true	3900	5333	0.000000000000	3Seq	ref_KM606737	ref_GQ161817
GQ161813.1	true	3415	5578	0.000000001784	3Seq	ref_FJ023669	ref_NC_003977
GQ161788.1	true	4278	5429	0.000000000000	3Seq	ref_KM606737	ref_GQ161817
GQ161767.1	true	3900	5333	0.000000000000	3Seq	ref_KM606737	ref_GQ161817
GQ161753.1	true	5095	5628	0.000000000000	3Seq	ref_X02763	ref_FJ904435
EU366129.2	false	0	0				
KU964200.1	true	5132	6165	0.000000001030	3Seq	ref_AP011099	ref_AB562463
KX276769.1	true	3409	5197	0.000000009991	3Seq	ref_AB562463	ref_FJ692507
KU605540.1	false	0	0				
KU605539.1	false	0	0				
KU605538.1	false	0	0				
KU605537.1	false	0	0				
KU605536.1	false	0	0				
KU605535.1	false	0	0				
KU605534.1	true	3416	5095	0.000000025436	3Seq	ref_AB562463	ref_NC_003977
KU605533.1	false	0	0				
KU605532.1	true	3424	5197	0.000000004743	3Seq	ref_AB562463	ref_GQ161817
KP168435.1	true	5857	6071	0.000000000000	3Seq	ref_KP168423	ref_GQ161817
KC836881.1	true	3416	5197	0.000000002088	3Seq	ref_AB562463	ref_GQ161817
KC836880.1	true	2645	3714	0.000000000000	3Seq	ref_EU594385	ref_FJ692557
KC836879.1	true	2037	3714	0.000000000000	3Seq	ref_FJ692557	ref_X02763
KC836878.1	true	3416	5197	0.000000012912	3Seq	ref_AB562463	ref_GQ161817
KC836877.1	true	3416	5197	0.000000010185	3Seq	ref_AB562463	ref_GQ161817
KT347092.1	false	0	0				
KT347091.1	false	0	0				
KT347088.1	false	0	0				
KT347087.1	true	3552	5625	0.000000070477	3Seq	ref_AB056513	ref_GQ205389
KT151618.1	false	0	0				
KT151617.1	false	0	0				
KT151616.1	false	0	0				
KT151615.1	false	0	0				
KT151614.1	true	2393	6237	0.000000113963	3Seq	ref_EU594385	ref_FJ692557
KT151613.1	false	0	0				
KT151612.1	true	3416	5197	0.000000118233	3Seq	ref_AB562463	ref_NC_003977
KT151611.1	false	0	0				
KP234053.1	false	0	0				
KP234052.1	true	3453	5594	0.000000009464	3Seq	ref_FJ023669	ref_FJ692533
KP234051.1	true	3416	5197	0.000000002901	3Seq	ref_AB562463	ref_GQ161817
KP234050.1	true	3416	5164	0.000000043152	3Seq	ref_AB562463	ref_NC_003977
KP168434.1	true	3412	5164	0.000000017665	3Seq	ref_AB562463	ref_NC_003977
KP168433.1	true	3454	5582	0.000000144738	3Seq	ref_FJ023669	ref_MF925358
KP168432.1	true	3457	5222	0.000000044435	3Seq	ref_FJ023669	ref_GQ161817
KP168431.1	true	3415	5578	0.000000002893	3Seq	ref_FJ023669	ref_NC_003977
KP168430.1	true	3428	5578	0.000000021261	3Seq	ref_FJ023669	ref_NC_003977
KP168429.1	false	0	0				
KP168428.1	false	0	0				
KP168427.1	true	3416	5164	0.000000059887	3Seq	ref_AB562463	ref_GQ161817
KP168426.1	false	0	0				
KP168425.1	false	0	0				
KP168424.1	true	3416	5164	0.000000062574	3Seq	ref_AB562463	ref_NC_003977
KP168423.1	true	3416	5164	0.000000084795	3Seq	ref_AB562463	ref_NC_003977
KP168422.1	true	2436	5157	0.000000078810	3Seq	ref_KC774182	ref_D23679
KM243029.1	false	0	0				
KP274928.1	true	3416	5197	0.000000006454	3Seq	ref_AB562463	ref_GQ161817
KP274927.1	true	3416	5197	0.000000002901	3Seq	ref_AB562463	ref_GQ161817
KP274925.1	true	3416	5197	0.000000010346	3Seq	ref_AB562463	ref_GQ161817
KJ586809.1	true	3416	5197	0.000000055837	3Seq	ref_AB562463	ref_GQ161817
KP718102.1	true	4952	4982	0.000000041545	3Seq	ref_EU594385	ref_FJ356715
KP718101.1	true	3416	5197	0.000000002493	3Seq	ref_AB562463	ref_GQ161817
KP718100.1	true	3416	5197	0.000000002493	3Seq	ref_AB562463	ref_GQ161817
KP718099.1	true	3416	5197	0.000000002088	3Seq	ref_AB562463	ref_GQ161817
KP718098.1	true	3416	5197	0.000000002088	3Seq	ref_AB562463	ref_GQ161817
KP718097.1	true	3416	5197	0.000000001791	3Seq	ref_AB562463	ref_GQ161817
KP718096.1	true	3416	5197	0.000000003998	3Seq	ref_AB562463	ref_GQ161817
KP718095.1	true	3416	5197	0.000000002437	3Seq	ref_AB562463	ref_GQ161817
KP718094.1	true	3416	5197	0.000000001284	3Seq	ref_AB562463	ref_GQ161817
KP718093.1	true	3416	5197	0.000000004014	3Seq	ref_AB562463	ref_GQ161817
KP718092.1	true	3416	5156	0.000000020070	3Seq	ref_AB562463	ref_GQ161817
KP718091.1	true	3416	5197	0.000000003998	3Seq	ref_AB562463	ref_GQ161817
KP718090.1	true	3416	5197	0.000000001284	3Seq	ref_AB562463	ref_GQ161817
KP718089.1	true	3416	5197	0.000000007688	3Seq	ref_AB562463	ref_GQ161817
KP718088.1	true	3416	5197	0.000000002088	3Seq	ref_AB562463	ref_GQ161817
KP718087.1	true	3416	5164	0.000000004028	3Seq	ref_AB562463	ref_GQ161817
KP718086.1	true	2851	6279	0.000000027733	3Seq	ref_AB056513	ref_KF873526
KP718085.1	true	2851	6279	0.000000027733	3Seq	ref_AB056513	ref_KF873526
KJ173408.1	true	3981	5576	0.000000000000	3Seq	ref_D23679	ref_AP011098
KJ173345.1	true	3981	5576	0.000000000000	3Seq	ref_D23679	ref_AP011098
KF214666.1	false	0	0				
KF214664.1	true	3410	6279	0.000000045136	3Seq	ref_AB056513	ref_KF873526
KF214663.1	true	2851	6279	0.000000147509	3Seq	ref_AB056513	ref_KF873526
KF214662.1	false	0	0				
KF214661.1	false	0	0				
KF214660.1	true	3027	3261	0.000000025630	3Seq	ref_FJ692557	ref_KC774182
KF214659.1	true	2851	6279	0.000000039436	3Seq	ref_AB056513	ref_KF873526
KF214658.1	true	3337	5277	0.000000032291	3Seq	ref_FJ023669	ref_MF925358
KF214657.1	true	2341	5275	0.000000012033	3Seq	ref_AB554015	ref_D23679
KF214656.1	true	3430	6279	0.000000010434	3Seq	ref_AB056513	ref_KF873526
KJ843218.1	true	3416	5197	0.000000016723	3Seq	ref_AB562463	ref_GQ161817
KJ843217.1	true	3416	5197	0.000000014492	3Seq	ref_AB562463	ref_GQ161817
KJ843216.1	true	3416	5197	0.000000004682	3Seq	ref_AB562463	ref_GQ161817
KJ843215.1	true	3416	5197	0.000000006454	3Seq	ref_AB562463	ref_GQ161817
KJ843214.1	true	3416	5197	0.000000002901	3Seq	ref_AB562463	ref_GQ161817
KJ843192.1	true	3416	5197	0.000000004682	3Seq	ref_AB562463	ref_GQ161817
KJ843188.1	true	3416	5197	0.000000019311	3Seq	ref_AB562463	ref_GQ161817
KJ843186.1	true	3416	5197	0.000000016723	3Seq	ref_AB562463	ref_GQ161817
KJ843184.1	true	3416	5197	0.000000001879	3Seq	ref_AB562463	ref_GQ161817
KJ843183.1	true	2043	5578	0.000000040986	3Seq	ref_AB554015	ref_NC_003977
KJ843182.1	true	3416	5197	0.000000016723	3Seq	ref_AB562463	ref_GQ161817
KJ843173.1	true	3416	5197	0.000000040542	3Seq	ref_AB562463	ref_FJ692507
KJ843172.1	true	3416	5197	0.000000000109	3Seq	ref_AB562463	ref_GQ161817
KJ843166.1	true	3416	5197	0.000000006454	3Seq	ref_AB562463	ref_GQ161817
KM108588.1	false	0	0				
KF779386.1	false	0	0				
KF779385.1	false	0	0				
KF779384.1	false	0	0				
KF779383.1	false	0	0				
KF779381.1	false	0	0				
KF779379.1	false	0	0				
KF779378.1	false	0	0				
KF779375.1	false	0	0				
KF779374.1	false	0	0				
KF779373.1	false	0	0				
KF779372.1	false	0	0				
KF779371.1	false	0	0				
KF779370.1	false	0	0				
KF779369.1	false	0	0				
KF779368.1	false	0	0				
KF779367.1	false	0	0				
KF779366.1	false	0	0				
KF779365.1	false	0	0				
KF779364.1	false	0	0				
KF779363.1	false	0	0				
KF779362.1	false	0	0				
KF779361.1	false	0	0				
KF779360.1	false	0	0				
KF779359.1	false	0	0				
KF779358.1	false	0	0				
KF779356.1	false	0	0				
KF779355.1	false	0	0				
KF779354.1	false	0	0				
KF779352.1	false	0	0				
KF779351.1	false	0	0				
KF779350.1	false	0	0				
KF779349.1	false	0	0				
KF779348.1	false	0	0				
KF779347.1	false	0	0				
KF779346.1	false	0	0				
KF779345.1	false	0	0				
KF779344.1	false	0	0				
KF779342.1	false	0	0				
KF779339.1	false	0	0				
KF779338.1	false	0	0				
KF779337.1	false	0	0				
KF779336.1	false	0	0				
KF779335.1	false	0	0				
KF779334.1	false	0	0				
KF779333.1	false	0	0				
KF779332.1	false	0	0				
KF779331.1	false	0	0				
KF779330.1	false	0	0				
KF779329.1	false	0	0				
KF779328.1	false	0	0				
KF779326.1	false	0	0				
KF779325.1	false	0	0				
KF779324.1	false	0	0				
KF779323.1	false	0	0				
KF779322.1	false	0	0				
KF779321.1	false	0	0				
KF779320.1	false	0	0				
KF779319.1	false	0	0				
KF779317.1	false	0	0				
KF779316.1	false	0	0				
KF779315.1	false	0	0				
KF779314.1	false	0	0				
KF779313.1	false	0	0				
AB937799.1	true	3428	5197	0.000000149134	3Seq	ref_AB562463	ref_NC_003977
AB937798.1	true	3416	5197	0.000000004682	3Seq	ref_AB562463	ref_GQ161817
AB937797.1	true	3416	5197	0.000000008735	3Seq	ref_AB562463	ref_GQ161817
AB937796.1	true	3409	5197	0.000000026900	3Seq	ref_AB562463	ref_FJ692507
AB937795.1	false	0	0				
AB937794.1	true	3416	5197	0.000000003384	3Seq	ref_AB562463	ref_GQ161817
AB937793.1	true	3416	5197	0.000000003384	3Seq	ref_AB562463	ref_GQ161817
AB937792.1	true	3416	5197	0.000000003384	3Seq	ref_AB562463	ref_GQ161817
AB937791.1	true	3409	5197	0.000000026900	3Seq	ref_AB562463	ref_FJ692507
KF779312.1	false	0	0				
KF779311.1	false	0	0				
KF779310.1	false	0	0				
KF779309.1	false	0	0				
KF779308.1	false	0	0				
KF779307.1	false	0	0				
KF779306.1	false	0	0				
KF779305.1	false	0	0				
KF779304.1	false	0	0				
KF779299.1	false	0	0				
KF779298.1	false	0	0				
KF779297.1	false	0	0				
KF779295.1	false	0	0				
KF779294.1	false	0	0				
KF779293.1	false	0	0				
KF779291.1	false	0	0				
KF779290.1	false	0	0				
KF779287.1	false	0	0				
KF779286.1	false	0	0				
KF779284.1	false	0	0				
KF779283.1	false	0	0				
KF779282.1	false	0	0				
KF779281.1	false	0	0				
KF779280.1	false	0	0				
KF779279.1	false	0	0				
KF779278.1	false	0	0				
KF779277.1	false	0	0				
KF779276.1	false	0	0				
KF779275.1	false	0	0				
KF779274.1	false	0	0				
KF779273.1	false	0	0				
KF779272.1	false	0	0				
KF779271.1	false	0	0				
KF779270.1	false	0	0				
KF779269.1	false	0	0				
KF779268.1	false	0	0				
KF779266.1	false	0	0				
KF779265.1	false	0	0				
KF779264.1	false	0	0				
KF779263.1	false	0	0				
KF779262.1	false	0	0				
KF779261.1	false	0	0				
KF779260.1	false	0	0				
KF779259.1	false	0	0				
KF779258.1	false	0	0				
KF779257.1	false	0	0				
KF779256.1	false	0	0				
KF779255.1	false	0	0				
KF779254.1	false	0	0				
KF779253.1	false	0	0				
KF779252.1	false	0	0				
KF779251.1	false	0	0				
KF779249.1	false	0	0				
KF779248.1	false	0	0				
KF779247.1	false	0	0				
KF779246.1	false	0	0				
KF779245.1	false	0	0				
KF779244.1	false	0	0				
KF779243.1	false	0	0				
KF779240.1	false	0	0				
KF779239.1	false	0	0				
KF779238.1	false	0	0				
KF779234.1	false	0	0				
KF779232.1	false	0	0				
KF779231.1	false	0	0				
KF779227.1	false	0	0				
KF779221.1	false	0	0				
KF779215.1	false	0	0				
KF779213.1	true	2943	3083	0.000000112431	3Seq	ref_X02763	ref_AB222711
KF779211.1	false	0	0				
KF779210.1	false	0	0				
KJ854710.1	true	3416	5197	0.000000001498	3Seq	ref_AB562463	ref_GQ161817
KJ854709.1	true	3416	5197	0.000000003445	3Seq	ref_AB562463	ref_GQ161817
KJ854708.1	true	3416	5197	0.000000001791	3Seq	ref_AB562463	ref_GQ161817
KJ854707.1	true	2341	5275	0.000000053648	3Seq	ref_AB554015	ref_D23679
KJ854706.1	true	2867	6166	0.000000105263	3Seq	ref_AB056513	ref_AB287314
KJ854705.1	true	2043	5578	0.000000059325	3Seq	ref_AB554015	ref_NC_003977
KJ854703.1	true	2851	6279	0.000000152525	3Seq	ref_AB056513	ref_KF873526
KJ854702.1	false	0	0				
KJ854701.1	false	0	0				
KJ854700.1	false	0	0				
KJ854699.1	true	2851	6279	0.000000088377	3Seq	ref_AB056513	ref_KF873526
KJ854698.1	true	2851	6279	0.000000038812	3Seq	ref_AB056513	ref_KF873526
KJ854697.1	true	2043	5578	0.000000032109	3Seq	ref_AB554015	ref_NC_003977
KJ854696.1	true	2043	5578	0.000000067024	3Seq	ref_AB554015	ref_NC_003977
KJ854694.1	true	2851	6279	0.000000072701	3Seq	ref_AB056513	ref_KF873526
KJ854693.1	false	0	0				
KJ854692.1	true	2043	5578	0.000000076932	3Seq	ref_AB554015	ref_NC_003977
KJ854691.1	false	0	0				
KJ854690.1	false	0	0				
KJ854689.1	true	2851	6279	0.000000127682	3Seq	ref_AB056513	ref_KF873526
KJ854688.1	true	2029	5578	0.000000125726	3Seq	ref_AB554015	ref_NC_003977
KJ854687.1	true	2341	5689	0.000000035944	3Seq	ref_AB554015	ref_D23679
KJ854686.1	false	0	0				
KJ854685.1	false	0	0				
KJ638661.1	false	0	0				
KJ533388.1	true	2341	5275	0.000000033220	3Seq	ref_AB554015	ref_D23679
KJ533387.1	true	3363	6045	0.000000124285	3Seq	ref_AB056513	ref_MF925358
KJ533386.1	true	3410	6279	0.000000120591	3Seq	ref_AB056513	ref_KF873526
KJ533385.1	false	0	0				
KJ194506.1	true	2341	5275	0.000000050490	3Seq	ref_AB554015	ref_D23679
KC752184.1	false	0	0				
KC752183.1	false	0	0				
KC752180.1	true	3358	6279	0.000000047755	3Seq	ref_AB056513	ref_KF873526
KC752179.1	false	0	0				
KC752178.1	false	0	0				
KC752176.1	true	3358	6279	0.000000038264	3Seq	ref_AB056513	ref_KF873526
KC752175.1	true	3358	6279	0.000000156938	3Seq	ref_AB056513	ref_KF873526
KC752174.1	true	3358	6279	0.000000016505	3Seq	ref_AB056513	ref_KF873526
KC752173.1	true	3358	6279	0.000000038264	3Seq	ref_AB056513	ref_KF873526
KC752172.1	true	3358	6279	0.000000095035	3Seq	ref_AB056513	ref_KF873526
KC752171.1	true	3358	6279	0.000000038264	3Seq	ref_AB056513	ref_KF873526
KC752170.1	false	0	0				
KC752169.1	false	0	0				
KC752168.1	true	3358	6279	0.000000000893	3Seq	ref_AB056513	ref_KF873526
KC752166.1	true	3358	6279	0.000000038264	3Seq	ref_AB056513	ref_KF873526
KC752165.1	true	3358	6279	0.000000147307	3Seq	ref_AB056513	ref_KF873526
KC752164.1	false	0	0				
KC752161.1	true	3358	6279	0.000000109661	3Seq	ref_AB056513	ref_KF873526
KC752160.1	false	0	0				
KC752157.1	true	3358	6279	0.000000016505	3Seq	ref_AB056513	ref_KF873526
KC752156.1	true	5167	6323	0.000000022078	3Seq	ref_AB222711	ref_AB554015
KC752155.1	true	3358	6279	0.000000003496	3Seq	ref_AB056513	ref_KF873526
KC752153.1	true	3358	6283	0.000000116716	3Seq	ref_AB056513	ref_KF873526
KC752152.1	false	0	0				
KC752150.1	true	3358	6279	0.000000042241	3Seq	ref_AB056513	ref_KF873526
JX310723.1	false	0	0				
JX310722.1	false	0	0				
JX310721.1	false	0	0				
FJ386656.1	true	4507	5648	0.000000000000	3Seq	ref_D23679	ref_AP011098
AB775201.1	true	3416	5197	0.000000003952	3Seq	ref_AB562463	ref_GQ161817
AB775200.1	true	3416	5197	0.000000003952	3Seq	ref_AB562463	ref_GQ161817
AB775199.1	true	3416	5197	0.000000003384	3Seq	ref_AB562463	ref_GQ161817
AB775198.1	true	3416	5197	0.000000000801	3Seq	ref_AB562463	ref_GQ161817
KF170754.1	true	2851	6279	0.000000029721	3Seq	ref_AB056513	ref_KF873526
JX507080.1	true	3409	5197	0.000000002946	3Seq	ref_AB562463	ref_GQ161817
JX154582.1	true	3416	5164	0.000000063231	3Seq	ref_AB562463	ref_NC_003977
JX154581.1	true	3416	5164	0.000000096776	3Seq	ref_AB562463	ref_NC_003977
JX154580.1	true	3416	5164	0.000000072177	3Seq	ref_AB562463	ref_NC_003977
JX154579.1	true	3416	5164	0.000000046972	3Seq	ref_AB562463	ref_NC_003977
AB778116.1	false	0	0				
JQ687533.1	true	3416	5197	0.000000006392	3Seq	ref_AB562463	ref_GQ161817
JQ687529.1	true	3416	5197	0.000000003384	3Seq	ref_AB562463	ref_GQ161817
HE576989.1	true	3416	5197	0.000000004682	3Seq	ref_AB562463	ref_GQ161817
HE576988.1	true	3416	5197	0.000000008765	3Seq	ref_AB562463	ref_GQ161817
JX096953.1	true	3416	5197	0.000000004682	3Seq	ref_AB562463	ref_GQ161817
JX096952.1	true	3416	5197	0.000000007534	3Seq	ref_AB562463	ref_GQ161817
JN182334.1	true	3415	5578	0.000000132266	3Seq	ref_FJ023669	ref_FJ692507
JN182333.1	true	3416	5164	0.000000060640	3Seq	ref_AB562463	ref_NC_003977
JN182332.1	true	3416	5164	0.000000070595	3Seq	ref_AB562463	ref_NC_003977
JN182331.1	true	3416	5164	0.000000018201	3Seq	ref_AB562463	ref_FJ692507
JN182330.1	true	3416	5164	0.000000052129	3Seq	ref_AB562463	ref_NC_003977
JN182329.1	true	3416	5164	0.000000150946	3Seq	ref_AB562463	ref_NC_003977
JN182328.1	true	3416	5164	0.000000052129	3Seq	ref_AB562463	ref_NC_003977
JN182327.1	true	3416	5164	0.000000096223	3Seq	ref_AB562463	ref_NC_003977
JN182326.1	false	0	0				
JN182325.1	true	3416	5164	0.000000052129	3Seq	ref_AB562463	ref_NC_003977
JN182324.1	true	3416	5164	0.000000052129	3Seq	ref_AB562463	ref_NC_003977
JN182323.1	true	3416	5164	0.000000150946	3Seq	ref_AB562463	ref_NC_003977
JN182322.1	true	3416	5164	0.000000096579	3Seq	ref_AB562463	ref_NC_003977
JN182321.1	true	3416	5164	0.000000052129	3Seq	ref_AB562463	ref_NC_003977
JN182320.1	true	3416	5164	0.000000071234	3Seq	ref_AB562463	ref_NC_003977
JN182319.1	false	0	0				
JN182318.1	true	3416	5164	0.000000052129	3Seq	ref_AB562463	ref_NC_003977
JQ707681.1	false	0	0				
JQ707676.1	false	0	0				
JQ707675.1	false	0	0				
JQ707674.1	false	0	0				
JQ707672.1	false	0	0				
JQ707670.1	false	0	0				
JQ707669.1	false	0	0				
JQ707667.1	false	0	0				
JQ707665.1	false	0	0				
JQ707664.1	false	0	0				
JQ707663.1	false	0	0				
JQ707662.1	false	0	0				
JQ707661.1	false	0	0				
JQ707659.1	false	0	0				
JQ707658.1	false	0	0				
JQ707656.1	false	0	0				
JQ707655.1	false	0	0				
JQ707654.1	false	0	0				
JQ707653.1	false	0	0				
JQ707652.1	false	0	0				
JQ707651.1	false	0	0				
JQ707650.1	false	0	0				
JQ707649.1	false	0	0				
JQ707648.1	false	0	0				
JQ707647.1	false	0	0				
JQ707646.1	false	0	0				
JQ707645.1	false	0	0				
JQ707644.1	false	0	0				
JQ707643.1	false	0	0				
JQ707642.1	false	0	0				
JQ707640.1	false	0	0				
JQ707639.1	false	0	0				
JQ707638.1	false	0	0				
JQ707637.1	false	0	0				
JQ707636.1	false	0	0				
JQ707635.1	false	0	0				
JQ707634.1	false	0	0				
JQ707633.1	false	0	0				
JQ707632.1	false	0	0				
JQ707631.1	false	0	0				
JQ707630.1	false	0	0				
JQ707629.1	false	0	0				
JQ707628.1	false	0	0				
JQ707627.1	false	0	0				
JQ707626.1	false	0	0				
JQ707625.1	false	0	0				
JQ707624.1	false	0	0				
JQ707623.1	false	0	0				
JQ707622.1	false	0	0				
JQ707621.1	false	0	0				
JQ707620.1	false	0	0				
JQ707619.1	false	0	0				
JQ707618.1	false	0	0				
JQ707617.1	false	0	0				
JQ707616.1	false	0	0				
JQ707615.1	false	0	0				
JQ707614.1	false	0	0				
JQ707613.1	false	0	0				
JQ707612.1	false	0	0				
JQ707611.1	false	0	0				
JQ707610.1	false	0	0				
JQ707609.1	false	0	0				
JQ707608.1	false	0	0				
JQ707607.1	false	0	0				
JQ707606.1	false	0	0				
JQ707605.1	false	0	0				
JQ707604.1	false	0	0				
JQ707603.1	false	0	0				
JQ707602.1	false	0	0				
JQ707601.1	false	0	0				
JQ707600.1	false	0	0				
JQ707599.1	false	0	0				
JQ707598.1	false	0	0				
JQ707597.1	false	0	0				
JQ707596.1	false	0	0				
JQ707595.1	false	0	0				
JQ707594.1	false	0	0				
JQ707593.1	false	0	0				
JQ707592.1	false	0	0				
JQ707591.1	false	0	0				
JQ707590.1	false	0	0				
JQ707589.1	false	0	0				
JQ707588.1	false	0	0				
JQ707587.1	false	0	0				
JQ707586.1	false	0	0				
JQ707585.1	false	0	0				
JQ707584.1	false	0	0				
JQ707583.1	false	0	0				
JQ707582.1	false	0	0				
JQ707581.1	false	0	0				
JQ707580.1	false	0	0				
JQ707579.1	false	0	0				
JQ707578.1	false	0	0				
JQ707577.1	false	0	0				
JQ707576.1	false	0	0				
JQ707575.1	false	0	0				
JQ707574.1	false	0	0				
JQ707573.1	false	0	0				
JQ707572.1	false	0	0				
JQ707571.1	false	0	0				
JQ707570.1	false	0	0				
JQ707569.1	false	0	0				
JQ707568.1	false	0	0				
JQ707567.1	false	0	0				
JQ707566.1	false	0	0				
JQ707565.1	false	0	0				
JQ707564.1	false	0	0				
JQ707563.1	false	0	0				
JQ707562.1	false	0	0				
JQ707560.1	false	0	0				
JQ707559.1	false	0	0				
JQ707558.1	false	0	0				
JQ707557.1	false	0	0				
JQ707555.1	false	0	0				
JQ707554.1	false	0	0				
JQ707553.1	false	0	0				
JQ707552.1	false	0	0				
JQ707551.1	false	0	0				
JQ707550.1	false	0	0				
JQ707549.1	false	0	0				
JQ707548.1	false	0	0				
JQ707547.1	false	0	0				
JQ707546.1	false	0	0				
JQ707545.1	false	0	0				
JQ707544.1	false	0	0				
JQ707543.1	false	0	0				
JQ707542.1	false	0	0				
JQ707541.1	false	0	0				
JQ707540.1	false	0	0				
JQ707539.1	false	0	0				
JQ707538.1	false	0	0				
JQ707537.1	false	0	0				
JQ707536.1	false	0	0				
JQ707535.1	false	0	0				
JQ707534.1	false	0	0				
JQ707533.1	false	0	0				
JQ707532.1	false	0	0				
JQ707531.1	false	0	0				
JQ707420.1	false	0	0				
JQ707419.1	false	0	0				
JQ707418.1	false	0	0				
JQ707417.1	false	0	0				
JQ707415.1	false	0	0				
JQ707414.1	false	0	0				
JQ707412.1	false	0	0				
JQ707411.1	false	0	0				
JQ707410.1	false	0	0				
JQ707409.1	false	0	0				
JQ707408.1	false	0	0				
JQ707407.1	false	0	0				
JQ707406.1	false	0	0				
JQ707405.1	false	0	0				
JQ707404.1	false	0	0				
JQ707403.1	false	0	0				
JQ707402.1	false	0	0				
JQ707401.1	false	0	0				
JQ707400.1	false	0	0				
JQ707399.1	false	0	0				
JQ707398.1	false	0	0				
JQ707397.1	false	0	0				
JQ707396.1	false	0	0				
JQ707395.1	false	0	0				
JQ707394.1	false	0	0				
JQ707393.1	false	0	0				
JQ707392.1	false	0	0				
JQ707391.1	false	0	0				
JQ707390.1	false	0	0				
JQ707389.1	false	0	0				
JQ707388.1	false	0	0				
JQ707387.1	false	0	0				
JQ707386.1	false	0	0				
JQ707385.1	false	0	0				
JQ707384.1	false	0	0				
JQ707383.1	false	0	0				
JQ707382.1	false	0	0				
JQ707381.1	false	0	0				
JQ707380.1	false	0	0				
JQ707379.1	false	0	0				
JQ707378.1	false	0	0				
JQ707377.1	false	0	0				
JQ707376.1	false	0	0				
JQ707375.1	false	0	0				
JQ707374.1	false	0	0				
JQ707373.1	false	0	0				
JQ707372.1	false	0	0				
JQ707371.1	false	0	0				
JQ707370.1	false	0	0				
JQ707369.1	false	0	0				
JQ707368.1	false	0	0				
JQ707367.1	false	0	0				
JQ707366.1	false	0	0				
JQ707365.1	false	0	0				
JQ707364.1	false	0	0				
JQ707363.1	false	0	0				
JQ707362.1	false	0	0				
JQ707361.1	false	0	0				
JQ707360.1	false	0	0				
JQ707359.1	false	0	0				
JQ707358.1	false	0	0				
JQ707357.1	false	0	0				
JQ707356.1	false	0	0				
JQ707355.1	false	0	0				
JQ707354.1	false	0	0				
JQ707353.1	false	0	0				
JQ707352.1	false	0	0				
JQ707351.1	false	0	0				
JQ707350.1	false	0	0				
JQ707349.1	false	0	0				
JQ707348.1	false	0	0				
JQ707347.1	false	0	0				
JQ707346.1	false	0	0				
JQ707345.1	false	0	0				
JQ707344.1	false	0	0				
JQ707343.1	false	0	0				
JQ707342.1	false	0	0				
JQ707341.1	false	0	0				
JQ707340.1	false	0	0				
JQ707339.1	false	0	0				
JQ707338.1	false	0	0				
JQ707337.1	false	0	0				
JQ707336.1	false	0	0				
JQ707335.1	false	0	0				
JQ707334.1	false	0	0				
JQ707333.1	false	0	0				
JQ707332.1	false	0	0				
JQ707331.1	false	0	0				
JQ707330.1	false	0	0				
JQ707329.1	false	0	0				
JQ707328.1	false	0	0				
JQ707327.1	false	0	0				
JQ707326.1	false	0	0				
JQ707325.1	false	0	0				
JQ707324.1	false	0	0				
JQ707323.1	false	0	0				
JQ707322.1	false	0	0				
JQ707321.1	false	0	0				
JQ707320.1	false	0	0				
JQ707319.1	false	0	0				
JQ707318.1	false	0	0				
JQ707317.1	false	0	0				
JQ707316.1	false	0	0				
JQ707315.1	false	0	0				
JQ707314.1	false	0	0				
JQ707313.1	false	0	0				
JQ707312.1	false	0	0				
JQ707311.1	false	0	0				
JQ707310.1	false	0	0				
JQ707309.1	false	0	0				
JQ707308.1	false	0	0				
JQ707307.1	false	0	0				
JQ707306.1	false	0	0				
JQ707305.1	false	0	0				
JQ707304.1	false	0	0				
JQ707303.1	false	0	0				
JQ707302.1	false	0	0				
JQ707301.1	false	0	0				
JQ707300.1	false	0	0				
JQ707299.1	false	0	0				
AB697512.1	true	3416	5197	0.000000004682	3Seq	ref_AB562463	ref_GQ161817
AB697511.1	true	3416	5197	0.000000007534	3Seq	ref_AB562463	ref_GQ161817
AB697509.1	true	3416	5197	0.000000005466	3Seq	ref_AB562463	ref_GQ161817
AB697508.1	true	3416	5197	0.000000004682	3Seq	ref_AB562463	ref_GQ161817
AB697507.1	true	3416	5197	0.000000005466	3Seq	ref_AB562463	ref_GQ161817
AB697506.1	true	3416	5197	0.000000004682	3Seq	ref_AB562463	ref_GQ161817
AB697505.1	true	3416	5197	0.000000004682	3Seq	ref_AB562463	ref_GQ161817
AB697504.1	true	3416	5197	0.000000004682	3Seq	ref_AB562463	ref_GQ161817
AB697503.1	true	3416	5197	0.000000004682	3Seq	ref_AB562463	ref_GQ161817
AB697501.1	true	3416	5197	0.000000004682	3Seq	ref_AB562463	ref_GQ161817
AB697499.1	true	3416	5197	0.000000004682	3Seq	ref_AB562463	ref_GQ161817
AB697498.1	false	0	0				
AB697497.1	true	3416	5197	0.000000004682	3Seq	ref_AB562463	ref_GQ161817
AB697495.1	true	3416	5197	0.000000006392	3Seq	ref_AB562463	ref_GQ161817
AB697493.1	true	3416	5197	0.000000002437	3Seq	ref_AB562463	ref_GQ161817
AB697492.1	true	3416	5197	0.000000004682	3Seq	ref_AB562463	ref_GQ161817
AB697491.1	true	3416	5197	0.000000004682	3Seq	ref_AB562463	ref_GQ161817
AB697489.1	true	3416	5197	0.000000004682	3Seq	ref_AB562463	ref_GQ161817
AB697488.1	true	3416	5197	0.000000008765	3Seq	ref_AB562463	ref_GQ161817
AB697487.1	false	0	0				
HM011485.1	false	0	0				
GU563562.1	true	3416	5197	0.000000002901	3Seq	ref_AB562463	ref_GQ161817
GU563558.1	true	3416	5197	0.000000005765	3Seq	ref_AB562463	ref_GQ161817
GU563557.1	true	3416	5197	0.000000002901	3Seq	ref_AB562463	ref_GQ161817
GU563555.1	true	3416	5197	0.000000002437	3Seq	ref_AB562463	ref_GQ161817
GU563554.1	true	3416	5197	0.000000004682	3Seq	ref_AB562463	ref_GQ161817
GU563553.1	true	3416	5197	0.000000004682	3Seq	ref_AB562463	ref_GQ161817
GU563551.1	true	3416	5197	0.000000072602	3Seq	ref_AB562463	ref_GQ161817
GU563550.1	true	3416	5197	0.000000002088	3Seq	ref_AB562463	ref_GQ161817
GU563548.1	true	3416	5164	0.000000001538	3Seq	ref_AB562463	ref_NC_003977
GU563547.1	true	3416	5197	0.000000151494	3Seq	ref_AB562463	ref_FJ692507
GU563546.1	true	3416	5197	0.000000002901	3Seq	ref_AB562463	ref_GQ161817
GU563545.1	true	3416	5164	0.000000013133	3Seq	ref_AB562463	ref_NC_003977
HM146131.1	true	2949	3901	0.000000000000	3Seq	ref_FJ692557	ref_MF925358
GQ477504.1	true	3416	5197	0.000000004682	3Seq	ref_AB562463	ref_GQ161817
GQ477503.1	true	3416	5197	0.000000004682	3Seq	ref_AB562463	ref_GQ161817
GQ477502.1	false	0	0				
GQ477501.1	true	3416	5197	0.000000001249	3Seq	ref_AB562463	ref_GQ161817
GQ477500.1	true	3416	5197	0.000000016476	3Seq	ref_AB562463	ref_GQ161817
GQ477499.1	true	3416	5197	0.000000007866	3Seq	ref_AB562463	ref_GQ161817
GQ477498.1	true	3416	5197	0.000000019311	3Seq	ref_AB562463	ref_GQ161817
GQ477497.1	true	3416	5197	0.000000019053	3Seq	ref_AB562463	ref_GQ161817
GQ477496.1	true	3416	5197	0.000000002488	3Seq	ref_AB562463	ref_GQ161817
GQ477495.1	true	3416	5197	0.000000097264	3Seq	ref_AB562463	ref_GQ161817
GQ477494.1	true	3416	5197	0.000000051490	3Seq	ref_AB562463	ref_GQ161817
GQ477493.1	true	3416	5197	0.000000011842	3Seq	ref_AB562463	ref_GQ161817
GQ477492.1	true	3416	5197	0.000000001070	3Seq	ref_AB562463	ref_GQ161817
GQ477491.1	false	0	0				
GQ477490.1	true	3416	5197	0.000000003998	3Seq	ref_AB562463	ref_GQ161817
GQ477489.1	true	3416	5197	0.000000016476	3Seq	ref_AB562463	ref_GQ161817
GQ477488.1	true	3416	5197	0.000000046821	3Seq	ref_AB562463	ref_GQ161817
GQ477487.1	true	3416	5197	0.000000000676	3Seq	ref_AB562463	ref_GQ161817
GQ477485.1	true	3416	5197	0.000000003673	3Seq	ref_AB562463	ref_GQ161817
GQ477484.1	true	3416	5197	0.000000003952	3Seq	ref_AB562463	ref_GQ161817
GQ477483.1	true	3416	5197	0.000000035066	3Seq	ref_AB562463	ref_GQ161817
GQ477482.1	true	3416	5197	0.000000001116	3Seq	ref_AB562463	ref_GQ161817
GQ477481.1	true	3416	5197	0.000000002437	3Seq	ref_AB562463	ref_GQ161817
GQ477480.1	false	0	0				
GQ477479.1	true	3434	3736	0.000000000082	3Seq	ref_EU594385	ref_NC_003977
GQ477478.1	true	3416	5197	0.000000003384	3Seq	ref_AB562463	ref_GQ161817
GQ477477.1	true	3416	5197	0.000000012344	3Seq	ref_AB562463	ref_GQ161817
GQ477476.1	true	3416	5197	0.000000000285	3Seq	ref_AB562463	ref_GQ161817
GQ477475.1	false	0	0				
GQ477474.1	true	3416	5197	0.000000014846	3Seq	ref_AB562463	ref_GQ161817
GQ477473.1	true	3416	5197	0.000000000468	3Seq	ref_AB562463	ref_GQ161817
GQ477472.1	true	3416	5155	0.000000002135	3Seq	ref_AB562463	ref_GQ161817
GQ477471.1	true	3416	5197	0.000000001112	3Seq	ref_AB562463	ref_GQ161817
GQ477470.1	true	3416	5197	0.000000019311	3Seq	ref_AB562463	ref_GQ161817
GQ477469.1	false	0	0				
GQ477468.1	true	3416	5197	0.000000022313	3Seq	ref_AB562463	ref_GQ161817
GQ477467.1	true	3416	5197	0.000000002488	3Seq	ref_AB562463	ref_GQ161817
GQ477466.1	false	0	0				
GQ477465.1	true	3416	5197	0.000000001791	3Seq	ref_AB562463	ref_GQ161817
GQ477464.1	true	2862	5197	0.000000001715	3Seq	ref_AB562463	ref_FJ692507
GQ477463.1	true	3416	5197	0.000000004090	3Seq	ref_AB562463	ref_GQ161817
GQ477462.1	true	3416	5197	0.000000007805	3Seq	ref_AB562463	ref_GQ161817
GQ477461.1	true	3416	5197	0.000000002901	3Seq	ref_AB562463	ref_GQ161817
GQ477460.1	true	3416	5197	0.000000002901	3Seq	ref_AB562463	ref_GQ161817
AB480040.2	true	3416	5197	0.000000004682	3Seq	ref_AB562463	ref_GQ161817
GQ331048.1	true	3409	5197	0.000000006009	3Seq	ref_AB562463	ref_FJ692507
GQ331047.1	true	3409	5197	0.000000006009	3Seq	ref_AB562463	ref_FJ692507
GQ331046.1	true	3416	5197	0.000000063734	3Seq	ref_AB562463	ref_GQ161817
FJ692613.1	true	2050	5539	0.000000143069	3Seq	ref_AB554015	ref_GQ161817
FJ692612.1	false	0	0				
FJ692611.1	true	2441	5275	0.000000085722	3Seq	ref_AB562463	ref_D23679
FJ692610.1	false	0	0				
FJ692609.1	false	0	0				
FJ692608.1	false	0	0				
FJ692607.1	false	0	0				
FJ692606.1	false	0	0				
FJ692605.1	false	0	0				
FJ692603.1	false	0	0				
FJ692602.1	false	0	0				
FJ692601.1	false	0	0				
FJ692600.1	false	0	0				
FJ692599.1	false	0	0				
FJ692598.1	true	3415	5578	0.000000085112	3Seq	ref_FJ023669	ref_NC_003977
FJ692597.1	false	0	0				
FJ692596.1	false	0	0				
FJ692595.1	false	0	0				
FJ692594.1	false	0	0				
FJ692593.1	true	2808	5559	0.000000108901	3Seq	ref_FJ023669	ref_D23679
FJ692592.1	true	3406	6279	0.000000006518	3Seq	ref_AB056513	ref_KF873526
FJ692591.1	true	3430	6279	0.000000105368	3Seq	ref_AB056513	ref_KF873526
FJ692590.1	false	0	0				
FJ692589.1	false	0	0				
FJ692588.1	true	3409	5197	0.000000085112	3Seq	ref_AB562463	ref_NC_003977
FJ692587.1	false	0	0				
FJ692586.1	true	3410	6279	0.000000045091	3Seq	ref_AB056513	ref_KF873526
FJ692585.1	true	3328	5578	0.000000033039	3Seq	ref_FJ023669	ref_NC_003977
FJ692584.1	true	3328	5578	0.000000033039	3Seq	ref_FJ023669	ref_NC_003977
FJ692583.1	true	3328	5578	0.000000033039	3Seq	ref_FJ023669	ref_NC_003977
FJ692582.1	true	3328	5578	0.000000033039	3Seq	ref_FJ023669	ref_NC_003977
FJ692581.1	true	3328	5578	0.000000033039	3Seq	ref_FJ023669	ref_NC_003977
FJ692579.1	true	3328	5578	0.000000033039	3Seq	ref_FJ023669	ref_NC_003977
FJ692578.1	true	3328	5578	0.000000033039	3Seq	ref_FJ023669	ref_NC_003977
FJ692577.1	true	3328	5578	0.000000020511	3Seq	ref_FJ023669	ref_NC_003977
FJ692576.1	true	3328	5578	0.000000014739	3Seq	ref_FJ023669	ref_NC_003977
FJ692575.1	true	2867	6166	0.000000044090	3Seq	ref_AB056513	ref_AB287314
FJ692574.1	true	3328	5578	0.000000024186	3Seq	ref_FJ023669	ref_NC_003977
FJ692573.1	true	3406	6279	0.000000001330	3Seq	ref_AB056513	ref_KF873526
FJ692572.1	true	2029	5578	0.000000113158	3Seq	ref_AB554015	ref_NC_003977
FJ692571.1	true	3328	5578	0.000000024186	3Seq	ref_FJ023669	ref_NC_003977
FJ692570.1	true	3328	5578	0.000000004927	3Seq	ref_FJ023669	ref_NC_003977
FJ692569.1	true	3328	5578	0.000000024186	3Seq	ref_FJ023669	ref_NC_003977
FJ692568.1	true	2029	5578	0.000000022121	3Seq	ref_AB554015	ref_NC_003977
FJ692567.1	true	3455	5594	0.000000134954	3Seq	ref_FJ023669	ref_FJ692533
FJ692566.1	true	3400	6279	0.000000122228	3Seq	ref_AB056513	ref_KF873526
FJ692565.1	true	3409	5197	0.000000156974	3Seq	ref_AB562463	ref_FJ692507
FJ692564.1	true	3409	5197	0.000000156974	3Seq	ref_AB562463	ref_FJ692507
FJ692563.1	true	2029	5578	0.000000088124	3Seq	ref_AB554015	ref_NC_003977
FJ692562.1	true	2036	5578	0.000000011788	3Seq	ref_AB554015	ref_NC_003977
FJ692561.1	true	3328	5578	0.000000023642	3Seq	ref_FJ023669	ref_NC_003977
FJ692560.1	true	3328	5578	0.000000028257	3Seq	ref_FJ023669	ref_NC_003977
FJ692559.1	true	2029	5578	0.000000121536	3Seq	ref_AB554015	ref_NC_003977
FJ692558.1	true	5197	6462	0.000000047478	3Seq	ref_NC_003977	ref_AP011098
FJ692557.1	true	3328	5578	0.000000024186	3Seq	ref_FJ023669	ref_NC_003977
FJ692556.1	false	0	0				
FJ692555.1	false	0	0				
FJ692554.1	false	0	0				
FJ349224.1	true	3416	5197	0.000000002901	3Seq	ref_AB562463	ref_GQ161817
FJ349223.1	false	0	0				
FJ349222.1	true	3416	5197	0.000000001039	3Seq	ref_AB562463	ref_GQ161817
AB549213.1	true	3416	5197	0.000000005466	3Seq	ref_AB562463	ref_GQ161817
FJ904411.1	true	3416	5197	0.000000001809	3Seq	ref_AB562463	ref_GQ161817
EU859956.1	true	3416	5197	0.000000001537	3Seq	ref_AB562463	ref_GQ161817
EU859955.1	true	3416	5197	0.000000001791	3Seq	ref_AB562463	ref_GQ161817
EU859954.1	true	3416	5197	0.000000002088	3Seq	ref_AB562463	ref_GQ161817
EU859953.1	true	3416	5197	0.000000004682	3Seq	ref_AB562463	ref_GQ161817
EU859952.1	true	3409	5197	0.000000009663	3Seq	ref_AB562463	ref_FJ692507
EU859951.1	true	3416	5197	0.000000002088	3Seq	ref_AB562463	ref_GQ161817
EU859950.1	true	3416	5197	0.000000003952	3Seq	ref_AB562463	ref_GQ161817
EU859949.1	true	3416	5197	0.000000001284	3Seq	ref_AB562463	ref_GQ161817
EU859948.1	true	3416	5197	0.000000001284	3Seq	ref_AB562463	ref_GQ161817
EU859947.1	true	3416	5197	0.000000002437	3Seq	ref_AB562463	ref_GQ161817
EU859946.1	true	3416	5197	0.000000000945	3Seq	ref_AB562463	ref_GQ161817
EU859945.1	true	3416	5197	0.000000014256	3Seq	ref_AB562463	ref_GQ161817
EU859944.1	true	3416	5197	0.000000003384	3Seq	ref_AB562463	ref_GQ161817
EU859943.1	true	3416	5197	0.000000002088	3Seq	ref_AB562463	ref_GQ161817
EU859942.1	true	3416	5197	0.000000002488	3Seq	ref_AB562463	ref_GQ161817
EU859941.1	true	3416	5197	0.000000002088	3Seq	ref_AB562463	ref_GQ161817
EU859940.1	true	3416	5197	0.000000003952	3Seq	ref_AB562463	ref_GQ161817
EU859939.1	true	3416	5197	0.000000006454	3Seq	ref_AB562463	ref_GQ161817
EU859938.1	true	3416	5164	0.000000010185	3Seq	ref_AB562463	ref_GQ161817
EU859928.1	true	3416	5197	0.000000006454	3Seq	ref_AB562463	ref_GQ161817
EU859927.1	true	3416	5197	0.000000006454	3Seq	ref_AB562463	ref_GQ161817
EU859926.1	true	3416	5197	0.000000006454	3Seq	ref_AB562463	ref_GQ161817
EU859925.1	true	3416	5197	0.000000006454	3Seq	ref_AB562463	ref_GQ161817
EU859924.1	true	3416	5197	0.000000006454	3Seq	ref_AB562463	ref_GQ161817
EU859922.1	true	3416	5197	0.000000006454	3Seq	ref_AB562463	ref_GQ161817
EU859921.1	true	3416	5197	0.000000006454	3Seq	ref_AB562463	ref_GQ161817
EU859920.1	true	3416	5197	0.000000006454	3Seq	ref_AB562463	ref_GQ161817
EU859919.1	true	3416	5197	0.000000004682	3Seq	ref_AB562463	ref_GQ161817
EU859918.1	true	3416	5197	0.000000004682	3Seq	ref_AB562463	ref_GQ161817
EU859917.1	true	3416	5197	0.000000006454	3Seq	ref_AB562463	ref_GQ161817
EU859916.1	true	3416	5197	0.000000006454	3Seq	ref_AB562463	ref_GQ161817
EU859915.1	true	3416	5197	0.000000004682	3Seq	ref_AB562463	ref_GQ161817
EU859914.1	true	3416	5197	0.000000004682	3Seq	ref_AB562463	ref_GQ161817
EU859913.1	true	3416	5197	0.000000006454	3Seq	ref_AB562463	ref_GQ161817
EU859912.1	true	3416	5197	0.000000004682	3Seq	ref_AB562463	ref_GQ161817
EU859911.1	true	3416	5197	0.000000006454	3Seq	ref_AB562463	ref_GQ161817
EU859910.1	true	3416	5197	0.000000006454	3Seq	ref_AB562463	ref_GQ161817
EU859908.1	true	3416	5197	0.000000006454	3Seq	ref_AB562463	ref_GQ161817
EU859907.1	true	3416	5197	0.000000007534	3Seq	ref_AB562463	ref_GQ161817
EU859906.1	true	3416	5197	0.000000006454	3Seq	ref_AB562463	ref_GQ161817
EU859901.1	true	3416	5197	0.000000002946	3Seq	ref_AB562463	ref_GQ161817
FJ349296.1	false	0	0				
AB270536.1	true	3416	5164	0.000000001498	3Seq	ref_AB562463	ref_GQ161817
EU872011.1	false	0	0				
AB330373.1	true	3416	5197	0.000000026066	3Seq	ref_AB562463	ref_GQ161817
AB330372.1	true	3416	5197	0.000000002846	3Seq	ref_AB562463	ref_GQ161817
AB330371.1	true	3416	5197	0.000000078404	3Seq	ref_AB562463	ref_GQ161817
PX454563.1	false	0	0				
PX092360.1	false	0	0				
PQ335596.1	false	0	0				
OR250056.1	true	3201	3889	0.000000028534	3Seq	ref_X02763	ref_AB486012
OR250053.1	false	0	0				
OR250052.1	false	0	0				
OR250051.1	false	0	0				
OR250050.1	false	0	0				
LC831106.1	false	0	0				
LC831105.1	false	0	0				
OR250049.1	false	0	0				
OR250048.1	false	0	0				
OR250047.1	false	0	0				
OR250046.1	false	0	0				
OR250045.1	false	0	0				
PP116455.1	false	0	0				
PP116453.1	false	0	0				
ON585701.1	false	0	0				
ON585699.1	false	0	0				
OM181495.1	false	0	0				
OM181491.1	false	0	0				
MW999676.1	false	0	0				
MW999675.1	false	0	0				
MW999674.1	false	0	0				
MW999673.1	false	0	0				
MW999672.1	false	0	0				
MW999671.1	false	0	0				
MW999670.1	false	0	0				
MW999669.1	false	0	0				
MW999668.1	false	0	0				
MW999667.1	false	0	0				
MW999666.1	false	0	0				
MW999665.1	false	0	0				
MW999664.1	false	0	0				
MW999663.1	false	0	0				
MW999662.1	false	0	0				
OL907123.1	false	0	0				
OK106257.1	false	0	0				
MK183647.1	false	0	0				
MK183645.1	false	0	0				
MK183644.1	false	0	0				
MK183643.1	false	0	0				
MK183642.1	false	0	0				
MK183641.1	false	0	0				
MK183640.1	false	0	0				
MK183639.1	false	0	0				
MK183638.1	false	0	0				
MK183637.1	false	0	0				
MK183636.1	false	0	0				
MK183634.1	false	0	0				
MK183633.1	false	0	0				
MK183632.1	false	0	0				
MK183631.1	false	0	0				
MK183630.1	false	0	0				
MG877722.1	false	0	0				
MG877721.1	false	0	0				
MG877717.1	false	0	0				
MG877716.1	false	0	0				
MG877715.1	false	0	0				
MG877714.1	false	0	0				
MG877712.1	false	0	0				
MG877708.1	false	0	0				
MG877707.1	false	0	0				
MG877706.1	false	0	0				
MG877705.1	false	0	0				
MG877704.1	false	0	0				
MG877703.1	false	0	0				
MG877702.1	false	0	0				
MG877701.1	false	0	0				
MG877700.1	false	0	0				
MG098584.1	false	0	0				
MG098583.1	false	0	0				
MG098582.1	false	0	0				
MG098581.1	false	0	0				
MG098580.1	false	0	0				
MG098579.1	false	0	0				
MG098578.1	false	0	0				
MG098577.1	false	0	0				
MG098576.1	false	0	0				
MG098575.1	false	0	0				
MG098574.1	false	0	0				
MG098573.1	false	0	0				
MG098572.1	false	0	0				
MG098571.1	false	0	0				
MG098570.1	false	0	0				
MG098569.1	false	0	0				
MG098568.1	false	0	0				
MG098567.1	false	0	0				
MG098566.1	false	0	0				
MG098565.1	false	0	0				
MG098564.1	false	0	0				
MK058437.1	false	0	0				
MG571344.1	true	3159	3933	0.000000000000	3Seq	ref_D23679	ref_AP011098
KY458062.1	false	0	0				
KY458061.1	false	0	0				
KM998715.2	false	0	0				
MH051987.1	false	0	0				
MH051986.1	false	0	0				
LT935670.1	false	0	0				
LT935669.1	true	2082	2751	0.000000000000	3Seq	ref_HM585194	ref_NC_003977
LT935668.1	false	0	0				
LT935667.1	false	0	0				
LT935666.1	false	0	0				
LT935665.1	false	0	0				
LT935664.1	false	0	0				
LT935663.1	false	0	0				
LT935662.1	false	0	0				
LT935661.1	false	0	0				
LT935660.1	false	0	0				
LT935659.1	false	0	0				
KY476332.1	false	0	0				
KY476331.1	false	0	0				
KY476330.1	false	0	0				
KY476329.1	false	0	0				
KY476328.1	false	0	0				
KY476327.1	false	0	0				
KY476326.1	false	0	0				
KY476325.1	false	0	0				
KY476324.1	false	0	0				
KY476323.1	false	0	0				
KY476322.1	false	0	0				
KX757668.1	true	1529	3909	0.000000000000	3Seq	ref_HM585194	ref_MH051986
KX757665.1	false	0	0				
EU366133.2	false	0	0				
EU366132.2	false	0	0				
EU366118.2	false	0	0				
EU366116.2	false	0	0				
DQ776247.2	false	0	0				
KX264499.1	false	0	0				
KX264498.1	false	0	0				
KX264497.1	false	0	0				
KT896494.1	false	0	0				
KJ586808.1	false	0	0				
KJ586807.1	false	0	0				
KJ586806.1	true	1530	1640	0.000000122895	3Seq	ref_HM585194	ref_NC_003977
KJ586805.1	true	1530	1640	0.000000081153	3Seq	ref_HM585194	ref_NC_003977
KJ586804.1	true	1506	1584	0.000000019241	3Seq	ref_HM585194	ref_GQ331046
JN792922.1	false	0	0				
JN792921.1	false	0	0				
JN792920.1	false	0	0				
JN792919.1	false	0	0				
JN792918.1	false	0	0				
JN792917.1	false	0	0				
JN792916.1	false	0	0				
JN792915.1	false	0	0				
JN792914.1	false	0	0				
JN792913.1	false	0	0				
KP718113.1	false	0	0				
KP718112.1	false	0	0				
KP718111.1	false	0	0				
KP718110.1	false	0	0				
KP718109.1	false	0	0				
KP718108.1	false	0	0				
KP718107.1	false	0	0				
KP718106.1	false	0	0				
KP718105.1	false	0	0				
KP718104.1	false	0	0				
KP718103.1	false	0	0				
KJ173372.1	true	3159	3933	0.000000000000	3Seq	ref_D23679	ref_AP011098
KJ843226.1	false	0	0				
KJ843225.1	false	0	0				
KJ843224.1	false	0	0				
KP406330.1	true	3159	3933	0.000000000000	3Seq	ref_D23679	ref_AP011098
KJ843223.1	false	0	0				
KJ843222.1	false	0	0				
KJ843221.1	false	0	0				
KJ843220.1	false	0	0				
KJ843219.1	false	0	0				
KJ843213.1	false	0	0				
KJ843212.1	false	0	0				
KJ843211.1	false	0	0				
KJ843210.1	false	0	0				
KJ843209.1	false	0	0				
KJ843208.1	false	0	0				
KJ843207.1	false	0	0				
KJ843206.1	false	0	0				
KJ843205.1	false	0	0				
KJ843204.1	false	0	0				
KJ843203.1	false	0	0				
KJ843202.1	false	0	0				
KJ843201.1	false	0	0				
KJ843200.1	false	0	0				
KJ843199.1	false	0	0				
KJ843198.1	false	0	0				
KJ843197.1	false	0	0				
KJ843196.1	false	0	0				
KJ843195.1	false	0	0				
KJ843194.1	false	0	0				
KJ843193.1	false	0	0				
KJ843191.1	false	0	0				
KJ843190.1	false	0	0				
KJ843189.1	false	0	0				
KJ843185.1	false	0	0				
KJ843181.1	false	0	0				
KJ843180.1	false	0	0				
KJ843179.1	false	0	0				
KJ843178.1	false	0	0				
KJ843177.1	false	0	0				
KJ843176.1	false	0	0				
KJ843175.1	false	0	0				
KJ843174.1	false	0	0				
KJ843171.1	false	0	0				
KJ843170.1	false	0	0				
KJ843169.1	false	0	0				
KJ843168.1	false	0	0				
KJ843167.1	false	0	0				
KJ843164.1	false	0	0				
KJ843163.1	false	0	0				
KJ676694.1	false	0	0				
KJ676693.1	false	0	0				
KJ676692.1	false	0	0				
KJ647354.1	false	0	0				
KM233681.1	false	0	0				
KF779236.1	false	0	0				
KJ638664.1	false	0	0				
KJ638663.1	false	0	0				
KJ638662.1	false	0	0				
KJ638660.1	false	0	0				
KJ638659.1	false	0	0				
KJ638658.1	false	0	0				
KJ638657.1	false	0	0				
KJ638656.1	false	0	0				
JX079937.1	false	0	0				
JX079936.1	false	0	0				
JN688720.2	true	2640	3081	0.000000000000	3Seq	ref_KJ843175	ref_X02763
JN688709.2	false	0	0				
JN688703.2	false	0	0				
JN688701.2	false	0	0				
JN688699.2	false	0	0				
JN688691.2	false	0	0				
KF199901.1	false	0	0				
JQ272888.1	true	2921	3148	0.000000000000	3Seq	ref_KJ843175	ref_AB222711
KC494405.1	false	0	0				
KC494404.1	false	0	0				
KC494403.1	false	0	0				
KC494402.1	false	0	0				
KC494401.1	false	0	0				
KC494400.1	false	0	0				
KC494399.1	false	0	0				
KC494398.1	false	0	0				
KC494397.1	false	0	0				
KC494396.1	false	0	0				
KC494395.1	false	0	0				
KC494394.1	false	0	0				
JN811656.1	false	0	0				
JN811655.1	false	0	0				
HQ378247.1	false	0	0				
HM627320.1	false	0	0				
HM622135.1	false	0	0				
HM590474.1	false	0	0				
HM590473.1	false	0	0				
HM590472.1	false	0	0				
HM590471.1	false	0	0				
HM585200.1	false	0	0				
HM585199.1	false	0	0				
HM585198.1	false	0	0				
HM585197.1	false	0	0				
HM585196.1	false	0	0				
HM585195.1	false	0	0				
HM585193.1	false	0	0				
HM585192.1	false	0	0				
HM585191.1	false	0	0				
HM585190.1	false	0	0				
HM585189.1	false	0	0				
HM585188.1	false	0	0				
HM585187.1	false	0	0				
HM585186.1	false	0	0				
FJ657525.1	false	0	0				
FJ657522.1	false	0	0				
FJ657519.1	false	0	0				
PX584944.1	false	0	0				
PX810246.1	false	0	0				
PX810244.1	false	0	0				
PX810242.1	false	0	0				
PX810240.1	false	0	0				
PX453184.1	true	2329	3643	0.000000000000	3Seq	ref_AB056513	ref_X02763
PX116471.1	true	2329	3643	0.000000005504	3Seq	ref_AB056513	ref_X02763
PX116470.1	true	2329	3652	0.000000005519	3Seq	ref_AB056513	ref_EU594385
PX116469.1	true	2109	4303	0.000000000000	3Seq	ref_FJ904435	ref_GQ161817
PX116468.1	true	2329	3686	0.000000002181	3Seq	ref_AB056513	ref_EU594385
PX116467.1	true	2329	3686	0.000000002737	3Seq	ref_AB056513	ref_EU594385
PX116466.1	true	2329	3643	0.000000005479	3Seq	ref_AB056513	ref_X02763
PX116465.1	true	4116	4164	0.000000015443	3Seq	ref_GQ161817	ref_GU815637
PX116464.1	true	2329	3643	0.000000000004	3Seq	ref_AB056513	ref_X02763
PX116463.1	true	2329	3643	0.000000000049	3Seq	ref_AB056513	ref_X02763
PX116462.1	true	2329	3643	0.000000000067	3Seq	ref_AB056513	ref_X02763
PX116461.1	true	2329	3643	0.000000000041	3Seq	ref_AB056513	ref_X02763
PX116460.1	true	2329	3686	0.000000000008	3Seq	ref_AB056513	ref_EU594385
PX116459.1	true	2329	3652	0.000000000003	3Seq	ref_AB056513	ref_X02763
PX116458.1	true	2329	3643	0.000000050339	3Seq	ref_AB056513	ref_X02763
PX116457.1	true	2329	3643	0.000000000289	3Seq	ref_AB056513	ref_X02763
PX116456.1	true	2329	3643	0.000000000004	3Seq	ref_AB056513	ref_X02763
PX116455.1	true	2335	3643	0.000000000001	3Seq	ref_AB056513	ref_X02763
PX116454.1	true	2329	3643	0.000000000074	3Seq	ref_AB056513	ref_X02763
PX116453.1	true	2329	3643	0.000000000041	3Seq	ref_AB056513	ref_X02763
PX116451.1	true	1543	4695	0.000000003601	3Seq	ref_MF925358	ref_GQ161817
PX116450.1	true	2329	3686	0.000000006734	3Seq	ref_AB056513	ref_EU594385
PX116449.1	true	2329	3686	0.000000007283	3Seq	ref_AB056513	ref_EU594385
PX116448.1	true	2329	3686	0.000000002007	3Seq	ref_AB056513	ref_EU594385
PX116447.1	true	2329	3643	0.000000000257	3Seq	ref_AB056513	ref_X02763
PX116446.1	true	2329	3652	0.000000000172	3Seq	ref_AB056513	ref_EU594385
PX116445.1	true	3724	4627	0.000000003911	3Seq	ref_FJ692601	ref_AB056513
PX116444.1	true	2329	3686	0.000000000041	3Seq	ref_AB056513	ref_EU594385
PX116443.1	true	2329	3643	0.000000003062	3Seq	ref_AB056513	ref_X02763
PX116442.1	true	2329	3686	0.000000013025	3Seq	ref_AB056513	ref_EU594385
PX116441.1	true	2329	3686	0.000000008187	3Seq	ref_AB056513	ref_EU594385
PX116440.1	true	2329	3643	0.000000000033	3Seq	ref_AB056513	ref_X02763
PX116439.1	true	2329	3643	0.000000000005	3Seq	ref_AB056513	ref_X02763
PX116438.1	true	2329	3643	0.000000000174	3Seq	ref_AB056513	ref_X02763
PX116437.1	true	2329	3643	0.000000000015	3Seq	ref_AB056513	ref_X02763
PX116436.1	true	2329	3686	0.000000000080	3Seq	ref_AB056513	ref_EU594385
PX116435.1	true	2329	3604	0.000000003613	3Seq	ref_AB056513	ref_X02763
PX116433.1	true	2329	3637	0.000000009564	3Seq	ref_AB056513	ref_X02763
PX116432.1	true	2329	3640	0.000000031866	3Seq	ref_AB056513	ref_EU594385
PX116431.1	true	2329	3643	0.000000000104	3Seq	ref_AB056513	ref_X02763
PX116430.1	true	2329	3643	0.000000000052	3Seq	ref_AB056513	ref_X02763
PX116429.1	true	2329	3643	0.000000000054	3Seq	ref_AB056513	ref_X02763
PX116428.1	true	2329	3686	0.000000000341	3Seq	ref_AB056513	ref_EU594385
PX116427.1	true	2329	3686	0.000000000017	3Seq	ref_AB056513	ref_EU594385
PX116426.1	true	2329	3652	0.000000005309	3Seq	ref_AB056513	ref_EU594385
PX116425.1	true	2329	3652	0.000000002288	3Seq	ref_AB056513	ref_X02763
PX116424.1	true	2329	3686	0.000000000388	3Seq	ref_AB056513	ref_EU594385
PX116423.1	true	2329	3643	0.000000000129	3Seq	ref_AB056513	ref_X02763
PX116422.1	true	2329	3686	0.000000000063	3Seq	ref_AB056513	ref_EU594385
PX116421.1	true	2329	3643	0.000000000005	3Seq	ref_AB056513	ref_X02763
PX116420.1	true	2329	3686	0.000000000016	3Seq	ref_AB056513	ref_EU594385
PX116419.1	true	2329	3643	0.000000009875	3Seq	ref_AB056513	ref_X02763
PX116418.1	true	2329	3643	0.000000002184	3Seq	ref_AB056513	ref_X02763
PX116417.1	true	2329	3686	0.000000000176	3Seq	ref_AB056513	ref_EU594385
PX116416.1	true	2329	3686	0.000000000087	3Seq	ref_AB056513	ref_EU594385
PX116415.1	true	2329	3643	0.000000000010	3Seq	ref_AB056513	ref_X02763
PX116414.1	true	2329	3686	0.000000001631	3Seq	ref_AB056513	ref_EU594385
PX116413.1	true	2335	3643	0.000000000010	3Seq	ref_AB056513	ref_X02763
PX116412.1	true	2329	3686	0.000000000595	3Seq	ref_AB056513	ref_EU594385
PX116411.1	true	2329	3643	0.000000000289	3Seq	ref_AB056513	ref_X02763
PX116410.1	true	2329	3652	0.000000001204	3Seq	ref_AB056513	ref_EU594385
PX116409.1	true	2329	3686	0.000000000049	3Seq	ref_AB056513	ref_EU594385
PX116408.1	true	2335	3686	0.000000000007	3Seq	ref_AB056513	ref_EU594385
PX116407.1	true	2329	3686	0.000000000019	3Seq	ref_AB056513	ref_EU594385
PX116406.1	true	2335	3643	0.000000000001	3Seq	ref_AB056513	ref_X02763
PX116405.1	true	2329	3643	0.000000000072	3Seq	ref_AB056513	ref_X02763
PX116403.1	true	2329	3643	0.000000000067	3Seq	ref_AB056513	ref_X02763
PX116402.1	true	2329	3643	0.000000000180	3Seq	ref_AB056513	ref_X02763
PX116401.1	true	2329	3652	0.000000011067	3Seq	ref_AB056513	ref_X02763
PX116400.1	true	4116	4164	0.000000001268	3Seq	ref_GQ161817	ref_GU815637
PX068140.1	true	2863	3617	0.000000040856	3Seq	ref_FJ904435	ref_GQ161817
PV021398.1	true	2329	3637	0.000000000248	3Seq	ref_AB056513	ref_X02763
PQ601158.1	true	2869	3592	0.000000024348	3Seq	ref_FJ904435	ref_GQ161817
PP445059.1	true	2335	3640	0.000000001910	3Seq	ref_AB056513	ref_X02763
PP445056.1	true	2542	3724	0.000000000020	3Seq	ref_AB056513	ref_D23679
PP445055.1	true	2329	3639	0.000000000739	3Seq	ref_AB056513	ref_X02763
PP445053.1	true	2362	3724	0.000000001438	3Seq	ref_AB056513	ref_D23679
OZ178231.1	true	3728	4627	0.000000000403	3Seq	ref_FJ692601	ref_AB056513
OZ178224.1	true	2329	3643	0.000000000233	3Seq	ref_AB056513	ref_X02763
PP123864.1	true	2329	3643	0.000000000003	3Seq	ref_AB056513	ref_X02763
PP123863.1	true	2329	3643	0.000000000003	3Seq	ref_AB056513	ref_X02763
PP116454.1	true	2329	3643	0.000000000006	3Seq	ref_AB056513	ref_X02763
OR031236.1	true	2329	3724	0.000000000141	3Seq	ref_AB056513	ref_EU594385
OP796825.1	true	3153	4027	0.000000000000	3Seq	ref_D23679	ref_AP011098
OP009532.1	true	2362	3724	0.000000006641	3Seq	ref_AB056513	ref_D23679
OP009531.1	true	2329	3643	0.000000000007	3Seq	ref_AB056513	ref_X02763
OP009530.1	true	3724	4627	0.000000002446	3Seq	ref_FJ692601	ref_AB056513
OP009529.1	true	2329	3643	0.000000000000	3Seq	ref_AB056513	ref_X02763
OP009528.1	true	2329	3643	0.000000000034	3Seq	ref_AB056513	ref_X02763
LC773632.1	true	699	3886	0.000000000000	3Seq	ref_FJ692601	ref_GQ161817
ON402785.1	true	2329	3686	0.000000000080	3Seq	ref_AB056513	ref_EU594385
ON402784.1	true	2335	3637	0.000000000060	3Seq	ref_AB056513	ref_X02763
MW999678.1	false	0	0				
MW999661.1	false	0	0				
MW999660.1	false	0	0				
MW999659.1	false	0	0				
ON528578.1	true	2329	3643	0.000000000012	3Seq	ref_AB056513	ref_X02763
LC513657.1	true	2329	3643	0.000000000010	3Seq	ref_AB056513	ref_X02763
LC513656.1	true	2329	3686	0.000000000094	3Seq	ref_AB056513	ref_EU594385
LC513654.1	true	2329	3686	0.000000000035	3Seq	ref_AB056513	ref_EU594385
LC513652.1	true	2329	3643	0.000000000001	3Seq	ref_AB056513	ref_X02763
LC513651.1	true	2329	3643	0.000000000001	3Seq	ref_AB056513	ref_X02763
MZ962199.1	true	2329	3639	0.000000000087	3Seq	ref_AB056513	ref_X02763
MZ962198.1	true	2329	3643	0.000000000089	3Seq	ref_AB056513	ref_X02763
MZ962197.1	true	2329	3643	0.000000001858	3Seq	ref_AB056513	ref_X02763
MZ962196.1	true	2329	3643	0.000000000094	3Seq	ref_AB056513	ref_X02763
MZ962195.1	true	2329	3643	0.000000000013	3Seq	ref_AB056513	ref_X02763
MZ962194.1	true	2329	3639	0.000000000344	3Seq	ref_AB056513	ref_X02763
MZ962193.1	true	2329	3643	0.000000000001	3Seq	ref_AB056513	ref_X02763
MZ962192.1	true	2329	3643	0.000000003557	3Seq	ref_AB056513	ref_X02763
MZ962191.1	true	2329	3643	0.000000000009	3Seq	ref_AB056513	ref_X02763
MZ962190.1	true	2329	3643	0.000000000477	3Seq	ref_AB056513	ref_X02763
MZ962189.1	true	2329	3643	0.000000000005	3Seq	ref_AB056513	ref_X02763
MW679683.1	true	2329	3643	0.000000000128	3Seq	ref_AB056513	ref_X02763
MW679682.1	true	2329	3639	0.000000000044	3Seq	ref_AB056513	ref_X02763
MW455165.1	true	2329	3643	0.000000000046	3Seq	ref_AB056513	ref_X02763
MW455164.1	true	2329	3643	0.000000000012	3Seq	ref_AB056513	ref_X02763
MW455163.1	true	2329	3643	0.000000000019	3Seq	ref_AB056513	ref_X02763
MW455162.1	true	2329	3643	0.000000000009	3Seq	ref_AB056513	ref_X02763
MW455161.1	true	2329	3643	0.000000000034	3Seq	ref_AB056513	ref_X02763
MW082637.1	true	2329	3686	0.000000000198	3Seq	ref_AB056513	ref_EU594385
MW082636.1	true	2329	3686	0.000000000336	3Seq	ref_AB056513	ref_EU594385
MT427201.1	true	2329	3643	0.000000000093	3Seq	ref_AB056513	ref_X02763
MT427200.1	true	2329	3643	0.000000000093	3Seq	ref_AB056513	ref_X02763
MT427199.1	true	2329	3643	0.000000000093	3Seq	ref_AB056513	ref_X02763
MT427198.1	true	2329	3643	0.000000000157	3Seq	ref_AB056513	ref_X02763
MT427197.1	true	2329	3643	0.000000000093	3Seq	ref_AB056513	ref_X02763
MT427196.1	true	2329	3643	0.000000000093	3Seq	ref_AB056513	ref_X02763
MT427195.1	true	2329	3643	0.000000000093	3Seq	ref_AB056513	ref_X02763
MT427194.1	true	2329	3643	0.000000000093	3Seq	ref_AB056513	ref_X02763
MT427193.1	true	2329	3643	0.000000000125	3Seq	ref_AB056513	ref_X02763
MT427192.1	true	2329	3643	0.000000000093	3Seq	ref_AB056513	ref_X02763
MT427191.1	true	2329	3643	0.000000000093	3Seq	ref_AB056513	ref_X02763
MT427190.1	true	2329	3643	0.000000000093	3Seq	ref_AB056513	ref_X02763
MT427188.1	true	2329	3643	0.000000000093	3Seq	ref_AB056513	ref_X02763
MT427187.1	true	2329	3643	0.000000000044	3Seq	ref_AB056513	ref_X02763
MT427186.1	true	2329	3643	0.000000000108	3Seq	ref_AB056513	ref_X02763
MT427185.1	true	2329	3643	0.000000000093	3Seq	ref_AB056513	ref_X02763
MT427184.1	true	2329	3643	0.000000000125	3Seq	ref_AB056513	ref_X02763
MT427183.1	true	2329	3643	0.000000000093	3Seq	ref_AB056513	ref_X02763
MT427182.1	true	2329	3643	0.000000000157	3Seq	ref_AB056513	ref_X02763
MT427181.1	true	2329	3643	0.000000000093	3Seq	ref_AB056513	ref_X02763
MT427180.1	true	2329	3643	0.000000000125	3Seq	ref_AB056513	ref_X02763
MT427179.1	true	2329	3643	0.000000000093	3Seq	ref_AB056513	ref_X02763
MT427178.1	true	2329	3643	0.000000000093	3Seq	ref_AB056513	ref_X02763
MT427177.1	true	2329	3643	0.000000000125	3Seq	ref_AB056513	ref_X02763
MT427176.1	true	2329	3643	0.000000000125	3Seq	ref_AB056513	ref_X02763
MT427175.1	true	2329	3643	0.000000000125	3Seq	ref_AB056513	ref_X02763
MT427174.1	true	2329	3643	0.000000000125	3Seq	ref_AB056513	ref_X02763
MT427173.1	true	2329	3643	0.000000000125	3Seq	ref_AB056513	ref_X02763
MT427172.1	true	2329	3643	0.000000000093	3Seq	ref_AB056513	ref_X02763
MT427171.1	true	2329	3643	0.000000000093	3Seq	ref_AB056513	ref_X02763
MT427170.1	true	2329	3643	0.000000000074	3Seq	ref_AB056513	ref_X02763
MT427169.1	true	2329	3643	0.000000000093	3Seq	ref_AB056513	ref_X02763
MT427168.1	true	2329	3643	0.000000000093	3Seq	ref_AB056513	ref_X02763
MT427167.1	true	2329	3643	0.000000000093	3Seq	ref_AB056513	ref_X02763
MT427166.1	true	2329	3643	0.000000000093	3Seq	ref_AB056513	ref_X02763
MT427165.1	true	2329	3643	0.000000000093	3Seq	ref_AB056513	ref_X02763
MT427164.1	true	2329	3643	0.000000000093	3Seq	ref_AB056513	ref_X02763
MT427163.1	true	2329	3643	0.000000000093	3Seq	ref_AB056513	ref_X02763
MT427162.1	true	2329	3643	0.000000000093	3Seq	ref_AB056513	ref_X02763
MT427161.1	true	2329	3643	0.000000000093	3Seq	ref_AB056513	ref_X02763
MT427160.1	true	2329	3643	0.000000000093	3Seq	ref_AB056513	ref_X02763
MT427159.1	true	2329	3643	0.000000000093	3Seq	ref_AB056513	ref_X02763
MT427158.1	true	2329	3643	0.000000000093	3Seq	ref_AB056513	ref_X02763
MT427157.1	true	2329	3643	0.000000000065	3Seq	ref_AB056513	ref_X02763
KF922439.1	true	2329	3686	0.000000000021	3Seq	ref_AB056513	ref_EU594385
KF922438.1	true	2329	3686	0.000000000021	3Seq	ref_AB056513	ref_EU594385
MT427156.1	true	2329	3643	0.000000000225	3Seq	ref_AB056513	ref_X02763
MT427155.1	true	2329	3643	0.000000000093	3Seq	ref_AB056513	ref_X02763
MT427154.1	true	2329	3643	0.000000000074	3Seq	ref_AB056513	ref_X02763
MT427153.1	true	2329	3643	0.000000000093	3Seq	ref_AB056513	ref_X02763
MT427152.1	true	2329	3643	0.000000000088	3Seq	ref_AB056513	ref_X02763
MT427151.1	true	2329	3643	0.000000000299	3Seq	ref_AB056513	ref_X02763
MT427150.1	true	2329	3643	0.000000000125	3Seq	ref_AB056513	ref_X02763
MT427149.1	true	2329	3643	0.000000000125	3Seq	ref_AB056513	ref_X02763
MT427148.1	true	2329	3643	0.000000000125	3Seq	ref_AB056513	ref_X02763
MT427147.1	true	2329	3643	0.000000000169	3Seq	ref_AB056513	ref_X02763
MT427146.1	true	2329	3643	0.000000000125	3Seq	ref_AB056513	ref_X02763
MT427145.1	true	2329	3643	0.000000000093	3Seq	ref_AB056513	ref_X02763
MT427144.1	true	2329	3643	0.000000000093	3Seq	ref_AB056513	ref_X02763
MT427143.1	true	2329	3643	0.000000000039	3Seq	ref_AB056513	ref_X02763
MT427142.1	true	2329	3643	0.000000000088	3Seq	ref_AB056513	ref_X02763
MT427141.1	true	2329	3643	0.000000000093	3Seq	ref_AB056513	ref_X02763
MT427140.1	true	2329	3643	0.000000000093	3Seq	ref_AB056513	ref_X02763
MT427139.1	true	2329	3643	0.000000000093	3Seq	ref_AB056513	ref_X02763
MT427138.1	true	3724	4627	0.000000000172	3Seq	ref_FJ692601	ref_AB056513
MT427137.1	true	2329	3643	0.000000000125	3Seq	ref_AB056513	ref_X02763
MT427136.1	true	2329	3643	0.000000000125	3Seq	ref_AB056513	ref_X02763
MT427135.1	true	2329	3643	0.000000000125	3Seq	ref_AB056513	ref_X02763
MT427134.1	true	2329	3643	0.000000000125	3Seq	ref_AB056513	ref_X02763
MT427133.1	true	2329	3643	0.000000000125	3Seq	ref_AB056513	ref_X02763
MT427132.1	true	2329	3643	0.000000000169	3Seq	ref_AB056513	ref_X02763
MT427131.1	true	3724	4627	0.000000000172	3Seq	ref_FJ692601	ref_AB056513
MT427130.1	true	3724	4627	0.000000000172	3Seq	ref_FJ692601	ref_AB056513
MT427129.1	true	2329	3643	0.000000000039	3Seq	ref_AB056513	ref_X02763
MT427128.1	true	2329	3643	0.000000000225	3Seq	ref_AB056513	ref_X02763
MT427127.1	true	2329	3643	0.000000000267	3Seq	ref_AB056513	ref_X02763
MT427126.1	true	2329	3643	0.000000000065	3Seq	ref_AB056513	ref_X02763
MT427125.1	true	2329	3643	0.000000000093	3Seq	ref_AB056513	ref_X02763
MT427124.1	true	2329	3643	0.000000000052	3Seq	ref_AB056513	ref_X02763
MT427123.1	true	2329	3643	0.000000000093	3Seq	ref_AB056513	ref_X02763
MT427122.1	true	2329	3643	0.000000000093	3Seq	ref_AB056513	ref_X02763
MT427121.1	true	2329	3643	0.000000000093	3Seq	ref_AB056513	ref_X02763
MT427120.1	true	2329	3643	0.000000000055	3Seq	ref_AB056513	ref_X02763
MT427119.1	true	3724	4627	0.000000000217	3Seq	ref_FJ692601	ref_AB056513
MT427118.1	true	2329	3643	0.000000000093	3Seq	ref_AB056513	ref_X02763
MT427117.1	true	2329	3643	0.000000000169	3Seq	ref_AB056513	ref_X02763
MT427116.1	true	2329	3643	0.000000000079	3Seq	ref_AB056513	ref_X02763
MT427115.1	true	2329	3643	0.000000000169	3Seq	ref_AB056513	ref_X02763
MT427114.1	true	2329	3643	0.000000000169	3Seq	ref_AB056513	ref_X02763
MT427113.1	true	2329	3643	0.000000000023	3Seq	ref_AB056513	ref_X02763
MT427112.1	true	2329	3643	0.000000000079	3Seq	ref_AB056513	ref_X02763
MT427111.1	true	2329	3643	0.000000000225	3Seq	ref_AB056513	ref_X02763
MT427110.1	true	3724	4627	0.000000000172	3Seq	ref_FJ692601	ref_AB056513
MN967529.1	true	2329	3643	0.000000000009	3Seq	ref_AB056513	ref_X02763
MN967528.1	true	2329	3643	0.000000000123	3Seq	ref_AB056513	ref_X02763
MN967527.1	true	2329	3643	0.000000000180	3Seq	ref_AB056513	ref_X02763
MN967526.1	true	2329	3686	0.000000000433	3Seq	ref_AB056513	ref_EU594385
MN507848.1	true	2329	3639	0.000000000017	3Seq	ref_AB056513	ref_X02763
MN507847.1	true	2329	3604	0.000000000190	3Seq	ref_AB056513	ref_X02763
MN507846.1	true	2329	3639	0.000000000006	3Seq	ref_AB056513	ref_X02763
MN507845.1	true	2329	3604	0.000000000386	3Seq	ref_AB056513	ref_X02763
MN507844.1	true	2329	3643	0.000000000052	3Seq	ref_AB056513	ref_X02763
MN507843.1	true	2329	3639	0.000000000600	3Seq	ref_AB056513	ref_X02763
MN507842.1	true	2329	3604	0.000000000264	3Seq	ref_AB056513	ref_X02763
MN507841.1	true	2329	3643	0.000000000003	3Seq	ref_AB056513	ref_X02763
MN507840.1	true	2335	3637	0.000000001026	3Seq	ref_AB056513	ref_X02763
MK720632.1	true	2329	3643	0.000000000075	3Seq	ref_AB056513	ref_X02763
MK720631.1	true	2329	3643	0.000000000075	3Seq	ref_AB056513	ref_X02763
MK321264.1	true	2329	3643	0.000000000100	3Seq	ref_AB056513	ref_X02763
MH918655.1	true	2329	3643	0.000000000004	3Seq	ref_AB056513	ref_X02763
MH580652.1	true	2329	3652	0.000000000089	3Seq	ref_AB056513	ref_X02763
MH580650.1	true	2329	3643	0.000000000011	3Seq	ref_AB056513	ref_X02763
MH580649.1	true	2329	3652	0.000000000010	3Seq	ref_AB056513	ref_X02763
MH580648.1	true	2329	3652	0.000000000157	3Seq	ref_AB056513	ref_X02763
MH580647.1	true	2329	3652	0.000000000006	3Seq	ref_AB056513	ref_X02763
MH580646.1	true	2329	3652	0.000000000010	3Seq	ref_AB056513	ref_X02763
MH580645.1	true	2329	3652	0.000000000005	3Seq	ref_AB056513	ref_X02763
MH580644.1	true	2329	3643	0.000000000010	3Seq	ref_AB056513	ref_X02763
MH580641.1	true	2329	3643	0.000000000054	3Seq	ref_AB056513	ref_X02763
MH580640.1	true	2329	3643	0.000000000054	3Seq	ref_AB056513	ref_X02763
MH580638.1	true	2329	3652	0.000000000017	3Seq	ref_AB056513	ref_X02763
MH580637.1	true	2329	3652	0.000000000006	3Seq	ref_AB056513	ref_X02763
MH580636.1	true	2329	3652	0.000000000005	3Seq	ref_AB056513	ref_X02763
MH580635.1	true	2329	3652	0.000000000005	3Seq	ref_AB056513	ref_X02763
MH580634.1	true	2329	3652	0.000000000005	3Seq	ref_AB056513	ref_X02763
MH580632.1	true	2329	3652	0.000000000042	3Seq	ref_AB056513	ref_X02763
MH580631.1	true	2329	3652	0.000000000042	3Seq	ref_AB056513	ref_X02763
MH580630.1	true	2329	3643	0.000000000006	3Seq	ref_AB056513	ref_X02763
MH580629.1	true	2329	3652	0.000000000006	3Seq	ref_AB056513	ref_X02763
MH580628.1	true	2329	3643	0.000000000010	3Seq	ref_AB056513	ref_X02763
MH580626.1	true	2329	3686	0.000000000568	3Seq	ref_AB056513	ref_EU594385
MH580625.1	true	2329	3652	0.000000000006	3Seq	ref_AB056513	ref_X02763
MH580624.1	true	2329	3652	0.000000000006	3Seq	ref_AB056513	ref_X02763
MH580623.1	true	2329	3643	0.000000000073	3Seq	ref_AB056513	ref_X02763
MH580622.1	true	2329	3652	0.000000000006	3Seq	ref_AB056513	ref_X02763
MH580621.1	true	2329	3652	0.000000000006	3Seq	ref_AB056513	ref_X02763
MH580620.1	true	2329	3643	0.000000000073	3Seq	ref_AB056513	ref_X02763
MH580619.1	true	2329	3643	0.000000000073	3Seq	ref_AB056513	ref_X02763
MH580618.1	true	2329	3643	0.000000000073	3Seq	ref_AB056513	ref_X02763
MH580617.1	true	2329	3643	0.000000000010	3Seq	ref_AB056513	ref_X02763
MH580616.1	true	2329	3643	0.000000000073	3Seq	ref_AB056513	ref_X02763
MH580615.1	true	2329	3643	0.000000000073	3Seq	ref_AB056513	ref_X02763
MH580614.1	true	2329	3643	0.000000000073	3Seq	ref_AB056513	ref_X02763
MH464856.1	true	2329	3643	0.000000000004	3Seq	ref_AB056513	ref_X02763
MH464855.1	true	2329	3643	0.000000000009	3Seq	ref_AB056513	ref_X02763
KT749841.1	true	2329	3686	0.000000000071	3Seq	ref_AB056513	ref_EU594385
MF772362.1	true	2335	3604	0.000000000008	3Seq	ref_AB056513	ref_X02763
MF772361.1	true	2335	3602	0.000000027747	3Seq	ref_AB056513	ref_X02763
MF772360.1	true	2335	3686	0.000000000215	3Seq	ref_AB056513	ref_EU594385
MF772359.1	true	2335	3643	0.000000001029	3Seq	ref_AB056513	ref_X02763
MF772358.1	true	2327	3723	0.000000010431	3Seq	ref_AB056513	ref_GQ331046
MF772357.1	true	2335	3643	0.000000001090	3Seq	ref_AB056513	ref_X02763
MF772356.1	true	2362	3724	0.000000000486	3Seq	ref_AB056513	ref_D23679
MF772355.1	true	2329	3724	0.000000001087	3Seq	ref_AB056513	ref_EU594385
MF772354.1	true	2329	3643	0.000000000007	3Seq	ref_AB056513	ref_X02763
KY881787.1	true	3153	3958	0.000000000000	3Seq	ref_D23679	ref_AP011098
KX186584.1	true	2329	3643	0.000000000005	3Seq	ref_AB056513	ref_X02763
KU736913.1	true	2329	3643	0.000000000299	3Seq	ref_AB056513	ref_X02763
KU736912.1	true	2329	3643	0.000000000062	3Seq	ref_AB056513	ref_X02763
KU736911.1	true	2329	3602	0.000000004697	3Seq	ref_AB056513	ref_X02763
KU736910.1	true	2329	3604	0.000000001298	3Seq	ref_AB056513	ref_X02763
KU736909.1	true	2329	3686	0.000000000090	3Seq	ref_AB056513	ref_EU594385
KU736908.1	true	2329	3643	0.000000000034	3Seq	ref_AB056513	ref_X02763
KU736907.1	true	2329	3643	0.000000000034	3Seq	ref_AB056513	ref_X02763
KU736906.1	true	2329	3643	0.000000000020	3Seq	ref_AB056513	ref_X02763
KU736905.1	true	2329	3643	0.000000000110	3Seq	ref_AB056513	ref_X02763
KU736904.1	true	2329	3643	0.000000000042	3Seq	ref_AB056513	ref_X02763
KU736902.1	true	2329	3643	0.000000000679	3Seq	ref_AB056513	ref_X02763
KU736900.1	true	2329	3640	0.000000000015	3Seq	ref_AB056513	ref_X02763
KU736899.1	true	2329	3643	0.000000000015	3Seq	ref_AB056513	ref_X02763
KU736898.1	true	2329	3643	0.000000000530	3Seq	ref_AB056513	ref_X02763
KU736897.1	true	2329	3643	0.000000000530	3Seq	ref_AB056513	ref_X02763
KU736896.1	true	2329	3604	0.000000000233	3Seq	ref_AB056513	ref_X02763
KU736895.1	true	2329	3604	0.000000000233	3Seq	ref_AB056513	ref_X02763
KU736894.1	true	2329	3643	0.000000000007	3Seq	ref_AB056513	ref_X02763
KU736893.1	true	2329	3640	0.000000000151	3Seq	ref_AB056513	ref_X02763
KU736892.1	true	2329	3643	0.000000000210	3Seq	ref_AB056513	ref_X02763
KU736891.1	true	2329	3643	0.000000000050	3Seq	ref_AB056513	ref_X02763
HM363611.1	true	2329	3643	0.000000000132	3Seq	ref_AB056513	ref_X02763
HM363610.1	true	2329	3643	0.000000004606	3Seq	ref_AB056513	ref_X02763
HM363609.1	true	2329	3643	0.000000001435	3Seq	ref_AB056513	ref_X02763
HM363608.1	true	2329	3643	0.000000001180	3Seq	ref_AB056513	ref_X02763
HM363607.1	true	2362	3724	0.000000000312	3Seq	ref_AB056513	ref_D23679
HM363606.1	true	2329	3643	0.000000002079	3Seq	ref_AB056513	ref_X02763
HM363605.1	true	3733	4627	0.000000001769	3Seq	ref_FJ692601	ref_AB056513
HM363604.1	true	2329	3643	0.000000000301	3Seq	ref_AB056513	ref_X02763
HM363603.1	true	2329	3686	0.000000003037	3Seq	ref_AB056513	ref_EU594385
HM363602.1	true	2329	3643	0.000000000567	3Seq	ref_AB056513	ref_X02763
HM363601.1	true	2329	3686	0.000000001402	3Seq	ref_AB056513	ref_EU594385
HM363600.1	true	2329	3686	0.000000000441	3Seq	ref_AB056513	ref_EU594385
HM363599.1	true	2329	3652	0.000000000023	3Seq	ref_AB056513	ref_EU594385
HM363598.1	true	2329	3643	0.000000000093	3Seq	ref_AB056513	ref_X02763
HM363597.1	true	2329	3637	0.000000004212	3Seq	ref_AB056513	ref_X02763
HM363596.1	true	2329	3652	0.000000000772	3Seq	ref_AB056513	ref_X02763
HM363595.1	true	1682	3724	0.000000000263	3Seq	ref_AB056513	ref_D23679
HM363594.1	true	2329	3643	0.000000000041	3Seq	ref_AB056513	ref_X02763
HM363593.1	true	2329	3643	0.000000000115	3Seq	ref_AB056513	ref_X02763
HM363592.1	true	2220	3643	0.000000000004	3Seq	ref_AB056513	ref_X02763
HM363591.1	true	2329	3643	0.000000000014	3Seq	ref_AB056513	ref_X02763
HM363590.1	true	2326	3643	0.000000000034	3Seq	ref_AB056513	ref_X02763
HM363589.1	true	2329	3643	0.000000000079	3Seq	ref_AB056513	ref_X02763
HM363588.1	true	2329	3643	0.000000000024	3Seq	ref_AB056513	ref_X02763
HM363587.1	true	2329	3643	0.000000000125	3Seq	ref_AB056513	ref_X02763
HM363586.1	true	2329	3643	0.000000001984	3Seq	ref_AB056513	ref_X02763
HM363585.1	true	2329	3643	0.000000000281	3Seq	ref_AB056513	ref_X02763
HM363584.1	true	2329	3643	0.000000002672	3Seq	ref_AB056513	ref_X02763
HM363583.1	true	2329	3643	0.000000001602	3Seq	ref_AB056513	ref_X02763
HM363582.1	true	2329	3643	0.000000000170	3Seq	ref_AB056513	ref_X02763
HM363581.1	true	2329	3643	0.000000000052	3Seq	ref_AB056513	ref_X02763
HM363580.1	true	2329	3643	0.000000000052	3Seq	ref_AB056513	ref_X02763
HM363579.1	true	2329	3643	0.000000000052	3Seq	ref_AB056513	ref_X02763
HM363578.1	true	2329	3652	0.000000000100	3Seq	ref_AB056513	ref_X02763
HM363577.1	true	2329	3652	0.000000000020	3Seq	ref_AB056513	ref_X02763
HM363576.1	true	2329	3686	0.000000000052	3Seq	ref_AB056513	ref_X02763
HM363575.1	true	2329	3686	0.000000000069	3Seq	ref_AB056513	ref_X02763
HM363574.1	true	2329	3643	0.000000000089	3Seq	ref_AB056513	ref_X02763
HM363573.1	true	2329	3652	0.000000000024	3Seq	ref_AB056513	ref_X02763
HM363572.1	true	2329	3643	0.000000000001	3Seq	ref_AB056513	ref_X02763
HM363571.1	true	2329	3643	0.000000000014	3Seq	ref_AB056513	ref_X02763
HM363570.1	true	2329	3639	0.000000000032	3Seq	ref_AB056513	ref_X02763
HM363569.1	true	2329	3639	0.000000000067	3Seq	ref_AB056513	ref_X02763
HM363568.1	true	2329	3643	0.000000000011	3Seq	ref_AB056513	ref_X02763
HM363567.1	true	2329	3643	0.000000000080	3Seq	ref_AB056513	ref_X02763
HM363566.1	true	2329	3643	0.000000000084	3Seq	ref_AB056513	ref_X02763
HM363565.1	true	2329	3643	0.000000000119	3Seq	ref_AB056513	ref_X02763
GQ161836.1	true	2329	3643	0.000000000493	3Seq	ref_AB056513	ref_X02763
GQ161835.1	true	2329	3643	0.000000000247	3Seq	ref_AB056513	ref_X02763
GQ161834.1	true	2329	3652	0.000000000336	3Seq	ref_AB056513	ref_EU594385
GQ161833.1	true	2329	3643	0.000000000069	3Seq	ref_AB056513	ref_X02763
GQ161832.1	true	2329	3643	0.000000000030	3Seq	ref_AB056513	ref_X02763
GQ161831.1	true	2329	3686	0.000000000072	3Seq	ref_AB056513	ref_EU594385
GQ161830.1	true	2329	3595	0.000000004061	3Seq	ref_AB056513	ref_X02763
GQ161829.1	true	2329	3639	0.000000000010	3Seq	ref_AB056513	ref_X02763
GQ161828.1	true	2329	3643	0.000000000006	3Seq	ref_AB056513	ref_X02763
GQ161827.1	true	2329	3639	0.000000000004	3Seq	ref_AB056513	ref_X02763
GQ161826.1	true	2329	3637	0.000000000050	3Seq	ref_AB056513	ref_X02763
GQ161825.1	true	2329	3640	0.000000000009	3Seq	ref_AB056513	ref_X02763
GQ161824.1	true	2335	3643	0.000000000247	3Seq	ref_AB056513	ref_X02763
GQ161823.1	true	2329	3686	0.000000002733	3Seq	ref_AB056513	ref_EU594385
GQ161822.1	true	2329	3643	0.000000002050	3Seq	ref_AB056513	ref_X02763
GQ161821.1	true	2329	3722	0.000000000017	3Seq	ref_AB056513	ref_X02763
GQ161820.1	true	2329	3643	0.000000000015	3Seq	ref_AB056513	ref_X02763
GQ161819.1	true	2329	3639	0.000000000074	3Seq	ref_AB056513	ref_X02763
GQ161818.1	true	2329	3722	0.000000000010	3Seq	ref_AB056513	ref_X02763
GQ161817.1	true	2329	3643	0.000000000204	3Seq	ref_AB056513	ref_X02763
GQ161816.1	true	2329	3643	0.000000000039	3Seq	ref_AB056513	ref_X02763
GQ161815.1	true	2335	3643	0.000000000895	3Seq	ref_AB056513	ref_X02763
GQ161814.1	true	2329	3643	0.000000000094	3Seq	ref_AB056513	ref_X02763
GQ161812.1	true	2329	3643	0.000000000289	3Seq	ref_AB056513	ref_X02763
GQ161811.1	true	2329	3686	0.000000000284	3Seq	ref_AB056513	ref_EU594385
GQ161810.1	true	2335	3643	0.000000000005	3Seq	ref_AB056513	ref_X02763
GQ161809.1	true	2329	3643	0.000000000067	3Seq	ref_AB056513	ref_X02763
GQ161808.1	true	2335	3643	0.000000000014	3Seq	ref_AB056513	ref_X02763
GQ161807.1	true	2329	3643	0.000000000339	3Seq	ref_AB056513	ref_X02763
GQ161806.1	true	2909	3736	0.000000000000	3Seq	ref_GQ161817	ref_FJ692601
GQ161805.1	true	2329	3604	0.000000000039	3Seq	ref_AB056513	ref_X02763
GQ161804.1	true	2329	3643	0.000000000007	3Seq	ref_AB056513	ref_X02763
GQ161803.1	true	2329	3643	0.000000000011	3Seq	ref_AB056513	ref_X02763
GQ161802.1	true	2329	3686	0.000000000216	3Seq	ref_AB056513	ref_EU594385
GQ161801.1	true	2329	3643	0.000000000032	3Seq	ref_AB056513	ref_X02763
GQ161800.1	true	2329	3639	0.000000000074	3Seq	ref_AB056513	ref_X02763
GQ161799.1	true	2329	3722	0.000000000017	3Seq	ref_AB056513	ref_X02763
GQ161798.1	true	2329	3643	0.000000000037	3Seq	ref_AB056513	ref_X02763
GQ161797.1	true	2329	3706	0.000000000616	3Seq	ref_AB056513	ref_EU594385
GQ161796.1	true	2329	3643	0.000000000006	3Seq	ref_AB056513	ref_X02763
GQ161795.1	true	2329	3643	0.000000000067	3Seq	ref_AB056513	ref_X02763
GQ161794.1	true	2329	3643	0.000000000386	3Seq	ref_AB056513	ref_X02763
GQ161793.1	true	2329	3639	0.000000000004	3Seq	ref_AB056513	ref_X02763
GQ161792.1	true	2329	3643	0.000000000042	3Seq	ref_AB056513	ref_X02763
GQ161791.1	true	2329	3639	0.000000000074	3Seq	ref_AB056513	ref_X02763
GQ161790.1	true	2329	3643	0.000000000019	3Seq	ref_AB056513	ref_X02763
GQ161789.1	true	2329	3643	0.000000000006	3Seq	ref_AB056513	ref_X02763
GQ161787.1	true	2329	3643	0.000000000004	3Seq	ref_AB056513	ref_X02763
GQ161786.1	true	2329	3643	0.000000000022	3Seq	ref_AB056513	ref_X02763
GQ161785.1	true	2329	3686	0.000000000023	3Seq	ref_AB056513	ref_EU594385
GQ161784.1	true	2329	3643	0.000000000006	3Seq	ref_AB056513	ref_X02763
GQ161783.1	true	2335	3643	0.000000000247	3Seq	ref_AB056513	ref_X02763
GQ161782.1	true	2329	3643	0.000000000042	3Seq	ref_AB056513	ref_X02763
GQ161781.1	true	2329	3643	0.000000000034	3Seq	ref_AB056513	ref_X02763
GQ161780.1	true	2329	3643	0.000000000012	3Seq	ref_AB056513	ref_X02763
GQ161779.1	true	2329	3643	0.000000000008	3Seq	ref_AB056513	ref_X02763
GQ161778.1	true	2335	3643	0.000000000005	3Seq	ref_AB056513	ref_X02763
GQ161777.1	true	2329	3652	0.000000000097	3Seq	ref_AB056513	ref_X02763
GQ161776.1	true	2329	3643	0.000000000006	3Seq	ref_AB056513	ref_X02763
GQ161775.1	true	2622	3136	0.000000000000	3Seq	ref_GQ161817	ref_KM606737
GQ161774.1	true	2329	3643	0.000000000175	3Seq	ref_AB056513	ref_X02763
GQ161773.1	true	2329	3686	0.000000000216	3Seq	ref_AB056513	ref_EU594385
GQ161772.1	true	2329	3643	0.000000000010	3Seq	ref_AB056513	ref_X02763
GQ161771.1	true	2329	3686	0.000000000047	3Seq	ref_AB056513	ref_X02763
GQ161770.1	true	2329	3639	0.000000000074	3Seq	ref_AB056513	ref_X02763
GQ161769.1	true	2329	3643	0.000000000008	3Seq	ref_AB056513	ref_X02763
GQ161768.1	true	2329	3686	0.000000003241	3Seq	ref_AB056513	ref_EU594385
GQ161766.1	true	2329	3643	0.000000000175	3Seq	ref_AB056513	ref_X02763
GQ161765.1	true	2329	3643	0.000000000006	3Seq	ref_AB056513	ref_X02763
GQ161764.1	true	2329	3643	0.000000000011	3Seq	ref_AB056513	ref_X02763
GQ161763.1	true	2329	3652	0.000000000185	3Seq	ref_AB056513	ref_X02763
GQ161762.1	true	2329	3643	0.000000000314	3Seq	ref_AB056513	ref_X02763
GQ161761.1	true	2329	3643	0.000000000013	3Seq	ref_AB056513	ref_X02763
GQ161760.1	true	2335	3643	0.000000000019	3Seq	ref_AB056513	ref_X02763
GQ161759.1	true	2329	3643	0.000000000058	3Seq	ref_AB056513	ref_X02763
GQ161758.1	true	2329	3643	0.000000000175	3Seq	ref_AB056513	ref_X02763
GQ161757.1	true	2335	3643	0.000000000289	3Seq	ref_AB056513	ref_X02763
GQ161756.1	true	2329	3643	0.000000000067	3Seq	ref_AB056513	ref_X02763
GQ161755.1	true	2329	3643	0.000000000688	3Seq	ref_AB056513	ref_X02763
KT192626.1	true	2329	3686	0.000000000058	3Seq	ref_AB056513	ref_EU594385
AB915180.1	true	2329	3686	0.000000006482	3Seq	ref_AB056513	ref_EU594385
AB915179.1	true	2329	3686	0.000000000325	3Seq	ref_AB056513	ref_EU594385
AB915178.1	true	2329	3686	0.000000000272	3Seq	ref_AB056513	ref_EU594385
AB915177.1	true	2329	3653	0.000000000352	3Seq	ref_AB056513	ref_X02763
AB915176.1	true	2329	3686	0.000000056035	3Seq	ref_AB056513	ref_EU594385
AB915175.1	true	2329	3643	0.000000000000	3Seq	ref_AB056513	ref_X02763
KM108626.1	false	0	0				
KM108625.1	false	0	0				
KM108624.1	false	0	0				
KM108623.1	false	0	0				
KM108622.1	false	0	0				
KM108590.1	false	0	0				
KM108589.1	false	0	0				
KF849728.1	true	2329	3686	0.000000000115	3Seq	ref_AB056513	ref_EU594385
KF849727.1	true	2329	3643	0.000000000024	3Seq	ref_AB056513	ref_X02763
KF849726.1	true	2329	3643	0.000000000006	3Seq	ref_AB056513	ref_X02763
KF849725.1	true	2329	3686	0.000000000026	3Seq	ref_AB056513	ref_EU594385
KF849724.1	true	2329	3643	0.000000000027	3Seq	ref_AB056513	ref_X02763
KF849723.1	true	2329	3643	0.000000000011	3Seq	ref_AB056513	ref_X02763
KF849722.1	true	2329	3643	0.000000000005	3Seq	ref_AB056513	ref_X02763
KF849721.1	true	2329	3643	0.000000000006	3Seq	ref_AB056513	ref_X02763
KF849720.1	true	2329	3722	0.000000000138	3Seq	ref_AB056513	ref_EU594385
KF849719.1	true	2329	3686	0.000000000009	3Seq	ref_AB056513	ref_EU594385
KF849718.1	true	2329	3643	0.000000000014	3Seq	ref_AB056513	ref_X02763
KF849717.1	true	2329	3643	0.000000000008	3Seq	ref_AB056513	ref_X02763
KF849716.1	true	2329	3643	0.000000000002	3Seq	ref_AB056513	ref_X02763
KF849715.1	true	2329	3643	0.000000000009	3Seq	ref_AB056513	ref_X02763
KF849714.1	true	2329	3643	0.000000000000	3Seq	ref_AB056513	ref_X02763
KF849713.1	true	2329	3643	0.000000000004	3Seq	ref_AB056513	ref_X02763
KF170790.1	false	0	0				
KF170789.1	false	0	0				
KF170788.1	false	0	0				
KF170786.1	false	0	0				
KF170785.1	false	0	0				
KF170784.1	false	0	0				
KF170783.1	false	0	0				
KF170782.1	false	0	0				
KF170781.1	false	0	0				
KF170780.1	false	0	0				
KF170779.1	false	0	0				
KF170742.1	true	2329	3643	0.000000000175	3Seq	ref_AB056513	ref_X02763
KF170741.1	true	2329	3643	0.000000000008	3Seq	ref_AB056513	ref_X02763
GU563552.1	true	2329	3686	0.000000000678	3Seq	ref_AB056513	ref_EU594385
FJ349240.1	true	2329	3652	0.000000001791	3Seq	ref_AB056513	ref_EU594385
FJ349239.1	true	2329	3643	0.000000000017	3Seq	ref_AB056513	ref_X02763
FJ349238.1	true	2329	3643	0.000000000024	3Seq	ref_AB056513	ref_X02763
FJ349237.1	true	2329	3643	0.000000000058	3Seq	ref_AB056513	ref_X02763
FJ349227.1	true	2329	3643	0.000000000709	3Seq	ref_AB056513	ref_X02763
FJ349226.1	true	2329	3643	0.000000000001	3Seq	ref_AB056513	ref_X02763
PX522131.1	true	1471	2170	0.000000014759	3Seq	ref_FJ904435	ref_GQ161817
PQ559289.1	true	93	1396	0.000000000000	3Seq	ref_AP011098	ref_AB056513
PP921800.1	true	558	1598	0.000000000000	3Seq	ref_AB562463	ref_AP011099
PP921799.1	true	550	1880	0.000000000000	3Seq	ref_AB562463	ref_AP011099
PP921798.1	true	293	1880	0.000000000000	3Seq	ref_AB562463	ref_AP011099
PP921797.1	true	293	1880	0.000000000000	3Seq	ref_AB562463	ref_AP011099
LC806977.1	true	1385	3093	0.000000000000	3Seq	ref_AB056513	ref_KJ173333
MZ439819.1	true	93	1396	0.000000000000	3Seq	ref_AP011098	ref_AB056513
MZ439818.1	true	93	1396	0.000000000000	3Seq	ref_AP011098	ref_AB056513
MZ439817.1	true	93	1396	0.000000000000	3Seq	ref_AP011098	ref_AB056513
MZ439816.1	true	93	1396	0.000000000000	3Seq	ref_AP011098	ref_AB056513
MZ439815.1	true	93	1396	0.000000000000	3Seq	ref_AP011098	ref_AB056513
MZ439814.1	true	93	1396	0.000000000000	3Seq	ref_AP011098	ref_AB056513
MZ439813.1	true	93	1396	0.000000000000	3Seq	ref_AP011098	ref_AB056513
MZ439812.1	true	93	1396	0.000000000000	3Seq	ref_AP011098	ref_AB056513
MZ439811.1	true	93	1396	0.000000000000	3Seq	ref_AP011098	ref_AB056513
MZ439810.1	true	93	1396	0.000000000000	3Seq	ref_AP011098	ref_AB056513
MZ439809.1	true	93	1396	0.000000000000	3Seq	ref_AP011098	ref_AB056513
MZ439808.1	true	93	1396	0.000000000000	3Seq	ref_AP011098	ref_AB056513
MZ439807.1	true	93	1396	0.000000000000	3Seq	ref_AP011098	ref_AB056513
MZ439806.1	true	93	1396	0.000000000000	3Seq	ref_AP011098	ref_AB056513
MZ439805.1	true	93	1396	0.000000000000	3Seq	ref_AP011098	ref_AB056513
MZ439804.1	true	93	1396	0.000000000000	3Seq	ref_AP011098	ref_AB056513
MZ439803.1	true	93	1396	0.000000000000	3Seq	ref_AP011098	ref_AB056513
MZ439802.1	true	93	1396	0.000000000000	3Seq	ref_AP011098	ref_AB056513
MZ439801.1	true	93	1396	0.000000000000	3Seq	ref_AP011098	ref_AB056513
MZ439800.1	true	93	1396	0.000000000000	3Seq	ref_AP011098	ref_AB056513
MZ439799.1	true	93	1396	0.000000000000	3Seq	ref_AP011098	ref_AB056513
MZ439798.1	true	93	1396	0.000000000000	3Seq	ref_AP011098	ref_AB056513
MZ439797.1	true	93	1396	0.000000000000	3Seq	ref_AP011098	ref_AB056513
MZ439796.1	true	93	1396	0.000000000000	3Seq	ref_AP011098	ref_AB056513
MZ439795.1	true	93	1396	0.000000000000	3Seq	ref_AP011098	ref_AB056513
MZ439794.1	true	93	1396	0.000000000000	3Seq	ref_AP011098	ref_AB056513
MZ439793.1	true	93	1396	0.000000000000	3Seq	ref_AP011098	ref_AB056513
MZ439792.1	true	93	1396	0.000000000000	3Seq	ref_AP011098	ref_AB056513
MZ439791.1	true	93	1396	0.000000000000	3Seq	ref_AP011098	ref_AB056513
MZ439790.1	true	93	1396	0.000000000000	3Seq	ref_AP011098	ref_AB056513
MZ439789.1	true	93	1396	0.000000000000	3Seq	ref_AP011098	ref_AB056513
MZ439788.1	true	93	1396	0.000000000000	3Seq	ref_AP011098	ref_AB056513
MZ439787.1	true	93	1396	0.000000000000	3Seq	ref_AP011098	ref_AB056513
MZ439786.1	true	93	1396	0.000000000000	3Seq	ref_AP011098	ref_AB056513
MZ439785.1	true	93	1396	0.000000000000	3Seq	ref_AP011098	ref_AB056513
MZ439784.1	true	93	1396	0.000000000000	3Seq	ref_AP011098	ref_AB056513
MZ439783.1	true	93	1396	0.000000000000	3Seq	ref_AP011098	ref_AB056513
MZ439782.1	true	93	1396	0.000000000000	3Seq	ref_AP011098	ref_AB056513
MZ439781.1	true	93	1396	0.000000000000	3Seq	ref_AP011098	ref_AB056513
MZ439780.1	true	93	1396	0.000000000000	3Seq	ref_AP011098	ref_AB056513
MZ439779.1	true	93	1396	0.000000000000	3Seq	ref_AP011098	ref_AB056513
MZ439778.1	true	93	1396	0.000000000000	3Seq	ref_AP011098	ref_AB056513
MZ439777.1	true	93	1396	0.000000000000	3Seq	ref_AP011098	ref_AB056513
MZ439776.1	true	93	1396	0.000000000000	3Seq	ref_AP011098	ref_AB056513
MZ439774.1	true	93	1396	0.000000000000	3Seq	ref_AP011098	ref_AB056513
MZ439773.1	true	93	1396	0.000000000000	3Seq	ref_AP011098	ref_AB056513
MZ439771.1	true	93	1396	0.000000000000	3Seq	ref_AP011098	ref_AB056513
MZ439770.1	true	93	1396	0.000000000000	3Seq	ref_AP011098	ref_AB056513
MZ439769.1	true	93	1396	0.000000000000	3Seq	ref_AP011098	ref_AB056513
MZ439768.1	true	93	1396	0.000000000000	3Seq	ref_AP011098	ref_AB056513
MZ439767.1	true	93	1396	0.000000000000	3Seq	ref_AP011098	ref_AB056513
MZ439766.1	true	93	1396	0.000000000000	3Seq	ref_AP011098	ref_AB056513
MZ439765.1	true	93	1396	0.000000000000	3Seq	ref_AP011098	ref_AB056513
MZ439764.1	true	93	1396	0.000000000000	3Seq	ref_AP011098	ref_AB056513
MZ439763.1	true	93	1396	0.000000000000	3Seq	ref_AP011098	ref_AB056513
MZ439762.1	true	93	1396	0.000000000000	3Seq	ref_AP011098	ref_AB056513
MZ439761.1	true	93	1396	0.000000000000	3Seq	ref_AP011098	ref_AB056513
MZ439760.1	true	93	1396	0.000000000000	3Seq	ref_AP011098	ref_AB056513
MZ439759.1	true	93	1396	0.000000000000	3Seq	ref_AP011098	ref_AB056513
MZ439758.1	true	93	1396	0.000000000000	3Seq	ref_AP011098	ref_AB056513
MZ439757.1	true	93	1396	0.000000000000	3Seq	ref_AP011098	ref_AB056513
MZ439756.1	true	93	1396	0.000000000000	3Seq	ref_AP011098	ref_AB056513
MZ439755.1	true	93	1396	0.000000000000	3Seq	ref_AP011098	ref_AB056513
MZ439754.1	true	93	1396	0.000000000000	3Seq	ref_AP011098	ref_AB056513
MZ439753.1	true	93	1396	0.000000000000	3Seq	ref_AP011098	ref_AB056513
MZ439752.1	true	93	1396	0.000000000000	3Seq	ref_AP011098	ref_AB056513
MZ439751.1	true	93	1396	0.000000000000	3Seq	ref_AP011098	ref_AB056513
MZ439750.1	true	93	1396	0.000000000000	3Seq	ref_AP011098	ref_AB056513
MZ439749.1	true	93	1396	0.000000000000	3Seq	ref_AP011098	ref_AB056513
MZ439748.1	true	93	1396	0.000000000000	3Seq	ref_AP011098	ref_AB056513
MZ439747.1	true	93	1396	0.000000000000	3Seq	ref_AP011098	ref_AB056513
MZ439746.1	true	93	1396	0.000000000000	3Seq	ref_AP011098	ref_AB056513
MZ439745.1	true	93	1396	0.000000000000	3Seq	ref_AP011098	ref_AB056513
MZ439744.1	true	93	1396	0.000000000000	3Seq	ref_AP011098	ref_AB056513
MZ439743.1	true	93	1396	0.000000000000	3Seq	ref_AP011098	ref_AB056513
MZ439742.1	true	93	1396	0.000000000000	3Seq	ref_AP011098	ref_AB056513
MZ439741.1	true	93	1396	0.000000000000	3Seq	ref_AP011098	ref_AB056513
MZ439740.1	true	93	1396	0.000000000000	3Seq	ref_AP011098	ref_AB056513
MZ439739.1	true	93	1396	0.000000000000	3Seq	ref_AP011098	ref_AB056513
MZ439738.1	true	93	1396	0.000000000000	3Seq	ref_AP011098	ref_AB056513
MW082639.1	true	1385	3084	0.000000000000	3Seq	ref_AB056513	ref_KJ173333
MW082638.1	true	1385	3084	0.000000000000	3Seq	ref_AB056513	ref_KJ173333
MH746813.1	true	48	624	0.000000000000	3Seq	ref_AB562463	ref_JQ801514
MH746812.1	true	624	3250	0.000000000000	3Seq	ref_JQ801514	ref_AB562463
MH746811.1	true	661	3250	0.000000000000	3Seq	ref_JQ801514	ref_AB562463
MH368022.1	true	37	1385	0.000000000000	3Seq	ref_KJ173333	ref_AB056513
KY881864.1	true	1926	2604	0.000000000000	3Seq	ref_D23679	ref_AP011098
KY471007.1	true	37	1385	0.000000000000	3Seq	ref_KJ173333	ref_AB056513
KY471006.1	true	1385	3093	0.000000000000	3Seq	ref_AB056513	ref_KJ173333
KY471005.1	true	1385	3093	0.000000000000	3Seq	ref_AB056513	ref_KJ173333
KY471004.1	true	1385	3093	0.000000000000	3Seq	ref_AB056513	ref_KJ173333
KY471003.1	true	1385	3093	0.000000000000	3Seq	ref_AB056513	ref_KJ173333
KY471002.1	true	1385	3093	0.000000000000	3Seq	ref_AB056513	ref_KJ173333
KY471001.1	true	1385	3093	0.000000000000	3Seq	ref_AB056513	ref_KJ173333
KY471000.1	true	1385	3093	0.000000000000	3Seq	ref_AB056513	ref_KJ173333
KY470999.1	true	1385	3093	0.000000000000	3Seq	ref_AB056513	ref_KJ173333
KY470998.1	true	1385	3093	0.000000000000	3Seq	ref_AB056513	ref_KJ173333
KY470997.1	true	1385	3093	0.000000000000	3Seq	ref_AB056513	ref_KJ173333
KY470996.1	true	1385	3093	0.000000000000	3Seq	ref_AB056513	ref_KJ173333
KY470995.1	true	1385	3093	0.000000000000	3Seq	ref_AB056513	ref_KJ173333
KY470994.1	true	1385	3093	0.000000000000	3Seq	ref_AB056513	ref_KJ173333
KY470993.1	true	93	1396	0.000000000000	3Seq	ref_AP011098	ref_AB056513
KY470992.1	true	1385	3093	0.000000000000	3Seq	ref_AB056513	ref_KJ173333
KY470871.1	true	25	1385	0.000000000000	3Seq	ref_KJ173333	ref_AB056513
KY470870.1	true	25	1385	0.000000000000	3Seq	ref_KJ173333	ref_AB056513
KY470869.1	true	25	1385	0.000000000000	3Seq	ref_KJ173333	ref_AB056513
KY470868.1	true	25	1385	0.000000000000	3Seq	ref_KJ173333	ref_AB056513
KY470867.1	true	25	1385	0.000000000000	3Seq	ref_KJ173333	ref_AB056513
KY470866.1	true	1385	3093	0.000000000000	3Seq	ref_AB056513	ref_KJ173333
KY470865.1	true	32	1363	0.000000000000	3Seq	ref_KJ173333	ref_AB056513
KY470864.1	true	25	1385	0.000000000000	3Seq	ref_KJ173333	ref_AB056513
KY470863.1	true	1385	3093	0.000000000000	3Seq	ref_AB056513	ref_KJ173333
KY470862.1	true	25	1385	0.000000000000	3Seq	ref_KJ173333	ref_AB056513
KY470861.1	true	25	1385	0.000000000000	3Seq	ref_KJ173333	ref_AB056513
KY470860.1	true	1385	3093	0.000000000000	3Seq	ref_AB056513	ref_KJ173333
KY470859.1	true	1385	3093	0.000000000000	3Seq	ref_AB056513	ref_KJ173333
KY470858.1	true	25	1385	0.000000000000	3Seq	ref_KJ173333	ref_AB056513
KY470857.1	true	1385	3093	0.000000000000	3Seq	ref_AB056513	ref_KJ173333
EU833891.1	true	1387	3040	0.000000000000	3Seq	ref_FJ692601	ref_AP011098
KP148587.1	true	37	1385	0.000000000000	3Seq	ref_KJ173333	ref_AB056513
KP148585.1	true	37	1385	0.000000000000	3Seq	ref_KJ173333	ref_AB056513
KP148584.1	true	37	1385	0.000000000000	3Seq	ref_KJ173333	ref_AB056513
KP148510.1	true	37	1385	0.000000000000	3Seq	ref_KJ173333	ref_AB056513
KP148509.1	true	37	1385	0.000000000000	3Seq	ref_KJ173333	ref_AB056513
KP148508.1	true	37	1385	0.000000000000	3Seq	ref_KJ173333	ref_AB056513
KP148507.1	true	37	1385	0.000000000000	3Seq	ref_KJ173333	ref_AB056513
KP148506.1	true	93	1385	0.000000000000	3Seq	ref_KJ173333	ref_AB056513
KP148505.1	true	37	1385	0.000000000000	3Seq	ref_KJ173333	ref_AB056513
KP148504.1	true	37	1385	0.000000000000	3Seq	ref_KJ173333	ref_AB056513
KP148503.1	true	37	1385	0.000000000000	3Seq	ref_KJ173333	ref_AB056513
KP148502.1	true	37	1385	0.000000000000	3Seq	ref_KJ173333	ref_AB056513
KP148501.1	true	37	1484	0.000000000000	3Seq	ref_KJ173333	ref_AB056513
KP148500.1	true	1473	3093	0.000000000000	3Seq	ref_AB056513	ref_KJ173333
KP148499.1	true	37	1385	0.000000000000	3Seq	ref_KJ173333	ref_AB056513
KP148498.1	true	37	1385	0.000000000000	3Seq	ref_KJ173333	ref_AB056513
KP148496.1	true	1473	3093	0.000000000000	3Seq	ref_AB056513	ref_KJ173333
KP148495.1	true	37	1385	0.000000000000	3Seq	ref_KJ173333	ref_AB056513
KP148494.1	true	37	1385	0.000000000000	3Seq	ref_KJ173333	ref_AB056513
KP148450.1	true	1473	3093	0.000000000000	3Seq	ref_AB056513	ref_KJ173333
KP148449.1	true	1473	3093	0.000000000000	3Seq	ref_AB056513	ref_KJ173333
KP148448.1	true	1473	3093	0.000000000000	3Seq	ref_AB056513	ref_KJ173333
KP148447.1	true	1473	3093	0.000000000000	3Seq	ref_AB056513	ref_KJ173333
KP148446.1	true	1473	3093	0.000000000000	3Seq	ref_AB056513	ref_KJ173333
KP148445.1	true	1473	3093	0.000000000000	3Seq	ref_AB056513	ref_KJ173333
KP148444.1	true	1473	3093	0.000000000000	3Seq	ref_AB056513	ref_KJ173333
KP148443.1	true	1473	3093	0.000000000000	3Seq	ref_AB056513	ref_KJ173333
KP148442.1	true	1473	3093	0.000000000000	3Seq	ref_AB056513	ref_KJ173333
KP148441.1	true	1473	3093	0.000000000000	3Seq	ref_AB056513	ref_KJ173333
KU950741.1	true	1384	3093	0.000000000000	3Seq	ref_AB056513	ref_KJ173333
KM577666.1	true	1465	2210	0.000000063961	3Seq	ref_FJ904435	ref_GQ161817
KF214680.1	true	1385	3093	0.000000000000	3Seq	ref_AB056513	ref_KJ173333
KF214679.1	true	93	1396	0.000000000000	3Seq	ref_AP011098	ref_AB056513
KF214650.1	true	1384	3093	0.000000000000	3Seq	ref_AB056513	ref_KJ173333
KF214649.1	true	93	1396	0.000000000000	3Seq	ref_AP011098	ref_AB056513
KF214648.1	true	1462	3093	0.000000000000	3Seq	ref_AB056513	ref_KJ173333
KC774492.1	true	816	3250	0.000000000000	3Seq	ref_FJ904435	ref_AP011098
KF425557.1	true	93	1396	0.000000000000	3Seq	ref_AP011098	ref_AB056513
KF425556.1	true	93	1396	0.000000000000	3Seq	ref_AP011098	ref_AB056513
KF425555.1	true	93	1396	0.000000000000	3Seq	ref_AP011098	ref_AB056513
KF425554.1	true	93	1396	0.000000000000	3Seq	ref_AP011098	ref_AB056513
KF425553.1	true	93	1396	0.000000000000	3Seq	ref_AP011098	ref_AB056513
HQ231885.1	true	37	1396	0.000000000000	3Seq	ref_AP011098	ref_AB056513
HQ231884.1	true	37	1396	0.000000000000	3Seq	ref_AP011098	ref_AB056513
HQ231883.1	true	37	1396	0.000000000000	3Seq	ref_AP011098	ref_AB056513
HQ231882.1	true	37	1396	0.000000000000	3Seq	ref_AP011098	ref_AB056513
HQ231881.1	true	37	1396	0.000000000000	3Seq	ref_AP011098	ref_AB056513
HQ231880.1	true	37	1396	0.000000000000	3Seq	ref_AP011098	ref_AB056513
HQ231879.1	true	37	1396	0.000000000000	3Seq	ref_AP011098	ref_AB056513
HQ231878.1	true	37	1396	0.000000000000	3Seq	ref_AP011098	ref_AB056513
HQ231877.1	true	37	1396	0.000000000000	3Seq	ref_AP011098	ref_AB056513
KF373041.1	true	37	1396	0.000000000000	3Seq	ref_AP011098	ref_AB056513
KF373040.1	true	37	1396	0.000000000000	3Seq	ref_AP011098	ref_AB056513
KF373039.1	true	37	1396	0.000000000000	3Seq	ref_AP011098	ref_AB056513
KF373038.1	true	37	1396	0.000000000000	3Seq	ref_AP011098	ref_AB056513
KF373037.1	true	37	1396	0.000000000000	3Seq	ref_AP011098	ref_AB056513
KF373036.1	true	37	1396	0.000000000000	3Seq	ref_AP011098	ref_AB056513
KF373035.1	true	37	1396	0.000000000000	3Seq	ref_AP011098	ref_AB056513
KF373034.1	true	37	1396	0.000000000000	3Seq	ref_AP011098	ref_AB056513
KF373033.1	true	37	1396	0.000000000000	3Seq	ref_AP011098	ref_AB056513
KC172106.1	true	93	1462	0.000000000000	3Seq	ref_AP011098	ref_AB056513
JF899338.1	true	1386	3161	0.000000000000	3Seq	ref_FJ692557	ref_AP011098
JF899337.1	true	1386	3161	0.000000000000	3Seq	ref_FJ692557	ref_AP011098
AB562463.1	true	1385	3093	0.000000000000	3Seq	ref_AB056513	ref_KJ173333
AB562462.1	true	93	1396	0.000000000000	3Seq	ref_AP011098	ref_AB056513
GU357844.1	true	93	1462	0.000000000000	3Seq	ref_AP011098	ref_AB056513
FJ882615.1	true	1377	3040	0.000000000000	3Seq	ref_FJ692601	ref_KJ173333
FJ882618.1	true	1385	3093	0.000000000000	3Seq	ref_AB056513	ref_KJ173333
FJ882617.1	true	1385	3093	0.000000000000	3Seq	ref_AB056513	ref_KJ173333
FJ882616.1	true	1377	2912	0.000000000000	3Seq	ref_FJ692601	ref_KJ173333
FJ882614.1	true	1385	3093	0.000000000000	3Seq	ref_AB056513	ref_KJ173333
FJ882613.1	true	1363	3040	0.000000000000	3Seq	ref_FJ692601	ref_KJ173333
FJ882612.1	true	1385	3093	0.000000000000	3Seq	ref_AB056513	ref_KJ173333
FJ882611.1	true	1385	3093	0.000000000000	3Seq	ref_AB056513	ref_KJ173333
FJ882610.1	true	1385	3093	0.000000000000	3Seq	ref_AB056513	ref_KJ173333
EU522069.1	true	350	1070	0.000000028380	3Seq	ref_KF873526	ref_D23679
MW999677.1	false	0	0				
HQ285946.1	false	0	0				
KX264501.1	false	0	0				
KF356417.1	true	2658	3259	0.000000000000	3Seq	ref_FJ356715	ref_HM585194
HM117851.2	false	0	0				
HM117850.2	false	0	0				
HM066946.2	false	0	0				
FJ356716.1	false	0	0				
FJ356715.1	false	0	0				
AB266536.1	false	0	0				
AB275308.1	false	0	0				
