country	year	hbv_deaths_num	hbv_diagnosed_num	hbv_diagnosis_rate_pct	hbv_livingwith_num	hbv_new_infections_num	hbv_prevalence_hbsag_pct	hbv_prevalence_pct	hbv_treatment_num	hbv_treatment_rate_diagnosed_pct	hbv_treatment_rate_infected_pct	hbv_vaccine_hepb3_coverage_pct	hcv_deaths_num	hcv_diagnosed_num	hcv_diagnosis_rate_pct	hcv_livingwith_num	hcv_new_infections_num	hcv_prevalence_pct	hcv_treatment_cumulative_num	hcv_treatment_rate_diagnosed_pct
AFG	2000											0.0								
AFG	2001											0.0								
AFG	2002											0.0								
AFG	2003											0.0								
AFG	2004											0.0								
AFG	2005											0.0								
AFG	2006											0.0								
AFG	2007											63.0								
AFG	2008											64.0								
AFG	2009											63.0								
AFG	2010											66.0								
AFG	2011											68.0								
AFG	2012											67.0								
AFG	2013											64.0								
AFG	2014											62.0								
AFG	2015						0.8					64.0								
AFG	2016											66.0								
AFG	2017											64.0								
AFG	2018											68.0								
AFG	2019											65.0								
AFG	2020						0.9450000000000001					61.0								
AFG	2021											55.0								
AFG	2022	1613.0	85658.0	11.0	748800.0	5225.0		1.8	17093.0	20.0	2.0	58.0	784.0	27779.0	14.0	211999.0	5781.0	0.2	2838.0	9.0
AFG	2023											60.0								
AFG	2024											59.0								
AGO	2000											0.0								
AGO	2001											0.0								
AGO	2002											0.0								
AGO	2003											0.0								
AGO	2004											0.0								
AGO	2005											0.0								
AGO	2006											0.0								
AGO	2007											43.0								
AGO	2008											45.0								
AGO	2009											47.0								
AGO	2010											49.0								
AGO	2011											50.0								
AGO	2012											52.0								
AGO	2013											54.0								
AGO	2014											55.0								
AGO	2015						7.15					57.0								
AGO	2016											59.0								
AGO	2017											58.0								
AGO	2018											67.0								
AGO	2019											64.0								
AGO	2020						7.385					59.0								
AGO	2021											55.0								
AGO	2022	14992.0	73091.0	3.0	2715233.0	51873.0		7.6	7551.0	10.0	0.0	54.0	1132.0	24227.0	13.0	182952.0	5443.0	0.5	11.0	0.0
AGO	2023											66.0								
AGO	2024											64.0								
ALB	2000											96.0								
ALB	2001											96.0								
ALB	2002											96.0								
ALB	2003											97.0								
ALB	2004											99.0								
ALB	2005											98.0								
ALB	2006											98.0								
ALB	2007											98.0								
ALB	2008											99.0								
ALB	2009											98.0								
ALB	2010											99.0								
ALB	2011											99.0								
ALB	2012											99.0								
ALB	2013											99.0								
ALB	2014											99.0								
ALB	2015						5.3500000000000005					99.0								
ALB	2016											99.0								
ALB	2017											99.0								
ALB	2018											99.0								
ALB	2019											99.0								
ALB	2020						3.89					98.0								
ALB	2021											98.0								
ALB	2022	691.0	7385.0	4.0	185474.0	90.0		6.5	186.0	3.0	0.0	97.0	102.0	4319.0	33.0	21012.0	363.0	0.9	4152.0	50.0
ALB	2023											97.0								
ALB	2024											97.0								
AND	2000											84.0								
AND	2001											84.0								
AND	2002											84.0								
AND	2003											81.0								
AND	2004											77.0								
AND	2005											79.0								
AND	2006											84.0								
AND	2007											91.0								
AND	2008											97.0								
AND	2009											96.0								
AND	2010											96.0								
AND	2011											99.0								
AND	2012											97.0								
AND	2013											94.0								
AND	2014											95.0								
AND	2015						0.35					94.0								
AND	2016											94.0								
AND	2017											98.0								
AND	2018											98.0								
AND	2019											98.0								
AND	2020						0.23500000000000001					98.0								
AND	2021											98.0								
AND	2022	2.0	116.0	31.0	376.0	0.0		0.5	35.0	30.0	9.0	96.0	2.0	119.0	68.0	241.0	3.0	0.3	150.0	57.0
AND	2023											97.0								
AND	2024											97.0								
ARE	2000											92.0								
ARE	2001											92.0								
ARE	2002											92.0								
ARE	2003											92.0								
ARE	2004											92.0								
ARE	2005											92.0								
ARE	2006											92.0								
ARE	2007											92.0								
ARE	2008											92.0								
ARE	2009											93.0								
ARE	2010											94.0								
ARE	2011											95.0								
ARE	2012											96.0								
ARE	2013											98.0								
ARE	2014											99.0								
ARE	2015						0.35					99.0								
ARE	2016											99.0								
ARE	2017											98.0								
ARE	2018											99.0								
ARE	2019											98.0								
ARE	2020						0.28					91.0								
ARE	2021											95.0								
ARE	2022	518.0	2294.0	3.0	84818.0	25.0		0.9	44.0	2.0	0.0	95.0	396.0	75679.0	47.0	165254.0	7168.0	1.5	2533.0	3.0
ARE	2023											96.0								
ARE	2024											93.0								
ARG	2000											0.0								
ARG	2001											0.0								
ARG	2002											66.0								
ARG	2003											90.0								
ARG	2004											94.0								
ARG	2005											88.0								
ARG	2006											84.0								
ARG	2007											85.0								
ARG	2008											90.0								
ARG	2009											94.0								
ARG	2010											94.0								
ARG	2011											91.0								
ARG	2012											91.0								
ARG	2013											94.0								
ARG	2014											94.0								
ARG	2015						0.05					94.0								
ARG	2016											92.0								
ARG	2017											86.0								
ARG	2018											86.0								
ARG	2019											83.0								
ARG	2020						0.14500000000000002					74.0								
ARG	2021											81.0								
ARG	2022	250.0	33583.0	43.0	78142.0	152.0		0.2	2033.0	6.0	3.0	84.0	2526.0	12213.0	8.0	293845.0	875.0	0.7	13827.0	55.0
ARG	2023											66.0								
ARG	2024											75.0								
ARM	2000											55.0								
ARM	2001											69.0								
ARM	2002											91.0								
ARM	2003											93.0								
ARM	2004											91.0								
ARM	2005											91.0								
ARM	2006											78.0								
ARM	2007											85.0								
ARM	2008											89.0								
ARM	2009											93.0								
ARM	2010											94.0								
ARM	2011											95.0								
ARM	2012											95.0								
ARM	2013											95.0								
ARM	2014											93.0								
ARM	2015						1.2					94.0								
ARM	2016											94.0								
ARM	2017											94.0								
ARM	2018											92.0								
ARM	2019											92.0								
ARM	2020						0.93					92.0								
ARM	2021											93.0								
ARM	2022	185.0	3644.0	15.0	23704.0	19.0		0.8	100.0	3.0	0.0	96.0	319.0	6612.0	54.0	20745.0	48.0	0.7	10499.0	63.0
ARM	2023											94.0								
ARM	2024											94.0								
ATG	2000											0.0								
ATG	2001											96.0								
ATG	2002											99.0								
ATG	2003											99.0								
ATG	2004											97.0								
ATG	2005											99.0								
ATG	2006											99.0								
ATG	2007											97.0								
ATG	2008											98.0								
ATG	2009											98.0								
ATG	2010											98.0								
ATG	2011											99.0								
ATG	2012											98.0								
ATG	2013											99.0								
ATG	2014											99.0								
ATG	2015						0.8					99.0								
ATG	2016											92.0								
ATG	2017											95.0								
ATG	2018											95.0								
ATG	2019											99.0								
ATG	2020						0.64					95.0								
ATG	2021											92.0								
ATG	2022	5.0	97.0	7.0	1472.0	5.0		1.6	4.0	4.0	0.0	99.0	4.0	208.0	38.0	575.0	8.0	0.6	21.0	9.0
ATG	2023											98.0								
ATG	2024											99.0								
AUS	2000											0.0								
AUS	2001											94.0								
AUS	2002											95.0								
AUS	2003											95.0								
AUS	2004											95.0								
AUS	2005											95.0								
AUS	2006											95.0								
AUS	2007											94.0								
AUS	2008											94.0								
AUS	2009											94.0								
AUS	2010											92.0								
AUS	2011											92.0								
AUS	2012											92.0								
AUS	2013											91.0								
AUS	2014											91.0								
AUS	2015						0.35					93.0								
AUS	2016											94.0								
AUS	2017											95.0								
AUS	2018											95.0								
AUS	2019											95.0								
AUS	2020						0.42					95.0								
AUS	2021											95.0								
AUS	2022	960.0	169688.0	78.0	217931.0	222.0		0.7	23787.0	14.0	11.0	94.0	505.0	105104.0	100.0	97936.0	1091.0	0.4	112087.0	53.0
AUS	2023											94.0								
AUS	2024											95.0								
AUT	2000											33.0								
AUT	2001											44.0								
AUT	2002											81.0								
AUT	2003											83.0								
AUT	2004											83.0								
AUT	2005											86.0								
AUT	2006											83.0								
AUT	2007											85.0								
AUT	2008											83.0								
AUT	2009											83.0								
AUT	2010											86.0								
AUT	2011											89.0								
AUT	2012											92.0								
AUT	2013											95.0								
AUT	2014											98.0								
AUT	2015						0.65					93.0								
AUT	2016											87.0								
AUT	2017											90.0								
AUT	2018											85.0								
AUT	2019											88.0								
AUT	2020						0.53					85.0								
AUT	2021											86.0								
AUT	2022											84.0				30720.0		0.3	12286.0	
AUT	2023											87.0								
AUT	2024											85.0								
AZE	2000											0.0								
AZE	2001											0.0								
AZE	2002											50.0								
AZE	2003											51.0								
AZE	2004											50.0								
AZE	2005											49.0								
AZE	2006											52.0								
AZE	2007											62.0								
AZE	2008											68.0								
AZE	2009											74.0								
AZE	2010											80.0								
AZE	2011											79.0								
AZE	2012											75.0								
AZE	2013											74.0								
AZE	2014											74.0								
AZE	2015						1.25					76.0								
AZE	2016											77.0								
AZE	2017											74.0								
AZE	2018											73.0								
AZE	2019											72.0								
AZE	2020						1.05					56.0								
AZE	2021											49.0								
AZE	2022											51.0								
AZE	2023											51.0								
AZE	2024											51.0								
BDI	2000											0.0								
BDI	2001											0.0								
BDI	2002											0.0								
BDI	2003											0.0								
BDI	2004											83.0								
BDI	2005											87.0								
BDI	2006											92.0								
BDI	2007											99.0								
BDI	2008											92.0								
BDI	2009											94.0								
BDI	2010											96.0								
BDI	2011											96.0								
BDI	2012											96.0								
BDI	2013											96.0								
BDI	2014											95.0								
BDI	2015						4.5					94.0								
BDI	2016											94.0								
BDI	2017											91.0								
BDI	2018											90.0								
BDI	2019											93.0								
BDI	2020						3.45					93.0								
BDI	2021											94.0								
BDI	2022	1532.0	12362.0	4.0	302315.0	2100.0		2.3	590.0	5.0	0.0	91.0	1536.0	26477.0	7.0	424996.0	7043.0	3.3	5376.0	17.0
BDI	2023											89.0								
BDI	2024											89.0								
BEL	2000											60.0								
BEL	2001											60.0								
BEL	2002											60.0								
BEL	2003											64.0								
BEL	2004											64.0								
BEL	2005											77.0								
BEL	2006											94.0								
BEL	2007											94.0								
BEL	2008											98.0								
BEL	2009											97.0								
BEL	2010											97.0								
BEL	2011											97.0								
BEL	2012											98.0								
BEL	2013											98.0								
BEL	2014											98.0								
BEL	2015						0.4					98.0								
BEL	2016											97.0								
BEL	2017											97.0								
BEL	2018											97.0								
BEL	2019											97.0								
BEL	2020						0.315					97.0								
BEL	2021											97.0								
BEL	2022								2000.0			97.0				16178.0		0.1		
BEL	2023											97.0								
BEL	2024											97.0								
BEN	2000											0.0								
BEN	2001											0.0								
BEN	2002											15.0								
BEN	2003											73.0								
BEN	2004											75.0								
BEN	2005											70.0								
BEN	2006											74.0								
BEN	2007											82.0								
BEN	2008											75.0								
BEN	2009											79.0								
BEN	2010											76.0								
BEN	2011											75.0								
BEN	2012											80.0								
BEN	2013											77.0								
BEN	2014											74.0								
BEN	2015						8.3					74.0								
BEN	2016											78.0								
BEN	2017											76.0								
BEN	2018											74.0								
BEN	2019											72.0								
BEN	2020						6.0649999999999995					70.0								
BEN	2021											70.0								
BEN	2022	1241.0	4568.0	0.0	1352927.0	10139.0		11.2	307.0	7.0	0.0	69.0	622.0	23674.0	20.0	120082.0	4284.0	0.9	287.0	1.0
BEN	2023											69.0								
BEN	2024											63.0								
BFA	2000											0.0								
BFA	2001											0.0								
BFA	2002											0.0								
BFA	2003											0.0								
BFA	2004											0.0								
BFA	2005											0.0								
BFA	2006											76.0								
BFA	2007											89.0								
BFA	2008											93.0								
BFA	2009											92.0								
BFA	2010											91.0								
BFA	2011											91.0								
BFA	2012											90.0								
BFA	2013											88.0								
BFA	2014											91.0								
BFA	2015						7.199999999999999					91.0								
BFA	2016											91.0								
BFA	2017											91.0								
BFA	2018											91.0								
BFA	2019											91.0								
BFA	2020						4.13					91.0								
BFA	2021											91.0								
BFA	2022	5258.0	4884.0	0.0	1089924.0	7307.0		4.8	637.0	13.0	0.0	91.0	605.0	36813.0	14.0	289279.0	6194.0	1.2	4076.0	10.0
BFA	2023											91.0								
BFA	2024											91.0								
BGD	2000											0.0								
BGD	2001											0.0								
BGD	2002											0.0								
BGD	2003											5.0								
BGD	2004											11.0								
BGD	2005											45.0								
BGD	2006											86.0								
BGD	2007											95.0								
BGD	2008											96.0								
BGD	2009											97.0								
BGD	2010											94.0								
BGD	2011											96.0								
BGD	2012											94.0								
BGD	2013											96.0								
BGD	2014											97.0								
BGD	2015						2.7					98.0								
BGD	2016											98.0								
BGD	2017											98.0								
BGD	2018											98.0								
BGD	2019											98.0								
BGD	2020						1.6949999999999998					98.0								
BGD	2021											97.0								
BGD	2022											97.0								
BGD	2023											97.0								
BGD	2024											97.0								
BGR	2000											94.0								
BGR	2001											93.0								
BGR	2002											88.0								
BGR	2003											96.0								
BGR	2004											94.0								
BGR	2005											96.0								
BGR	2006											96.0								
BGR	2007											95.0								
BGR	2008											96.0								
BGR	2009											96.0								
BGR	2010											95.0								
BGR	2011											96.0								
BGR	2012											95.0								
BGR	2013											95.0								
BGR	2014											95.0								
BGR	2015						1.3499999999999999					92.0								
BGR	2016											91.0								
BGR	2017											92.0								
BGR	2018											85.0								
BGR	2019											93.0								
BGR	2020						1.105					91.0								
BGR	2021											89.0								
BGR	2022								2792.0			91.0				62610.0		0.9		
BGR	2023											92.0								
BGR	2024											94.0								
BHR	2000											97.0								
BHR	2001											99.0								
BHR	2002											98.0								
BHR	2003											98.0								
BHR	2004											98.0								
BHR	2005											98.0								
BHR	2006											98.0								
BHR	2007											97.0								
BHR	2008											97.0								
BHR	2009											98.0								
BHR	2010											99.0								
BHR	2011											99.0								
BHR	2012											99.0								
BHR	2013											99.0								
BHR	2014											98.0								
BHR	2015						0.4					98.0								
BHR	2016											99.0								
BHR	2017											98.0								
BHR	2018											99.0								
BHR	2019											99.0								
BHR	2020						0.27					98.0								
BHR	2021											98.0								
BHR	2022	29.0	494.0	4.0	13246.0	8.0		0.9	267.0	54.0	2.0	97.0	61.0	2074.0	16.0	15949.0	172.0	1.1	692.0	25.0
BHR	2023											99.0								
BHR	2024											96.0								
BHS	2000											0.0								
BHS	2001											21.0								
BHS	2002											89.0								
BHS	2003											88.0								
BHS	2004											93.0								
BHS	2005											93.0								
BHS	2006											96.0								
BHS	2007											93.0								
BHS	2008											90.0								
BHS	2009											95.0								
BHS	2010											98.0								
BHS	2011											95.0								
BHS	2012											96.0								
BHS	2013											97.0								
BHS	2014											96.0								
BHS	2015						0.65					95.0								
BHS	2016											94.0								
BHS	2017											94.0								
BHS	2018											90.0								
BHS	2019											89.0								
BHS	2020						0.545					83.0								
BHS	2021											86.0								
BHS	2022	23.0	423.0	7.0	6437.0	21.0		1.6	15.0	4.0	0.0	87.0	16.0	909.0	38.0	2515.0	37.0	0.6	94.0	9.0
BHS	2023											87.0								
BHS	2024											90.0								
BIH	2000											0.0								
BIH	2001											0.0								
BIH	2002											0.0								
BIH	2003											0.0								
BIH	2004											36.0								
BIH	2005											93.0								
BIH	2006											90.0								
BIH	2007											94.0								
BIH	2008											88.0								
BIH	2009											90.0								
BIH	2010											89.0								
BIH	2011											88.0								
BIH	2012											92.0								
BIH	2013											91.0								
BIH	2014											89.0								
BIH	2015						1.25					82.0								
BIH	2016											78.0								
BIH	2017											77.0								
BIH	2018											80.0								
BIH	2019											81.0								
BIH	2020						1.8699999999999999					80.0								
BIH	2021											79.0								
BIH	2022	331.0	3229.0	4.0	80462.0	168.0		2.5	639.0	20.0	1.0	78.0	116.0	4914.0	34.0	23820.0	412.0	0.6	4893.0	51.0
BIH	2023											77.0								
BIH	2024											82.0								
BLR	2000											70.0								
BLR	2001											93.0								
BLR	2002											99.0								
BLR	2003											56.0								
BLR	2004											99.0								
BLR	2005											99.0								
BLR	2006											98.0								
BLR	2007											91.0								
BLR	2008											98.0								
BLR	2009											98.0								
BLR	2010											96.0								
BLR	2011											98.0								
BLR	2012											97.0								
BLR	2013											98.0								
BLR	2014											97.0								
BLR	2015						1.05					99.0								
BLR	2016											96.0								
BLR	2017											98.0								
BLR	2018											98.0								
BLR	2019											97.0								
BLR	2020						4.89					97.0								
BLR	2021											98.0								
BLR	2022	1485.0	14390.0	4.0	374583.0	858.0		3.9	694.0	5.0	0.0	98.0	645.0	48119.0	27.0	203665.0	3322.0	2.1	10367.0	18.0
BLR	2023											97.0								
BLR	2024											98.0								
BLZ	2000											76.0								
BLZ	2001											96.0								
BLZ	2002											97.0								
BLZ	2003											96.0								
BLZ	2004											97.0								
BLZ	2005											96.0								
BLZ	2006											98.0								
BLZ	2007											96.0								
BLZ	2008											94.0								
BLZ	2009											97.0								
BLZ	2010											96.0								
BLZ	2011											95.0								
BLZ	2012											98.0								
BLZ	2013											95.0								
BLZ	2014											95.0								
BLZ	2015						2.75					94.0								
BLZ	2016											95.0								
BLZ	2017											88.0								
BLZ	2018											96.0								
BLZ	2019											98.0								
BLZ	2020						1.99					79.0								
BLZ	2021											83.0								
BLZ	2022	17.0	2093.0	44.0	4711.0	5.0		1.2	14.0	1.0	0.0	84.0	16.0	170.0	10.0	2504.0	37.0	0.6	90.0	35.0
BLZ	2023											85.0								
BLZ	2024											88.0								
BOL	2000											77.0								
BOL	2001											77.0								
BOL	2002											77.0								
BOL	2003											80.0								
BOL	2004											84.0								
BOL	2005											85.0								
BOL	2006											83.0								
BOL	2007											84.0								
BOL	2008											88.0								
BOL	2009											93.0								
BOL	2010											91.0								
BOL	2011											95.0								
BOL	2012											93.0								
BOL	2013											87.0								
BOL	2014											85.0								
BOL	2015						0.4					89.0								
BOL	2016											87.0								
BOL	2017											84.0								
BOL	2018											83.0								
BOL	2019											75.0								
BOL	2020						0.365					68.0								
BOL	2021											70.0								
BOL	2022	65.0	4339.0	15.0	29398.0	207.0		0.2	305.0	7.0	1.0	69.0	111.0	900.0	5.0	20829.0	292.0	0.3	187.0	17.0
BOL	2023											67.0								
BOL	2024											59.0								
BRA	2000											94.0								
BRA	2001											91.0								
BRA	2002											92.0								
BRA	2003											97.0								
BRA	2004											96.0								
BRA	2005											98.0								
BRA	2006											99.0								
BRA	2007											99.0								
BRA	2008											96.0								
BRA	2009											99.0								
BRA	2010											96.0								
BRA	2011											98.0								
BRA	2012											96.0								
BRA	2013											96.0								
BRA	2014											96.0								
BRA	2015						0.3					96.0								
BRA	2016											89.0								
BRA	2017											82.0								
BRA	2018											87.0								
BRA	2019											72.0								
BRA	2020						0.31					77.0								
BRA	2021											68.0								
BRA	2022	2578.0	354686.0	34.0	1038564.0	642.0		0.5	41628.0	11.0	4.0	77.0	2977.0	91133.0	36.0	535868.0	4028.0	0.3	165733.0	67.0
BRA	2023											90.0								
BRA	2024											90.0								
BRB	2000											0.0								
BRB	2001											18.0								
BRB	2002											66.0								
BRB	2003											91.0								
BRB	2004											93.0								
BRB	2005											92.0								
BRB	2006											84.0								
BRB	2007											93.0								
BRB	2008											85.0								
BRB	2009											93.0								
BRB	2010											86.0								
BRB	2011											91.0								
BRB	2012											87.0								
BRB	2013											91.0								
BRB	2014											94.0								
BRB	2015						0.65					97.0								
BRB	2016											97.0								
BRB	2017											90.0								
BRB	2018											95.0								
BRB	2019											90.0								
BRB	2020						0.61					85.0								
BRB	2021											82.0								
BRB	2022	16.0	290.0	7.0	4422.0	14.0		1.6	11.0	4.0	0.0	86.0	11.0	624.0	39.0	1718.0	25.0	0.6	66.0	10.0
BRB	2023											85.0								
BRB	2024											94.0								
BRN	2000											99.0								
BRN	2001											99.0								
BRN	2002											99.0								
BRN	2003											99.0								
BRN	2004											99.0								
BRN	2005											99.0								
BRN	2006											99.0								
BRN	2007											97.0								
BRN	2008											96.0								
BRN	2009											96.0								
BRN	2010											96.0								
BRN	2011											93.0								
BRN	2012											99.0								
BRN	2013											98.0								
BRN	2014											99.0								
BRN	2015						1.2999999999999998					99.0								
BRN	2016											99.0								
BRN	2017											99.0								
BRN	2018											99.0								
BRN	2019											99.0								
BRN	2020						1.215					99.0								
BRN	2021											99.0								
BRN	2022	43.0	4252.0		6074.0	1.0		1.4	1184.0	28.0	19.0	99.0	26.0	1135.0	92.0	1318.0	9.0	0.3	1118.0	51.0
BRN	2023											99.0								
BRN	2024											99.0								
BTN	2000											98.0								
BTN	2001											89.0								
BTN	2002											83.0								
BTN	2003											95.0								
BTN	2004											89.0								
BTN	2005											95.0								
BTN	2006											95.0								
BTN	2007											95.0								
BTN	2008											96.0								
BTN	2009											93.0								
BTN	2010											91.0								
BTN	2011											95.0								
BTN	2012											97.0								
BTN	2013											97.0								
BTN	2014											99.0								
BTN	2015						2.55					99.0								
BTN	2016											98.0								
BTN	2017											98.0								
BTN	2018											97.0								
BTN	2019											97.0								
BTN	2020						1.73					96.0								
BTN	2021											98.0								
BTN	2022	34.0	1132.0	10.0	11774.0	14.0		1.6	100.0	9.0	1.0	98.0	9.0	271.0	20.0	1847.0	43.0	0.2	118.0	31.0
BTN	2023											99.0								
BTN	2024											98.0								
BWA	2000											86.0								
BWA	2001											87.0								
BWA	2002											88.0								
BWA	2003											90.0								
BWA	2004											91.0								
BWA	2005											92.0								
BWA	2006											93.0								
BWA	2007											93.0								
BWA	2008											94.0								
BWA	2009											94.0								
BWA	2010											95.0								
BWA	2011											95.0								
BWA	2012											95.0								
BWA	2013											95.0								
BWA	2014											95.0								
BWA	2015						0.75					95.0								
BWA	2016											95.0								
BWA	2017											95.0								
BWA	2018											95.0								
BWA	2019											95.0								
BWA	2020						0.49					95.0								
BWA	2021											95.0								
BWA	2022	1165.0	22965.0	16.0	146254.0	645.0		5.6	204.0	1.0	0.0	86.0	94.0	2488.0	24.0	10690.0	145.0	0.4	75.0	3.0
BWA	2023											95.0								
BWA	2024											95.0								
CAF	2000											0.0								
CAF	2001											0.0								
CAF	2002											0.0								
CAF	2003											0.0								
CAF	2004											0.0								
CAF	2005											0.0								
CAF	2006											0.0								
CAF	2007											0.0								
CAF	2008											0.0								
CAF	2009											42.0								
CAF	2010											45.0								
CAF	2011											47.0								
CAF	2012											47.0								
CAF	2013											23.0								
CAF	2014											45.0								
CAF	2015						8.399999999999999					43.0								
CAF	2016											42.0								
CAF	2017											42.0								
CAF	2018											40.0								
CAF	2019											38.0								
CAF	2020						5.66					37.0								
CAF	2021											35.0								
CAF	2022	2876.0	15659.0	2.0	644304.0	12204.0		11.5	2446.0	16.0	0.0	33.0	100.0	2128.0	14.0	15035.0	410.0	0.3	1.0	0.0
CAF	2023											40.0								
CAF	2024											42.0								
CAN	2000											0.0								
CAN	2001											0.0								
CAN	2002											0.0								
CAN	2003											14.0								
CAN	2004											14.0								
CAN	2005											14.0								
CAN	2006											14.0								
CAN	2007											14.0								
CAN	2008											28.0								
CAN	2009											42.0								
CAN	2010											56.0								
CAN	2011											70.0								
CAN	2012											70.0								
CAN	2013											55.0								
CAN	2014											55.0								
CAN	2015						1.6					69.0								
CAN	2016											70.0								
CAN	2017											71.0								
CAN	2018											71.0								
CAN	2019											84.0								
CAN	2020						0.7250000000000001					84.0								
CAN	2021											84.0								
CAN	2022	445.0	153722.0	71.0	215840.0	98.0			18006.0	12.0	8.0	83.0	2692.0	112299.0	91.0	130380.0	663.0	0.3	83144.0	43.0
CAN	2023											83.0								
CAN	2024											83.0								
CHE	2000											0.0								
CHE	2001											0.0								
CHE	2002											0.0								
CHE	2003											0.0								
CHE	2004											0.0								
CHE	2005											0.0								
CHE	2006											0.0								
CHE	2007											0.0								
CHE	2008											0.0								
CHE	2009											0.0								
CHE	2010											0.0								
CHE	2011											0.0								
CHE	2012											0.0								
CHE	2013											0.0								
CHE	2014											0.0								
CHE	2015						0.2					0.0								
CHE	2016											0.0								
CHE	2017											69.0								
CHE	2018											69.0								
CHE	2019											69.0								
CHE	2020						0.16999999999999998					72.0								
CHE	2021											73.0								
CHE	2022	265.0	37292.0	60.0	61665.0	15.0		0.7	3052.0	8.0	5.0	76.0	175.0	18673.0	75.0	29788.0	584.0	0.4	16079.0	47.0
CHE	2023											80.0								
CHE	2024											86.0								
CHL	2000											0.0								
CHL	2001											0.0								
CHL	2002											0.0								
CHL	2003											0.0								
CHL	2004											0.0								
CHL	2005											0.0								
CHL	2006											95.0								
CHL	2007											92.0								
CHL	2008											95.0								
CHL	2009											94.0								
CHL	2010											92.0								
CHL	2011											94.0								
CHL	2012											90.0								
CHL	2013											90.0								
CHL	2014											95.0								
CHL	2015						0.6					96.0								
CHL	2016											95.0								
CHL	2017											93.0								
CHL	2018											95.0								
CHL	2019											96.0								
CHL	2020						0.115					93.0								
CHL	2021											95.0								
CHL	2022	7.0	1607.0	6.0	24880.0	8.0		0.1	652.0	41.0	3.0	96.0	14.0	5387.0	20.0	31353.0	203.0	0.2	982.0	16.0
CHL	2023											96.0								
CHL	2024											95.0								
CHN	2000											60.0								
CHN	2001											65.0								
CHN	2002											70.0								
CHN	2003											75.0								
CHN	2004											79.0								
CHN	2005											84.0								
CHN	2006											91.0								
CHN	2007											92.0								
CHN	2008											95.0								
CHN	2009											99.0								
CHN	2010											99.0								
CHN	2011											99.0								
CHN	2012											99.0								
CHN	2013											99.0								
CHN	2014											99.0								
CHN	2015						4.0					99.0								
CHN	2016											99.0								
CHN	2017											99.0								
CHN	2018											99.0								
CHN	2019											99.0								
CHN	2020						3.15					99.0								
CHN	2021											99.0								
CHN	2022											99.0								
CHN	2023											96.0								
CHN	2024											96.0								
CIV	2000											0.0								
CIV	2001											10.0								
CIV	2002											48.0								
CIV	2003											63.0								
CIV	2004											67.0								
CIV	2005											77.0								
CIV	2006											77.0								
CIV	2007											76.0								
CIV	2008											74.0								
CIV	2009											81.0								
CIV	2010											79.0								
CIV	2011											62.0								
CIV	2012											82.0								
CIV	2013											75.0								
CIV	2014											73.0								
CIV	2015						4.55					79.0								
CIV	2016											87.0								
CIV	2017											83.0								
CIV	2018											83.0								
CIV	2019											79.0								
CIV	2020						7.0649999999999995					72.0								
CIV	2021											73.0								
CIV	2022	11487.0	32975.0	2.0	2155631.0	6986.0		10.0	1205.0	4.0	0.0	73.0	892.0	15665.0	8.0	211114.0	4653.0	0.7	315.0	2.0
CIV	2023											79.0								
CIV	2024											77.0								
CMR	2000											0.0								
CMR	2001											0.0								
CMR	2002											0.0								
CMR	2003											0.0								
CMR	2004											0.0								
CMR	2005											79.0								
CMR	2006											81.0								
CMR	2007											82.0								
CMR	2008											84.0								
CMR	2009											80.0								
CMR	2010											84.0								
CMR	2011											82.0								
CMR	2012											85.0								
CMR	2013											76.0								
CMR	2014											76.0								
CMR	2015						3.1500000000000004					76.0								
CMR	2016											78.0								
CMR	2017											74.0								
CMR	2018											68.0								
CMR	2019											67.0								
CMR	2020						4.1850000000000005					68.0								
CMR	2021											71.0								
CMR	2022	3505.0	30960.0	2.0	1617773.0	14763.0		11.5	3167.0	10.0	0.0	71.0	1032.0	12925.0	17.0	157542.0	3725.0	0.6	18564.0	61.0
CMR	2023											75.0								
CMR	2024											77.0								
COD	2000											0.0								
COD	2001											0.0								
COD	2002											0.0								
COD	2003											0.0								
COD	2004											0.0								
COD	2005											0.0								
COD	2006											0.0								
COD	2007											65.0								
COD	2008											68.0								
COD	2009											71.0								
COD	2010											60.0								
COD	2011											70.0								
COD	2012											71.0								
COD	2013											71.0								
COD	2014											73.0								
COD	2015						2.3					70.0								
COD	2016											70.0								
COD	2017											71.0								
COD	2018											71.0								
COD	2019											73.0								
COD	2020						7.029999999999999					70.0								
COD	2021											65.0								
COD	2022	5185.0	67691.0	2.0	2785244.0	105240.0		2.8	10210.0	15.0	0.0	65.0	2643.0	57901.0	13.0	432499.0	13104.0	0.4	25.0	0.0
COD	2023											60.0								
COD	2024											65.0								
COG	2000											0.0								
COG	2001											0.0								
COG	2002											0.0								
COG	2003											0.0								
COG	2004											0.0								
COG	2005											0.0								
COG	2006											0.0								
COG	2007											64.0								
COG	2008											73.0								
COG	2009											75.0								
COG	2010											74.0								
COG	2011											70.0								
COG	2012											62.0								
COG	2013											65.0								
COG	2014											71.0								
COG	2015						6.8					64.0								
COG	2016											57.0								
COG	2017											57.0								
COG	2018											66.0								
COG	2019											79.0								
COG	2020						5.765000000000001					69.0								
COG	2021											74.0								
COG	2022	2022.0	8013.0	2.0	329697.0	3808.0		5.5	1359.0	17.0	0.0	78.0	190.0	4062.0	13.0	30456.0	913.0	0.5	2.0	0.0
COG	2023											78.0								
COG	2024											78.0								
COK	2000											98.0								
COK	2001											93.0								
COK	2002											93.0								
COK	2003											93.0								
COK	2004											99.0								
COK	2005											99.0								
COK	2006											99.0								
COK	2007											99.0								
COK	2008											99.0								
COK	2009											82.0								
COK	2010											99.0								
COK	2011											93.0								
COK	2012											98.0								
COK	2013											98.0								
COK	2014											99.0								
COK	2015						0.85					99.0								
COK	2016											99.0								
COK	2017											99.0								
COK	2018											99.0								
COK	2019											98.0								
COK	2020						1.355					89.0								
COK	2021											81.0								
COK	2022	4.0	56.0		980.0	12.0		5.8	1.0	2.0	0.0	72.0	1.0	16.0	10.0	170.0	4.0	1.0	0.0	0.0
COK	2023											86.0								
COK	2024											75.0								
COL	2000											78.0								
COL	2001											80.0								
COL	2002											78.0								
COL	2003											92.0								
COL	2004											89.0								
COL	2005											93.0								
COL	2006											93.0								
COL	2007											94.0								
COL	2008											92.0								
COL	2009											92.0								
COL	2010											88.0								
COL	2011											85.0								
COL	2012											92.0								
COL	2013											91.0								
COL	2014											90.0								
COL	2015						0.75					91.0								
COL	2016											91.0								
COL	2017											92.0								
COL	2018											92.0								
COL	2019											92.0								
COL	2020						0.6849999999999999					88.0								
COL	2021											87.0								
COL	2022	54.0	37365.0	12.0	307755.0	277.0		0.6	2914.0	8.0	1.0	87.0	27.0	31236.0	12.0	309159.0	3646.0	0.6	5745.0	16.0
COL	2023											90.0								
COL	2024											89.0								
COM	2000											0.0								
COM	2001											0.0								
COM	2002											0.0								
COM	2003											28.0								
COM	2004											77.0								
COM	2005											68.0								
COM	2006											69.0								
COM	2007											75.0								
COM	2008											81.0								
COM	2009											83.0								
COM	2010											74.0								
COM	2011											83.0								
COM	2012											86.0								
COM	2013											83.0								
COM	2014											80.0								
COM	2015						3.15					80.0								
COM	2016											75.0								
COM	2017											79.0								
COM	2018											77.0								
COM	2019											78.0								
COM	2020						3.105					74.0								
COM	2021											72.0								
COM	2022	182.0	3100.0	7.0	42135.0	230.0		5.0	246.0	8.0	1.0	78.0	21.0	671.0	16.0	5539.0	117.0	0.7	300.0	31.0
COM	2023											75.0								
COM	2024											75.0								
CPV	2000											0.0								
CPV	2001											0.0								
CPV	2002											40.0								
CPV	2003											66.0								
CPV	2004											91.0								
CPV	2005											93.0								
CPV	2006											95.0								
CPV	2007											96.0								
CPV	2008											98.0								
CPV	2009											98.0								
CPV	2010											98.0								
CPV	2011											90.0								
CPV	2012											94.0								
CPV	2013											93.0								
CPV	2014											95.0								
CPV	2015						2.95					93.0								
CPV	2016											96.0								
CPV	2017											96.0								
CPV	2018											98.0								
CPV	2019											96.0								
CPV	2020						3.58					93.0								
CPV	2021											93.0								
CPV	2022	329.0	475.0	1.0	62371.0	98.0		10.5	24.0	5.0	0.0	93.0	19.0	330.0	9.0	4377.0	98.0	0.7	63.0	16.0
CPV	2023											93.0								
CPV	2024											93.0								
CRI	2000											89.0								
CRI	2001											80.0								
CRI	2002											94.0								
CRI	2003											86.0								
CRI	2004											89.0								
CRI	2005											90.0								
CRI	2006											88.0								
CRI	2007											89.0								
CRI	2008											89.0								
CRI	2009											87.0								
CRI	2010											89.0								
CRI	2011											84.0								
CRI	2012											91.0								
CRI	2013											94.0								
CRI	2014											91.0								
CRI	2015						0.7					92.0								
CRI	2016											97.0								
CRI	2017											97.0								
CRI	2018											98.0								
CRI	2019											94.0								
CRI	2020						0.21000000000000002					91.0								
CRI	2021											87.0								
CRI	2022	0.0	1621.0	19.0	8520.0	2.0		2.0	66.0	4.0	1.0	94.0	0.0	3574.0	15.0	27836.0	308.0	0.5	843.0	19.0
CRI	2023											98.0								
CRI	2024											99.0								
CUB	2000											98.0								
CUB	2001											98.0								
CUB	2002											98.0								
CUB	2003											99.0								
CUB	2004											99.0								
CUB	2005											95.0								
CUB	2006											89.0								
CUB	2007											93.0								
CUB	2008											95.0								
CUB	2009											96.0								
CUB	2010											96.0								
CUB	2011											96.0								
CUB	2012											96.0								
CUB	2013											96.0								
CUB	2014											97.0								
CUB	2015						0.5					99.0								
CUB	2016											99.0								
CUB	2017											99.0								
CUB	2018											99.0								
CUB	2019											99.0								
CUB	2020						0.4					99.0								
CUB	2021											99.0								
CUB	2022	41.0	4847.0	7.0	65742.0	3.0		0.6	221.0	5.0	0.0	99.0	86.0	31474.0	59.0	53466.0	1184.0	0.5	646.0	2.0
CUB	2023											99.0								
CUB	2024											99.0								
CYP	2000											89.0								
CYP	2001											89.0								
CYP	2002											88.0								
CYP	2003											88.0								
CYP	2004											88.0								
CYP	2005											88.0								
CYP	2006											93.0								
CYP	2007											93.0								
CYP	2008											93.0								
CYP	2009											96.0								
CYP	2010											96.0								
CYP	2011											96.0								
CYP	2012											96.0								
CYP	2013											96.0								
CYP	2014											96.0								
CYP	2015						1.15					97.0								
CYP	2016											97.0								
CYP	2017											97.0								
CYP	2018											97.0								
CYP	2019											94.0								
CYP	2020						1.03					94.0								
CYP	2021											94.0								
CYP	2022											95.0				1353.0		0.2		
CYP	2023											95.0								
CYP	2024											94.0								
CZE	2000											0.0								
CZE	2001											0.0								
CZE	2002											86.0								
CZE	2003											92.0								
CZE	2004											98.0								
CZE	2005											99.0								
CZE	2006											98.0								
CZE	2007											99.0								
CZE	2008											99.0								
CZE	2009											99.0								
CZE	2010											99.0								
CZE	2011											99.0								
CZE	2012											99.0								
CZE	2013											99.0								
CZE	2014											99.0								
CZE	2015						0.8500000000000001					97.0								
CZE	2016											96.0								
CZE	2017											94.0								
CZE	2018											96.0								
CZE	2019											97.0								
CZE	2020						0.455					96.0								
CZE	2021											94.0								
CZE	2022											94.0				66794.0		0.6		
CZE	2023											90.0								
CZE	2024											86.0								
DEU	2000											84.0								
DEU	2001											86.0								
DEU	2002											87.0								
DEU	2003											90.0								
DEU	2004											88.0								
DEU	2005											90.0								
DEU	2006											87.0								
DEU	2007											86.0								
DEU	2008											87.0								
DEU	2009											88.0								
DEU	2010											88.0								
DEU	2011											87.0								
DEU	2012											87.0								
DEU	2013											87.0								
DEU	2014											87.0								
DEU	2015						0.44999999999999996					87.0								
DEU	2016											88.0								
DEU	2017											88.0								
DEU	2018											88.0								
DEU	2019											88.0								
DEU	2020						0.575					88.0								
DEU	2021											87.0								
DEU	2022			0.0	246000.0			0.3	31400.0		13.0	85.0				196671.0		0.2	88000.0	
DEU	2023											85.0								
DEU	2024											85.0								
DJI	2000											0.0								
DJI	2001											0.0								
DJI	2002											0.0								
DJI	2003											0.0								
DJI	2004											0.0								
DJI	2005											0.0								
DJI	2006											0.0								
DJI	2007											25.0								
DJI	2008											88.0								
DJI	2009											89.0								
DJI	2010											88.0								
DJI	2011											87.0								
DJI	2012											81.0								
DJI	2013											82.0								
DJI	2014											78.0								
DJI	2015						2.0					84.0								
DJI	2016											68.0								
DJI	2017											76.0								
DJI	2018											84.0								
DJI	2019											85.0								
DJI	2020						2.795					70.0								
DJI	2021											59.0								
DJI	2022	101.0	4552.0	7.0	61866.0	725.0		5.5	352.0	8.0	1.0	59.0	28.0	899.0	17.0	7388.0	157.0	0.7	405.0	32.0
DJI	2023											72.0								
DJI	2024											77.0								
DMA	2000											0.0								
DMA	2001											0.0								
DMA	2002											0.0								
DMA	2003											0.0								
DMA	2004											0.0								
DMA	2005											0.0								
DMA	2006											7.0								
DMA	2007											93.0								
DMA	2008											96.0								
DMA	2009											99.0								
DMA	2010											98.0								
DMA	2011											98.0								
DMA	2012											97.0								
DMA	2013											97.0								
DMA	2014											97.0								
DMA	2015						0.8					98.0								
DMA	2016											99.0								
DMA	2017											91.0								
DMA	2018											94.0								
DMA	2019											99.0								
DMA	2020						0.87					97.0								
DMA	2021											92.0								
DMA	2022	4.0	76.0	7.0	1142.0	4.0		1.6	4.0	5.0	0.0	82.0	3.0	169.0	38.0	456.0	7.0	0.6	10.0	6.0
DMA	2023											56.0								
DMA	2024											90.0								
DNK	2000											0.0								
DNK	2001											0.0								
DNK	2002											0.0								
DNK	2003											0.0								
DNK	2004											0.0								
DNK	2005											0.0								
DNK	2006											0.0								
DNK	2007											0.0								
DNK	2008											0.0								
DNK	2009											0.0								
DNK	2010											0.0								
DNK	2011											0.0								
DNK	2012											0.0								
DNK	2013											0.0								
DNK	2014											0.0								
DNK	2015						0.8					0.0								
DNK	2016											0.0								
DNK	2017											0.0								
DNK	2018											0.0								
DNK	2019											0.0								
DNK	2020						0.7350000000000001					0.0								
DNK	2021											0.0								
DNK	2022			0.0	14548.0			0.2			0.0	0.0				9975.0		0.2		
DNK	2023											0.0								
DNK	2024											0.0								
DOM	2000											68.0								
DOM	2001											66.0								
DOM	2002											63.0								
DOM	2003											79.0								
DOM	2004											82.0								
DOM	2005											87.0								
DOM	2006											84.0								
DOM	2007											81.0								
DOM	2008											81.0								
DOM	2009											80.0								
DOM	2010											83.0								
DOM	2011											80.0								
DOM	2012											74.0								
DOM	2013											80.0								
DOM	2014											89.0								
DOM	2015						0.9					81.0								
DOM	2016											80.0								
DOM	2017											81.0								
DOM	2018											84.0								
DOM	2019											87.0								
DOM	2020						0.68					81.0								
DOM	2021											83.0								
DOM	2022	750.0	16689.0	9.0	175955.0	281.0		1.6	603.0	4.0	0.0	87.0	377.0	7203.0	12.0	62536.0	537.0	0.6		0.0
DOM	2023											90.0								
DOM	2024											86.0								
DZA	2000											0.0								
DZA	2001											0.0								
DZA	2002											0.0								
DZA	2003											0.0								
DZA	2004											81.0								
DZA	2005											83.0								
DZA	2006											80.0								
DZA	2007											90.0								
DZA	2008											91.0								
DZA	2009											94.0								
DZA	2010											95.0								
DZA	2011											95.0								
DZA	2012											95.0								
DZA	2013											95.0								
DZA	2014											95.0								
DZA	2015						1.0					95.0								
DZA	2016											91.0								
DZA	2017											91.0								
DZA	2018											91.0								
DZA	2019											88.0								
DZA	2020						1.175					84.0								
DZA	2021											81.0								
DZA	2022	2020.0	48227.0	8.0	588849.0	709.0		1.3	900.0	2.0	0.0	77.0	1802.0	71474.0	30.0	273188.0	5150.0	0.6	16332.0	19.0
DZA	2023											94.0								
DZA	2024											92.0								
ECU	2000											36.0								
ECU	2001											69.0								
ECU	2002											75.0								
ECU	2003											82.0								
ECU	2004											88.0								
ECU	2005											92.0								
ECU	2006											96.0								
ECU	2007											94.0								
ECU	2008											93.0								
ECU	2009											91.0								
ECU	2010											90.0								
ECU	2011											88.0								
ECU	2012											88.0								
ECU	2013											87.0								
ECU	2014											83.0								
ECU	2015						0.85					78.0								
ECU	2016											83.0								
ECU	2017											85.0								
ECU	2018											85.0								
ECU	2019											85.0								
ECU	2020						0.76					70.0								
ECU	2021											68.0								
ECU	2022	429.0	8244.0	8.0	108234.0	251.0		0.6	37.0	0.0	0.0	70.0	164.0	1325.0	5.0	30583.0	430.0	0.6	276.0	17.0
ECU	2023											70.0								
ECU	2024											70.0								
EGY	2000											98.0								
EGY	2001											99.0								
EGY	2002											97.0								
EGY	2003											98.0								
EGY	2004											97.0								
EGY	2005											98.0								
EGY	2006											98.0								
EGY	2007											98.0								
EGY	2008											97.0								
EGY	2009											97.0								
EGY	2010											97.0								
EGY	2011											96.0								
EGY	2012											93.0								
EGY	2013											97.0								
EGY	2014											94.0								
EGY	2015						1.4					93.0								
EGY	2016											95.0								
EGY	2017											94.0								
EGY	2018											95.0								
EGY	2019											95.0								
EGY	2020						0.875					94.0								
EGY	2021											96.0								
EGY	2022	1407.0	30424.0	6.0	952159.0	1778.0		1.0	16198.0	46.0	3.0	97.0	7288.0	4438967.0	100.0	484523.0	9708.0	0.4	4046024.0	49.0
EGY	2023											96.0								
EGY	2024											97.0								
ERI	2000											0.0								
ERI	2001											0.0								
ERI	2002											86.0								
ERI	2003											91.0								
ERI	2004											84.0								
ERI	2005											96.0								
ERI	2006											94.0								
ERI	2007											95.0								
ERI	2008											95.0								
ERI	2009											95.0								
ERI	2010											95.0								
ERI	2011											94.0								
ERI	2012											94.0								
ERI	2013											94.0								
ERI	2014											94.0								
ERI	2015						1.2999999999999998					95.0								
ERI	2016											95.0								
ERI	2017											95.0								
ERI	2018											95.0								
ERI	2019											95.0								
ERI	2020						2.7					95.0								
ERI	2021											95.0								
ERI	2022	799.0	12552.0	7.0	170611.0	775.0		4.6	62.0	0.0	0.0	95.0	90.0	2954.0	16.0	24372.0	515.0	0.7	1327.0	31.0
ERI	2023											95.0								
ERI	2024											95.0								
ESP	2000											77.0								
ESP	2001											83.0								
ESP	2002											82.0								
ESP	2003											81.0								
ESP	2004											97.0								
ESP	2005											96.0								
ESP	2006											97.0								
ESP	2007											96.0								
ESP	2008											97.0								
ESP	2009											96.0								
ESP	2010											97.0								
ESP	2011											97.0								
ESP	2012											96.0								
ESP	2013											95.0								
ESP	2014											96.0								
ESP	2015						0.4					97.0								
ESP	2016											97.0								
ESP	2017											95.0								
ESP	2018											96.0								
ESP	2019											95.0								
ESP	2020						0.415					94.0								
ESP	2021											93.0								
ESP	2022											95.0				54676.0		0.1	161125.0	
ESP	2023											93.0								
ESP	2024											94.0								
EST	2000											0.0								
EST	2001											0.0								
EST	2002											0.0								
EST	2003											0.0								
EST	2004											90.0								
EST	2005											95.0								
EST	2006											95.0								
EST	2007											95.0								
EST	2008											94.0								
EST	2009											95.0								
EST	2010											94.0								
EST	2011											94.0								
EST	2012											94.0								
EST	2013											93.0								
EST	2014											93.0								
EST	2015						0.75					91.0								
EST	2016											93.0								
EST	2017											92.0								
EST	2018											93.0								
EST	2019											91.0								
EST	2020						0.995					90.0								
EST	2021											84.0								
EST	2022		3273.0							0.0		83.0				12423.0		0.9		
EST	2023											82.0								
EST	2024											81.0								
ETH	2000											0.0								
ETH	2001											0.0								
ETH	2002											0.0								
ETH	2003											0.0								
ETH	2004											0.0								
ETH	2005											0.0								
ETH	2006											0.0								
ETH	2007											47.0								
ETH	2008											52.0								
ETH	2009											56.0								
ETH	2010											61.0								
ETH	2011											65.0								
ETH	2012											62.0								
ETH	2013											59.0								
ETH	2014											61.0								
ETH	2015						4.15					62.0								
ETH	2016											64.0								
ETH	2017											65.0								
ETH	2018											62.0								
ETH	2019											61.0								
ETH	2020						3.25					62.0								
ETH	2021											63.0								
ETH	2022	33867.0	368883.0	5.0	7660095.0	32926.0		6.2	1254.0	0.0	0.0	63.0	3465.0	45331.0	8.0	691928.0	13490.0	0.5	8649.0	16.0
ETH	2023											70.0								
ETH	2024											73.0								
FIN	2000											0.0								
FIN	2001											0.0								
FIN	2002											0.0								
FIN	2003											0.0								
FIN	2004											0.0								
FIN	2005											0.0								
FIN	2006											0.0								
FIN	2007											0.0								
FIN	2008											0.0								
FIN	2009											0.0								
FIN	2010											0.0								
FIN	2011											0.0								
FIN	2012											0.0								
FIN	2013											0.0								
FIN	2014											0.0								
FIN	2015						1.1					0.0								
FIN	2016											0.0								
FIN	2017											0.0								
FIN	2018											0.0								
FIN	2019											0.0								
FIN	2020						0.88					0.0								
FIN	2021											0.0								
FIN	2022		7873.0							0.0		0.0				25650.0		0.5		
FIN	2023											0.0								
FIN	2024											0.0								
FJI	2000											98.0								
FJI	2001											98.0								
FJI	2002											99.0								
FJI	2003											99.0								
FJI	2004											99.0								
FJI	2005											99.0								
FJI	2006											99.0								
FJI	2007											99.0								
FJI	2008											98.0								
FJI	2009											99.0								
FJI	2010											98.0								
FJI	2011											99.0								
FJI	2012											99.0								
FJI	2013											99.0								
FJI	2014											99.0								
FJI	2015						1.25					99.0								
FJI	2016											95.0								
FJI	2017											91.0								
FJI	2018											94.0								
FJI	2019											97.0								
FJI	2020						1.4649999999999999					99.0								
FJI	2021											98.0								
FJI	2022	133.0	380.0	2.0	16113.0	37.0		1.7	3.0	1.0	0.0	98.0	3.0	76.0	11.0	700.0	10.0	0.1	0.0	0.0
FJI	2023											97.0								
FJI	2024											93.0								
FRA	2000											26.0								
FRA	2001											28.0								
FRA	2002											29.0								
FRA	2003											28.0								
FRA	2004											35.0								
FRA	2005											35.0								
FRA	2006											39.0								
FRA	2007											42.0								
FRA	2008											47.0								
FRA	2009											51.0								
FRA	2010											64.0								
FRA	2011											74.0								
FRA	2012											78.0								
FRA	2013											82.0								
FRA	2014											83.0								
FRA	2015						0.0					88.0								
FRA	2016											90.0								
FRA	2017											91.0								
FRA	2018											90.0								
FRA	2019											92.0								
FRA	2020						0.465					95.0								
FRA	2021											96.0								
FRA	2022			0.0	135706.0			0.3			0.0	96.0				142921.0		0.3		
FRA	2023											96.0								
FRA	2024											96.0								
FSM	2000											87.0								
FSM	2001											81.0								
FSM	2002											85.0								
FSM	2003											89.0								
FSM	2004											80.0								
FSM	2005											91.0								
FSM	2006											84.0								
FSM	2007											90.0								
FSM	2008											89.0								
FSM	2009											89.0								
FSM	2010											88.0								
FSM	2011											83.0								
FSM	2012											82.0								
FSM	2013											83.0								
FSM	2014											81.0								
FSM	2015						2.2					78.0								
FSM	2016											76.0								
FSM	2017											80.0								
FSM	2018											83.0								
FSM	2019											84.0								
FSM	2020						2.1950000000000003					88.0								
FSM	2021											79.0								
FSM	2022	40.0	475.0		8328.0	22.0		7.3	1.0	0.0	0.0	75.0	5.0	114.0	11.0	1050.0	30.0	1.0	0.0	0.0
FSM	2023											85.0								
FSM	2024											85.0								
GAB	2000											0.0								
GAB	2001											0.0								
GAB	2002											0.0								
GAB	2003											0.0								
GAB	2004											0.0								
GAB	2005											28.0								
GAB	2006											52.0								
GAB	2007											75.0								
GAB	2008											82.0								
GAB	2009											79.0								
GAB	2010											67.0								
GAB	2011											75.0								
GAB	2012											82.0								
GAB	2013											79.0								
GAB	2014											70.0								
GAB	2015						6.65					80.0								
GAB	2016											75.0								
GAB	2017											75.0								
GAB	2018											70.0								
GAB	2019											70.0								
GAB	2020						4.65					63.0								
GAB	2021											75.0								
GAB	2022	314.0	2300.0	1.0	169379.0	1435.0		5.2	379.0	16.0	0.0	60.0	659.0	2400.0	2.0	103262.0	2847.0	4.3	6.0	0.0
GAB	2023											70.0								
GAB	2024											61.0								
GBR	2000											0.0								
GBR	2001											0.0								
GBR	2002											0.0								
GBR	2003											0.0								
GBR	2004											0.0								
GBR	2005											0.0								
GBR	2006											0.0								
GBR	2007											0.0								
GBR	2008											0.0								
GBR	2009											0.0								
GBR	2010											0.0								
GBR	2011											0.0								
GBR	2012											0.0								
GBR	2013											0.0								
GBR	2014											0.0								
GBR	2015						0.2					0.0								
GBR	2016											0.0								
GBR	2017											0.0								
GBR	2018											0.0								
GBR	2019											93.0								
GBR	2020						0.43999999999999995					93.0								
GBR	2021											93.0								
GBR	2022		90983.0	19.0						45.0	8.0	92.0	397.0		0.0	92900.0		0.2		
GBR	2023											92.0								
GBR	2024											92.0								
GEO	2000											55.0								
GEO	2001											61.0								
GEO	2002											51.0								
GEO	2003											48.0								
GEO	2004											64.0								
GEO	2005											79.0								
GEO	2006											84.0								
GEO	2007											94.0								
GEO	2008											89.0								
GEO	2009											54.0								
GEO	2010											95.0								
GEO	2011											89.0								
GEO	2012											92.0								
GEO	2013											96.0								
GEO	2014											91.0								
GEO	2015						1.2					94.0								
GEO	2016											92.0								
GEO	2017											91.0								
GEO	2018											93.0								
GEO	2019											94.0								
GEO	2020						0.87					88.0								
GEO	2021											85.0								
GEO	2022	265.0	20075.0	26.0	78000.0	132.0		2.4	50.0	0.0	0.0	85.0	183.0	101504.0	100.0	48600.0	60.0	2.3	81550.0	46.0
GEO	2023											93.0								
GEO	2024											90.0								
GHA	2000											0.0								
GHA	2001											0.0								
GHA	2002											80.0								
GHA	2003											80.0								
GHA	2004											80.0								
GHA	2005											84.0								
GHA	2006											84.0								
GHA	2007											94.0								
GHA	2008											93.0								
GHA	2009											94.0								
GHA	2010											94.0								
GHA	2011											91.0								
GHA	2012											92.0								
GHA	2013											90.0								
GHA	2014											98.0								
GHA	2015						6.1					89.0								
GHA	2016											93.0								
GHA	2017											99.0								
GHA	2018											97.0								
GHA	2019											97.0								
GHA	2020						5.550000000000001					94.0								
GHA	2021											98.0								
GHA	2022	13910.0	20007.0	1.0	2865177.0	10325.0		9.0	800.0	4.0	0.0	99.0	1659.0	19200.0	5.0	442797.0	10714.0	1.3	1735.0	8.0
GHA	2023											95.0								
GHA	2024											95.0								
GIN	2000											0.0								
GIN	2001											0.0								
GIN	2002											0.0								
GIN	2003											0.0								
GIN	2004											0.0								
GIN	2005											0.0								
GIN	2006											0.0								
GIN	2007											57.0								
GIN	2008											57.0								
GIN	2009											57.0								
GIN	2010											64.0								
GIN	2011											63.0								
GIN	2012											59.0								
GIN	2013											56.0								
GIN	2014											52.0								
GIN	2015						10.25					48.0								
GIN	2016											47.0								
GIN	2017											47.0								
GIN	2018											51.0								
GIN	2019											53.0								
GIN	2020						8.905000000000001					54.0								
GIN	2021											56.0								
GIN	2022	5520.0	10508.0	1.0	1379599.0	22313.0		10.0	96.0	1.0	0.0	58.0	439.0	7710.0	9.0	103759.0	2290.0	0.7	1398.0	15.0
GIN	2023											60.0								
GIN	2024											63.0								
GMB	2000											91.0								
GMB	2001											91.0								
GMB	2002											92.0								
GMB	2003											94.0								
GMB	2004											95.0								
GMB	2005											95.0								
GMB	2006											95.0								
GMB	2007											97.0								
GMB	2008											98.0								
GMB	2009											97.0								
GMB	2010											97.0								
GMB	2011											96.0								
GMB	2012											98.0								
GMB	2013											97.0								
GMB	2014											96.0								
GMB	2015						3.5					97.0								
GMB	2016											95.0								
GMB	2017											92.0								
GMB	2018											93.0								
GMB	2019											88.0								
GMB	2020						3.5					85.0								
GMB	2021											82.0								
GMB	2022	400.0	469.0	1.0	61609.0	142.0		2.3	20.0	4.0	0.0	79.0	85.0	2389.0	13.0	18188.0	307.0	0.7	64.0	3.0
GMB	2023											84.0								
GMB	2024											80.0								
GNB	2000											0.0								
GNB	2001											0.0								
GNB	2002											0.0								
GNB	2003											0.0								
GNB	2004											0.0								
GNB	2005											0.0								
GNB	2006											0.0								
GNB	2007											0.0								
GNB	2008											0.0								
GNB	2009											80.0								
GNB	2010											82.0								
GNB	2011											89.0								
GNB	2012											87.0								
GNB	2013											87.0								
GNB	2014											86.0								
GNB	2015						3.5999999999999996					86.0								
GNB	2016											85.0								
GNB	2017											79.0								
GNB	2018											82.0								
GNB	2019											78.0								
GNB	2020						5.415					74.0								
GNB	2021											67.0								
GNB	2022	999.0	1977.0	1.0	259599.0	936.0		12.3	93.0	5.0	0.0	74.0	67.0	1171.0	9.0	15727.0	348.0	0.7	214.0	16.0
GNB	2023											74.0								
GNB	2024											68.0								
GNQ	2000											0.0								
GNQ	2001											0.0								
GNQ	2002											0.0								
GNQ	2003											0.0								
GNQ	2004											0.0								
GNQ	2005											0.0								
GNQ	2006											0.0								
GNQ	2007											0.0								
GNQ	2008											0.0								
GNQ	2009											0.0								
GNQ	2010											0.0								
GNQ	2011											0.0								
GNQ	2012											0.0								
GNQ	2013											0.0								
GNQ	2014											53.0								
GNQ	2015						9.0					40.0								
GNQ	2016											53.0								
GNQ	2017											56.0								
GNQ	2018											59.0								
GNQ	2019											62.0								
GNQ	2020						7.385					64.0								
GNQ	2021											67.0								
GNQ	2022	385.0	1872.0	2.0	77032.0	1569.0		4.6	288.0	15.0	0.0	70.0	53.0	1140.0	13.0	8551.0	256.0	0.5	0.0	0.0
GNQ	2023											74.0								
GNQ	2024											68.0								
GRC	2000											89.0								
GRC	2001											90.0								
GRC	2002											91.0								
GRC	2003											92.0								
GRC	2004											92.0								
GRC	2005											93.0								
GRC	2006											94.0								
GRC	2007											95.0								
GRC	2008											95.0								
GRC	2009											95.0								
GRC	2010											95.0								
GRC	2011											95.0								
GRC	2012											98.0								
GRC	2013											98.0								
GRC	2014											96.0								
GRC	2015						0.75					96.0								
GRC	2016											96.0								
GRC	2017											96.0								
GRC	2018											96.0								
GRC	2019											96.0								
GRC	2020						0.46					96.0								
GRC	2021											96.0								
GRC	2022		65000.0	33.0	200000.0			1.9		0.0	0.0	95.0		20000.0		46261.0		0.4	14000.0	
GRC	2023											93.0								
GRC	2024											92.0								
GRD	2000											0.0								
GRD	2001											96.0								
GRD	2002											98.0								
GRD	2003											97.0								
GRD	2004											83.0								
GRD	2005											99.0								
GRD	2006											91.0								
GRD	2007											96.0								
GRD	2008											99.0								
GRD	2009											99.0								
GRD	2010											97.0								
GRD	2011											94.0								
GRD	2012											97.0								
GRD	2013											97.0								
GRD	2014											97.0								
GRD	2015						0.95					92.0								
GRD	2016											96.0								
GRD	2017											96.0								
GRD	2018											95.0								
GRD	2019											94.0								
GRD	2020						0.6699999999999999					72.0								
GRD	2021											77.0								
GRD	2022	7.0	129.0	7.0	1969.0	6.0		1.6	5.0	4.0	0.0	77.0	5.0	278.0	38.0	769.0	11.0	0.6	29.0	9.0
GRD	2023											86.0								
GRD	2024											86.0								
GTM	2000											0.0								
GTM	2001											0.0								
GTM	2002											0.0								
GTM	2003											0.0								
GTM	2004											0.0								
GTM	2005											87.0								
GTM	2006											89.0								
GTM	2007											85.0								
GTM	2008											95.0								
GTM	2009											92.0								
GTM	2010											94.0								
GTM	2011											88.0								
GTM	2012											96.0								
GTM	2013											96.0								
GTM	2014											74.0								
GTM	2015						0.15000000000000002					70.0								
GTM	2016											83.0								
GTM	2017											91.0								
GTM	2018											85.0								
GTM	2019											88.0								
GTM	2020						0.135					90.0								
GTM	2021											80.0								
GTM	2022	365.0	10550.0	10.0	103499.0	200.0		0.6	1273.0	12.0	1.0	81.0	590.0	12311.0	15.0	96623.0	1060.0	0.5	2831.0	19.0
GTM	2023											88.0								
GTM	2024											81.0								
GUY	2000											0.0								
GUY	2001											85.0								
GUY	2002											91.0								
GUY	2003											90.0								
GUY	2004											91.0								
GUY	2005											93.0								
GUY	2006											93.0								
GUY	2007											94.0								
GUY	2008											93.0								
GUY	2009											98.0								
GUY	2010											95.0								
GUY	2011											93.0								
GUY	2012											97.0								
GUY	2013											98.0								
GUY	2014											98.0								
GUY	2015						1.9					95.0								
GUY	2016											97.0								
GUY	2017											97.0								
GUY	2018											95.0								
GUY	2019											99.0								
GUY	2020						1.2449999999999999					99.0								
GUY	2021											98.0								
GUY	2022	64.0	2567.0	13.0	20104.0	32.0		2.5	46.0	2.0	0.0	98.0	32.0	1792.0	38.0	4959.0	73.0	0.6	183.0	9.0
GUY	2023											98.0								
GUY	2024											98.0								
HND	2000											93.0								
HND	2001											95.0								
HND	2002											94.0								
HND	2003											91.0								
HND	2004											93.0								
HND	2005											97.0								
HND	2006											94.0								
HND	2007											93.0								
HND	2008											92.0								
HND	2009											97.0								
HND	2010											97.0								
HND	2011											97.0								
HND	2012											98.0								
HND	2013											99.0								
HND	2014											99.0								
HND	2015						0.8					98.0								
HND	2016											95.0								
HND	2017											90.0								
HND	2018											91.0								
HND	2019											88.0								
HND	2020						0.28					80.0								
HND	2021											77.0								
HND	2022	77.0	3150.0	12.0	26150.0	46.0		0.3	281.0	9.0	1.0	78.0	345.0	7198.0	15.0	56578.0	620.0	0.5	1648.0	19.0
HND	2023											73.0								
HND	2024											75.0								
HRV	2000											0.0								
HRV	2001											0.0								
HRV	2002											0.0								
HRV	2003											0.0								
HRV	2004											0.0								
HRV	2005											0.0								
HRV	2006											0.0								
HRV	2007											94.0								
HRV	2008											97.0								
HRV	2009											97.0								
HRV	2010											97.0								
HRV	2011											96.0								
HRV	2012											96.0								
HRV	2013											96.0								
HRV	2014											95.0								
HRV	2015						0.5					94.0								
HRV	2016											92.0								
HRV	2017											92.0								
HRV	2018											93.0								
HRV	2019											93.0								
HRV	2020						0.6000000000000001					91.0								
HRV	2021											90.0								
HRV	2022											90.0				20000.0		0.5		
HRV	2023											92.0								
HRV	2024											91.0								
HTI	2000											0.0								
HTI	2001											0.0								
HTI	2002											0.0								
HTI	2003											0.0								
HTI	2004											0.0								
HTI	2005											0.0								
HTI	2006											0.0								
HTI	2007											0.0								
HTI	2008											0.0								
HTI	2009											0.0								
HTI	2010											0.0								
HTI	2011											0.0								
HTI	2012											0.0								
HTI	2013											68.0								
HTI	2014											63.0								
HTI	2015						2.55					64.0								
HTI	2016											59.0								
HTI	2017											57.0								
HTI	2018											56.0								
HTI	2019											54.0								
HTI	2020						2.165					58.0								
HTI	2021											48.0								
HTI	2022	526.0	12650.0	6.0	217325.0	1498.0		1.9	120.0	1.0	0.0	48.0	453.0	25673.0	38.0	71450.0	1048.0	0.6	2587.0	9.0
HTI	2023											54.0								
HTI	2024											60.0								
HUN	2000											0.0								
HUN	2001											0.0								
HUN	2002											0.0								
HUN	2003											0.0								
HUN	2004											0.0								
HUN	2005											0.0								
HUN	2006											0.0								
HUN	2007											0.0								
HUN	2008											0.0								
HUN	2009											0.0								
HUN	2010											0.0								
HUN	2011											0.0								
HUN	2012											0.0								
HUN	2013											0.0								
HUN	2014											0.0								
HUN	2015						0.45					0.0								
HUN	2016											0.0								
HUN	2017											0.0								
HUN	2018											0.0								
HUN	2019											0.0								
HUN	2020						0.9750000000000001					0.0								
HUN	2021											0.0								
HUN	2022								1440.0			0.0		22118.0		17984.0		0.2	22118.0	
HUN	2023											0.0								
HUN	2024											0.0								
IDN	2000											65.0								
IDN	2001											62.0								
IDN	2002											63.0								
IDN	2003											64.0								
IDN	2004											64.0								
IDN	2005											65.0								
IDN	2006											66.0								
IDN	2007											76.0								
IDN	2008											82.0								
IDN	2009											82.0								
IDN	2010											83.0								
IDN	2011											81.0								
IDN	2012											85.0								
IDN	2013											90.0								
IDN	2014											88.0								
IDN	2015						1.75					84.0								
IDN	2016											84.0								
IDN	2017											85.0								
IDN	2018											85.0								
IDN	2019											85.0								
IDN	2020						3.685					77.0								
IDN	2021											67.0								
IDN	2022	60535.0	528024.0	3.0	17544081.0	158563.0		6.4	21468.0	4.0	0.0	91.0	6322.0	177981.0	14.0	1392645.0	39134.0	0.5	12674.0	7.0
IDN	2023											83.0								
IDN	2024											78.0								
IND	2000											0.0								
IND	2001											0.0								
IND	2002											0.0								
IND	2003											0.0								
IND	2004											6.0								
IND	2005											8.0								
IND	2006											6.0								
IND	2007											6.0								
IND	2008											29.0								
IND	2009											37.0								
IND	2010											38.0								
IND	2011											44.0								
IND	2012											70.0								
IND	2013											67.0								
IND	2014											77.0								
IND	2015						1.1					87.0								
IND	2016											88.0								
IND	2017											89.0								
IND	2018											90.0								
IND	2019											91.0								
IND	2020						0.98					85.0								
IND	2021											85.0								
IND	2022											93.0								
IND	2023											91.0								
IND	2024											94.0								
IRL	2000											0.0								
IRL	2001											0.0								
IRL	2002											0.0								
IRL	2003											0.0								
IRL	2004											0.0								
IRL	2005											0.0								
IRL	2006											0.0								
IRL	2007											0.0								
IRL	2008											0.0								
IRL	2009											0.0								
IRL	2010											46.0								
IRL	2011											95.0								
IRL	2012											95.0								
IRL	2013											95.0								
IRL	2014											95.0								
IRL	2015						0.0					95.0								
IRL	2016											95.0								
IRL	2017											95.0								
IRL	2018											94.0								
IRL	2019											93.0								
IRL	2020						0.13999999999999999					94.0								
IRL	2021											93.0								
IRL	2022		12500.0	57.0	22000.0			0.4	1698.0	14.0	8.0	93.0		13600.0		7844.0		0.2	8200.0	
IRL	2023											93.0								
IRL	2024											92.0								
IRN	2000											99.0								
IRN	2001											94.0								
IRN	2002											99.0								
IRN	2003											98.0								
IRN	2004											95.0								
IRN	2005											94.0								
IRN	2006											98.0								
IRN	2007											97.0								
IRN	2008											99.0								
IRN	2009											99.0								
IRN	2010											99.0								
IRN	2011											99.0								
IRN	2012											98.0								
IRN	2013											99.0								
IRN	2014											99.0								
IRN	2015						0.1					98.0								
IRN	2016											99.0								
IRN	2017											99.0								
IRN	2018											99.0								
IRN	2019											99.0								
IRN	2020						0.645					99.0								
IRN	2021											98.0								
IRN	2022	6367.0	366852.0	28.0	1321313.0	334.0		1.5	24867.0	7.0	2.0	99.0	361.0	77799.0	46.0	205380.0	6780.0	0.2	33148.0	30.0
IRN	2023											99.0								
IRN	2024											98.0								
IRQ	2000											67.0								
IRQ	2001											66.0								
IRQ	2002											65.0								
IRQ	2003											63.0								
IRQ	2004											62.0								
IRQ	2005											65.0								
IRQ	2006											59.0								
IRQ	2007											56.0								
IRQ	2008											66.0								
IRQ	2009											75.0								
IRQ	2010											72.0								
IRQ	2011											78.0								
IRQ	2012											65.0								
IRQ	2013											68.0								
IRQ	2014											69.0								
IRQ	2015						0.1					68.0								
IRQ	2016											71.0								
IRQ	2017											81.0								
IRQ	2018											86.0								
IRQ	2019											84.0								
IRQ	2020						0.895					74.0								
IRQ	2021											78.0								
IRQ	2022	3370.0	7080.0	1.0	1310122.0	8241.0		2.9	26289.0	100.0	2.0	93.0	316.0	12118.0	14.0	147255.0	4733.0	0.3	9722.0	46.0
IRQ	2023											91.0								
IRQ	2024											90.0								
ISL	2000											0.0								
ISL	2001											0.0								
ISL	2002											0.0								
ISL	2003											0.0								
ISL	2004											0.0								
ISL	2005											0.0								
ISL	2006											0.0								
ISL	2007											0.0								
ISL	2008											0.0								
ISL	2009											0.0								
ISL	2010											0.0								
ISL	2011											0.0								
ISL	2012											0.0								
ISL	2013											0.0								
ISL	2014											0.0								
ISL	2015						0.9					0.0								
ISL	2016											0.0								
ISL	2017											0.0								
ISL	2018											0.0								
ISL	2019											0.0								
ISL	2020						0.16					0.0								
ISL	2021											0.0								
ISL	2022	8.0	903.0	52.0	1738.0	1.0		0.5	162.0	18.0	9.0	0.0	0.0	1142.0	100.0	279.0	42.0	0.1	1025.0	48.0
ISL	2023											0.0								
ISL	2024											0.0								
ISR	2000											98.0								
ISR	2001											96.0								
ISR	2002											98.0								
ISR	2003											98.0								
ISR	2004											99.0								
ISR	2005											96.0								
ISR	2006											96.0								
ISR	2007											99.0								
ISR	2008											99.0								
ISR	2009											98.0								
ISR	2010											97.0								
ISR	2011											98.0								
ISR	2012											97.0								
ISR	2013											97.0								
ISR	2014											97.0								
ISR	2015						0.85					96.0								
ISR	2016											95.0								
ISR	2017											97.0								
ISR	2018											96.0								
ISR	2019											97.0								
ISR	2020						0.53					96.0								
ISR	2021											96.0								
ISR	2022	646.0	24245.0	19.0	130671.0	169.0		1.4	1599.0	7.0	1.0	96.0	340.0	23073.0	54.0	54692.0	156.0	0.7	14782.0	40.0
ISR	2023											96.0								
ISR	2024											96.0								
ITA	2000											94.0								
ITA	2001											95.0								
ITA	2002											95.0								
ITA	2003											95.0								
ITA	2004											96.0								
ITA	2005											96.0								
ITA	2006											96.0								
ITA	2007											97.0								
ITA	2008											96.0								
ITA	2009											96.0								
ITA	2010											96.0								
ITA	2011											96.0								
ITA	2012											96.0								
ITA	2013											96.0								
ITA	2014											95.0								
ITA	2015						1.15					93.0								
ITA	2016											93.0								
ITA	2017											94.0								
ITA	2018											95.0								
ITA	2019											95.0								
ITA	2020						0.93					94.0								
ITA	2021											94.0								
ITA	2022			0.0	303000.0			0.5			0.0	95.0				398610.0		0.7	244981.0	
ITA	2023											95.0								
ITA	2024											94.0								
JAM	2000											0.0								
JAM	2001											0.0								
JAM	2002											0.0								
JAM	2003											36.0								
JAM	2004											98.0								
JAM	2005											99.0								
JAM	2006											97.0								
JAM	2007											92.0								
JAM	2008											92.0								
JAM	2009											90.0								
JAM	2010											94.0								
JAM	2011											92.0								
JAM	2012											96.0								
JAM	2013											93.0								
JAM	2014											92.0								
JAM	2015						0.35					91.0								
JAM	2016											98.0								
JAM	2017											93.0								
JAM	2018											97.0								
JAM	2019											96.0								
JAM	2020						1.7650000000000001					95.0								
JAM	2021											89.0								
JAM	2022	396.0	1541.0	1.0	107261.0	167.0		3.8	257.0	17.0	0.0	98.0	111.0	6266.0	39.0	17219.0	256.0	0.6	659.0	10.0
JAM	2023											99.0								
JAM	2024											99.0								
JOR	2000											93.0								
JOR	2001											97.0								
JOR	2002											95.0								
JOR	2003											97.0								
JOR	2004											95.0								
JOR	2005											95.0								
JOR	2006											98.0								
JOR	2007											98.0								
JOR	2008											97.0								
JOR	2009											98.0								
JOR	2010											98.0								
JOR	2011											98.0								
JOR	2012											98.0								
JOR	2013											98.0								
JOR	2014											98.0								
JOR	2015						1.8					99.0								
JOR	2016											98.0								
JOR	2017											99.0								
JOR	2018											96.0								
JOR	2019											89.0								
JOR	2020						1.5150000000000001					77.0								
JOR	2021											85.0								
JOR	2022	624.0	2913.0	1.0	199009.0	472.0		1.8	940.0	32.0	0.0	92.0	100.0	3883.0	22.0	26787.0	575.0	0.2	2582.0	41.0
JOR	2023											96.0								
JOR	2024											96.0								
JPN	2000											0.0								
JPN	2001											0.0								
JPN	2002											0.0								
JPN	2003											0.0								
JPN	2004											0.0								
JPN	2005											0.0								
JPN	2006											0.0								
JPN	2007											0.0								
JPN	2008											0.0								
JPN	2009											0.0								
JPN	2010											0.0								
JPN	2011											0.0								
JPN	2012											0.0								
JPN	2013											0.0								
JPN	2014											0.0								
JPN	2015						2.0					0.0								
JPN	2016											0.0								
JPN	2017											0.0								
JPN	2018											0.0								
JPN	2019											99.0								
JPN	2020						1.0350000000000001					92.0								
JPN	2021											96.0								
JPN	2022	3391.0	585323.0	62.0	949057.0	152.0		0.8	187775.0	32.0	20.0	96.0	10599.0	472496.0	100.0	448150.0	1368.0	0.4	347858.0	43.0
JPN	2023											95.0								
JPN	2024											95.0								
KAZ	2000											99.0								
KAZ	2001											95.0								
KAZ	2002											95.0								
KAZ	2003											99.0								
KAZ	2004											99.0								
KAZ	2005											94.0								
KAZ	2006											99.0								
KAZ	2007											94.0								
KAZ	2008											99.0								
KAZ	2009											99.0								
KAZ	2010											99.0								
KAZ	2011											99.0								
KAZ	2012											95.0								
KAZ	2013											99.0								
KAZ	2014											95.0								
KAZ	2015						0.9					98.0								
KAZ	2016											83.0								
KAZ	2017											99.0								
KAZ	2018											98.0								
KAZ	2019											97.0								
KAZ	2020						1.7349999999999999					88.0								
KAZ	2021											95.0								
KAZ	2022	1528.0	52191.0	12.0	448360.0	956.0		2.3	3167.0	6.0	1.0	99.0	1243.0	27412.0	17.0	383180.0	7359.0	2.0	45891.0	65.0
KAZ	2023											97.0								
KAZ	2024											98.0								
KEN	2000											0.0								
KEN	2001											0.0								
KEN	2002											84.0								
KEN	2003											73.0								
KEN	2004											73.0								
KEN	2005											76.0								
KEN	2006											80.0								
KEN	2007											81.0								
KEN	2008											88.0								
KEN	2009											88.0								
KEN	2010											90.0								
KEN	2011											96.0								
KEN	2012											94.0								
KEN	2013											87.0								
KEN	2014											92.0								
KEN	2015						1.55					89.0								
KEN	2016											88.0								
KEN	2017											81.0								
KEN	2018											91.0								
KEN	2019											93.0								
KEN	2020						1.03					93.0								
KEN	2021											95.0								
KEN	2022	11498.0	5804.0	0.0	2360984.0	11518.0		4.4	1714.0	30.0	0.0	94.0	1172.0	34839.0	11.0	476477.0	16002.0	0.9	22076.0	40.0
KEN	2023											93.0								
KEN	2024											91.0								
KGZ	2000											44.0								
KGZ	2001											57.0								
KGZ	2002											99.0								
KGZ	2003											99.0								
KGZ	2004											99.0								
KGZ	2005											97.0								
KGZ	2006											90.0								
KGZ	2007											94.0								
KGZ	2008											97.0								
KGZ	2009											96.0								
KGZ	2010											96.0								
KGZ	2011											96.0								
KGZ	2012											96.0								
KGZ	2013											97.0								
KGZ	2014											96.0								
KGZ	2015						1.95					97.0								
KGZ	2016											96.0								
KGZ	2017											92.0								
KGZ	2018											94.0								
KGZ	2019											95.0								
KGZ	2020						1.925					86.0								
KGZ	2021											89.0								
KGZ	2022	1176.0	55347.0	16.0	349644.0	730.0		5.3	1117.0	2.0	0.0	90.0	605.0	30738.0	21.0	170824.0	4103.0	2.5	7199.0	19.0
KGZ	2023											87.0								
KGZ	2024											84.0								
KHM	2000											0.0								
KHM	2001											0.0								
KHM	2002											0.0								
KHM	2003											0.0								
KHM	2004											0.0								
KHM	2005											0.0								
KHM	2006											80.0								
KHM	2007											82.0								
KHM	2008											91.0								
KHM	2009											92.0								
KHM	2010											91.0								
KHM	2011											91.0								
KHM	2012											91.0								
KHM	2013											86.0								
KHM	2014											90.0								
KHM	2015						1.8					91.0								
KHM	2016											91.0								
KHM	2017											90.0								
KHM	2018											89.0								
KHM	2019											88.0								
KHM	2020						2.145					86.0								
KHM	2021											86.0								
KHM	2022	1310.0	26480.0	5.0	496539.0	888.0		3.0	1477.0	6.0	0.0	84.0	1034.0	24516.0	23.0	183160.0	4625.0	1.2	24209.0	51.0
KHM	2023											84.0								
KHM	2024											83.0								
KIR	2000											90.0								
KIR	2001											85.0								
KIR	2002											79.0								
KIR	2003											73.0								
KIR	2004											67.0								
KIR	2005											50.0								
KIR	2006											88.0								
KIR	2007											96.0								
KIR	2008											83.0								
KIR	2009											86.0								
KIR	2010											91.0								
KIR	2011											95.0								
KIR	2012											94.0								
KIR	2013											95.0								
KIR	2014											75.0								
KIR	2015						9.45					82.0								
KIR	2016											81.0								
KIR	2017											90.0								
KIR	2018											95.0								
KIR	2019											97.0								
KIR	2020						8.715					92.0								
KIR	2021											90.0								
KIR	2022	48.0	78.0		10504.0	39.0		8.0	0.0	0.0	0.0	91.0	6.0	131.0	11.0	1216.0	34.0	1.0	0.0	0.0
KIR	2023											90.0								
KIR	2024											94.0								
KNA	2000											99.0								
KNA	2001											99.0								
KNA	2002											96.0								
KNA	2003											99.0								
KNA	2004											96.0								
KNA	2005											99.0								
KNA	2006											99.0								
KNA	2007											99.0								
KNA	2008											98.0								
KNA	2009											97.0								
KNA	2010											96.0								
KNA	2011											98.0								
KNA	2012											98.0								
KNA	2013											97.0								
KNA	2014											98.0								
KNA	2015						0.75					94.0								
KNA	2016											98.0								
KNA	2017											98.0								
KNA	2018											98.0								
KNA	2019											97.0								
KNA	2020						0.47					99.0								
KNA	2021											96.0								
KNA	2022	3.0	50.0	7.0	748.0	2.0		1.6	2.0	5.0	0.0	96.0	2.0	111.0	38.0	299.0	5.0	0.6	7.0	6.0
KNA	2023											97.0								
KNA	2024											97.0								
KOR	2000											93.0								
KOR	2001											89.0								
KOR	2002											92.0								
KOR	2003											91.0								
KOR	2004											92.0								
KOR	2005											99.0								
KOR	2006											99.0								
KOR	2007											91.0								
KOR	2008											94.0								
KOR	2009											94.0								
KOR	2010											94.0								
KOR	2011											99.0								
KOR	2012											99.0								
KOR	2013											99.0								
KOR	2014											99.0								
KOR	2015						1.9500000000000002					98.0								
KOR	2016											98.0								
KOR	2017											98.0								
KOR	2018											98.0								
KOR	2019											98.0								
KOR	2020						1.4849999999999999					98.0								
KOR	2021											98.0								
KOR	2022	7225.0	1156952.0	83.0	1395575.0	189.0		2.7	292644.0	25.0	21.0	97.0	931.0	20098.0	56.0	88916.0	1910.0	0.2	69760.0	81.0
KOR	2023											97.0								
KOR	2024											97.0								
KWT	2000											95.0								
KWT	2001											99.0								
KWT	2002											99.0								
KWT	2003											99.0								
KWT	2004											94.0								
KWT	2005											99.0								
KWT	2006											99.0								
KWT	2007											99.0								
KWT	2008											99.0								
KWT	2009											99.0								
KWT	2010											99.0								
KWT	2011											99.0								
KWT	2012											98.0								
KWT	2013											99.0								
KWT	2014											96.0								
KWT	2015						0.5					99.0								
KWT	2016											99.0								
KWT	2017											99.0								
KWT	2018											91.0								
KWT	2019											92.0								
KWT	2020						0.335					93.0								
KWT	2021											94.0								
KWT	2022	391.0	7488.0	11.0	65455.0	26.0		1.5	1779.0	24.0	3.0	96.0	78.0	6011.0	38.0	19212.0	480.0	0.5	2264.0	28.0
KWT	2023											99.0								
KWT	2024											99.0								
LAO	2000											0.0								
LAO	2001											0.0								
LAO	2002											0.0								
LAO	2003											50.0								
LAO	2004											45.0								
LAO	2005											49.0								
LAO	2006											57.0								
LAO	2007											50.0								
LAO	2008											61.0								
LAO	2009											67.0								
LAO	2010											74.0								
LAO	2011											76.0								
LAO	2012											77.0								
LAO	2013											83.0								
LAO	2014											83.0								
LAO	2015						3.3499999999999996					82.0								
LAO	2016											82.0								
LAO	2017											78.0								
LAO	2018											75.0								
LAO	2019											66.0								
LAO	2020						2.5549999999999997					61.0								
LAO	2021											65.0								
LAO	2022	529.0	11584.0	4.0	260495.0	961.0		3.5	173.0	1.0	0.0	70.0	210.0	5624.0	17.0	41888.0	971.0	0.6	1845.0	25.0
LAO	2023											74.0								
LAO	2024											67.0								
LBN	2000											83.0								
LBN	2001											80.0								
LBN	2002											77.0								
LBN	2003											74.0								
LBN	2004											75.0								
LBN	2005											77.0								
LBN	2006											78.0								
LBN	2007											80.0								
LBN	2008											81.0								
LBN	2009											81.0								
LBN	2010											81.0								
LBN	2011											80.0								
LBN	2012											80.0								
LBN	2013											80.0								
LBN	2014											80.0								
LBN	2015						0.75					80.0								
LBN	2016											80.0								
LBN	2017											80.0								
LBN	2018											80.0								
LBN	2019											80.0								
LBN	2020						0.5650000000000001					68.0								
LBN	2021											64.0								
LBN	2022	276.0	7552.0	11.0	71615.0	95.0		1.3	734.0	10.0	1.0	64.0	25.0	1342.0	30.0	7665.0	228.0	0.1	1424.0	53.0
LBN	2023											50.0								
LBN	2024											46.0								
LBR	2000											0.0								
LBR	2001											0.0								
LBR	2002											0.0								
LBR	2003											0.0								
LBR	2004											0.0								
LBR	2005											0.0								
LBR	2006											0.0								
LBR	2007											0.0								
LBR	2008											75.0								
LBR	2009											81.0								
LBR	2010											70.0								
LBR	2011											77.0								
LBR	2012											80.0								
LBR	2013											80.0								
LBR	2014											63.0								
LBR	2015						11.35					65.0								
LBR	2016											73.0								
LBR	2017											80.0								
LBR	2018											81.0								
LBR	2019											71.0								
LBR	2020						9.09					66.0								
LBR	2021											67.0								
LBR	2022	899.0	1740.0	1.0	228492.0	1996.0		4.3	82.0	5.0	0.0	79.0	168.0	2950.0	9.0	39618.0	876.0	0.7	543.0	16.0
LBR	2023											83.0								
LBR	2024											83.0								
LBY	2000											92.0								
LBY	2001											93.0								
LBY	2002											91.0								
LBY	2003											96.0								
LBY	2004											99.0								
LBY	2005											97.0								
LBY	2006											98.0								
LBY	2007											98.0								
LBY	2008											98.0								
LBY	2009											98.0								
LBY	2010											98.0								
LBY	2011											98.0								
LBY	2012											98.0								
LBY	2013											96.0								
LBY	2014											94.0								
LBY	2015						1.05					97.0								
LBY	2016											97.0								
LBY	2017											97.0								
LBY	2018											73.0								
LBY	2019											73.0								
LBY	2020						1.125					73.0								
LBY	2021											73.0								
LBY	2022	426.0	13266.0	11.0	111125.0	232.0		1.6	3214.0	25.0	3.0	73.0	151.0	45995.0	75.0	62271.0	2803.0	1.4	3722.0	8.0
LBY	2023											73.0								
LBY	2024											86.0								
LCA	2000											0.0								
LCA	2001											0.0								
LCA	2002											14.0								
LCA	2003											84.0								
LCA	2004											91.0								
LCA	2005											95.0								
LCA	2006											85.0								
LCA	2007											99.0								
LCA	2008											96.0								
LCA	2009											95.0								
LCA	2010											97.0								
LCA	2011											99.0								
LCA	2012											98.0								
LCA	2013											99.0								
LCA	2014											99.0								
LCA	2015						0.8500000000000001					99.0								
LCA	2016											95.0								
LCA	2017											80.0								
LCA	2018											95.0								
LCA	2019											92.0								
LCA	2020						0.79					86.0								
LCA	2021											80.0								
LCA	2022	10.0	185.0	7.0	2824.0	9.0		1.6	7.0	4.0	0.0	81.0	7.0	399.0	39.0	1098.0	16.0	0.6	42.0	10.0
LCA	2023											74.0								
LCA	2024											99.0								
LKA	2000											0.0								
LKA	2001											0.0								
LKA	2002											0.0								
LKA	2003											32.0								
LKA	2004											62.0								
LKA	2005											99.0								
LKA	2006											98.0								
LKA	2007											98.0								
LKA	2008											98.0								
LKA	2009											97.0								
LKA	2010											99.0								
LKA	2011											99.0								
LKA	2012											99.0								
LKA	2013											99.0								
LKA	2014											99.0								
LKA	2015						1.3					99.0								
LKA	2016											99.0								
LKA	2017											99.0								
LKA	2018											99.0								
LKA	2019											99.0								
LKA	2020						1.18					96.0								
LKA	2021											96.0								
LKA	2022	1869.0	35768.0	7.0	485573.0	1491.0		2.2	34.0	0.0	0.0	98.0	610.0	16306.0	17.0	120135.0	2814.0	0.6	5542.0	26.0
LKA	2023											99.0								
LKA	2024											97.0								
LSO	2000											0.0								
LSO	2001											0.0								
LSO	2002											0.0								
LSO	2003											17.0								
LSO	2004											60.0								
LSO	2005											87.0								
LSO	2006											91.0								
LSO	2007											90.0								
LSO	2008											88.0								
LSO	2009											91.0								
LSO	2010											93.0								
LSO	2011											96.0								
LSO	2012											95.0								
LSO	2013											93.0								
LSO	2014											88.0								
LSO	2015						3.05					83.0								
LSO	2016											87.0								
LSO	2017											89.0								
LSO	2018											90.0								
LSO	2019											92.0								
LSO	2020						3.4899999999999998					93.0								
LSO	2021											95.0								
LSO	2022	1269.0	38050.0	16.0	242317.0	1048.0		10.5	57.0	0.0	0.0	92.0	82.0	2181.0	24.0	9312.0	127.0	0.4	67.0	3.0
LSO	2023											90.0								
LSO	2024											86.0								
LTU	2000											98.0								
LTU	2001											95.0								
LTU	2002											94.0								
LTU	2003											95.0								
LTU	2004											94.0								
LTU	2005											95.0								
LTU	2006											95.0								
LTU	2007											96.0								
LTU	2008											96.0								
LTU	2009											95.0								
LTU	2010											94.0								
LTU	2011											95.0								
LTU	2012											93.0								
LTU	2013											93.0								
LTU	2014											94.0								
LTU	2015						0.9					94.0								
LTU	2016											95.0								
LTU	2017											94.0								
LTU	2018											93.0								
LTU	2019											92.0								
LTU	2020						0.6900000000000001					91.0								
LTU	2021											90.0								
LTU	2022		79.0							0.0		90.0		1124.0		22410.0		0.8		
LTU	2023											90.0								
LTU	2024											87.0								
LUX	2000											77.0								
LUX	2001											86.0								
LUX	2002											95.0								
LUX	2003											95.0								
LUX	2004											94.0								
LUX	2005											95.0								
LUX	2006											95.0								
LUX	2007											87.0								
LUX	2008											94.0								
LUX	2009											95.0								
LUX	2010											94.0								
LUX	2011											95.0								
LUX	2012											94.0								
LUX	2013											94.0								
LUX	2014											94.0								
LUX	2015						0.44999999999999996					94.0								
LUX	2016											94.0								
LUX	2017											94.0								
LUX	2018											96.0								
LUX	2019											96.0								
LUX	2020						0.195					96.0								
LUX	2021											96.0								
LUX	2022											97.0				1243.0		0.2		
LUX	2023											98.0								
LUX	2024											98.0								
LVA	2000											95.0								
LVA	2001											96.0								
LVA	2002											98.0								
LVA	2003											98.0								
LVA	2004											98.0								
LVA	2005											99.0								
LVA	2006											94.0								
LVA	2007											91.0								
LVA	2008											93.0								
LVA	2009											92.0								
LVA	2010											91.0								
LVA	2011											89.0								
LVA	2012											90.0								
LVA	2013											94.0								
LVA	2014											92.0								
LVA	2015						1.0					94.0								
LVA	2016											98.0								
LVA	2017											98.0								
LVA	2018											96.0								
LVA	2019											99.0								
LVA	2020						0.785					99.0								
LVA	2021											94.0								
LVA	2022											95.0		30000.0		30000.0		1.6	11550.0	
LVA	2023											97.0								
LVA	2024											99.0								
MAR	2000											43.0								
MAR	2001											84.0								
MAR	2002											92.0								
MAR	2003											90.0								
MAR	2004											95.0								
MAR	2005											96.0								
MAR	2006											95.0								
MAR	2007											95.0								
MAR	2008											97.0								
MAR	2009											98.0								
MAR	2010											98.0								
MAR	2011											98.0								
MAR	2012											99.0								
MAR	2013											99.0								
MAR	2014											99.0								
MAR	2015						1.0					99.0								
MAR	2016											99.0								
MAR	2017											99.0								
MAR	2018											99.0								
MAR	2019											99.0								
MAR	2020						0.765					99.0								
MAR	2021											98.0								
MAR	2022	555.0	91901.0	41.0	223645.0	187.0		0.6	6502.0	7.0	3.0	98.0	565.0	23085.0	24.0	125566.0	3416.0	0.3	10083.0	31.0
MAR	2023											97.0								
MAR	2024											96.0								
MCO	2000											99.0								
MCO	2001											99.0								
MCO	2002											99.0								
MCO	2003											99.0								
MCO	2004											99.0								
MCO	2005											99.0								
MCO	2006											99.0								
MCO	2007											99.0								
MCO	2008											99.0								
MCO	2009											99.0								
MCO	2010											99.0								
MCO	2011											99.0								
MCO	2012											99.0								
MCO	2013											99.0								
MCO	2014											99.0								
MCO	2015						0.4					99.0								
MCO	2016											99.0								
MCO	2017											99.0								
MCO	2018											99.0								
MCO	2019											99.0								
MCO	2020						0.5					99.0								
MCO	2021											99.0								
MCO	2022	1.0	53.0	31.0	172.0	0.0		0.5	16.0	30.0	9.0	99.0	1.0	54.0	69.0	110.0	1.0	0.3	74.0	59.0
MCO	2023											99.0								
MCO	2024											99.0								
MDA	2000											92.0								
MDA	2001											94.0								
MDA	2002											99.0								
MDA	2003											99.0								
MDA	2004											99.0								
MDA	2005											99.0								
MDA	2006											98.0								
MDA	2007											95.0								
MDA	2008											97.0								
MDA	2009											89.0								
MDA	2010											98.0								
MDA	2011											96.0								
MDA	2012											94.0								
MDA	2013											91.0								
MDA	2014											92.0								
MDA	2015						2.8000000000000003					88.0								
MDA	2016											91.0								
MDA	2017											89.0								
MDA	2018											94.0								
MDA	2019											94.0								
MDA	2020						2.49					87.0								
MDA	2021											87.0								
MDA	2022	1913.0	19999.0	7.0	294803.0	270.0		9.0	28.0	0.0	0.0	90.0	221.0	19608.0	30.0	73675.0	1626.0	2.1	3381.0	15.0
MDA	2023											88.0								
MDA	2024											88.0								
MDG	2000											0.0								
MDG	2001											0.0								
MDG	2002											51.0								
MDG	2003											61.0								
MDG	2004											71.0								
MDG	2005											81.0								
MDG	2006											82.0								
MDG	2007											84.0								
MDG	2008											77.0								
MDG	2009											77.0								
MDG	2010											70.0								
MDG	2011											73.0								
MDG	2012											68.0								
MDG	2013											70.0								
MDG	2014											68.0								
MDG	2015						6.3					62.0								
MDG	2016											68.0								
MDG	2017											65.0								
MDG	2018											74.0								
MDG	2019											69.0								
MDG	2020						4.27					67.0								
MDG	2021											55.0								
MDG	2022	5631.0	3191.0	0.0	1131542.0	4087.0		6.4	5989.0	100.0	1.0	57.0	799.0	6539.0	8.0	111828.0	2329.0	0.4	2598.0	29.0
MDG	2023											65.0								
MDG	2024											60.0								
MDV	2000											96.0								
MDV	2001											98.0								
MDV	2002											98.0								
MDV	2003											98.0								
MDV	2004											97.0								
MDV	2005											98.0								
MDV	2006											98.0								
MDV	2007											98.0								
MDV	2008											98.0								
MDV	2009											98.0								
MDV	2010											97.0								
MDV	2011											96.0								
MDV	2012											99.0								
MDV	2013											99.0								
MDV	2014											99.0								
MDV	2015						0.7999999999999999					99.0								
MDV	2016											98.0								
MDV	2017											98.0								
MDV	2018											98.0								
MDV	2019											98.0								
MDV	2020						1.23					98.0								
MDV	2021											95.0								
MDV	2022	102.0	3185.0	12.0	27324.0	175.0		5.2	103.0	3.0	0.0	98.0	15.0	391.0	17.0	2859.0	68.0	0.6	127.0	25.0
MDV	2023											98.0								
MDV	2024											99.0								
MEX	2000											97.0								
MEX	2001											97.0								
MEX	2002											97.0								
MEX	2003											98.0								
MEX	2004											98.0								
MEX	2005											98.0								
MEX	2006											98.0								
MEX	2007											98.0								
MEX	2008											97.0								
MEX	2009											95.0								
MEX	2010											93.0								
MEX	2011											98.0								
MEX	2012											99.0								
MEX	2013											79.0								
MEX	2014											84.0								
MEX	2015						0.15					76.0								
MEX	2016											82.0								
MEX	2017											58.0								
MEX	2018											55.0								
MEX	2019											56.0								
MEX	2020						0.38					77.0								
MEX	2021											80.0								
MEX	2022	3927.0	13376.0	11.0	117412.0	188.0		0.1	1124.0	8.0	1.0	83.0	11851.0	84312.0	16.0	678258.0	5736.0	0.5	26780.0	24.0
MEX	2023											85.0								
MEX	2024											78.0								
MHL	2000											38.0								
MHL	2001											76.0								
MHL	2002											80.0								
MHL	2003											74.0								
MHL	2004											72.0								
MHL	2005											89.0								
MHL	2006											97.0								
MHL	2007											93.0								
MHL	2008											97.0								
MHL	2009											99.0								
MHL	2010											97.0								
MHL	2011											89.0								
MHL	2012											80.0								
MHL	2013											80.0								
MHL	2014											79.0								
MHL	2015						5.2					85.0								
MHL	2016											73.0								
MHL	2017											82.0								
MHL	2018											84.0								
MHL	2019											82.0								
MHL	2020						3.3299999999999996					86.0								
MHL	2021											89.0								
MHL	2022	8.0	1153.0		2024.0	8.0		4.9	3.0	0.0	0.0	87.0	1.0	40.0	10.0	415.0	11.0	1.0	0.0	0.0
MHL	2023											89.0								
MHL	2024											89.0								
MKD	2000											0.0								
MKD	2001											0.0								
MKD	2002											0.0								
MKD	2003											0.0								
MKD	2004											0.0								
MKD	2005											53.0								
MKD	2006											89.0								
MKD	2007											96.0								
MKD	2008											97.0								
MKD	2009											95.0								
MKD	2010											90.0								
MKD	2011											96.0								
MKD	2012											98.0								
MKD	2013											97.0								
MKD	2014											97.0								
MKD	2015						1.05					92.0								
MKD	2016											94.0								
MKD	2017											91.0								
MKD	2018											92.0								
MKD	2019											92.0								
MKD	2020						1.475					84.0								
MKD	2021											79.0								
MKD	2022	133.0	8257.0	23.0	35851.0	48.0		1.7	554.0	7.0	2.0	84.0	75.0	3182.0	33.0	15473.0	267.0	0.6	3050.0	50.0
MKD	2023											86.0								
MKD	2024											91.0								
MLI	2000											0.0								
MLI	2001											0.0								
MLI	2002											0.0								
MLI	2003											79.0								
MLI	2004											73.0								
MLI	2005											83.0								
MLI	2006											90.0								
MLI	2007											74.0								
MLI	2008											74.0								
MLI	2009											71.0								
MLI	2010											72.0								
MLI	2011											66.0								
MLI	2012											65.0								
MLI	2013											64.0								
MLI	2014											66.0								
MLI	2015						6.7					70.0								
MLI	2016											76.0								
MLI	2017											77.0								
MLI	2018											76.0								
MLI	2019											77.0								
MLI	2020						7.710000000000001					70.0								
MLI	2021											77.0								
MLI	2022	6252.0	68130.0	4.0	1581973.0	12432.0		13.9	3476.0	5.0	0.0	75.0	715.0	12568.0	9.0	170319.0	3733.0	0.7	2229.0	15.0
MLI	2023											75.0								
MLI	2024											82.0								
MLT	2000											0.0								
MLT	2001											0.0								
MLT	2002											0.0								
MLT	2003											89.0								
MLT	2004											85.0								
MLT	2005											85.0								
MLT	2006											86.0								
MLT	2007											82.0								
MLT	2008											86.0								
MLT	2009											86.0								
MLT	2010											75.0								
MLT	2011											82.0								
MLT	2012											93.0								
MLT	2013											94.0								
MLT	2014											90.0								
MLT	2015						0.8500000000000001					95.0								
MLT	2016											97.0								
MLT	2017											88.0								
MLT	2018											98.0								
MLT	2019											98.0								
MLT	2020						0.695					98.0								
MLT	2021											99.0								
MLT	2022		28000.0							0.0		98.0		1336.0		694.0		0.1	519.0	
MLT	2023											98.0								
MLT	2024											97.0								
MMR	2000											0.0								
MMR	2001											0.0								
MMR	2002											0.0								
MMR	2003											8.0								
MMR	2004											39.0								
MMR	2005											62.0								
MMR	2006											75.0								
MMR	2007											85.0								
MMR	2008											85.0								
MMR	2009											91.0								
MMR	2010											92.0								
MMR	2011											40.0								
MMR	2012											58.0								
MMR	2013											75.0								
MMR	2014											88.0								
MMR	2015						3.1					89.0								
MMR	2016											90.0								
MMR	2017											89.0								
MMR	2018											91.0								
MMR	2019											90.0								
MMR	2020						3.18					84.0								
MMR	2021											37.0								
MMR	2022											71.0								
MMR	2023											71.0								
MMR	2024											71.0								
MNE	2006											90.0								
MNE	2007											90.0								
MNE	2008											93.0								
MNE	2009											87.0								
MNE	2010											90.0								
MNE	2011											91.0								
MNE	2012											90.0								
MNE	2013											90.0								
MNE	2014											87.0								
MNE	2015						1.2999999999999998					82.0								
MNE	2016											75.0								
MNE	2017											73.0								
MNE	2018											72.0								
MNE	2019											68.0								
MNE	2020						1.905					52.0								
MNE	2021											51.0								
MNE	2022	41.0	2134.0	23.0	9264.0	6.0		1.5	145.0	7.0	2.0	45.0	23.0	953.0	33.0	4648.0	80.0	0.6	912.0	50.0
MNE	2023											42.0								
MNE	2024											61.0								
MNG	2000											93.0								
MNG	2001											95.0								
MNG	2002											98.0								
MNG	2003											98.0								
MNG	2004											98.0								
MNG	2005											98.0								
MNG	2006											98.0								
MNG	2007											98.0								
MNG	2008											96.0								
MNG	2009											97.0								
MNG	2010											96.0								
MNG	2011											99.0								
MNG	2012											99.0								
MNG	2013											98.0								
MNG	2014											99.0								
MNG	2015						6.25					99.0								
MNG	2016											99.0								
MNG	2017											99.0								
MNG	2018											99.0								
MNG	2019											98.0								
MNG	2020						4.9350000000000005					96.0								
MNG	2021											95.0								
MNG	2022	677.0	87949.0	46.0	193155.0	316.0		5.7	4701.0	5.0	2.0	95.0	763.0	124886.0	98.0	128501.0	1939.0	3.7	64836.0	35.0
MNG	2023											96.0								
MNG	2024											96.0								
MOZ	2000											0.0								
MOZ	2001											25.0								
MOZ	2002											76.0								
MOZ	2003											76.0								
MOZ	2004											76.0								
MOZ	2005											75.0								
MOZ	2006											75.0								
MOZ	2007											75.0								
MOZ	2008											75.0								
MOZ	2009											74.0								
MOZ	2010											74.0								
MOZ	2011											77.0								
MOZ	2012											80.0								
MOZ	2013											82.0								
MOZ	2014											85.0								
MOZ	2015						5.45					85.0								
MOZ	2016											85.0								
MOZ	2017											85.0								
MOZ	2018											85.0								
MOZ	2019											85.0								
MOZ	2020						1.275					71.0								
MOZ	2021											56.0								
MOZ	2022	7878.0	244098.0	12.0	2034837.0	13807.0		6.2	62000.0	25.0	3.0	55.0	938.0	9704.0	4.0	242440.0	3439.0	0.7	476.0	5.0
MOZ	2023											70.0								
MOZ	2024											70.0								
MRT	2000											0.0								
MRT	2001											0.0								
MRT	2002											0.0								
MRT	2003											0.0								
MRT	2004											0.0								
MRT	2005											42.0								
MRT	2006											68.0								
MRT	2007											74.0								
MRT	2008											74.0								
MRT	2009											64.0								
MRT	2010											64.0								
MRT	2011											75.0								
MRT	2012											80.0								
MRT	2013											80.0								
MRT	2014											81.0								
MRT	2015						7.25					73.0								
MRT	2016											74.0								
MRT	2017											76.0								
MRT	2018											77.0								
MRT	2019											80.0								
MRT	2020						7.185					81.0								
MRT	2021											77.0								
MRT	2022	1856.0	1969.0	0.0	433528.0	1938.0		9.2	143.0	7.0	0.0	85.0	150.0	2635.0	9.0	35557.0	782.0	0.7	476.0	15.0
MRT	2023											90.0								
MRT	2024											86.0								
MUS	2000											88.0								
MUS	2001											92.0								
MUS	2002											88.0								
MUS	2003											97.0								
MUS	2004											98.0								
MUS	2005											97.0								
MUS	2006											97.0								
MUS	2007											97.0								
MUS	2008											99.0								
MUS	2009											99.0								
MUS	2010											99.0								
MUS	2011											98.0								
MUS	2012											98.0								
MUS	2013											98.0								
MUS	2014											97.0								
MUS	2015						1.25					97.0								
MUS	2016											72.0								
MUS	2017											96.0								
MUS	2018											97.0								
MUS	2019											97.0								
MUS	2020						1.225					96.0								
MUS	2021											94.0								
MUS	2022	253.0	7901.0	12.0	67789.0	433.0		5.2	256.0	3.0	0.0	95.0	36.0	971.0	17.0	7136.0	167.0	0.6	332.0	26.0
MUS	2023											96.0								
MUS	2024											93.0								
MWI	2000											0.0								
MWI	2001											0.0								
MWI	2002											64.0								
MWI	2003											84.0								
MWI	2004											89.0								
MWI	2005											93.0								
MWI	2006											99.0								
MWI	2007											87.0								
MWI	2008											91.0								
MWI	2009											93.0								
MWI	2010											93.0								
MWI	2011											97.0								
MWI	2012											96.0								
MWI	2013											89.0								
MWI	2014											91.0								
MWI	2015						4.95					88.0								
MWI	2016											84.0								
MWI	2017											88.0								
MWI	2018											92.0								
MWI	2019											95.0								
MWI	2020						3.2649999999999997					94.0								
MWI	2021											93.0								
MWI	2022	2539.0	41265.0	7.0	560872.0	2680.0		2.7	3119.0	8.0	1.0	86.0	500.0	16361.0	16.0	136081.0	2855.0	0.7	7221.0	31.0
MWI	2023											91.0								
MWI	2024											91.0								
MYS	2000											97.0								
MYS	2001											95.0								
MYS	2002											95.0								
MYS	2003											95.0								
MYS	2004											94.0								
MYS	2005											96.0								
MYS	2006											95.0								
MYS	2007											96.0								
MYS	2008											97.0								
MYS	2009											96.0								
MYS	2010											96.0								
MYS	2011											96.0								
MYS	2012											97.0								
MYS	2013											96.0								
MYS	2014											96.0								
MYS	2015						0.65					99.0								
MYS	2016											98.0								
MYS	2017											98.0								
MYS	2018											99.0								
MYS	2019											97.0								
MYS	2020						0.635					99.0								
MYS	2021											94.0								
MYS	2022	109.0	34755.0	9.0	396690.0	5230.0		1.7	14846.0	43.0	4.0	96.0	713.0	36989.0	10.0	516676.0	1568.0	0.2	18220.0	34.0
MYS	2023											95.0								
MYS	2024											93.0								
NAM	2000											0.0								
NAM	2001											0.0								
NAM	2002											0.0								
NAM	2003											0.0								
NAM	2004											0.0								
NAM	2005											0.0								
NAM	2006											0.0								
NAM	2007											0.0								
NAM	2008											0.0								
NAM	2009											0.0								
NAM	2010											83.0								
NAM	2011											82.0								
NAM	2012											84.0								
NAM	2013											89.0								
NAM	2014											88.0								
NAM	2015						1.4500000000000002					92.0								
NAM	2016											85.0								
NAM	2017											88.0								
NAM	2018											89.0								
NAM	2019											87.0								
NAM	2020						2.96					93.0								
NAM	2021											94.0								
NAM	2022	471.0	22413.0	16.0	142736.0	630.0		5.6	199.0	1.0	0.0	84.0	92.0	2428.0	24.0	10406.0	141.0	0.4	74.0	3.0
NAM	2023											83.0								
NAM	2024											74.0								
NER	2000											0.0								
NER	2001											0.0								
NER	2002											0.0								
NER	2003											0.0								
NER	2004											0.0								
NER	2005											0.0								
NER	2006											0.0								
NER	2007											0.0								
NER	2008											0.0								
NER	2009											71.0								
NER	2010											70.0								
NER	2011											75.0								
NER	2012											73.0								
NER	2013											75.0								
NER	2014											82.0								
NER	2015						8.8					84.0								
NER	2016											80.0								
NER	2017											85.0								
NER	2018											79.0								
NER	2019											81.0								
NER	2020						7.1499999999999995					81.0								
NER	2021											82.0								
NER	2022	10359.0	28588.0	1.0	2640230.0	43850.0		10.1	1703.0	6.0	0.0	84.0	830.0	13991.0	8.0	198612.0	4313.0	0.7	2846.0	17.0
NER	2023											85.0								
NER	2024											86.0								
NGA	2000											0.0								
NGA	2001											0.0								
NGA	2002											0.0								
NGA	2003											0.0								
NGA	2004											8.0								
NGA	2005											18.0								
NGA	2006											27.0								
NGA	2007											42.0								
NGA	2008											53.0								
NGA	2009											63.0								
NGA	2010											49.0								
NGA	2011											45.0								
NGA	2012											42.0								
NGA	2013											43.0								
NGA	2014											43.0								
NGA	2015						4.05					42.0								
NGA	2016											53.0								
NGA	2017											55.0								
NGA	2018											61.0								
NGA	2019											66.0								
NGA	2020						4.305					62.0								
NGA	2021											61.0								
NGA	2022	46144.0	81030.0	1.0	14384770.0	299334.0		6.6	7834.0	10.0	0.0	59.0	5652.0	52801.0	5.0	1349056.0	27596.0	0.6	9311.0	15.0
NGA	2023											67.0								
NGA	2024											67.0								
NIC	2015						0.25													
NIC	2020						0.285													
NIC	2022	322.0	3530.0	7.0	51643.0	80.0		0.7	191.0	5.0	0.0		230.0	4794.0	15.0	37632.0	413.0	0.5	1105.0	19.0
NIU	2000											99.0								
NIU	2001											99.0								
NIU	2002											99.0								
NIU	2003											95.0								
NIU	2004											99.0								
NIU	2005											86.0								
NIU	2006											99.0								
NIU	2007											99.0								
NIU	2008											99.0								
NIU	2009											99.0								
NIU	2010											99.0								
NIU	2011											99.0								
NIU	2012											99.0								
NIU	2013											99.0								
NIU	2014											99.0								
NIU	2015						1.0					99.0								
NIU	2016											99.0								
NIU	2017											99.0								
NIU	2018											99.0								
NIU	2019											99.0								
NIU	2020						3.45					99.0								
NIU	2021											99.0								
NIU	2022	0.0	6.0	6.0	111.0	1.0		5.8	0.0	2.0	0.0	99.0	0.0	2.0	10.0	19.0	1.0	1.0	0.0	0.0
NIU	2023											99.0								
NIU	2024											99.0								
NLD	2000											0.0								
NLD	2001											0.0								
NLD	2002											0.0								
NLD	2003											0.0								
NLD	2004											0.0								
NLD	2005											0.0								
NLD	2006											0.0								
NLD	2007											0.0								
NLD	2008											0.0								
NLD	2009											0.0								
NLD	2010											0.0								
NLD	2011											20.0								
NLD	2012											20.0								
NLD	2013											51.0								
NLD	2014											95.0								
NLD	2015						0.05					94.0								
NLD	2016											93.0								
NLD	2017											92.0								
NLD	2018											92.0								
NLD	2019											92.0								
NLD	2020						0.26					93.0								
NLD	2021											93.0								
NLD	2022			0.0	48756.0			0.3	4750.0		10.0	88.0				6183.0		0.0	7964.0	
NLD	2023											86.0								
NLD	2024											89.0								
NOR	2000											0.0								
NOR	2001											0.0								
NOR	2002											0.0								
NOR	2003											0.0								
NOR	2004											0.0								
NOR	2005											0.0								
NOR	2006											0.0								
NOR	2007											0.0								
NOR	2008											0.0								
NOR	2009											0.0								
NOR	2010											0.0								
NOR	2011											0.0								
NOR	2012											0.0								
NOR	2013											0.0								
NOR	2014											0.0								
NOR	2015						0.0					0.0								
NOR	2016											0.0								
NOR	2017											0.0								
NOR	2018											0.0								
NOR	2019											96.0								
NOR	2020						0.02					97.0								
NOR	2021											96.0								
NOR	2022	53.0	115000.0	100.0	16375.0	4.0		0.3	1354.0	1.0	8.0	96.0	2.0	4029.0	82.0	9164.0	50.0	0.2	20787.0	87.0
NOR	2023											96.0								
NOR	2024											96.0								
NPL	2000											0.0								
NPL	2001											0.0								
NPL	2002											0.0								
NPL	2003											2.0								
NPL	2004											27.0								
NPL	2005											41.0								
NPL	2006											69.0								
NPL	2007											82.0								
NPL	2008											82.0								
NPL	2009											89.0								
NPL	2010											82.0								
NPL	2011											92.0								
NPL	2012											90.0								
NPL	2013											92.0								
NPL	2014											92.0								
NPL	2015						0.6					91.0								
NPL	2016											87.0								
NPL	2017											90.0								
NPL	2018											91.0								
NPL	2019											93.0								
NPL	2020						0.48500000000000004					84.0								
NPL	2021											91.0								
NPL	2022	594.0	28655.0	8.0	359298.0	2023.0		1.2	1157.0	4.0	0.0	90.0	331.0	16134.0	13.0	153690.0	4799.0	0.4	5230.0	25.0
NPL	2023											94.0								
NPL	2024											97.0								
NRU	2000											58.0								
NRU	2001											95.0								
NRU	2002											75.0								
NRU	2003											77.0								
NRU	2004											78.0								
NRU	2005											80.0								
NRU	2006											99.0								
NRU	2007											99.0								
NRU	2008											99.0								
NRU	2009											99.0								
NRU	2010											99.0								
NRU	2011											99.0								
NRU	2012											79.0								
NRU	2013											87.0								
NRU	2014											95.0								
NRU	2015						7.1499999999999995					91.0								
NRU	2016											97.0								
NRU	2017											87.0								
NRU	2018											90.0								
NRU	2019											96.0								
NRU	2020						5.75					95.0								
NRU	2021											98.0								
NRU	2022	3.0	42.0		730.0	9.0		5.8	1.0	2.0	0.0	97.0	0.0	12.0	10.0	126.0	3.0	1.0	0.0	0.0
NRU	2023											97.0								
NRU	2024											97.0								
NZL	2000											90.0								
NZL	2001											90.0								
NZL	2002											89.0								
NZL	2003											89.0								
NZL	2004											88.0								
NZL	2005											87.0								
NZL	2006											87.0								
NZL	2007											88.0								
NZL	2008											90.0								
NZL	2009											93.0								
NZL	2010											90.0								
NZL	2011											95.0								
NZL	2012											93.0								
NZL	2013											93.0								
NZL	2014											93.0								
NZL	2015						2.15					92.0								
NZL	2016											92.0								
NZL	2017											94.0								
NZL	2018											93.0								
NZL	2019											92.0								
NZL	2020						2.05					92.0								
NZL	2021											90.0								
NZL	2022	609.0	58164.0	67.0	86603.0	18.0			6136.0	11.0	7.0	89.0	276.0	24679.0	69.0	40418.0	586.0	0.4	10595.0	30.0
NZL	2023											88.0								
NZL	2024											89.0								
OMN	2000											99.0								
OMN	2001											99.0								
OMN	2002											99.0								
OMN	2003											99.0								
OMN	2004											99.0								
OMN	2005											99.0								
OMN	2006											99.0								
OMN	2007											99.0								
OMN	2008											99.0								
OMN	2009											98.0								
OMN	2010											99.0								
OMN	2011											99.0								
OMN	2012											98.0								
OMN	2013											98.0								
OMN	2014											99.0								
OMN	2015						1.8					99.0								
OMN	2016											99.0								
OMN	2017											99.0								
OMN	2018											99.0								
OMN	2019											99.0								
OMN	2020						1.6099999999999999					99.0								
OMN	2021											99.0								
OMN	2022	185.0	9241.0	8.0	112358.0	74.0		2.5	500.0	5.0	0.0	99.0	48.0	2600.0	29.0	15679.0	398.0	0.3	3012.0	55.0
OMN	2023											99.0								
OMN	2024											99.0								
PAK	2000											0.0								
PAK	2001											0.0								
PAK	2002											0.0								
PAK	2003											62.0								
PAK	2004											62.0								
PAK	2005											65.0								
PAK	2006											60.0								
PAK	2007											54.0								
PAK	2008											53.0								
PAK	2009											52.0								
PAK	2010											52.0								
PAK	2011											63.0								
PAK	2012											64.0								
PAK	2013											65.0								
PAK	2014											69.0								
PAK	2015						4.199999999999999					72.0								
PAK	2016											75.0								
PAK	2017											75.0								
PAK	2018											80.0								
PAK	2019											84.0								
PAK	2020						1.96					80.0								
PAK	2021											83.0								
PAK	2022	10260.0	1103325.0	29.0	3796372.0	15068.0		1.6	130870.0	12.0	3.0	85.0	50000.0	1902877.0	36.0	8790812.0	110000.0	4.1	2108863.0	54.0
PAK	2023											86.0								
PAK	2024											87.0								
PAN	2000											0.0								
PAN	2001											98.0								
PAN	2002											98.0								
PAN	2003											98.0								
PAN	2004											95.0								
PAN	2005											92.0								
PAN	2006											88.0								
PAN	2007											85.0								
PAN	2008											86.0								
PAN	2009											85.0								
PAN	2010											94.0								
PAN	2011											87.0								
PAN	2012											85.0								
PAN	2013											80.0								
PAN	2014											80.0								
PAN	2015						0.75					73.0								
PAN	2016											86.0								
PAN	2017											81.0								
PAN	2018											88.0								
PAN	2019											88.0								
PAN	2020						0.62					74.0								
PAN	2021											87.0								
PAN	2022	44.0	3760.0	29.0	13132.0	21.0		0.3	124.0	3.0	1.0	82.0	71.0	237.0	2.0	14397.0	371.0	0.3	31.0	11.0
PAN	2023											71.0								
PAN	2024											72.0								
PER	2000											0.0								
PER	2001											0.0								
PER	2002											0.0								
PER	2003											65.0								
PER	2004											92.0								
PER	2005											94.0								
PER	2006											94.0								
PER	2007											93.0								
PER	2008											93.0								
PER	2009											93.0								
PER	2010											93.0								
PER	2011											91.0								
PER	2012											95.0								
PER	2013											88.0								
PER	2014											88.0								
PER	2015						0.85					90.0								
PER	2016											90.0								
PER	2017											89.0								
PER	2018											89.0								
PER	2019											88.0								
PER	2020						0.61					72.0								
PER	2021											82.0								
PER	2022	365.0	24943.0	17.0	146893.0	361.0		0.4	2106.0	8.0	1.0	82.0	310.0	2507.0	5.0	57756.0	814.0	0.2	522.0	17.0
PER	2023											84.0								
PER	2024											80.0								
PHL	2000											7.0								
PHL	2001											45.0								
PHL	2002											42.0								
PHL	2003											52.0								
PHL	2004											48.0								
PHL	2005											49.0								
PHL	2006											77.0								
PHL	2007											87.0								
PHL	2008											87.0								
PHL	2009											88.0								
PHL	2010											88.0								
PHL	2011											89.0								
PHL	2012											89.0								
PHL	2013											84.0								
PHL	2014											79.0								
PHL	2015						2.35					74.0								
PHL	2016											84.0								
PHL	2017											83.0								
PHL	2018											83.0								
PHL	2019											82.0								
PHL	2020						1.94					81.0								
PHL	2021											67.0								
PHL	2022	18583.0	632280.0	11.0	5660072.0	31609.0		4.9	11700.0	2.0	0.0	82.0	3001.0	80736.0	19.0	427470.0	8939.0	0.4	2760.0	3.0
PHL	2023											87.0								
PHL	2024											71.0								
PLW	2000											96.0								
PLW	2001											98.0								
PLW	2002											99.0								
PLW	2003											99.0								
PLW	2004											98.0								
PLW	2005											98.0								
PLW	2006											98.0								
PLW	2007											91.0								
PLW	2008											92.0								
PLW	2009											69.0								
PLW	2010											80.0								
PLW	2011											91.0								
PLW	2012											89.0								
PLW	2013											99.0								
PLW	2014											99.0								
PLW	2015						0.7999999999999999					90.0								
PLW	2016											98.0								
PLW	2017											98.0								
PLW	2018											98.0								
PLW	2019											98.0								
PLW	2020						0.4					93.0								
PLW	2021											96.0								
PLW	2022	4.0	59.0		1040.0	13.0		5.8	1.0	2.0	0.0	95.0	1.0	17.0	10.0	180.0	5.0	1.0	0.0	0.0
PLW	2023											98.0								
PLW	2024											99.0								
PNG	2000											57.0								
PNG	2001											59.0								
PNG	2002											60.0								
PNG	2003											67.0								
PNG	2004											60.0								
PNG	2005											63.0								
PNG	2006											69.0								
PNG	2007											58.0								
PNG	2008											55.0								
PNG	2009											64.0								
PNG	2010											55.0								
PNG	2011											58.0								
PNG	2012											57.0								
PNG	2013											59.0								
PNG	2014											52.0								
PNG	2015						3.8000000000000003					49.0								
PNG	2016											46.0								
PNG	2017											36.0								
PNG	2018											35.0								
PNG	2019											35.0								
PNG	2020						3.615					40.0								
PNG	2021											32.0								
PNG	2022	2390.0	28374.0	5.0	593071.0	8545.0		5.8	57.0	0.0	0.0	37.0	462.0	11896.0	12.0	101947.0	2856.0	1.1	0.0	0.0
PNG	2023											35.0								
PNG	2024											42.0								
POL	2000											99.0								
POL	2001											95.0								
POL	2002											98.0								
POL	2003											97.0								
POL	2004											98.0								
POL	2005											98.0								
POL	2006											98.0								
POL	2007											98.0								
POL	2008											98.0								
POL	2009											98.0								
POL	2010											98.0								
POL	2011											98.0								
POL	2012											97.0								
POL	2013											96.0								
POL	2014											96.0								
POL	2015						0.15					96.0								
POL	2016											95.0								
POL	2017											93.0								
POL	2018											91.0								
POL	2019											91.0								
POL	2020						0.195					90.0								
POL	2021											89.0								
POL	2022			0.0	220820.0			0.6	8541.0		4.0	90.0		56850.0		108210.0		0.3	46900.0	
POL	2023											90.0								
POL	2024											87.0								
PRK	2000											0.0								
PRK	2001											0.0								
PRK	2002											0.0								
PRK	2003											27.0								
PRK	2004											98.0								
PRK	2005											92.0								
PRK	2006											96.0								
PRK	2007											92.0								
PRK	2008											92.0								
PRK	2009											93.0								
PRK	2010											93.0								
PRK	2011											94.0								
PRK	2012											96.0								
PRK	2013											93.0								
PRK	2014											93.0								
PRK	2015						2.45					96.0								
PRK	2016											96.0								
PRK	2017											97.0								
PRK	2018											97.0								
PRK	2019											97.0								
PRK	2020						3.305					97.0								
PRK	2021											99.0								
PRK	2022											99.0								
PRK	2023											99.0								
PRK	2024											99.0								
PRT	2000											58.0								
PRT	2001											70.0								
PRT	2002											82.0								
PRT	2003											94.0								
PRT	2004											94.0								
PRT	2005											94.0								
PRT	2006											97.0								
PRT	2007											97.0								
PRT	2008											97.0								
PRT	2009											96.0								
PRT	2010											97.0								
PRT	2011											97.0								
PRT	2012											98.0								
PRT	2013											98.0								
PRT	2014											98.0								
PRT	2015						0.5					98.0								
PRT	2016											98.0								
PRT	2017											98.0								
PRT	2018											98.0								
PRT	2019											98.0								
PRT	2020						0.375					99.0								
PRT	2021											99.0								
PRT	2022			0.0	41527.0			0.4			0.0	99.0				40000.0		0.4	31944.0	
PRT	2023											99.0								
PRT	2024											99.0								
PRY	2000											0.0								
PRY	2001											0.0								
PRY	2002											0.0								
PRY	2003											86.0								
PRY	2004											90.0								
PRY	2005											92.0								
PRY	2006											92.0								
PRY	2007											86.0								
PRY	2008											87.0								
PRY	2009											85.0								
PRY	2010											91.0								
PRY	2011											91.0								
PRY	2012											91.0								
PRY	2013											90.0								
PRY	2014											93.0								
PRY	2015						1.25					92.0								
PRY	2016											92.0								
PRY	2017											91.0								
PRY	2018											88.0								
PRY	2019											86.0								
PRY	2020						1.255					79.0								
PRY	2021											70.0								
PRY	2022	109.0	5280.0	16.0	33914.0	106.0		0.5	40.0	1.0	0.0	69.0	94.0	2870.0	37.0	16989.0	127.0	0.3	5543.0	68.0
PRY	2023											71.0								
PRY	2024											80.0								
PSE	2000											95.0								
PSE	2001											92.0								
PSE	2002											91.0								
PSE	2003											97.0								
PSE	2004											96.0								
PSE	2005											99.0								
PSE	2006											97.0								
PSE	2007											98.0								
PSE	2008											96.0								
PSE	2009											97.0								
PSE	2010											98.0								
PSE	2011											99.0								
PSE	2012											99.0								
PSE	2013											99.0								
PSE	2014											99.0								
PSE	2015											99.0								
PSE	2016											99.0								
PSE	2017											99.0								
PSE	2018											99.0								
PSE	2019											99.0								
PSE	2020						0.675					98.0								
PSE	2021											95.0								
PSE	2022											99.0								
PSE	2023											91.0								
PSE	2024											91.0								
QAT	2000											89.0								
QAT	2001											93.0								
QAT	2002											98.0								
QAT	2003											93.0								
QAT	2004											97.0								
QAT	2005											97.0								
QAT	2006											96.0								
QAT	2007											94.0								
QAT	2008											97.0								
QAT	2009											99.0								
QAT	2010											97.0								
QAT	2011											93.0								
QAT	2012											93.0								
QAT	2013											97.0								
QAT	2014											89.0								
QAT	2015						0.7999999999999999					99.0								
QAT	2016											98.0								
QAT	2017											97.0								
QAT	2018											98.0								
QAT	2019											98.0								
QAT	2020						0.635					89.0								
QAT	2021											98.0								
QAT	2022	91.0	8516.0	28.0	30160.0	51.0		1.1	695.0	8.0	2.0	98.0	84.0	12396.0	33.0	42170.0	1526.0	1.5	2687.0	18.0
QAT	2023											95.0								
QAT	2024											96.0								
ROU	2000											98.0								
ROU	2001											98.0								
ROU	2002											99.0								
ROU	2003											98.0								
ROU	2004											99.0								
ROU	2005											98.0								
ROU	2006											99.0								
ROU	2007											99.0								
ROU	2008											97.0								
ROU	2009											95.0								
ROU	2010											98.0								
ROU	2011											96.0								
ROU	2012											96.0								
ROU	2013											96.0								
ROU	2014											94.0								
ROU	2015						2.75					90.0								
ROU	2016											90.0								
ROU	2017											92.0								
ROU	2018											93.0								
ROU	2019											90.0								
ROU	2020						2.195					87.0								
ROU	2021											86.0								
ROU	2022		942.0	0.0	962571.0			5.1	19594.0	100.0	2.0	85.0		58000.0		136999.0		0.7		
ROU	2023											79.0								
ROU	2024											79.0								
RUS	2000											0.0								
RUS	2001											43.0								
RUS	2002											81.0								
RUS	2003											94.0								
RUS	2004											96.0								
RUS	2005											97.0								
RUS	2006											98.0								
RUS	2007											98.0								
RUS	2008											98.0								
RUS	2009											98.0								
RUS	2010											97.0								
RUS	2011											97.0								
RUS	2012											97.0								
RUS	2013											97.0								
RUS	2014											97.0								
RUS	2015						1.9					97.0								
RUS	2016											97.0								
RUS	2017											97.0								
RUS	2018											97.0								
RUS	2019											97.0								
RUS	2020						1.875					97.0								
RUS	2021											97.0								
RUS	2022	8477.0	496790.0	30.0	1650951.0	9297.0		1.1	2971.0	1.0	0.0	97.0	4927.0	1028538.0	42.0	2663597.0	33877.0	1.9	151181.0	13.0
RUS	2023											97.0								
RUS	2024											97.0								
RWA	2000											0.0								
RWA	2001											0.0								
RWA	2002											88.0								
RWA	2003											96.0								
RWA	2004											89.0								
RWA	2005											95.0								
RWA	2006											99.0								
RWA	2007											97.0								
RWA	2008											97.0								
RWA	2009											97.0								
RWA	2010											97.0								
RWA	2011											97.0								
RWA	2012											98.0								
RWA	2013											98.0								
RWA	2014											98.0								
RWA	2015						3.1					98.0								
RWA	2016											98.0								
RWA	2017											98.0								
RWA	2018											97.0								
RWA	2019											98.0								
RWA	2020						1.415					91.0								
RWA	2021											88.0								
RWA	2022	706.0	138512.0	67.0	207232.0	8115.0		1.6	8258.0	6.0	4.0	98.0	177.0	157276.0	100.0	62170.0	3352.0	0.5	59654.0	28.0
RWA	2023											94.0								
RWA	2024											98.0								
SAU	2000											93.0								
SAU	2001											95.0								
SAU	2002											97.0								
SAU	2003											95.0								
SAU	2004											96.0								
SAU	2005											97.0								
SAU	2006											96.0								
SAU	2007											96.0								
SAU	2008											98.0								
SAU	2009											98.0								
SAU	2010											98.0								
SAU	2011											98.0								
SAU	2012											98.0								
SAU	2013											98.0								
SAU	2014											98.0								
SAU	2015						1.2					98.0								
SAU	2016											98.0								
SAU	2017											98.0								
SAU	2018											97.0								
SAU	2019											96.0								
SAU	2020						0.025					95.0								
SAU	2021											97.0								
SAU	2022	2402.0	60191.0	10.0	575956.0	273.0		0.8	6002.0	10.0	1.0	98.0	292.0	30717.0	43.0	100920.0	1943.0	0.1	24452.0	45.0
SAU	2023											97.0								
SAU	2024											97.0								
SDN	2000											0.0								
SDN	2001											0.0								
SDN	2002											0.0								
SDN	2003											0.0								
SDN	2004											0.0								
SDN	2005											22.0								
SDN	2006											60.0								
SDN	2007											78.0								
SDN	2008											78.0								
SDN	2009											72.0								
SDN	2010											75.0								
SDN	2011											93.0								
SDN	2012											92.0								
SDN	2013											93.0								
SDN	2014											94.0								
SDN	2015						5.2					93.0								
SDN	2016											93.0								
SDN	2017											95.0								
SDN	2018											93.0								
SDN	2019											93.0								
SDN	2020						4.56					90.0								
SDN	2021											84.0								
SDN	2022	3299.0	241093.0	12.0	2019584.0	15376.0		4.3	34121.0	14.0	2.0	84.0	875.0	55684.0	14.0	511036.0	11876.0	1.1	21236.0	28.0
SDN	2023											51.0								
SDN	2024											39.0								
SEN	2000											0.0								
SEN	2001											0.0								
SEN	2002											0.0								
SEN	2003											0.0								
SEN	2004											54.0								
SEN	2005											84.0								
SEN	2006											89.0								
SEN	2007											94.0								
SEN	2008											88.0								
SEN	2009											86.0								
SEN	2010											89.0								
SEN	2011											92.0								
SEN	2012											91.0								
SEN	2013											92.0								
SEN	2014											89.0								
SEN	2015						5.85					89.0								
SEN	2016											93.0								
SEN	2017											93.0								
SEN	2018											92.0								
SEN	2019											91.0								
SEN	2020						4.14					83.0								
SEN	2021											85.0								
SEN	2022	4755.0	10402.0	1.0	917427.0	2569.0		5.3	961.0	9.0	0.0	93.0	548.0	9633.0	9.0	129880.0	2861.0	0.7	1736.0	15.0
SEN	2023											92.0								
SEN	2024											91.0								
SGP	2000											97.0								
SGP	2001											95.0								
SGP	2002											95.0								
SGP	2003											95.0								
SGP	2004											94.0								
SGP	2005											96.0								
SGP	2006											95.0								
SGP	2007											96.0								
SGP	2008											97.0								
SGP	2009											96.0								
SGP	2010											96.0								
SGP	2011											96.0								
SGP	2012											97.0								
SGP	2013											97.0								
SGP	2014											96.0								
SGP	2015						1.55					96.0								
SGP	2016											96.0								
SGP	2017											96.0								
SGP	2018											97.0								
SGP	2019											97.0								
SGP	2020						1.405					97.0								
SGP	2021											97.0								
SGP	2022	1002.0	1629.0	1.0	130514.0	41.0		2.2	500.0	31.0	0.0	96.0	376.0	16737.0	95.0	18451.0	116.0	0.3	13547.0	46.0
SGP	2023											97.0								
SGP	2024											96.0								
SLB	2000											81.0								
SLB	2001											83.0								
SLB	2002											75.0								
SLB	2003											79.0								
SLB	2004											81.0								
SLB	2005											83.0								
SLB	2006											99.0								
SLB	2007											90.0								
SLB	2008											89.0								
SLB	2009											91.0								
SLB	2010											87.0								
SLB	2011											92.0								
SLB	2012											92.0								
SLB	2013											83.0								
SLB	2014											77.0								
SLB	2015						6.9					87.0								
SLB	2016											94.0								
SLB	2017											83.0								
SLB	2018											85.0								
SLB	2019											94.0								
SLB	2020						4.845					94.0								
SLB	2021											87.0								
SLB	2022	258.0	3430.0	6.0	60022.0	334.0		8.3	78.0	2.0	0.0	89.0	30.0	755.0	10.0	7293.0	191.0	1.0	0.0	0.0
SLB	2023											84.0								
SLB	2024											87.0								
SLE	2000											0.0								
SLE	2001											0.0								
SLE	2002											0.0								
SLE	2003											0.0								
SLE	2004											0.0								
SLE	2005											0.0								
SLE	2006											0.0								
SLE	2007											63.0								
SLE	2008											77.0								
SLE	2009											84.0								
SLE	2010											86.0								
SLE	2011											89.0								
SLE	2012											91.0								
SLE	2013											92.0								
SLE	2014											83.0								
SLE	2015						13.4					86.0								
SLE	2016											84.0								
SLE	2017											90.0								
SLE	2018											93.0								
SLE	2019											95.0								
SLE	2020						4.97					91.0								
SLE	2021											92.0								
SLE	2022	2199.0	4006.0	1.0	525971.0	2506.0		13.5	578.0	14.0	0.0	91.0	272.0	4787.0	9.0	64279.0	1422.0	0.7	874.0	16.0
SLE	2023											91.0								
SLE	2024											91.0								
SLV	2000											99.0								
SLV	2001											75.0								
SLV	2002											81.0								
SLV	2003											94.0								
SLV	2004											90.0								
SLV	2005											89.0								
SLV	2006											96.0								
SLV	2007											99.0								
SLV	2008											98.0								
SLV	2009											91.0								
SLV	2010											89.0								
SLV	2011											89.0								
SLV	2012											92.0								
SLV	2013											92.0								
SLV	2014											94.0								
SLV	2015						1.2					94.0								
SLV	2016											98.0								
SLV	2017											92.0								
SLV	2018											89.0								
SLV	2019											96.0								
SLV	2020						0.195					89.0								
SLV	2021											97.0								
SLV	2022	279.0	2915.0	5.0	55442.0	51.0		0.9	567.0	19.0	1.0	95.0	94.0	938.0	7.0	14771.0	74.0	0.2	29.0	3.0
SLV	2023											96.0								
SLV	2024											95.0								
SMR	2000											97.0								
SMR	2001											96.0								
SMR	2002											96.0								
SMR	2003											96.0								
SMR	2004											95.0								
SMR	2005											95.0								
SMR	2006											92.0								
SMR	2007											91.0								
SMR	2008											91.0								
SMR	2009											89.0								
SMR	2010											89.0								
SMR	2011											92.0								
SMR	2012											88.0								
SMR	2013											83.0								
SMR	2014											83.0								
SMR	2015						0.5					84.0								
SMR	2016											86.0								
SMR	2017											82.0								
SMR	2018											78.0								
SMR	2019											87.0								
SMR	2020						0.29500000000000004					89.0								
SMR	2021											90.0								
SMR	2022	1.0	49.0	31.0	158.0	0.0		0.5	15.0	30.0	9.0	91.0	1.0	50.0	69.0	102.0	1.0	0.3	68.0	59.0
SMR	2023											91.0								
SMR	2024											88.0								
SOM	2000											0.0								
SOM	2001											0.0								
SOM	2002											0.0								
SOM	2003											0.0								
SOM	2004											0.0								
SOM	2005											0.0								
SOM	2006											0.0								
SOM	2007											0.0								
SOM	2008											0.0								
SOM	2009											0.0								
SOM	2010											0.0								
SOM	2011											0.0								
SOM	2012											0.0								
SOM	2013											44.0								
SOM	2014											46.0								
SOM	2015						12.0					48.0								
SOM	2016											49.0								
SOM	2017											51.0								
SOM	2018											53.0								
SOM	2019											57.0								
SOM	2020						9.725000000000001					55.0								
SOM	2021											62.0								
SOM	2022	1141.0	1702.0	0.0	909909.0	12218.0		5.2	111.0	7.0	0.0	71.0	439.0	56.0	0.0	117953.0	2462.0	0.7	0.0	0.0
SOM	2023											69.0								
SOM	2024											70.0								
SRB	2000											0.0								
SRB	2001											0.0								
SRB	2002											0.0								
SRB	2003											0.0								
SRB	2004											89.0								
SRB	2005											65.0								
SRB	2006											93.0								
SRB	2007											99.0								
SRB	2008											93.0								
SRB	2009											93.0								
SRB	2010											89.0								
SRB	2011											94.0								
SRB	2012											97.0								
SRB	2013											91.0								
SRB	2014											92.0								
SRB	2015						0.55					94.0								
SRB	2016											91.0								
SRB	2017											93.0								
SRB	2018											91.0								
SRB	2019											94.0								
SRB	2020						0.725					87.0								
SRB	2021											89.0								
SRB	2022	481.0	27351.0	23.0	118750.0	127.0		1.6	1541.0	6.0	1.0	92.0	260.0	10974.0	33.0	53036.0	921.0	0.6	10710.0	51.0
SRB	2023											93.0								
SRB	2024											93.0								
SSD	2011											0.0								
SSD	2012											0.0								
SSD	2013											0.0								
SSD	2014											0.0								
SSD	2015						21.65					46.0								
SSD	2016											45.0								
SSD	2017											52.0								
SSD	2018											59.0								
SSD	2019											61.0								
SSD	2020						15.559999999999999					67.0								
SSD	2021											69.0								
SSD	2022	1963.0	54742.0	7.0	744050.0	9232.0		9.9	3780.0	7.0	1.0	73.0	268.0	8750.0	17.0	72090.0	1527.0	0.7	3990.0	32.0
SSD	2023											73.0								
SSD	2024											73.0								
STP	2000											0.0								
STP	2001											0.0								
STP	2002											0.0								
STP	2003											43.0								
STP	2004											70.0								
STP	2005											96.0								
STP	2006											75.0								
STP	2007											87.0								
STP	2008											99.0								
STP	2009											98.0								
STP	2010											98.0								
STP	2011											96.0								
STP	2012											96.0								
STP	2013											97.0								
STP	2014											95.0								
STP	2015						2.45					96.0								
STP	2016											96.0								
STP	2017											95.0								
STP	2018											95.0								
STP	2019											95.0								
STP	2020						3.5700000000000003					96.0								
STP	2021											97.0								
STP	2022	104.0	496.0	2.0	21073.0	74.0		9.3	78.0	16.0	0.0	92.0	7.0	126.0	9.0	1695.0	38.0	0.7	23.0	16.0
STP	2023											87.0								
STP	2024											87.0								
SUR	2000											0.0								
SUR	2001											0.0								
SUR	2002											0.0								
SUR	2003											0.0								
SUR	2004											0.0								
SUR	2005											83.0								
SUR	2006											84.0								
SUR	2007											84.0								
SUR	2008											84.0								
SUR	2009											87.0								
SUR	2010											84.0								
SUR	2011											80.0								
SUR	2012											76.0								
SUR	2013											76.0								
SUR	2014											71.0								
SUR	2015						1.05					73.0								
SUR	2016											77.0								
SUR	2017											67.0								
SUR	2018											81.0								
SUR	2019											77.0								
SUR	2020						0.66					51.0								
SUR	2021											72.0								
SUR	2022	37.0	1048.0	9.0	11402.0	19.0		1.8	26.0	2.0	0.0	77.0	24.0	1370.0	38.0	3798.0	56.0	0.6	139.0	9.0
SUR	2023											72.0								
SUR	2024											69.0								
SVK	2000											98.0								
SVK	2001											99.0								
SVK	2002											99.0								
SVK	2003											99.0								
SVK	2004											99.0								
SVK	2005											99.0								
SVK	2006											99.0								
SVK	2007											99.0								
SVK	2008											99.0								
SVK	2009											99.0								
SVK	2010											99.0								
SVK	2011											99.0								
SVK	2012											99.0								
SVK	2013											98.0								
SVK	2014											97.0								
SVK	2015						1.2					96.0								
SVK	2016											96.0								
SVK	2017											96.0								
SVK	2018											97.0								
SVK	2019											97.0								
SVK	2020						1.04					97.0								
SVK	2021											97.0								
SVK	2022		1600.0							0.0		97.0		4884.0		27407.0		0.5	837.0	
SVK	2023											96.0								
SVK	2024											96.0								
SVN	2000											0.0								
SVN	2001											0.0								
SVN	2002											0.0								
SVN	2003											0.0								
SVN	2004											0.0								
SVN	2005											0.0								
SVN	2006											0.0								
SVN	2007											0.0								
SVN	2008											0.0								
SVN	2009											0.0								
SVN	2010											0.0								
SVN	2011											0.0								
SVN	2012											0.0								
SVN	2013											0.0								
SVN	2014											0.0								
SVN	2015						1.05					0.0								
SVN	2016											0.0								
SVN	2017											0.0								
SVN	2018											0.0								
SVN	2019											0.0								
SVN	2020						1.215					0.0								
SVN	2021											86.0								
SVN	2022		2782.0						999.0	36.0		89.0		4191.0		1078.0		0.1	3062.0	
SVN	2023											89.0								
SVN	2024											90.0								
SWE	2000											0.0								
SWE	2001											0.0								
SWE	2002											0.0								
SWE	2003											0.0								
SWE	2004											0.0								
SWE	2005											0.0								
SWE	2006											0.0								
SWE	2007											0.0								
SWE	2008											0.0								
SWE	2009											0.0								
SWE	2010											0.0								
SWE	2011											29.0								
SWE	2012											30.0								
SWE	2013											35.0								
SWE	2014											42.0								
SWE	2015						0.44999999999999996					53.0								
SWE	2016											67.0								
SWE	2017											76.0								
SWE	2018											92.0								
SWE	2019											97.0								
SWE	2020						0.355					97.0								
SWE	2021											98.0								
SWE	2022											94.0				12759.0		0.1		
SWE	2023											94.0								
SWE	2024											95.0								
SWZ	2000											83.0								
SWZ	2001											86.0								
SWZ	2002											88.0								
SWZ	2003											90.0								
SWZ	2004											93.0								
SWZ	2005											95.0								
SWZ	2006											93.0								
SWZ	2007											92.0								
SWZ	2008											90.0								
SWZ	2009											88.0								
SWZ	2010											89.0								
SWZ	2011											91.0								
SWZ	2012											95.0								
SWZ	2013											98.0								
SWZ	2014											98.0								
SWZ	2015						1.5					90.0								
SWZ	2016											90.0								
SWZ	2017											90.0								
SWZ	2018											90.0								
SWZ	2019											90.0								
SWZ	2020						2.1					83.0								
SWZ	2021											77.0								
SWZ	2022	602.0	16376.0	16.0	104289.0	403.0		8.7	970.0	6.0	1.0	97.0	43.0	1137.0	24.0	4838.0	66.0	0.4	35.0	3.0
SWZ	2023											85.0								
SWZ	2024											84.0								
SYC	2000											97.0								
SYC	2001											95.0								
SYC	2002											98.0								
SYC	2003											99.0								
SYC	2004											99.0								
SYC	2005											99.0								
SYC	2006											99.0								
SYC	2007											99.0								
SYC	2008											99.0								
SYC	2009											98.0								
SYC	2010											99.0								
SYC	2011											99.0								
SYC	2012											98.0								
SYC	2013											98.0								
SYC	2014											99.0								
SYC	2015						0.30000000000000004					97.0								
SYC	2016											96.0								
SYC	2017											97.0								
SYC	2018											99.0								
SYC	2019											99.0								
SYC	2020						0.275					97.0								
SYC	2021											94.0								
SYC	2022	21.0	651.0	12.0	5588.0	36.0		5.2	21.0	3.0	0.0	97.0	3.0	80.0	17.0	591.0	14.0	0.6	27.0	25.0
SYC	2023											97.0								
SYC	2024											94.0								
SYR	2000											79.0								
SYR	2001											80.0								
SYR	2002											80.0								
SYR	2003											81.0								
SYR	2004											82.0								
SYR	2005											83.0								
SYR	2006											83.0								
SYR	2007											83.0								
SYR	2008											83.0								
SYR	2009											84.0								
SYR	2010											84.0								
SYR	2011											66.0								
SYR	2012											52.0								
SYR	2013											80.0								
SYR	2014											56.0								
SYR	2015						0.75					50.0								
SYR	2016											59.0								
SYR	2017											61.0								
SYR	2018											60.0								
SYR	2019											67.0								
SYR	2020						1.0499999999999998					62.0								
SYR	2021											59.0								
SYR	2022	2896.0	128308.0	11.0	1121632.0	19724.0		1.7	21690.0	17.0	2.0	59.0	1119.0	133484.0	51.0	288767.0	7313.0	1.3	30177.0	19.0
SYR	2023											66.0								
SYR	2024											73.0								
TCD	2000											0.0								
TCD	2001											0.0								
TCD	2002											0.0								
TCD	2003											0.0								
TCD	2004											0.0								
TCD	2005											0.0								
TCD	2006											0.0								
TCD	2007											0.0								
TCD	2008											17.0								
TCD	2009											24.0								
TCD	2010											39.0								
TCD	2011											33.0								
TCD	2012											40.0								
TCD	2013											39.0								
TCD	2014											36.0								
TCD	2015						4.0					42.0								
TCD	2016											41.0								
TCD	2017											41.0								
TCD	2018											47.0								
TCD	2019											53.0								
TCD	2020						15.065					55.0								
TCD	2021											62.0								
TCD	2022	8903.0	12854.0	1.0	1687587.0	25053.0		9.5	55.0	0.0	0.0	66.0	830.0	20319.0	15.0	140273.0	2755.0	0.8	567.0	3.0
TCD	2023											67.0								
TCD	2024											68.0								
TGO	2000											0.0								
TGO	2001											0.0								
TGO	2002											0.0								
TGO	2003											0.0								
TGO	2004											0.0								
TGO	2005											0.0								
TGO	2006											0.0								
TGO	2007											0.0								
TGO	2008											24.0								
TGO	2009											78.0								
TGO	2010											83.0								
TGO	2011											85.0								
TGO	2012											84.0								
TGO	2013											84.0								
TGO	2014											84.0								
TGO	2015						5.9					82.0								
TGO	2016											82.0								
TGO	2017											84.0								
TGO	2018											82.0								
TGO	2019											86.0								
TGO	2020						8.18					85.0								
TGO	2021											87.0								
TGO	2022	3468.0	11550.0	1.0	833679.0	5454.0		9.4	153.0	1.0	0.0	86.0	280.0	4922.0	9.0	66199.0	1462.0	0.7	895.0	16.0
TGO	2023											90.0								
TGO	2024											90.0								
THA	2000											95.0								
THA	2001											95.0								
THA	2002											95.0								
THA	2003											96.0								
THA	2004											96.0								
THA	2005											96.0								
THA	2006											96.0								
THA	2007											96.0								
THA	2008											98.0								
THA	2009											98.0								
THA	2010											98.0								
THA	2011											98.0								
THA	2012											98.0								
THA	2013											99.0								
THA	2014											99.0								
THA	2015						0.7999999999999999					99.0								
THA	2016											99.0								
THA	2017											99.0								
THA	2018											97.0								
THA	2019											97.0								
THA	2020						1.56					97.0								
THA	2021											92.0								
THA	2022	12958.0	214212.0	12.0	1837909.0	1104.0		2.6	11952.0	6.0	1.0	92.0	2123.0	91621.0	28.0	374514.0	6630.0	0.5	20880.0	19.0
THA	2023											92.0								
THA	2024											92.0								
TJK	2000											0.0								
TJK	2001											0.0								
TJK	2002											39.0								
TJK	2003											58.0								
TJK	2004											81.0								
TJK	2005											81.0								
TJK	2006											88.0								
TJK	2007											84.0								
TJK	2008											86.0								
TJK	2009											93.0								
TJK	2010											93.0								
TJK	2011											96.0								
TJK	2012											94.0								
TJK	2013											96.0								
TJK	2014											97.0								
TJK	2015						2.9					96.0								
TJK	2016											97.0								
TJK	2017											97.0								
TJK	2018											96.0								
TJK	2019											97.0								
TJK	2020						2.3699999999999997					97.0								
TJK	2021											97.0								
TJK	2022	1706.0	33532.0	6.0	532731.0	541.0		5.4	5000.0	15.0	1.0	97.0	848.0	11628.0	7.0	261968.0	7103.0	2.6	8432.0	43.0
TJK	2023											96.0								
TJK	2024											97.0								
TKM	2000											0.0								
TKM	2001											0.0								
TKM	2002											96.0								
TKM	2003											97.0								
TKM	2004											96.0								
TKM	2005											99.0								
TKM	2006											98.0								
TKM	2007											98.0								
TKM	2008											96.0								
TKM	2009											97.0								
TKM	2010											96.0								
TKM	2011											97.0								
TKM	2012											98.0								
TKM	2013											98.0								
TKM	2014											97.0								
TKM	2015						1.05					99.0								
TKM	2016											98.0								
TKM	2017											99.0								
TKM	2018											99.0								
TKM	2019											99.0								
TKM	2020						1.115					99.0								
TKM	2021											97.0								
TKM	2022	1506.0	13962.0	3.0	529437.0	547.0		8.2	6192.0	44.0	1.0	98.0	375.0	9145.0	13.0	163992.0	4579.0	2.5	13759.0	62.0
TKM	2023											98.0								
TKM	2024											99.0								
TLS	2002											0.0								
TLS	2003											0.0								
TLS	2004											0.0								
TLS	2005											0.0								
TLS	2006											0.0								
TLS	2007											0.0								
TLS	2008											79.0								
TLS	2009											72.0								
TLS	2010											72.0								
TLS	2011											67.0								
TLS	2012											83.0								
TLS	2013											82.0								
TLS	2014											77.0								
TLS	2015						1.45					76.0								
TLS	2016											79.0								
TLS	2017											83.0								
TLS	2018											83.0								
TLS	2019											83.0								
TLS	2020						2.815					83.0								
TLS	2021											83.0								
TLS	2022	251.0	14241.0	12.0	122190.0	657.0		9.1	71.0	0.0	0.0	83.0	37.0	1002.0	17.0	7466.0	173.0	0.6	328.0	25.0
TLS	2023											83.0								
TLS	2024											83.0								
TON	2000											97.0								
TON	2001											96.0								
TON	2002											95.0								
TON	2003											93.0								
TON	2004											99.0								
TON	2005											99.0								
TON	2006											99.0								
TON	2007											99.0								
TON	2008											98.0								
TON	2009											99.0								
TON	2010											99.0								
TON	2011											99.0								
TON	2012											95.0								
TON	2013											99.0								
TON	2014											98.0								
TON	2015						5.9					96.0								
TON	2016											96.0								
TON	2017											99.0								
TON	2018											99.0								
TON	2019											99.0								
TON	2020						4.970000000000001					99.0								
TON	2021											99.0								
TON	2022	54.0	2686.0		9582.0	19.0		9.0	1.0	0.0	0.0	99.0	4.0	106.0	11.0	982.0	28.0	1.0	0.0	0.0
TON	2023											99.0								
TON	2024											99.0								
TTO	2000											0.0								
TTO	2001											0.0								
TTO	2002											5.0								
TTO	2003											76.0								
TTO	2004											94.0								
TTO	2005											95.0								
TTO	2006											89.0								
TTO	2007											89.0								
TTO	2008											90.0								
TTO	2009											90.0								
TTO	2010											90.0								
TTO	2011											90.0								
TTO	2012											92.0								
TTO	2013											92.0								
TTO	2014											92.0								
TTO	2015						0.8500000000000001					90.0								
TTO	2016											97.0								
TTO	2017											89.0								
TTO	2018											99.0								
TTO	2019											93.0								
TTO	2020						0.615					96.0								
TTO	2021											94.0								
TTO	2022	128.0	1675.0	6.0	28920.0	25.0		1.9	234.0	14.0	1.0	93.0	60.0	3393.0	38.0	9354.0	139.0	0.6	351.0	9.0
TTO	2023											96.0								
TTO	2024											92.0								
TUN	2000											94.0								
TUN	2001											94.0								
TUN	2002											93.0								
TUN	2003											92.0								
TUN	2004											96.0								
TUN	2005											97.0								
TUN	2006											99.0								
TUN	2007											98.0								
TUN	2008											99.0								
TUN	2009											99.0								
TUN	2010											98.0								
TUN	2011											98.0								
TUN	2012											97.0								
TUN	2013											98.0								
TUN	2014											98.0								
TUN	2015						2.85					98.0								
TUN	2016											98.0								
TUN	2017											98.0								
TUN	2018											97.0								
TUN	2019											98.0								
TUN	2020						1.455					97.0								
TUN	2021											97.0								
TUN	2022	1623.0	50432.0	11.0	440861.0	325.0		3.6	9011.0	18.0	2.0	97.0	209.0	11974.0	34.0	44056.0	940.0	0.4	4720.0	29.0
TUN	2023											97.0								
TUN	2024											97.0								
TUR	2000											71.0								
TUR	2001											77.0								
TUR	2002											72.0								
TUR	2003											68.0								
TUR	2004											77.0								
TUR	2005											85.0								
TUR	2006											82.0								
TUR	2007											96.0								
TUR	2008											92.0								
TUR	2009											94.0								
TUR	2010											96.0								
TUR	2011											96.0								
TUR	2012											97.0								
TUR	2013											97.0								
TUR	2014											96.0								
TUR	2015						1.45					97.0								
TUR	2016											98.0								
TUR	2017											96.0								
TUR	2018											98.0								
TUR	2019											99.0								
TUR	2020						1.7349999999999999					98.0								
TUR	2021											96.0								
TUR	2022	7043.0	282434.0	14.0	1983857.0	1329.0		2.3	80021.0	28.0	4.0	99.0	1392.0	57211.0	38.0	217242.0	1827.0	0.3	41409.0	43.0
TUR	2023											99.0								
TUR	2024											99.0								
TUV	2000											81.0								
TUV	2001											99.0								
TUV	2002											99.0								
TUV	2003											95.0								
TUV	2004											98.0								
TUV	2005											79.0								
TUV	2006											97.0								
TUV	2007											97.0								
TUV	2008											99.0								
TUV	2009											91.0								
TUV	2010											89.0								
TUV	2011											96.0								
TUV	2012											97.0								
TUV	2013											90.0								
TUV	2014											89.0								
TUV	2015						3.1					96.0								
TUV	2016											94.0								
TUV	2017											96.0								
TUV	2018											89.0								
TUV	2019											92.0								
TUV	2020						2.795					93.0								
TUV	2021											94.0								
TUV	2022	5.0	51.0		887.0	3.0		7.8	1.0	2.0	0.0	91.0	0.0	11.0	10.0	113.0	3.0	1.0	0.0	0.0
TUV	2023											94.0								
TUV	2024											94.0								
TZA	2000											0.0								
TZA	2001											0.0								
TZA	2002											89.0								
TZA	2003											95.0								
TZA	2004											95.0								
TZA	2005											90.0								
TZA	2006											90.0								
TZA	2007											83.0								
TZA	2008											86.0								
TZA	2009											85.0								
TZA	2010											91.0								
TZA	2011											90.0								
TZA	2012											92.0								
TZA	2013											91.0								
TZA	2014											97.0								
TZA	2015						2.85					96.0								
TZA	2016											92.0								
TZA	2017											90.0								
TZA	2018											89.0								
TZA	2019											91.0								
TZA	2020						2.62					91.0								
TZA	2021											86.0								
TZA	2022	8981.0	84254.0	5.0	1855605.0	10410.0		2.8	550.0	1.0	0.0	87.0	347.0	6943.0	7.0	99576.0	1312.0	0.2	29.0	0.0
TZA	2023											83.0								
TZA	2024											83.0								
UGA	2000											0.0								
UGA	2001											0.0								
UGA	2002											29.0								
UGA	2003											44.0								
UGA	2004											62.0								
UGA	2005											64.0								
UGA	2006											64.0								
UGA	2007											73.0								
UGA	2008											71.0								
UGA	2009											79.0								
UGA	2010											80.0								
UGA	2011											82.0								
UGA	2012											83.0								
UGA	2013											84.0								
UGA	2014											85.0								
UGA	2015						4.75					89.0								
UGA	2016											93.0								
UGA	2017											94.0								
UGA	2018											93.0								
UGA	2019											93.0								
UGA	2020						2.2					89.0								
UGA	2021											91.0								
UGA	2022	1683.0	396370.0	35.0	1123667.0	5549.0		2.4	5412.0	1.0	0.0	89.0	723.0	30333.0	9.0	356043.0	5678.0	0.7	296.0	1.0
UGA	2023											91.0								
UGA	2024											91.0								
UKR	2000											4.0								
UKR	2001											7.0								
UKR	2002											48.0								
UKR	2003											77.0								
UKR	2004											98.0								
UKR	2005											97.0								
UKR	2006											96.0								
UKR	2007											92.0								
UKR	2008											84.0								
UKR	2009											66.0								
UKR	2010											48.0								
UKR	2011											21.0								
UKR	2012											46.0								
UKR	2013											46.0								
UKR	2014											22.0								
UKR	2015						0.8					22.0								
UKR	2016											26.0								
UKR	2017											52.0								
UKR	2018											67.0								
UKR	2019											77.0								
UKR	2020						0.69					81.0								
UKR	2021											77.0								
UKR	2022	1650.0	60781.0	12.0	505658.0	990.0		1.3	1830.0	3.0	0.0	62.0	6732.0	96095.0	11.0	1250706.0	18031.0	3.4	55400.0	37.0
UKR	2023											79.0								
UKR	2024											88.0								
URY	2000											92.0								
URY	2001											94.0								
URY	2002											95.0								
URY	2003											91.0								
URY	2004											94.0								
URY	2005											96.0								
URY	2006											95.0								
URY	2007											94.0								
URY	2008											94.0								
URY	2009											95.0								
URY	2010											95.0								
URY	2011											95.0								
URY	2012											95.0								
URY	2013											95.0								
URY	2014											95.0								
URY	2015						0.7					95.0								
URY	2016											95.0								
URY	2017											93.0								
URY	2018											91.0								
URY	2019											94.0								
URY	2020						0.48000000000000004					92.0								
URY	2021											91.0								
URY	2022	18.0	1850.0	34.0	5415.0	8.0		5.0	141.0	8.0	3.0	94.0	152.0	1851.0	14.0	17020.0	57.0	0.5	719.0	28.0
URY	2023											95.0								
URY	2024											94.0								
USA	2000											90.0								
USA	2001											89.0								
USA	2002											88.0								
USA	2003											92.0								
USA	2004											92.0								
USA	2005											93.0								
USA	2006											93.0								
USA	2007											93.0								
USA	2008											94.0								
USA	2009											92.0								
USA	2010											92.0								
USA	2011											91.0								
USA	2012											90.0								
USA	2013											91.0								
USA	2014											92.0								
USA	2015						0.1					92.0								
USA	2016											93.0								
USA	2017											91.0								
USA	2018											91.0								
USA	2019											91.0								
USA	2020						0.11					91.0								
USA	2021											92.0								
USA	2022											93.0								
USA	2023											93.0								
USA	2024											93.0								
UZB	2000											0.0								
UZB	2001											0.0								
UZB	2002											62.0								
UZB	2003											99.0								
UZB	2004											99.0								
UZB	2005											99.0								
UZB	2006											98.0								
UZB	2007											99.0								
UZB	2008											91.0								
UZB	2009											98.0								
UZB	2010											99.0								
UZB	2011											99.0								
UZB	2012											99.0								
UZB	2013											99.0								
UZB	2014											99.0								
UZB	2015						2.75					99.0								
UZB	2016											99.0								
UZB	2017											99.0								
UZB	2018											98.0								
UZB	2019											96.0								
UZB	2020						2.465					95.0								
UZB	2021											98.0								
UZB	2022	1611.0	151472.0	21.0	713947.0	801.0		2.1	15002.0	10.0	2.0	99.0	1492.0	17714.0	9.0	1065843.0	35598.0	3.0	96814.0	88.0
UZB	2023											99.0								
UZB	2024											88.0								
VCT	2000											0.0								
VCT	2001											0.0								
VCT	2002											0.0								
VCT	2003											31.0								
VCT	2004											99.0								
VCT	2005											99.0								
VCT	2006											99.0								
VCT	2007											99.0								
VCT	2008											99.0								
VCT	2009											99.0								
VCT	2010											99.0								
VCT	2011											96.0								
VCT	2012											96.0								
VCT	2013											97.0								
VCT	2014											98.0								
VCT	2015						0.8500000000000001					99.0								
VCT	2016											99.0								
VCT	2017											99.0								
VCT	2018											97.0								
VCT	2019											98.0								
VCT	2020						0.7999999999999999					98.0								
VCT	2021											99.0								
VCT	2022	6.0	107.0	7.0	1632.0	5.0		1.6	4.0	4.0	0.0	99.0	4.0	230.0	39.0	632.0	9.0	0.6	25.0	10.0
VCT	2023											94.0								
VCT	2024											99.0								
VEN	2000											5.0								
VEN	2001											53.0								
VEN	2002											60.0								
VEN	2003											72.0								
VEN	2004											82.0								
VEN	2005											88.0								
VEN	2006											71.0								
VEN	2007											62.0								
VEN	2008											53.0								
VEN	2009											84.0								
VEN	2010											78.0								
VEN	2011											78.0								
VEN	2012											81.0								
VEN	2013											82.0								
VEN	2014											78.0								
VEN	2015						1.7					87.0								
VEN	2016											84.0								
VEN	2017											66.0								
VEN	2018											60.0								
VEN	2019											64.0								
VEN	2020						0.98					54.0								
VEN	2021											56.0								
VEN	2022	1053.0	30019.0	8.0	358847.0	1187.0		1.3	2994.0	10.0	1.0	43.0	1159.0	32486.0	22.0	159493.0	3150.0	0.6	3059.0	9.0
VEN	2023											54.0								
VEN	2024											62.0								
VNM	2000											0.0								
VNM	2001											0.0								
VNM	2002											0.0								
VNM	2003											78.0								
VNM	2004											94.0								
VNM	2005											94.0								
VNM	2006											93.0								
VNM	2007											67.0								
VNM	2008											87.0								
VNM	2009											94.0								
VNM	2010											88.0								
VNM	2011											95.0								
VNM	2012											97.0								
VNM	2013											59.0								
VNM	2014											95.0								
VNM	2015						3.7					97.0								
VNM	2016											96.0								
VNM	2017											94.0								
VNM	2018											75.0								
VNM	2019											89.0								
VNM	2020						5.29					94.0								
VNM	2021											83.0								
VNM	2022	26725.0	2716919.0	42.0	6520442.0	12605.0		7.2	91246.0	3.0	1.0	91.0	3894.0	51061.0	13.0	890997.0	17944.0	0.9	76332.0	62.0
VNM	2023											65.0								
VNM	2024											97.0								
VUT	2000											70.0								
VUT	2001											68.0								
VUT	2002											66.0								
VUT	2003											64.0								
VUT	2004											63.0								
VUT	2005											61.0								
VUT	2006											59.0								
VUT	2007											63.0								
VUT	2008											67.0								
VUT	2009											70.0								
VUT	2010											75.0								
VUT	2011											79.0								
VUT	2012											82.0								
VUT	2013											84.0								
VUT	2014											86.0								
VUT	2015						10.9					80.0								
VUT	2016											81.0								
VUT	2017											85.0								
VUT	2018											85.0								
VUT	2019											90.0								
VUT	2020						6.79					78.0								
VUT	2021											62.0								
VUT	2022	119.0	5112.0	21.0	23998.0	120.0		7.3	2.0	0.0	0.0	68.0	14.0	326.0	11.0	3048.0	85.0	1.0	0.0	0.0
VUT	2023											72.0								
VUT	2024											71.0								
WSM	2000											93.0								
WSM	2001											93.0								
WSM	2002											92.0								
WSM	2003											90.0								
WSM	2004											62.0								
WSM	2005											51.0								
WSM	2006											46.0								
WSM	2007											58.0								
WSM	2008											26.0								
WSM	2009											58.0								
WSM	2010											72.0								
WSM	2011											75.0								
WSM	2012											82.0								
WSM	2013											85.0								
WSM	2014											81.0								
WSM	2015						2.2					80.0								
WSM	2016											74.0								
WSM	2017											67.0								
WSM	2018											44.0								
WSM	2019											68.0								
WSM	2020						1.575					89.0								
WSM	2021											85.0								
WSM	2022	60.0	140.0		9646.0	41.0		4.3	1.0	1.0	0.0	76.0	9.0	222.0	11.0	2056.0	58.0	1.0	0.0	0.0
WSM	2023											83.0								
WSM	2024											85.0								
YEM	2000											14.0								
YEM	2001											19.0								
YEM	2002											31.0								
YEM	2003											38.0								
YEM	2004											43.0								
YEM	2005											80.0								
YEM	2006											78.0								
YEM	2007											79.0								
YEM	2008											78.0								
YEM	2009											76.0								
YEM	2010											76.0								
YEM	2011											69.0								
YEM	2012											67.0								
YEM	2013											71.0								
YEM	2014											70.0								
YEM	2015						3.7					63.0								
YEM	2016											63.0								
YEM	2017											59.0								
YEM	2018											54.0								
YEM	2019											60.0								
YEM	2020						3.4899999999999998					57.0								
YEM	2021											56.0								
YEM	2022	2843.0	4119.0	0.0	948579.0	5474.0		2.8	600.0	15.0	0.0	58.0	1361.0	97837.0	44.0	257189.0	4143.0	0.8	30269.0	24.0
YEM	2023											46.0								
YEM	2024											42.0								
ZAF	2000											73.0								
ZAF	2001											72.0								
ZAF	2002											72.0								
ZAF	2003											71.0								
ZAF	2004											76.0								
ZAF	2005											79.0								
ZAF	2006											83.0								
ZAF	2007											83.0								
ZAF	2008											76.0								
ZAF	2009											74.0								
ZAF	2010											71.0								
ZAF	2011											76.0								
ZAF	2012											70.0								
ZAF	2013											73.0								
ZAF	2014											85.0								
ZAF	2015						2.6					85.0								
ZAF	2016											85.0								
ZAF	2017											84.0								
ZAF	2018											82.0								
ZAF	2019											85.0								
ZAF	2020						6.08					84.0								
ZAF	2021											86.0								
ZAF	2022	25564.0	634294.0	23.0	2741289.0	13339.0		4.6	3911.0	1.0	0.0	85.0	2138.0	57354.0	24.0	243978.0	3159.0	0.4	1500.0	3.0
ZAF	2023											79.0								
ZAF	2024											74.0								
ZMB	2000											0.0								
ZMB	2001											0.0								
ZMB	2002											0.0								
ZMB	2003											0.0								
ZMB	2004											0.0								
ZMB	2005											82.0								
ZMB	2006											81.0								
ZMB	2007											80.0								
ZMB	2008											87.0								
ZMB	2009											94.0								
ZMB	2010											83.0								
ZMB	2011											81.0								
ZMB	2012											78.0								
ZMB	2013											79.0								
ZMB	2014											86.0								
ZMB	2015						2.9499999999999997					90.0								
ZMB	2016											95.0								
ZMB	2017											94.0								
ZMB	2018											90.0								
ZMB	2019											88.0								
ZMB	2020						3.225					84.0								
ZMB	2021											91.0								
ZMB	2022	1684.0	26710.0	7.0	363042.0	2169.0		1.8	2987.0	11.0	1.0	92.0	491.0	16050.0	16.0	133727.0	2801.0	0.7	7052.0	31.0
ZMB	2023											90.0								
ZMB	2024											91.0								
ZWE	2000											79.0								
ZWE	2001											76.0								
ZWE	2002											73.0								
ZWE	2003											70.0								
ZWE	2004											68.0								
ZWE	2005											65.0								
ZWE	2006											68.0								
ZWE	2007											72.0								
ZWE	2008											75.0								
ZWE	2009											73.0								
ZWE	2010											90.0								
ZWE	2011											94.0								
ZWE	2012											97.0								
ZWE	2013											95.0								
ZWE	2014											91.0								
ZWE	2015						7.25					87.0								
ZWE	2016											90.0								
ZWE	2017											89.0								
ZWE	2018											89.0								
ZWE	2019											90.0								
ZWE	2020						6.29					86.0								
ZWE	2021											88.0								
ZWE	2022	7876.0	7343.0	1.0	1260932.0	5389.0		7.7	2164.0	29.0	0.0	90.0	582.0	15439.0	24.0	66593.0	897.0	0.4	462.0	3.0
ZWE	2023											90.0								
ZWE	2024											91.0								
